ST_CASE,VEH_NO,PER_NO,P1,P2,P3,P4,P5,P6,P7,P8,P9,P10
10001,1,1,26,26,26,26,26,26,26,26,26,26
10002,1,1,31,31,31,31,31,31,31,31,31,31
10003,1,1,0,0,14,0,17,15,0,15,16,15
10003,2,1,0,0,0,0,0,0,0,0,0,0
10004,1,1,0,0,0,0,0,0,0,0,0,0
10004,2,1,0,0,0,0,0,0,0,0,0,0
10004,3,1,0,0,0,0,0,0,0,0,0,0
10005,1,1,0,12,0,0,0,14,0,0,0,0
10006,1,1,0,0,0,0,0,0,0,0,0,0
10007,1,1,0,0,0,0,0,0,0,0,0,0
10007,2,1,17,17,17,17,17,17,17,17,17,17
10008,1,1,0,0,0,0,0,0,0,0,0,0
10008,2,1,0,0,0,0,0,0,0,0,0,0
10009,1,1,0,0,0,0,0,0,0,0,0,0
10009,2,1,0,0,0,0,0,0,0,0,0,0
10009,3,1,0,0,0,0,0,0,0,0,0,0
10010,1,1,0,0,0,0,0,0,0,0,0,0
10010,2,1,0,0,0,0,0,0,0,0,0,0
10011,1,1,0,0,0,0,0,0,0,0,0,0
10012,1,1,2,2,2,2,2,2,2,2,2,2
10013,1,1,33,33,33,33,33,33,33,33,33,33
10014,1,1,4,4,4,4,4,4,4,4,4,4
10015,0,1,0,0,0,0,0,0,0,0,0,0
10015,2,1,0,0,0,0,0,0,0,0,0,0
10016,1,1,0,0,0,0,0,0,0,0,0,0
10017,1,1,0,0,0,0,0,0,0,0,0,0
10017,2,1,0,15,0,0,0,0,0,0,0,0
10018,1,1,0,0,0,0,0,0,0,0,0,0
10019,1,1,0,0,0,0,0,0,0,0,0,0
10020,1,1,35,17,14,11,21,22,14,33,31,18
10021,0,1,32,32,32,32,32,32,32,32,32,32
10021,1,1,0,0,0,0,0,0,0,0,0,0
10022,1,1,0,0,0,0,0,0,0,0,0,0
10023,1,1,0,0,0,0,0,0,0,0,0,0
10023,2,1,0,0,0,0,0,0,0,0,0,0
10024,1,1,1,1,1,1,1,1,1,1,1,1
10024,2,1,0,0,0,0,0,0,0,0,0,0
10025,1,1,0,0,0,0,0,0,0,0,0,0
10025,2,1,0,0,0,0,0,0,0,0,0,0
10025,3,1,0,0,0,0,0,0,0,0,0,0
10026,1,1,0,0,13,0,0,0,0,0,0,0
10027,1,1,13,13,13,13,13,13,13,13,13,13
10027,2,1,0,0,0,0,0,0,0,0,0,0
10028,1,1,0,0,0,18,0,0,0,0,0,0
10029,1,1,0,0,0,28,0,0,0,0,14,0
10029,2,1,0,0,0,0,0,0,0,0,0,0
10029,3,1,0,0,0,0,0,0,0,0,0,25
10030,1,1,22,5,5,9,11,7,27,28,6,9
10031,1,1,0,0,0,0,0,0,0,0,0,0
10031,2,1,0,0,0,0,0,0,0,0,0,0
10032,1,1,26,8,12,29,12,20,36,28,8,16
10033,1,1,0,0,0,0,0,0,0,0,0,0
10033,2,1,0,0,0,0,0,0,0,0,0,0
10034,1,1,18,18,18,18,18,18,18,18,18,18
10035,1,1,0,0,0,0,0,0,0,0,0,0
10035,2,1,0,0,0,0,0,0,0,0,0,0
10036,1,1,14,14,14,14,14,14,14,14,14,14
10037,1,1,0,0,0,0,0,0,0,0,0,0
10038,1,1,0,0,0,0,0,0,0,0,0,0
10039,1,1,0,0,0,0,0,0,0,0,0,0
10039,2,1,0,0,0,0,0,0,0,0,0,0
10039,3,1,0,0,0,0,0,0,0,0,0,0
10039,4,1,0,0,0,0,0,0,0,0,0,17
10040,1,1,0,0,0,0,0,0,0,0,0,0
10041,0,1,0,0,0,0,0,0,0,0,0,0
10041,1,1,0,0,0,0,0,0,0,0,0,0
10042,1,1,18,0,0,0,0,0,0,0,0,0
10042,2,1,0,0,0,0,0,0,0,0,0,0
10042,3,1,0,0,0,0,0,0,0,0,0,0
10042,4,1,0,0,0,0,0,0,0,0,0,0
10043,1,1,0,0,0,0,0,0,0,0,0,0
10044,1,1,0,0,22,31,0,0,0,8,0,25
10044,2,1,0,0,0,0,0,0,0,0,0,0
10045,1,1,2,2,2,2,2,2,2,2,2,2
10046,1,1,0,0,0,0,0,0,0,0,0,0
10046,2,1,0,0,0,0,0,0,0,0,0,0
10047,1,1,16,0,0,0,0,0,0,11,0,0
10048,1,1,0,0,0,0,0,0,0,0,0,0
10048,2,1,0,0,0,0,0,0,0,0,0,0
10048,3,1,0,0,0,0,0,0,0,0,0,0
10049,1,1,14,14,14,14,14,14,14,14,14,14
10050,1,1,24,24,24,24,24,24,24,24,24,24
10051,1,1,0,0,0,0,0,0,0,0,0,0
10051,2,1,0,0,0,0,0,0,0,0,0,0
10052,1,1,0,24,15,10,13,0,0,0,50,13
10053,1,1,0,0,0,0,0,0,0,0,0,0
10053,2,1,0,0,0,0,0,0,0,0,0,0
10054,1,1,0,0,0,0,0,0,0,0,0,0
10055,0,1,0,0,0,0,0,0,0,0,0,0
10055,0,2,0,0,0,0,0,0,0,0,0,0
10055,1,1,0,0,0,0,0,0,0,0,0,0
10056,1,1,0,0,0,0,0,0,0,0,0,0
10057,1,1,0,0,0,0,0,0,0,0,0,0
10058,1,1,0,0,0,0,0,0,0,0,0,0
10058,2,1,0,0,0,0,0,0,0,0,0,0
10058,3,1,0,0,0,0,0,0,0,0,0,0
10058,4,1,0,0,0,0,0,0,0,0,0,0
10058,5,1,0,0,0,0,0,0,0,0,0,0
10059,1,1,0,0,0,0,0,0,0,0,0,0
10059,2,1,0,0,0,0,0,0,0,0,0,0
10060,1,1,0,0,0,0,0,0,0,0,0,0
10061,0,1,0,0,0,0,0,0,0,0,0,0
10061,1,1,0,0,0,6,0,0,0,0,0,0
10062,1,1,0,16,0,27,0,13,0,0,0,0
10063,1,1,0,0,0,0,0,0,0,0,0,0
10064,1,1,0,0,0,0,0,0,0,0,0,0
10065,1,1,24,24,24,24,24,24,24,24,24,24
10065,2,1,0,0,0,0,0,0,0,0,0,0
10066,1,1,8,16,0,16,19,0,24,27,20,21
10067,1,1,22,22,22,22,22,22,22,22,22,22
10067,2,1,0,0,0,0,0,0,0,0,0,0
10067,3,1,0,0,0,0,0,0,0,12,0,0
10068,1,1,0,0,0,0,0,0,0,0,0,0
10068,2,1,0,0,0,0,0,0,0,0,0,12
10069,1,1,0,0,0,0,0,0,0,0,0,0
10069,2,1,0,0,0,0,0,0,0,0,0,0
10070,1,1,0,0,0,0,0,0,0,0,0,0
10070,2,1,0,0,0,0,0,0,0,0,0,15
10071,0,1,1,1,1,1,1,1,1,1,1,1
10071,1,1,0,0,0,0,0,0,0,0,0,0
10072,0,1,0,0,0,0,0,0,0,0,0,0
10072,0,2,0,0,0,0,0,0,0,28,0,0
10072,1,1,0,0,0,0,0,0,0,0,0,0
10073,1,1,0,0,0,0,0,0,0,0,0,0
10073,2,1,0,0,0,0,0,0,0,0,0,0
10074,0,1,20,20,20,20,20,20,20,20,20,20
10074,1,1,0,0,0,4,0,0,0,0,0,0
10075,1,1,0,0,0,0,0,0,0,23,0,0
10075,2,1,0,0,0,0,0,0,0,0,0,0
10076,1,1,29,29,29,29,29,29,29,29,29,29
10077,1,1,19,19,19,19,19,19,19,19,19,19
10078,1,1,24,24,24,24,24,24,24,24,24,24
10079,1,1,18,18,18,18,18,18,18,18,18,18
10079,2,1,0,0,0,0,12,0,0,0,0,0
10080,1,1,12,23,26,30,16,17,24,21,23,6
10081,0,1,0,0,0,2,0,0,0,0,0,0
10081,0,2,0,14,0,17,0,12,0,0,0,0
10081,2,1,0,0,0,0,7,0,0,0,0,0
10082,0,1,25,25,20,5,21,25,0,0,20,33
10082,1,1,0,0,10,0,0,12,0,17,0,0
10083,1,1,0,0,0,0,0,0,0,0,0,0
10083,2,1,0,0,0,0,0,0,0,0,0,0
10084,1,1,14,14,14,14,14,14,14,14,14,14
10085,1,1,11,11,11,11,11,11,11,11,11,11
10086,1,1,25,25,25,25,25,25,25,25,25,25
10087,0,1,0,0,0,0,0,0,0,0,0,0
10087,1,1,0,0,0,0,0,0,0,0,0,0
10087,2,1,0,0,0,0,0,0,0,0,0,0
10088,1,1,14,14,14,14,14,14,14,14,14,14
10089,1,1,15,15,15,15,15,15,15,15,15,15
10089,2,1,0,0,0,0,6,0,0,0,0,0
10090,1,1,0,0,0,0,0,0,0,0,0,0
10090,2,1,0,0,0,0,0,0,0,0,0,0
10091,1,1,0,0,0,0,0,0,0,0,0,0
10091,2,1,0,0,0,0,0,0,0,0,0,0
10092,0,1,0,0,0,0,21,21,0,21,17,34
10092,1,1,0,7,0,0,0,0,0,0,17,0
10092,2,1,0,0,0,0,0,0,0,0,0,0
10092,3,1,7,0,0,0,0,0,0,0,0,0
10093,1,1,14,14,14,14,14,14,14,14,14,14
10094,1,1,21,21,21,21,21,21,21,21,21,21
10095,1,1,0,0,11,0,0,0,0,33,9,0
10095,2,1,0,0,0,0,0,0,0,0,0,0
10095,3,1,0,0,0,0,0,0,11,0,0,0
10096,0,1,29,29,29,29,29,29,29,29,29,29
10096,1,1,0,0,0,0,0,0,0,0,0,0
10097,1,1,12,12,12,12,12,12,12,12,12,12
10098,1,1,10,10,10,10,10,10,10,10,10,10
10098,2,1,0,0,0,0,0,0,0,0,0,0
10098,3,1,13,0,0,0,0,0,12,0,0,0
10099,1,1,0,0,0,0,0,0,0,0,0,0
10100,0,1,17,17,17,17,17,17,17,17,17,17
10100,1,1,0,0,0,0,0,0,0,0,0,0
10101,1,1,31,0,0,0,19,0,0,0,0,32
10102,1,1,17,17,17,17,17,17,17,17,17,17
10102,2,1,0,0,0,0,0,0,0,0,0,0
10103,1,1,20,20,20,20,20,20,20,20,20,20
10103,2,1,0,0,0,0,0,0,0,0,0,0
10104,1,1,0,0,0,0,0,0,0,0,0,0
10105,1,1,0,0,26,19,0,0,0,0,0,0
10105,2,1,0,0,0,0,0,0,0,0,0,0
10106,1,1,0,0,0,0,0,0,0,0,0,0
10107,1,1,38,20,5,9,19,18,23,10,23,17
10108,1,1,11,20,12,38,19,20,16,23,23,3
10108,2,1,0,0,0,0,0,0,0,0,0,0
10109,1,1,0,0,0,0,0,0,0,0,0,0
10110,1,1,22,3,17,11,20,5,24,8,17,20
10111,1,1,0,0,0,0,0,0,0,0,0,0
10111,2,1,0,0,0,0,0,0,0,0,0,0
10112,1,1,0,0,0,0,22,0,0,0,0,0
10113,1,1,28,28,28,28,28,28,28,28,28,28
10114,1,1,5,27,26,20,0,3,25,25,11,27
10115,1,1,0,0,0,0,0,0,0,0,0,0
10116,1,1,20,20,20,20,20,20,20,20,20,20
10117,1,1,0,0,0,0,0,0,0,0,0,0
10118,1,1,0,0,0,0,0,0,0,0,0,0
10119,1,1,0,0,0,0,0,0,0,0,0,0
10120,1,1,17,17,17,17,17,17,17,17,17,17
10121,1,1,27,27,27,27,27,27,27,27,27,27
10122,0,1,0,0,0,0,0,0,0,0,0,0
10122,1,1,0,0,0,0,0,0,0,0,0,0
10123,1,1,0,0,0,0,0,0,0,0,0,0
10123,2,1,0,0,0,0,0,0,0,0,0,0
10124,0,1,0,0,0,32,10,0,25,0,0,21
10124,1,1,0,0,0,0,0,0,0,0,0,0
10125,1,1,0,23,0,23,8,28,0,46,18,0
10126,1,1,26,26,26,26,26,26,26,26,26,26
10127,1,1,0,0,20,0,0,14,0,0,0,11
10128,1,1,0,0,0,0,0,0,0,0,0,0
10129,1,1,0,0,0,13,0,0,0,0,19,0
10129,2,1,0,0,0,0,0,0,0,0,0,0
10129,3,1,0,0,0,18,0,0,0,0,0,0
10129,4,1,0,0,0,0,0,0,0,0,0,0
10130,1,1,18,23,21,0,0,27,0,31,22,21
10131,1,1,28,28,28,28,28,28,28,28,28,28
10131,2,1,0,0,0,0,0,0,0,0,0,0
10132,1,1,11,18,17,10,23,30,30,25,17,0
10132,2,1,0,0,9,0,0,20,0,0,0,14
10133,1,1,0,0,0,0,0,0,0,0,0,0
10134,1,1,0,0,0,0,0,0,0,0,0,0
10134,2,1,0,0,0,0,0,0,0,0,0,0
10135,1,1,0,0,0,0,0,0,0,0,0,0
10136,1,1,0,0,0,0,0,0,0,0,0,0
10136,2,1,0,0,0,0,0,0,0,0,0,0
10137,1,1,18,18,18,18,18,18,18,18,18,18
10138,1,1,0,0,0,0,0,0,0,0,0,0
10139,1,1,20,20,20,20,20,20,20,20,20,20
10140,1,1,18,18,18,18,18,18,18,18,18,18
10141,1,1,0,0,0,0,19,23,0,0,28,0
10141,2,1,0,0,13,0,0,0,0,0,0,0
10142,1,1,0,0,0,0,0,0,0,0,0,0
10142,2,1,0,0,0,0,0,0,0,0,0,0
10143,1,1,0,0,0,0,0,0,0,0,0,0
10143,2,1,0,0,0,0,0,0,0,0,0,0
10143,3,1,0,0,0,0,0,0,0,0,0,0
10144,1,1,0,0,0,0,0,0,0,0,0,0
10144,2,1,0,0,0,0,0,0,0,0,0,0
10145,1,1,0,0,0,6,0,0,0,0,10,14
10146,1,1,0,0,0,0,0,0,0,0,0,0
10147,1,1,0,0,0,0,0,0,0,0,0,0
10148,1,1,17,3,6,9,7,12,7,18,4,6
10149,0,1,20,30,11,34,23,32,13,39,18,17
10149,1,1,0,0,0,0,0,0,0,0,0,28
10150,1,1,0,0,0,0,0,0,0,0,0,0
10150,2,1,0,0,0,0,0,0,0,0,0,0
10150,3,1,0,0,0,0,0,0,0,0,0,0
10151,1,1,0,0,0,0,0,0,0,0,0,0
10152,1,1,0,0,0,0,0,0,0,0,0,0
10153,1,1,8,8,8,8,8,8,8,8,8,8
10154,1,1,18,18,18,18,18,18,18,18,18,18
10155,1,1,16,29,30,0,21,0,19,6,12,14
10156,1,1,17,17,17,17,17,17,17,17,17,17
10157,1,1,18,18,18,18,18,18,18,18,18,18
10158,1,1,0,0,0,0,0,0,0,0,0,0
10158,2,1,0,0,0,0,0,0,0,0,0,0
10159,1,1,1,1,1,1,1,1,1,1,1,1
10159,2,1,0,0,0,0,0,0,0,0,0,0
10160,1,1,0,21,15,10,22,34,24,18,18,10
10161,1,1,0,0,0,0,0,0,0,0,0,0
10161,2,1,0,0,0,0,0,0,0,0,0,0
10162,1,1,0,0,0,0,0,0,0,0,0,0
10162,2,1,0,0,0,0,0,0,0,0,0,0
10163,0,1,27,17,0,0,0,38,0,36,0,17
10163,0,2,0,0,0,0,0,0,0,0,37,0
10163,1,1,26,30,8,13,6,25,4,20,21,18
10164,1,1,20,20,20,20,20,20,20,20,20,20
10164,2,1,0,0,0,0,0,0,0,0,0,0
10165,1,1,33,33,33,33,33,33,33,33,33,33
10166,0,1,21,21,21,21,21,21,21,21,21,21
10166,1,1,0,0,0,0,0,0,0,0,0,0
10167,1,1,21,21,21,21,21,21,21,21,21,21
10168,1,1,21,21,21,21,21,21,21,21,21,21
10169,1,1,17,17,17,17,17,17,17,17,17,17
10170,1,1,23,23,23,23,23,23,23,23,23,23
10171,1,1,0,37,0,0,13,0,0,21,0,0
10172,1,1,0,0,0,0,0,0,0,0,0,0
10173,1,1,0,0,0,0,0,0,0,0,0,0
10174,1,1,0,0,0,0,0,0,13,14,0,3
10174,2,1,0,0,0,0,0,0,0,0,0,0
10174,3,1,0,0,0,26,0,0,0,0,0,0
10175,1,1,14,16,11,5,17,30,17,18,18,9
10175,2,1,0,0,0,0,0,0,0,0,0,0
10176,1,1,0,0,0,22,0,16,0,0,0,0
10177,1,1,22,22,22,22,22,22,22,22,22,22
10178,1,1,3,3,3,3,3,3,3,3,3,3
10179,1,1,0,0,0,0,0,0,0,0,0,0
10179,2,1,0,0,0,0,0,0,0,0,0,0
10180,1,1,0,0,0,0,0,0,0,0,0,0
10181,1,1,0,0,0,0,0,0,12,0,0,0
10182,0,1,32,32,32,32,32,32,32,32,32,32
10182,1,1,13,13,13,13,13,13,13,13,13,13
10183,1,1,0,0,0,0,0,0,0,0,0,0
10183,2,1,0,0,0,0,0,0,0,0,0,0
10184,1,1,0,0,0,0,0,0,0,0,0,0
10184,2,1,0,0,0,0,0,0,0,0,0,0
10185,1,1,0,0,0,0,0,0,0,0,0,0
10186,1,1,0,29,0,0,0,0,0,0,0,0
10186,2,1,0,0,0,0,0,0,0,0,0,0
10187,1,1,0,0,0,0,13,0,0,0,0,0
10187,2,1,0,0,27,15,18,0,0,0,0,0
10188,1,1,14,5,12,12,17,21,13,8,10,22
10189,1,1,0,0,5,0,13,11,10,16,0,0
10189,2,1,0,0,0,0,0,26,0,0,0,0
10190,1,1,0,0,0,0,0,0,0,0,0,0
10191,1,1,0,0,0,0,0,0,0,0,0,0
10192,1,1,9,9,9,9,9,9,9,9,9,9
10193,1,1,0,0,0,43,0,0,19,19,33,25
10194,1,1,14,14,14,14,14,14,14,14,14,14
10195,1,1,0,0,0,0,0,0,0,0,0,0
10196,0,1,0,0,0,0,0,0,0,0,0,0
10196,2,1,0,0,0,0,0,0,0,0,0,0
10196,3,1,0,0,0,0,0,0,0,0,0,0
10197,1,1,0,0,0,0,0,0,0,0,0,0
10197,2,1,0,0,0,0,0,0,0,0,0,0
10198,1,1,17,17,17,17,17,17,17,17,17,17
10199,1,1,10,10,10,10,10,10,10,10,10,10
10200,1,1,23,46,15,11,8,31,14,24,25,24
10201,1,1,0,0,0,0,0,0,0,0,0,0
10201,2,1,11,0,20,5,0,0,0,0,0,0
10202,1,1,21,21,21,21,21,21,21,21,21,21
10203,1,1,32,18,10,10,25,0,11,15,18,12
10204,1,1,24,24,24,24,24,24,24,24,24,24
10205,1,1,0,0,0,0,0,0,0,0,0,0
10205,2,1,0,0,0,0,0,0,0,0,0,0
10205,3,1,0,0,0,0,0,0,0,0,0,0
10206,1,1,0,0,0,16,0,0,0,30,0,17
10207,1,1,20,20,20,20,20,20,20,20,20,20
10208,1,1,0,0,0,0,0,0,0,0,0,0
10209,1,1,0,0,0,0,0,0,16,0,16,6
10210,1,1,0,0,0,0,0,0,0,0,0,0
10211,1,1,0,0,0,0,0,0,0,0,0,0
10212,1,1,0,0,0,0,0,0,0,0,0,0
10212,2,1,0,0,0,0,0,0,0,0,0,0
10213,1,1,0,0,0,0,0,0,0,0,0,0
10213,2,1,0,0,0,0,0,0,0,0,0,0
10214,1,1,0,0,0,0,0,0,0,0,0,0
10214,2,1,0,0,0,0,0,0,0,0,0,0
10215,1,1,0,0,0,0,0,0,0,0,0,3
10215,2,1,0,0,0,0,0,0,0,0,0,0
10216,1,1,0,0,0,0,0,0,0,0,0,0
10216,2,1,0,0,0,0,0,0,0,0,0,0
10217,1,1,0,0,0,0,0,0,0,0,0,0
10218,1,1,21,21,21,21,21,21,21,21,21,21
10219,1,1,0,0,0,0,0,0,0,0,0,0
10219,2,1,0,0,24,0,0,0,0,0,0,0
10219,3,1,0,0,0,0,0,0,0,0,0,0
10220,1,1,0,0,0,0,0,0,0,0,0,0
10220,2,1,0,0,0,0,0,0,0,0,0,0
10221,1,1,0,0,0,0,0,0,0,0,0,0
10221,2,1,0,0,0,0,0,0,0,0,0,0
10222,1,1,12,12,12,12,12,12,12,12,12,12
10223,0,1,0,26,0,0,0,0,0,0,0,0
10223,1,1,0,0,0,0,0,0,0,0,0,0
10224,1,1,0,0,0,0,0,0,0,0,0,0
10224,2,1,0,0,0,0,0,0,0,0,0,0
10225,1,1,15,0,25,11,19,0,42,35,28,0
10226,1,1,33,33,33,33,33,33,33,33,33,33
10227,1,1,0,0,0,0,0,0,0,0,0,0
10228,0,1,0,0,0,0,0,0,0,0,0,0
10228,1,1,0,0,0,0,0,0,0,0,0,0
10229,1,1,0,0,0,0,0,0,0,0,0,0
10229,2,1,0,0,0,0,0,0,0,0,0,0
10230,1,1,16,16,16,16,16,16,16,16,16,16
10230,2,1,0,0,0,0,0,0,0,0,0,0
10231,1,1,0,0,0,0,0,0,0,0,0,0
10231,2,1,0,0,0,0,0,0,0,0,0,0
10231,3,1,0,0,0,0,0,0,0,0,0,0
10232,1,1,0,0,0,0,0,0,0,0,18,0
10233,1,1,0,0,0,0,0,0,0,0,0,0
10233,2,1,0,0,0,0,0,0,0,0,0,0
10234,1,1,29,29,29,29,29,29,29,29,29,29
10235,1,1,7,7,7,7,7,7,7,7,7,7
10236,1,1,25,25,25,25,25,25,25,25,25,25
10237,1,1,0,0,0,0,0,0,0,0,0,0
10238,1,1,0,0,0,0,0,0,0,0,0,0
10238,2,1,0,0,0,0,0,0,0,0,0,0
10239,1,1,0,0,0,0,0,0,0,0,0,0
10239,2,1,0,0,0,0,0,0,0,0,0,0
10239,3,1,0,0,0,0,0,0,0,7,0,0
10240,1,1,23,23,23,23,23,23,23,23,23,23
10241,1,1,0,0,0,0,0,0,0,0,0,0
10242,1,1,4,4,4,4,4,4,4,4,4,4
10243,1,1,34,0,10,28,10,20,19,9,16,20
10244,0,1,23,7,7,23,14,17,12,16,16,11
10244,1,1,0,0,0,0,7,10,0,0,0,0
10245,1,1,14,0,0,0,0,0,0,0,0,0
10245,2,1,0,0,0,0,0,0,0,0,0,0
10246,1,1,0,0,0,0,0,0,0,0,0,0
10247,1,1,0,0,0,0,26,0,20,12,0,0
10247,2,1,0,0,0,0,0,0,0,0,0,0
10248,1,1,0,0,0,0,0,0,0,0,0,0
10249,1,1,16,16,16,16,16,16,16,16,16,16
10249,2,1,0,0,0,0,0,0,0,0,0,0
10250,0,1,0,0,0,0,0,0,0,0,0,0
10250,1,1,0,0,0,0,0,0,0,0,0,0
10251,1,1,0,0,0,0,0,0,0,0,0,0
10251,2,1,0,0,0,0,0,0,0,0,0,0
10252,1,1,0,0,0,0,0,0,0,0,0,0
10252,2,1,0,0,0,0,0,0,0,0,0,0
10253,0,1,0,0,0,36,0,0,0,0,0,0
10253,1,1,5,5,5,5,5,5,5,5,5,5
10254,1,1,0,0,0,0,0,0,0,0,0,0
10255,1,1,0,0,0,0,0,0,0,0,0,0
10256,1,1,0,0,0,0,0,0,0,0,0,0
10256,2,1,0,0,0,0,0,0,0,0,0,0
10257,0,1,0,0,0,0,0,16,0,0,0,0
10257,1,1,0,16,0,14,0,0,0,0,0,0
10258,0,1,0,0,0,0,0,0,0,0,0,0
10258,1,1,0,0,0,0,0,0,0,0,0,0
10259,1,1,0,0,0,0,0,9,0,0,0,0
10260,1,1,0,0,0,0,0,0,0,0,14,0
10260,2,1,0,0,0,0,0,0,0,0,0,0
10261,1,1,0,0,0,0,0,0,0,0,0,0
10261,2,1,0,0,0,0,0,0,0,0,0,0
10262,1,1,0,0,0,0,0,0,0,0,0,0
10262,2,1,0,0,0,0,0,0,0,0,0,0
10263,1,1,23,23,23,23,23,23,23,23,23,23
10264,1,1,0,0,0,0,0,0,0,0,0,0
10264,2,1,0,0,0,0,0,0,0,0,0,0
10265,1,1,0,0,0,0,0,0,0,0,0,0
10265,2,1,9,15,0,0,0,0,0,0,0,0
10266,1,1,8,14,13,29,28,17,19,20,21,36
10267,1,1,0,0,0,0,0,0,0,0,0,0
10267,2,1,0,0,0,0,0,0,0,0,0,0
10268,1,1,0,0,0,0,0,0,0,0,0,0
10268,2,1,0,0,0,0,0,0,0,0,0,0
10269,1,1,10,10,10,10,10,10,10,10,10,10
10270,1,1,0,0,0,0,0,0,0,0,0,0
10270,2,1,0,0,0,0,0,0,0,0,0,0
10271,1,1,0,0,0,0,0,0,0,0,0,0
10272,0,1,0,11,0,0,0,0,0,0,0,0
10272,1,1,0,0,0,0,0,0,0,0,0,0
10273,1,1,23,0,25,0,29,14,3,0,9,7
10273,2,1,0,0,0,0,0,0,0,0,0,0
10274,1,1,0,0,0,0,0,0,0,0,0,0
10274,2,1,0,0,0,0,0,0,0,0,0,0
10275,1,1,0,0,0,0,0,0,0,0,0,0
10276,1,1,0,0,0,0,0,0,0,0,0,0
10276,2,1,0,0,0,0,0,0,0,0,0,0
10277,1,1,9,9,9,9,9,9,9,9,9,9
10278,1,1,0,0,0,0,0,0,0,0,0,0
10279,1,1,0,0,0,0,0,0,0,4,30,0
10280,1,1,0,0,0,0,0,0,0,0,0,0
10280,2,1,0,8,0,0,0,0,0,0,0,0
10281,0,1,0,0,11,0,7,0,0,0,0,0
10282,1,1,0,0,27,0,0,0,0,0,10,0
10283,1,1,0,25,33,0,0,8,0,12,0,12
10284,1,1,13,15,7,16,12,25,28,7,15,6
10285,1,1,17,17,17,17,17,17,17,17,17,17
10285,2,1,0,0,0,0,0,0,0,0,0,0
10286,0,1,31,31,31,31,31,31,31,31,31,31
10286,1,1,0,0,0,0,0,0,0,0,0,0
10287,1,1,21,12,0,0,0,0,0,0,0,0
10288,1,1,12,12,12,12,12,12,12,12,12,12
10288,2,1,0,0,0,0,0,0,0,0,0,0
10288,3,1,0,0,0,0,0,0,0,0,0,0
10289,1,1,0,0,0,0,0,0,0,0,0,0
10289,2,1,0,0,0,0,0,0,0,0,0,0
10290,1,1,0,0,0,0,0,0,0,0,0,0
10291,1,1,0,0,0,0,0,0,0,0,0,0
10292,1,1,15,15,15,15,15,15,15,15,15,15
10293,1,1,0,0,0,0,0,0,0,0,0,0
10294,1,1,26,14,23,34,12,8,8,4,11,21
10295,1,1,0,0,0,0,0,0,0,0,0,0
10296,0,1,0,0,0,0,0,0,0,0,0,0
10296,0,2,0,0,0,0,0,0,0,0,0,0
10296,1,1,0,0,0,0,0,0,0,0,0,0
10297,1,1,0,0,0,0,0,0,0,0,0,0
10298,1,1,0,0,0,0,0,0,0,0,0,0
10298,2,1,0,0,0,0,0,0,0,0,0,0
10299,1,1,18,21,18,7,11,12,17,5,18,5
10300,1,1,0,0,0,13,0,10,22,20,18,4
10300,2,1,19,12,2,15,13,0,15,18,0,34
10300,3,1,9,10,7,17,8,11,14,23,18,0
10301,1,1,0,0,0,0,0,0,0,0,0,0
10301,2,1,0,0,0,0,0,0,0,0,0,0
10302,1,1,0,0,0,0,0,0,0,0,0,0
10302,2,1,0,0,0,0,0,0,0,0,0,0
10303,1,1,0,0,0,0,0,0,0,0,0,0
10304,1,1,0,0,0,0,0,0,0,0,0,0
10304,2,1,0,0,0,0,0,0,0,0,0,0
10305,1,1,14,14,14,14,14,14,14,14,14,14
10306,0,1,0,0,0,0,0,0,0,0,0,0
10306,2,1,0,0,0,0,0,0,0,0,0,0
10307,1,1,0,0,0,0,0,0,0,0,0,0
10307,2,1,0,0,0,0,0,0,0,0,0,0
10307,3,1,0,0,0,0,0,0,0,0,0,0
10308,1,1,0,0,0,0,0,0,0,0,0,0
10308,2,1,0,0,0,0,0,0,0,0,11,0
10309,1,1,0,0,0,0,0,0,0,0,13,0
10310,1,1,0,0,0,0,0,0,43,0,0,0
10311,1,1,0,0,0,0,0,0,0,0,0,0
10312,1,1,0,0,0,0,0,0,0,0,0,0
10313,1,1,3,3,3,3,3,3,3,3,3,3
10313,2,1,0,0,0,0,0,0,0,0,0,0
10314,0,1,0,0,0,0,0,0,0,0,0,0
10314,1,1,0,0,0,15,0,0,0,0,0,0
10314,3,1,14,0,0,0,0,0,0,0,0,0
10315,1,1,16,16,16,16,16,16,16,16,16,16
10315,2,1,0,0,0,0,0,0,0,0,0,21
10315,3,1,0,0,0,0,0,0,0,0,0,0
10315,4,1,0,0,0,0,0,0,26,0,0,0
10316,1,1,1,1,1,1,1,1,1,1,1,1
10316,2,1,0,0,0,0,0,0,0,0,0,0
10316,3,1,0,0,0,0,0,0,0,0,0,0
10317,1,1,14,14,14,14,14,14,14,14,14,14
10318,1,1,0,0,0,0,0,0,0,0,0,0
10319,1,1,17,0,11,0,0,13,0,0,6,0
10320,1,1,18,18,18,18,18,18,18,18,18,18
10321,1,1,13,13,13,13,13,13,13,13,13,13
10322,1,1,0,0,0,0,0,0,0,0,0,0
10322,2,1,0,0,18,0,17,0,0,0,0,0
10323,0,1,0,0,0,25,23,12,0,9,0,19
10323,1,1,0,0,0,0,0,0,0,0,0,0
10324,1,1,0,0,29,14,0,13,20,0,13,0
10325,1,1,0,0,0,0,0,0,0,0,0,0
10325,2,1,0,0,0,0,0,0,0,0,0,0
10325,3,1,9,5,16,0,0,13,0,7,0,8
10326,1,1,0,0,0,0,0,0,0,0,0,0
10326,2,1,14,0,33,0,43,14,0,19,0,0
10326,3,1,0,0,0,0,0,9,0,0,6,0
10327,1,1,0,0,0,0,0,0,0,0,0,0
10328,1,1,0,0,0,0,0,0,0,0,0,0
10329,1,1,0,0,0,0,0,0,0,0,0,0
10329,2,1,0,0,0,0,0,0,0,0,0,0
10330,1,1,0,22,27,0,0,0,17,12,19,0