ST_CASE,VEH_NO,PER_NO,P1,P2,P3,P4,P5,P6,P7,P8,P9,P10
10331,1,1,0,0,0,0,0,0,0,0,0,0
10332,1,1,0,0,0,0,0,0,0,0,0,0
10333,1,1,21,21,21,21,21,21,21,21,21,21
10333,2,1,0,0,0,0,0,0,0,0,0,0
10334,1,1,0,0,0,0,0,0,0,0,0,0
10335,1,1,0,0,0,0,0,0,0,0,0,0
10335,2,1,14,14,14,14,14,14,14,14,14,14
10336,1,1,9,27,14,26,28,15,19,15,17,18
10337,1,1,23,23,23,23,23,23,23,23,23,23
10338,1,1,0,0,0,0,0,0,0,0,0,0
10339,1,1,0,0,0,14,16,17,17,0,0,32
10340,1,1,19,19,19,19,19,19,19,19,19,19
10341,1,1,9,19,17,27,33,19,24,0,16,6
10343,1,1,0,0,0,0,0,0,8,0,15,17
10344,0,1,0,0,0,0,0,0,0,0,0,0
10344,1,1,0,0,0,0,0,0,0,0,0,0
10345,1,1,0,0,0,0,0,0,0,0,0,0
10345,2,1,0,0,0,0,0,0,0,0,0,0
10346,1,1,13,0,0,18,0,0,0,0,27,17
10347,1,1,10,14,24,7,0,0,0,0,0,0
10348,1,1,15,15,15,15,15,15,15,15,15,15
10348,2,1,11,0,11,4,0,0,0,0,6,0
10349,0,1,0,0,0,0,0,0,0,0,0,0
10349,1,1,0,0,0,0,0,0,0,0,0,0
10350,1,1,0,0,0,0,0,0,18,0,0,5
10350,2,1,0,0,0,0,0,0,0,0,0,0
10351,0,1,0,0,0,0,0,0,0,0,0,0
10351,0,2,0,0,0,0,0,0,0,0,0,0
10351,1,1,0,0,0,0,0,0,0,0,0,0
10352,1,1,0,22,0,10,0,0,14,16,14,16
10352,2,1,0,0,0,0,0,0,0,0,0,0
10353,1,1,18,0,0,10,0,0,22,0,0,0
10353,2,1,0,0,22,0,16,0,0,0,0,0
10354,0,1,19,0,3,30,0,0,2,15,15,6
10354,1,1,0,0,0,0,0,0,0,0,0,0
10355,1,1,0,0,0,30,0,0,8,0,34,14
10356,1,1,0,0,0,0,0,16,0,0,0,0
10356,2,1,0,0,0,0,0,0,0,0,0,0
10357,1,1,0,0,0,0,0,0,0,0,0,0
10358,1,1,0,0,0,0,0,0,0,0,0,0
10358,2,1,0,0,0,0,0,0,0,0,0,0
10359,1,1,0,0,14,0,0,0,0,0,0,0
10359,2,1,0,0,0,0,0,0,0,0,0,0
10360,1,1,0,0,0,0,0,0,0,0,0,0
10361,1,1,0,0,0,0,0,0,0,0,0,0
10362,1,1,0,0,0,0,0,0,0,0,0,0
10363,1,1,26,18,22,0,0,0,0,0,0,0
10364,1,1,0,0,0,0,0,0,0,0,0,0
10365,1,1,0,0,0,0,0,0,0,0,0,0
10365,2,1,0,0,0,0,0,0,0,0,0,0
10366,1,1,6,6,6,6,6,6,6,6,6,6
10367,1,1,0,0,0,0,0,0,0,0,0,0
10368,1,1,21,21,21,21,21,21,21,21,21,21
10369,1,1,0,0,0,0,0,0,0,0,0,0
10370,1,1,0,0,0,0,0,0,0,0,0,0
10370,2,1,0,0,0,0,0,0,0,0,0,0
10371,1,1,0,0,0,0,0,0,0,0,0,0
10372,0,1,17,20,45,9,26,18,20,16,20,20
10372,1,1,0,0,0,0,0,0,0,0,0,0
10373,1,1,14,14,14,14,14,14,14,14,14,14
10374,1,1,32,0,9,14,18,21,10,19,6,24
10375,1,1,0,0,0,0,0,0,0,0,0,0
10376,0,1,19,0,0,0,0,0,0,0,0,0
10376,1,1,0,0,0,0,0,0,0,0,0,0
10377,0,1,0,0,0,0,0,0,0,0,0,0
10377,2,1,0,0,0,0,0,0,0,0,0,0
10378,1,1,0,0,0,22,15,0,0,0,12,0
10378,2,1,0,0,0,0,18,0,23,0,0,0
10379,1,1,4,4,4,4,4,4,4,4,4,4
10380,1,1,0,0,0,6,0,0,0,0,0,0
10380,2,1,0,0,0,0,0,0,4,0,28,23
10381,1,1,0,0,0,0,0,0,0,0,0,0
10381,2,1,0,0,0,0,0,0,0,0,0,0
10381,3,1,0,0,0,0,0,0,0,0,0,0
10382,1,1,0,0,0,0,0,0,0,0,0,0
10382,2,1,0,0,0,0,0,0,0,0,0,0
10383,1,1,0,0,0,25,0,0,0,13,0,0
10383,2,1,0,0,0,0,0,0,0,0,0,0
10384,1,1,2,2,2,2,2,2,2,2,2,2
10385,1,1,0,0,0,0,0,0,0,0,0,0
10386,0,1,0,0,0,0,0,0,0,0,0,0
10386,1,1,0,0,0,0,0,0,0,0,0,0
10387,0,1,0,0,0,0,0,0,0,0,0,0
10387,1,1,5,5,5,5,5,5,5,5,5,5
10388,1,1,0,0,0,0,0,0,0,0,0,0
10389,1,1,8,8,8,8,8,8,8,8,8,8
10390,1,1,0,0,0,10,0,0,0,0,0,0
10391,0,1,27,27,27,27,27,27,27,27,27,27
10391,1,1,0,0,0,0,0,0,0,0,0,0
10392,1,1,0,0,0,0,0,0,0,0,0,0
10392,2,1,0,0,0,0,0,0,0,0,0,0
10393,1,1,6,6,6,6,6,6,6,6,6,6
10394,1,1,13,13,13,13,13,13,13,13,13,13
10395,1,1,12,0,0,24,28,8,0,0,14,53
10396,1,1,23,26,31,0,13,21,0,0,0,0
10397,0,1,0,0,0,0,0,0,0,0,0,0
10397,2,1,6,6,6,6,6,6,6,6,6,6
10398,1,1,11,11,11,11,11,11,11,11,11,11
10399,1,1,21,21,21,21,21,21,21,21,21,21
10400,0,1,0,0,0,0,0,0,0,0,0,0
10400,0,2,0,0,0,21,0,0,0,0,12,10
10400,1,1,3,3,3,3,3,3,3,3,3,3
10401,1,1,0,0,0,0,0,0,0,0,0,0
10401,2,1,0,0,12,0,0,0,0,0,0,0
10401,3,1,0,0,0,0,0,0,0,0,0,0
10402,1,1,0,0,0,0,0,0,0,0,0,0
10402,2,1,0,0,0,0,0,0,0,0,0,0
10403,1,1,0,0,0,0,0,0,0,0,0,0
10403,2,1,0,10,0,0,0,0,0,0,0,0
10404,1,1,0,0,0,0,0,0,0,0,0,0
10405,1,1,0,0,0,0,0,0,0,0,0,0
10406,0,1,0,0,0,0,0,0,0,0,0,0
10406,1,1,0,0,24,0,0,0,0,0,0,0
10407,1,1,22,22,22,22,22,22,22,22,22,22
10407,2,1,3,3,3,3,3,3,3,3,3,3
10408,1,1,0,0,0,0,0,0,0,0,0,0
10409,1,1,23,23,23,23,23,23,23,23,23,23
10410,1,1,0,0,0,0,0,0,0,0,0,0
10410,2,1,0,0,0,0,0,0,0,0,0,0
10411,1,1,0,0,0,0,0,0,0,0,0,0
10412,1,1,22,22,22,22,22,22,22,22,22,22
10412,2,1,0,0,0,0,0,0,0,0,0,0
10412,3,1,0,0,0,0,0,0,0,0,0,0
10412,4,1,0,0,0,0,0,0,0,0,0,0
10413,0,1,9,9,15,23,0,15,0,25,0,0
10413,1,1,0,0,0,0,0,0,0,0,0,0
10414,1,1,0,0,0,0,0,0,0,0,0,0
10414,2,1,10,0,0,0,25,0,17,23,11,0
10415,0,1,25,25,25,25,25,25,25,25,25,25
10415,1,1,0,0,0,0,0,0,0,0,0,0
10416,1,1,21,21,21,21,21,21,21,21,21,21
10417,1,1,0,0,0,0,0,0,0,0,0,0
10417,2,1,0,0,0,0,0,0,0,0,0,0
10418,0,1,0,0,0,0,0,0,0,0,0,0
10418,1,1,4,0,10,0,8,0,20,0,0,0
10419,1,1,0,17,0,0,24,20,0,4,0,0
10420,1,1,2,2,2,2,2,2,2,2,2,2
10421,1,1,0,0,0,0,0,0,0,0,0,0
10421,2,1,0,0,0,0,0,0,0,0,0,0
10422,1,1,35,35,35,35,35,35,35,35,35,35
10422,2,1,0,0,0,0,0,0,0,0,0,0
10424,0,1,0,0,0,0,0,0,0,0,0,0
10424,1,1,0,0,0,0,0,0,0,0,0,0
10425,1,1,0,0,0,0,0,0,0,0,0,0
10425,2,1,0,0,0,0,0,0,0,0,0,0
10426,1,1,0,0,0,0,0,0,0,0,0,0
10426,2,1,0,0,0,0,0,0,0,0,0,0
10427,1,1,12,12,12,12,12,12,12,12,12,12
10428,0,1,0,0,0,0,0,0,0,0,0,0
10428,1,1,0,0,0,0,0,0,0,0,0,0
10429,1,1,11,11,11,11,11,11,11,11,11,11
10430,1,1,16,16,16,16,16,16,16,16,16,16
10431,1,1,0,23,0,0,23,0,0,0,0,0
10432,1,1,0,0,0,0,0,0,0,0,0,0
10433,0,1,0,0,0,0,0,0,0,0,0,0
10433,1,1,0,0,0,0,0,0,0,0,0,0
10434,0,1,0,0,0,0,0,0,0,0,0,0
10434,1,1,0,0,0,0,0,0,0,0,0,0
10435,1,1,15,15,15,15,15,15,15,15,15,15
10436,1,1,0,0,0,0,0,0,0,0,0,0
10436,2,1,0,0,0,0,0,0,0,0,0,0
10437,1,1,20,48,19,3,16,24,23,11,10,20
10438,1,1,0,0,0,9,0,0,0,0,0,0
10439,1,1,0,0,0,0,0,0,0,0,0,0
10439,2,1,0,0,0,0,0,0,0,0,0,0
10440,1,1,13,13,13,13,13,13,13,13,13,13
10441,1,1,0,0,0,0,0,0,0,0,0,0
10441,2,1,0,0,0,0,0,0,0,0,0,0
10442,1,1,0,0,0,0,0,0,0,0,0,0
10442,2,1,0,0,20,0,0,0,0,0,10,19
10443,1,1,0,0,0,0,0,0,0,0,0,0
10444,1,1,0,0,0,0,0,0,0,0,0,0
10444,2,1,0,0,0,0,0,0,0,0,0,0
10444,3,1,0,0,0,0,0,3,0,0,0,0
10445,0,1,32,0,20,0,18,0,0,0,0,0
10445,1,1,0,25,14,0,13,0,11,12,0,14
10446,1,1,0,0,0,0,0,0,0,0,0,0
10446,2,1,0,0,0,0,0,0,0,0,0,0
10447,1,1,0,0,0,0,0,0,0,0,0,0
10448,1,1,0,0,0,0,0,0,0,0,0,0
10448,2,1,0,0,0,0,0,0,0,0,0,0
10449,1,1,0,0,0,0,0,0,0,0,0,0
10449,2,1,0,0,0,0,0,0,0,0,0,0
10450,1,1,18,18,18,18,18,18,18,18,18,18
10450,2,1,0,0,0,0,0,0,0,0,0,0
10451,1,1,0,0,0,0,0,0,0,0,0,0
10452,0,1,0,0,0,0,0,0,0,0,0,0
10452,1,1,0,0,0,0,0,0,0,0,10,0
10453,1,1,16,16,16,16,16,16,16,16,16,16
10454,1,1,0,0,0,0,0,0,14,0,0,0
10454,2,1,0,0,0,0,0,0,0,0,0,0
10455,0,1,0,0,0,0,0,0,0,0,0,0
10455,1,1,3,0,0,10,9,0,22,3,17,0
10456,1,1,0,0,0,0,12,31,0,21,0,0
10456,2,1,0,0,0,0,0,0,0,0,0,0
10457,1,1,0,0,0,0,0,0,0,0,0,0
10457,2,1,0,0,0,12,0,0,0,0,0,0
10458,1,1,0,0,0,0,27,0,0,0,0,0
10459,1,1,0,0,30,0,0,0,0,7,0,17
10459,2,1,0,0,0,0,0,0,0,0,0,0
10460,1,1,1,1,1,1,1,1,1,1,1,1
10461,0,1,0,0,0,31,0,0,22,0,26,20
10461,1,1,0,0,0,0,0,0,0,0,0,0
10462,1,1,0,0,0,0,0,0,0,0,0,0
10462,2,1,15,0,9,0,28,0,0,0,0,16
10463,1,1,0,0,0,0,0,0,0,0,0,0
10463,2,1,0,0,0,0,0,0,0,0,0,0
10465,1,1,26,25,0,24,24,18,24,13,0,28
10466,1,1,0,0,0,0,0,0,0,0,0,0
10467,1,1,0,0,0,0,0,0,0,28,0,0
10467,2,1,0,0,0,0,0,0,0,0,0,0
10468,1,1,0,0,0,0,0,0,0,0,0,0
10469,1,1,0,0,0,0,0,0,0,0,0,0
10470,1,1,0,0,0,0,0,0,0,0,0,0
10471,1,1,0,0,0,0,0,0,0,0,0,24
10472,1,1,0,0,14,0,0,0,0,0,0,0
10473,0,1,22,22,22,22,22,22,22,22,22,22
10473,1,1,0,0,0,0,0,0,0,0,0,0
10474,1,1,9,9,9,9,9,9,9,9,9,9
10475,1,1,4,4,4,4,4,4,4,4,4,4
10476,0,1,0,15,5,0,31,0,20,24,11,29
10476,0,2,0,0,0,0,0,0,0,0,0,0
10476,1,1,6,6,6,6,6,6,6,6,6,6
10477,0,1,0,0,0,0,0,0,0,0,0,0
10477,0,2,0,0,0,0,0,0,0,0,0,0
10477,1,1,0,0,0,0,0,0,0,0,0,0
10478,1,1,13,13,13,13,13,13,13,13,13,13
10479,1,1,11,11,11,11,11,11,11,11,11,11
10480,1,1,0,0,0,0,0,0,0,0,0,0
10481,0,1,0,0,0,0,0,0,0,0,0,0
10481,1,1,0,0,0,0,0,0,0,0,0,0
10482,1,1,0,0,0,0,0,0,0,0,0,0
10483,1,1,0,0,0,0,0,0,0,0,0,0
10484,1,1,0,0,0,0,0,0,0,0,0,0
10484,2,1,0,0,0,0,0,0,0,0,0,0
10484,3,1,0,0,0,0,21,0,0,0,0,0
10485,1,1,0,24,0,16,0,9,12,0,0,0
10486,1,1,0,0,0,0,0,0,0,0,0,0
10487,1,1,20,20,20,20,20,20,20,20,20,20
10488,1,1,0,0,11,0,0,0,0,0,0,0
10489,1,1,0,0,0,0,0,0,0,0,0,0
10490,1,1,8,0,0,13,0,0,5,0,0,12
10491,0,1,0,0,0,0,0,0,0,0,0,0
10491,1,1,0,0,0,0,0,0,0,0,39,0
10492,1,1,0,0,0,0,0,0,0,0,0,0
10493,1,1,0,0,0,0,0,0,0,0,0,0
10494,0,1,0,0,0,0,0,0,0,0,0,0
10494,1,1,0,0,0,0,0,0,0,0,0,0
10495,1,1,18,18,18,18,18,18,18,18,18,18
10496,1,1,0,0,0,0,0,0,0,0,0,0
10496,2,1,0,10,0,10,0,0,0,0,0,0
10497,1,1,20,20,20,20,20,20,20,20,20,20
10498,1,1,0,0,0,0,0,0,0,0,0,0
10498,2,1,0,0,0,0,0,0,0,0,0,0
10498,3,1,0,0,0,0,0,0,0,0,0,16
10499,0,1,31,0,0,0,0,0,0,0,24,0
10499,1,1,0,0,0,0,0,0,0,0,0,0
10500,1,1,0,13,0,0,0,8,0,0,8,16
10500,2,1,0,0,0,0,0,0,0,0,0,0
10501,1,1,0,0,0,0,0,0,0,0,0,0
10501,2,1,0,0,0,0,0,0,0,0,8,0
10502,0,1,0,0,0,0,0,0,0,0,0,0
10502,0,2,0,0,0,0,0,0,0,0,0,0
10502,0,3,30,25,37,0,0,0,0,54,0,0
10502,1,1,22,8,13,17,22,11,8,12,21,5
10503,1,1,25,26,15,6,4,0,0,18,28,26
10504,1,1,0,0,0,14,0,0,0,7,20,6
10505,1,1,0,0,0,0,0,0,0,0,0,0
10505,2,1,0,0,0,0,0,0,0,0,0,0
10506,1,1,27,27,27,27,27,27,27,27,27,27
10507,1,1,17,17,17,17,17,17,17,17,17,17
10508,1,1,1,1,1,1,1,1,1,1,1,1
10509,1,1,24,24,24,24,24,24,24,24,24,24
10510,1,1,35,35,35,35,35,35,35,35,35,35
10511,0,1,0,14,0,0,8,24,13,23,0,0
10511,1,1,0,7,0,0,0,0,11,0,0,0
10512,1,1,19,15,0,23,8,26,23,22,14,6
10513,0,1,0,0,0,0,0,0,0,0,0,0
10513,1,1,0,0,0,0,0,0,0,0,0,0
10514,1,1,0,0,0,0,0,0,0,0,0,0
10514,2,1,21,0,16,7,12,11,37,0,12,7
10515,1,1,0,0,5,0,0,0,0,0,0,0
10515,2,1,0,0,0,0,0,0,0,0,0,0
10516,1,1,8,8,8,8,8,8,8,8,8,8
10517,0,1,0,0,0,0,0,0,0,0,0,0
10517,1,1,0,0,0,0,17,9,0,3,0,7
10518,1,1,14,14,14,14,14,14,14,14,14,14
10519,0,1,0,0,0,0,0,0,0,0,0,0
10519,1,1,0,0,0,0,0,0,0,0,0,0
10520,1,1,20,20,20,20,20,20,20,20,20,20
10521,1,1,16,10,0,13,11,20,0,21,22,19
10522,1,1,0,0,0,0,0,0,0,0,0,0
10522,2,1,0,0,0,0,0,0,0,0,0,0
10523,1,1,0,0,0,0,0,0,0,0,0,0
10523,2,1,0,0,0,0,0,0,0,0,0,0
10524,1,1,19,19,19,19,19,19,19,19,19,19
10525,1,1,0,0,0,11,29,13,15,22,0,13
10526,1,1,0,0,0,0,0,0,0,0,0,0
10526,2,1,0,0,0,0,0,0,0,0,0,0
10527,1,1,0,0,0,0,0,0,0,0,0,0
10527,2,1,0,0,0,0,0,0,0,0,0,0
10528,1,1,0,0,0,0,0,0,0,0,0,0
10528,2,1,0,0,0,0,0,0,0,0,0,0
10529,1,1,22,22,22,22,22,22,22,22,22,22
10530,1,1,21,21,21,21,21,21,21,21,21,21
10531,1,1,9,9,9,9,9,9,9,9,9,9
10532,1,1,0,0,0,0,0,0,0,0,0,0
10533,1,1,0,0,0,0,0,0,0,0,0,0
10534,0,1,7,7,7,7,7,7,7,7,7,7
10534,1,1,0,0,0,0,9,3,0,26,0,0
10535,1,1,14,0,0,0,0,0,0,0,0,0
10536,1,1,0,0,0,0,0,0,0,0,8,0
10536,2,1,0,0,0,0,0,0,0,0,0,0
10537,1,1,8,8,8,8,8,8,8,8,8,8
10538,1,1,0,0,0,0,0,0,0,0,0,0
10539,1,1,18,18,18,18,18,18,18,18,18,18
10540,1,1,0,0,22,0,0,0,0,25,10,0
10541,1,1,27,16,23,18,10,42,19,20,26,7
10542,1,1,0,0,0,0,0,0,0,0,0,0
10543,1,1,0,0,0,0,0,0,0,0,0,0
10544,1,1,0,0,0,0,0,0,0,0,0,0
10545,1,1,14,14,14,14,14,14,14,14,14,14
10546,1,1,0,0,0,0,0,0,0,21,0,0
10547,1,1,0,0,0,0,0,0,0,0,0,0
10548,1,1,0,0,0,5,22,0,0,22,0,21
10549,1,1,0,0,0,0,0,0,0,0,0,0
10549,2,1,0,0,10,0,0,0,0,0,0,0
10550,1,1,0,0,0,0,0,0,0,0,0,0
10551,0,1,0,0,0,0,0,0,0,0,0,0
10551,1,1,0,0,0,0,0,0,28,0,0,0
10552,1,1,0,0,0,0,0,0,0,0,0,0
10552,2,1,0,0,0,0,0,0,0,0,0,0
10553,1,1,0,17,0,0,0,0,0,0,0,11
10554,1,1,0,0,0,0,0,0,0,0,0,0
10554,2,1,0,0,0,0,0,0,0,0,0,0
10555,1,1,7,7,7,7,7,7,7,7,7,7
10556,1,1,19,19,19,19,19,19,19,19,19,19
10557,0,1,13,13,13,13,13,13,13,13,13,13
10557,1,1,0,8,0,0,0,0,0,0,0,0
10558,0,1,0,0,14,37,6,0,29,23,0,0
10558,1,1,0,16,5,0,0,10,0,0,0,0
10559,1,1,24,24,24,24,24,24,24,24,24,24
10560,1,1,0,0,0,0,0,0,0,0,0,0
10561,1,1,0,0,0,0,0,0,0,0,0,0
10562,0,1,15,15,15,15,15,15,15,15,15,15
10562,1,1,12,9,12,0,11,6,17,0,15,0
10563,0,1,0,0,0,0,0,0,0,0,0,0
10563,1,1,0,0,0,0,0,0,0,0,0,0
10564,1,1,0,0,0,0,0,0,0,0,0,0
10564,2,1,0,0,0,0,0,0,0,0,0,0
10565,1,1,0,0,0,0,0,0,0,0,0,0
10565,2,1,0,0,0,0,0,0,0,0,0,0
10566,1,1,0,0,0,0,0,0,0,0,0,0
10567,1,1,0,0,0,0,0,0,0,0,0,0
10568,1,1,0,0,0,0,0,0,0,0,0,0
10568,2,1,0,0,0,0,0,0,0,0,0,0
10569,1,1,26,26,26,26,26,26,26,26,26,26
10570,1,1,0,0,0,0,0,0,0,0,0,0
10570,2,1,0,0,0,0,0,0,0,0,0,0
10570,3,1,0,0,0,0,0,0,0,0,0,0
10571,0,1,0,0,0,0,0,0,0,0,0,0
10571,1,1,0,7,0,0,9,0,0,0,0,0
10572,0,1,0,0,0,0,0,0,0,0,0,0
10572,1,1,0,0,0,0,0,0,0,0,0,0
10573,1,1,0,0,0,0,0,0,0,0,0,0
10574,1,1,0,0,0,0,0,0,29,0,15,0
10574,2,1,17,17,17,17,17,17,17,17,17,17
10575,1,1,0,0,0,0,0,32,0,0,0,0
10575,2,1,0,18,0,0,0,0,0,0,0,0
10576,1,1,0,0,0,0,0,0,0,0,0,0
10576,2,1,0,0,0,0,0,0,0,0,0,0
10577,1,1,16,16,16,16,16,16,16,16,16,16
10578,1,1,15,15,15,15,15,15,15,15,15,15
10579,1,1,0,0,0,0,0,0,0,0,0,0
10579,2,1,0,0,0,0,0,0,0,0,0,0
10580,0,1,0,0,0,0,0,0,0,0,0,0
10580,1,1,30,30,30,30,30,30,30,30,30,30
10581,1,1,0,0,13,0,21,15,12,21,0,18
10582,1,1,0,0,0,0,0,0,0,0,0,0
10582,2,1,0,0,0,0,0,0,0,0,0,0
10582,3,1,0,0,0,0,0,0,0,0,0,0
10583,1,1,25,23,17,11,22,19,13,25,23,10
10584,1,1,19,19,19,19,19,19,19,19,19,19
10584,2,1,0,0,0,0,0,0,0,0,0,0
10585,1,1,16,16,16,16,16,16,16,16,16,16
10586,1,1,0,0,0,0,0,0,0,0,18,0
10586,2,1,0,0,0,0,0,0,0,0,0,0
10587,1,1,9,9,9,9,9,9,9,9,9,9
10588,1,1,0,0,0,0,0,0,0,15,28,12
10589,1,1,0,0,9,33,0,19,0,11,0,0
10590,1,1,30,30,30,30,30,30,30,30,30,30
10591,1,1,22,22,22,22,22,22,22,22,22,22
10591,2,1,0,0,0,0,0,0,0,0,0,0
10592,0,1,0,0,0,0,0,0,0,0,0,0
10592,1,1,0,0,0,0,0,18,0,0,0,0
10593,1,1,22,16,20,16,5,15,10,23,23,23
10594,1,1,22,22,22,22,22,22,22,22,22,22
10595,1,1,0,0,0,0,0,0,0,0,0,0
10595,2,1,0,0,0,0,0,0,0,0,0,0
10596,1,1,0,0,0,0,0,0,0,0,0,0
10596,2,1,0,9,0,13,0,0,0,0,0,0
10597,1,1,0,0,0,0,0,0,29,0,0,0
10597,2,1,0,0,0,0,0,0,0,0,0,0
10598,1,1,5,5,5,5,5,5,5,5,5,5
10599,1,1,0,0,0,0,0,0,0,0,0,0
10600,1,1,0,0,0,0,0,0,0,0,0,0
10601,1,1,0,13,12,19,15,6,15,0,0,11
10602,1,1,0,0,0,0,0,0,0,0,0,0
10603,1,1,0,0,0,0,0,0,0,0,0,0
10604,1,1,0,0,0,0,0,0,0,0,0,25
10604,2,1,0,0,0,0,0,0,0,0,0,0
10605,0,1,0,0,0,0,0,0,0,0,0,0
10605,1,1,0,0,0,0,0,0,0,0,0,0
10606,0,1,0,0,0,0,0,0,0,0,12,36
10606,1,1,0,0,0,0,0,0,17,0,0,0
10607,1,1,0,0,0,0,0,0,0,0,0,0
10607,2,1,0,0,0,0,0,0,0,0,0,0
10608,1,1,4,4,4,4,4,4,4,4,4,4
10609,1,1,0,0,0,0,0,0,0,0,0,0
10609,2,1,0,0,0,0,0,0,0,0,0,0
10610,1,1,22,22,22,22,22,22,22,22,22,22
10612,1,1,0,0,0,0,0,0,0,0,0,0
10613,1,1,9,9,9,9,9,9,9,9,9,9
10614,1,1,0,0,0,0,0,0,0,0,0,0
10614,2,1,0,0,0,0,0,0,0,0,0,0
10615,1,1,0,0,0,0,0,0,0,0,0,0
10615,2,1,0,0,0,0,0,0,0,0,0,0
10616,1,1,0,0,10,0,0,19,0,0,22,14
10617,1,1,0,0,0,0,0,0,0,0,0,0
10617,2,1,0,0,0,0,0,0,0,0,0,0
10618,0,1,4,4,4,4,4,4,4,4,4,4
10618,1,1,0,0,0,0,0,0,0,0,0,0
10618,2,1,13,0,15,0,0,0,0,0,0,0
10619,1,1,0,0,0,0,0,0,0,0,0,0
10620,1,1,15,15,15,15,15,15,15,15,15,15
10621,1,1,15,15,15,15,15,15,15,15,15,15
10622,1,1,0,0,0,0,0,0,0,0,0,0
10622,2,1,0,0,0,0,0,0,0,0,0,0
10623,0,1,16,16,16,16,16,16,16,16,16,16
10623,1,1,0,0,0,0,0,0,0,0,0,0
10624,1,1,14,0,22,0,24,0,17,0,20,22
10625,0,1,17,17,17,17,17,17,17,17,17,17
10625,1,1,0,0,0,0,0,0,0,0,0,0
10625,2,1,0,0,21,0,0,0,0,0,0,0
10626,1,1,15,15,15,15,15,15,15,15,15,15
10626,2,1,0,0,0,0,0,0,7,0,5,0
10626,3,1,0,0,0,17,0,0,0,0,0,0
10627,1,1,0,0,0,0,0,0,0,0,0,0
10627,2,1,0,0,0,0,0,0,0,0,0,0
10628,1,1,0,0,0,11,0,0,29,0,0,0
10628,2,1,0,0,0,0,0,0,0,0,0,0
10629,1,1,0,0,0,0,0,0,0,0,0,0
10629,2,1,0,0,0,0,0,0,0,0,0,0
10629,3,1,0,0,0,0,0,0,0,0,15,0
10630,1,1,0,0,0,0,0,0,0,0,0,0
10631,1,1,0,0,0,0,0,0,0,0,0,0
10632,1,1,0,0,0,0,0,0,0,0,0,0
10633,1,1,18,0,30,18,0,0,6,27,0,0
10634,1,1,26,26,26,26,26,26,26,26,26,26
10635,1,1,0,0,0,0,0,0,0,0,0,0
10635,2,1,0,0,0,0,0,0,0,0,0,0
10636,0,1,30,30,30,30,30,30,30,30,30,30
10636,1,1,0,0,0,0,0,0,0,0,0,0
10637,1,1,0,0,0,0,0,15,0,0,0,0
10637,2,1,0,0,0,0,0,0,0,0,0,0
10638,1,1,0,0,0,0,0,0,0,0,0,0
10639,1,1,0,0,0,0,0,16,24,0,0,0
10639,2,1,0,0,0,0,0,0,0,0,0,0
10639,3,1,0,0,16,0,0,16,0,0,0,0
10639,4,1,0,0,0,0,0,0,0,0,0,0
10640,1,1,41,9,18,7,3,21,20,11,12,16
10640,2,1,0,0,0,0,0,0,0,0,0,32
10641,1,1,3,3,3,3,3,3,3,3,3,3
10642,1,1,0,0,0,0,0,0,0,0,0,0
10642,2,1,0,0,0,0,0,0,0,0,0,0
10643,1,1,0,0,0,0,0,0,0,0,0,0
10644,1,1,21,32,18,11,11,19,12,27,14,26
10645,1,1,0,0,20,0,0,25,0,0,0,0
10646,1,1,13,13,13,13,13,13,13,13,13,13
10647,1,1,16,16,16,16,16,16,16,16,16,16
10648,0,1,12,12,12,12,12,12,12,12,12,12
10648,0,2,23,17,0,26,4,5,25,20,42,13
10648,2,1,0,0,0,0,0,0,0,0,0,0
10649,1,1,0,0,0,0,0,0,0,0,0,0
10650,1,1,0,0,0,0,0,0,0,0,0,0
10650,2,1,0,0,0,0,0,0,0,0,0,0
10651,1,1,0,0,0,0,0,0,0,0,0,0
10651,2,1,0,0,0,0,0,0,0,0,0,0
10652,1,1,0,0,0,0,0,0,0,0,0,0
10652,2,1,0,0,0,0,0,0,0,0,0,0
10653,1,1,9,9,9,9,9,9,9,9,9,9
10653,2,1,0,0,0,0,0,0,0,0,0,0
10654,1,1,0,0,0,0,0,0,0,0,0,0
10654,2,1,0,0,0,0,0,0,0,0,0,0
10655,1,1,0,0,0,34,0,0,13,0,0,0
10655,2,1,0,0,0,0,0,0,0,0,0,0
10656,1,1,34,34,34,34,34,34,34,34,34,34
10657,1,1,0,0,0,0,0,0,0,0,0,0
10659,1,1,0,27,0,0,0,0,0,18,0,0
10660,1,1,0,0,0,0,0,0,0,0,0,0
10660,2,1,0,0,0,0,0,0,0,0,0,0
10661,1,1,17,9,18,18,8,14,6,10,24,8
10661,2,1,29,29,29,29,29,29,29,29,29,29
10662,1,1,0,0,0,0,0,0,0,0,0,0
10662,2,1,0,0,0,0,0,0,0,0,0,0
10663,1,1,24,24,24,24,24,24,24,24,24,24
10664,1,1,0,0,0,0,0,0,0,0,0,0
10665,0,1,0,0,41,0,31,0,0,0,0,0
10665,1,1,0,0,0,0,0,0,0,0,0,0
10666,1,1,0,0,0,0,0,0,0,0,0,0
10666,2,1,0,0,0,0,0,0,0,0,0,0
10667,1,1,0,0,0,0,0,0,0,0,0,0
10667,2,1,0,0,0,0,0,0,0,0,37,0
10668,1,1,0,0,0,0,0,0,0,0,0,0
10669,1,1,12,12,12,12,12,12,12,12,12,12
10670,1,1,0,16,0,0,24,0,0,0,9,0
10670,2,1,0,0,0,0,0,0,0,0,0,0
10671,1,1,0,0,0,0,15,21,0,0,0,0
10672,1,1,10,10,10,10,10,10,10,10,10,10
10673,1,1,0,0,0,0,0,0,0,0,0,0
10674,1,1,22,22,22,22,22,22,22,22,22,22
10675,1,1,18,18,18,18,18,18,18,18,18,18
10676,1,1,29,29,29,29,29,29,29,29,29,29
10676,2,1,0,0,0,0,0,0,0,0,0,0
10677,1,1,9,9,9,9,9,9,9,9,9,9
10678,1,1,0,0,19,0,16,0,0,0,0,0
10679,1,1,0,0,0,0,0,0,0,0,0,0
10679,2,1,0,0,0,0,0,0,0,0,0,0