ST_CASE,VEH_NO,PER_NO,P1,P2,P3,P4,P5,P6,P7,P8,P9,P10
10680,0,1,21,0,27,26,28,0,39,0,0,31
10680,1,1,0,0,0,0,0,0,0,0,0,0
10681,0,1,2,2,2,2,2,2,2,2,2,2
10681,0,2,23,24,16,24,0,0,0,31,0,0
10681,1,1,11,4,16,29,17,11,8,14,25,0
10682,1,1,34,34,34,34,34,34,34,34,34,34
10683,1,1,0,0,0,0,0,0,0,0,0,0
10684,1,1,0,0,0,0,0,0,0,0,0,0
10685,1,1,25,25,25,25,25,25,25,25,25,25
10685,2,1,0,0,0,0,0,0,0,0,0,0
10686,1,1,0,0,0,0,0,0,0,0,0,0
10687,1,1,0,0,0,0,18,0,0,0,0,0
10688,1,1,21,21,21,21,21,21,21,21,21,21
10688,2,1,0,0,0,0,0,0,0,0,0,0
10689,0,1,25,25,25,25,25,25,25,25,25,25
10689,1,1,0,0,0,0,0,0,0,0,0,0
10690,1,1,15,15,15,15,15,15,15,15,15,15
10691,1,1,0,0,0,0,0,0,0,0,0,0
10691,2,1,0,0,0,0,0,0,0,0,0,0
10691,3,1,0,0,0,0,0,0,0,0,0,0
10692,1,1,16,0,0,0,0,0,12,9,21,0
10693,1,1,6,0,18,0,0,0,0,0,27,17
10694,0,1,4,4,4,4,4,4,4,4,4,4
10694,1,1,0,0,0,0,0,0,0,0,0,0
10695,1,1,0,0,0,14,0,0,0,0,0,0
10696,1,1,6,14,26,18,19,9,10,17,23,16
10697,0,1,14,14,14,14,14,14,14,14,14,14
10697,1,1,0,0,0,12,0,0,14,0,0,10
10698,1,1,0,6,0,0,0,0,23,26,0,0
10698,2,1,0,0,0,0,0,0,0,0,0,0
10699,1,1,0,0,0,0,0,0,0,0,0,0
10699,2,1,0,0,0,0,0,0,0,0,0,0
10700,1,1,0,0,0,0,0,0,0,0,0,0
10700,2,1,0,0,0,0,0,0,0,0,0,0
10700,3,1,0,0,0,0,0,0,0,0,0,0
10700,4,1,0,0,0,0,0,0,0,0,0,0
10701,0,1,0,14,14,20,26,0,0,24,0,6
10701,1,1,0,0,0,13,0,0,0,20,0,0
10702,1,1,15,0,0,0,0,0,12,0,0,0
10703,1,1,0,0,0,0,0,0,0,0,0,0
10703,2,1,0,0,0,0,0,0,0,0,0,0
10704,1,1,0,0,12,0,0,0,0,0,0,8
10704,2,1,35,16,17,7,21,14,30,19,36,29
10705,1,1,0,0,0,0,0,0,0,0,0,0
10705,2,1,0,0,0,0,0,0,0,0,0,0
10706,0,1,0,0,19,0,0,29,32,0,0,5
10706,1,1,0,0,0,0,0,0,0,0,0,0
10707,1,1,0,0,0,0,0,0,0,0,0,0
10707,2,1,0,0,0,0,0,0,0,0,0,26
10708,1,1,0,0,0,0,0,0,0,0,0,0
10708,2,1,0,0,0,0,0,0,0,0,0,0
10709,1,1,0,0,0,0,0,0,0,0,0,0
10709,2,1,0,0,0,0,0,0,16,3,0,0
10710,0,1,0,0,0,0,0,0,0,0,0,0
10710,1,1,8,0,0,0,0,17,0,5,5,9
10711,0,1,0,25,20,31,43,17,11,17,13,35
10711,1,1,0,0,12,11,0,0,0,0,0,0
10712,1,1,0,0,0,0,0,0,0,0,0,0
10713,0,1,8,0,24,0,22,0,0,0,31,0
10713,1,1,0,0,0,0,0,0,0,0,0,0
10714,0,1,11,27,0,0,0,0,0,13,4,12
10714,1,1,0,0,0,0,0,0,0,0,0,0
10715,1,1,0,0,0,0,0,0,0,0,5,0
10715,2,1,0,0,0,0,0,0,0,0,0,0
10716,1,1,15,0,15,0,0,7,0,0,0,0
10717,0,1,0,0,0,0,0,16,22,27,0,0
10717,1,1,0,0,0,0,0,0,0,0,0,0
10718,1,1,0,0,0,8,32,4,0,0,0,0
10718,2,1,0,0,0,0,0,0,0,0,0,0
10718,3,1,0,0,0,0,0,0,0,0,0,0
10719,1,1,0,12,8,0,0,0,0,16,0,0
10719,2,1,0,0,0,0,0,0,0,0,0,0
10720,1,1,0,0,0,0,0,0,0,0,0,0
10721,1,1,0,0,0,0,0,0,0,0,0,0
10721,2,1,0,0,0,0,0,0,0,0,0,0
10722,0,1,18,18,18,18,18,18,18,18,18,18
10722,1,1,0,0,0,7,15,9,0,11,10,5
10723,1,1,21,3,23,16,17,26,4,17,20,8
10724,1,1,0,0,0,0,0,0,0,0,0,0
10725,0,1,0,0,0,0,0,0,0,0,0,0
10725,1,1,0,0,22,0,4,16,0,12,0,0
10725,2,1,0,0,0,0,0,0,0,0,0,0
10725,3,1,29,0,0,0,0,0,0,0,0,0
10725,4,1,0,0,15,0,0,0,0,0,0,0
10725,5,1,0,15,0,0,0,0,13,0,18,0
10726,1,1,13,21,31,14,21,0,0,20,8,16
10727,1,1,20,20,20,20,20,20,20,20,20,20
10728,1,1,9,29,33,10,27,0,0,0,0,0
10729,1,1,0,0,10,0,0,0,0,0,0,0
10730,1,1,39,16,23,16,21,14,17,19,30,3
10731,1,1,0,0,0,0,0,0,0,0,0,0
10732,0,1,0,0,0,0,0,0,0,0,0,0
10732,1,1,0,0,0,0,0,0,0,0,0,23
10733,1,1,17,0,0,15,0,0,0,0,0,22
10733,2,1,0,0,0,0,0,0,0,0,0,0
10734,1,1,0,25,0,0,0,0,0,0,0,0
10734,2,1,0,0,0,0,0,0,0,0,0,0
10735,1,1,0,0,0,0,0,0,0,0,0,0
10735,2,1,0,0,0,0,0,16,0,0,0,0
10736,1,1,8,19,0,0,14,36,24,38,23,10
10738,1,1,11,11,11,11,11,11,11,11,11,11
10739,1,1,5,10,31,29,9,13,13,12,5,23
10740,0,1,0,0,0,0,0,0,0,0,0,0
10740,1,1,0,0,0,0,0,0,0,0,0,0
10741,1,1,11,0,0,26,0,0,16,0,37,15
10742,1,1,0,0,13,0,0,0,0,0,0,0
10743,1,1,0,9,0,25,0,0,0,19,0,35
10744,1,1,0,17,19,17,20,0,0,9,0,7
10745,1,1,27,14,41,7,15,18,20,13,10,17
10746,1,1,5,7,17,0,12,0,7,26,23,0
10746,2,1,0,0,0,0,0,0,0,0,16,0
10747,1,1,0,0,0,0,0,0,0,0,0,0
10747,2,1,0,0,0,0,0,0,0,0,0,0
10748,0,1,40,22,0,0,14,0,0,0,0,14
10748,1,1,0,0,0,0,0,0,0,0,0,0
10749,1,1,0,0,16,13,21,6,23,25,0,0
10750,1,1,29,29,29,29,29,29,29,29,29,29
10751,1,1,0,0,0,0,0,0,0,0,0,0
10752,0,1,0,0,0,0,0,0,0,0,0,0
10752,1,1,0,0,0,0,0,0,0,0,0,0
10753,1,1,27,27,27,27,27,27,27,27,27,27
20001,0,1,0,0,0,0,0,0,0,0,32,0
20001,1,1,0,0,0,0,0,0,0,0,0,0
20002,1,1,0,0,0,0,0,0,0,0,0,0
20002,2,1,0,0,0,0,0,0,0,0,0,0
20003,1,1,0,0,0,0,0,0,0,0,0,0
20003,2,1,0,0,0,0,0,0,0,0,0,0
20004,1,1,0,0,0,0,0,0,0,0,0,0
20004,2,1,0,0,0,0,0,0,0,0,0,0
20005,1,1,0,0,0,0,0,0,0,0,0,0
20006,1,1,0,0,0,0,0,0,0,0,0,0
20006,2,1,0,9,11,0,0,0,0,0,0,0
20007,1,1,25,25,25,25,25,25,25,25,25,25
20008,1,1,0,0,0,0,0,0,0,0,0,0
20008,2,1,0,0,0,0,0,0,0,0,0,0
20009,0,1,9,9,9,9,9,9,9,9,9,9
20009,1,2,0,0,0,0,0,0,12,0,8,0
20009,2,1,0,0,0,0,0,0,0,0,0,0
20010,1,1,0,0,0,0,0,0,0,0,0,0
20011,1,1,23,23,23,23,23,23,23,23,23,23
20012,0,1,0,0,0,0,0,0,0,0,0,0
20012,1,1,0,0,0,0,0,0,0,0,0,0
20013,1,1,0,0,0,0,0,0,0,0,0,0
20013,2,1,19,19,19,19,19,19,19,19,19,19
20014,1,1,20,20,20,20,20,20,20,20,20,20
20014,2,1,0,0,0,0,0,0,0,0,0,0
20015,1,1,24,24,24,24,24,24,24,24,24,24
20016,1,1,0,0,0,0,0,0,0,0,0,0
20016,2,1,2,2,2,2,2,2,2,2,2,2
20017,1,1,0,0,0,0,0,0,0,0,0,0
20017,2,1,0,0,0,0,0,0,0,0,0,0
20017,3,1,0,0,0,0,0,0,0,0,0,0
20017,4,1,4,4,4,4,4,4,4,4,4,4
20017,5,1,0,0,0,0,0,0,0,0,0,0
20017,6,1,0,0,0,0,0,0,0,0,0,0
20018,0,1,0,0,0,0,14,34,34,15,21,0
20018,1,1,0,0,0,0,0,0,0,0,0,0
20019,1,1,0,0,0,0,0,0,0,0,0,0
20020,0,1,0,0,0,0,0,0,0,0,0,0
20020,1,1,0,0,0,0,0,0,0,0,0,0
20021,1,1,0,0,0,0,0,0,0,0,0,0
20021,2,1,0,0,0,0,0,0,0,0,0,0
20022,1,1,0,0,0,0,0,0,0,0,0,0
20023,1,1,19,19,19,19,19,19,19,19,19,19
20024,1,1,17,21,16,10,18,8,26,27,17,5
20025,0,1,0,0,0,0,0,0,0,0,0,0
20025,1,1,0,7,0,8,22,0,0,0,8,0
20026,1,1,0,0,0,0,0,0,0,0,0,0
20026,2,1,0,0,0,0,0,0,0,0,0,0
20027,0,1,13,0,0,0,0,0,0,0,16,0
20027,1,1,18,18,18,18,18,18,18,18,18,18
20028,0,1,12,28,14,0,39,14,11,34,13,17
20028,1,1,22,22,22,22,22,22,22,22,22,22
20029,1,1,0,0,0,0,0,0,0,0,0,0
20029,2,1,0,0,0,0,0,0,0,13,0,0
20030,0,1,0,0,0,0,0,0,0,0,0,0
20030,1,1,10,10,10,10,10,10,10,10,10,10
20031,1,1,13,13,13,13,13,13,13,13,13,13
20032,1,1,12,12,12,12,12,12,12,12,12,12
20033,1,1,0,0,0,0,0,0,0,0,0,0
20034,1,1,29,29,29,29,29,29,29,29,29,29
20035,1,1,0,0,0,0,0,0,0,0,0,0
20036,1,1,1,1,1,1,1,1,1,1,1,1
20037,1,1,0,0,0,0,0,0,0,0,0,0
20038,1,1,0,0,0,0,0,0,0,0,0,0
20038,2,1,0,0,0,0,0,0,0,0,0,0
20039,0,1,0,0,0,8,15,25,0,0,21,0
20039,1,1,0,0,0,0,0,0,0,0,0,0
20040,0,1,5,17,0,0,0,0,19,19,3,0
20040,1,1,0,0,0,0,0,0,0,0,0,0
20041,0,1,0,24,0,19,0,0,0,13,0,20
20041,1,1,19,19,19,19,19,19,19,19,19,19
20042,1,1,0,0,0,0,0,0,0,0,0,0
20042,2,1,0,0,0,0,0,0,0,0,0,0
20043,1,1,0,0,0,0,0,0,0,0,0,0
20044,1,1,13,13,13,13,13,13,13,13,13,13
20045,1,1,0,0,0,0,0,0,0,0,0,0
20046,1,1,27,27,27,27,27,27,27,27,27,27
20047,1,1,26,26,26,26,26,26,26,26,26,26
20048,1,1,0,0,0,0,0,0,0,0,0,0
20048,2,1,0,0,0,0,0,0,0,0,0,0
20048,3,1,0,0,0,0,0,0,0,0,0,0
20049,1,1,28,28,28,28,28,28,28,28,28,28
20049,2,1,0,0,0,0,0,0,0,0,0,0
20050,1,1,20,20,20,20,20,20,20,20,20,20
20051,1,1,0,0,0,0,0,0,0,0,0,0
20051,2,1,0,0,0,0,0,0,0,0,0,0
20051,3,1,0,0,0,0,0,0,0,0,0,0
20052,1,1,0,0,0,0,0,0,0,0,0,0
20052,2,1,0,0,0,0,0,0,0,0,0,0
20053,1,1,0,29,0,0,0,0,0,0,0,0
20053,2,1,1,1,1,1,1,1,1,1,1,1
20054,1,1,0,0,0,0,0,0,0,0,0,0
20055,1,1,39,39,39,39,39,39,39,39,39,39
20055,2,1,0,0,0,0,0,0,0,0,0,0
20056,1,1,0,0,0,0,0,0,0,0,0,0
20057,1,1,0,0,0,0,0,0,0,0,0,0
20057,2,1,0,0,0,0,0,0,0,0,0,0
20058,1,1,0,0,0,0,0,0,0,0,0,0
20058,2,1,0,0,0,0,0,0,0,0,0,0
20059,1,1,0,0,0,0,0,0,0,0,0,0
20059,2,1,0,0,0,0,0,0,0,0,0,0
20060,0,1,0,0,0,0,0,0,0,0,0,0
20060,1,1,0,0,0,0,0,0,0,0,0,0
20061,0,1,22,22,0,0,0,0,0,18,0,0
20061,1,1,0,0,0,0,0,0,0,0,0,0
20062,0,1,24,24,24,24,24,24,24,24,24,24
20062,1,1,0,0,0,0,0,0,0,0,0,0
20063,0,1,0,0,0,0,0,0,0,0,0,0
20063,1,1,0,0,0,0,0,0,0,0,0,0
20064,1,1,0,0,0,0,0,0,0,0,0,0
20064,2,1,0,0,0,0,0,0,0,0,0,0
20065,1,1,0,0,0,0,0,0,0,0,0,0
20066,1,1,0,28,0,0,20,0,0,6,0,0
20066,2,1,0,0,0,0,0,0,0,0,0,0
20067,1,1,0,0,0,0,0,0,0,0,0,0
20067,2,1,22,0,0,6,0,0,0,0,4,0
20068,0,1,0,24,12,18,0,25,0,18,0,0
20068,1,1,0,17,15,0,25,0,1,0,0,0
40001,1,1,0,0,0,0,0,0,0,0,0,0
40001,2,1,0,0,0,0,0,0,0,0,0,0
40002,0,1,0,0,0,0,0,0,0,0,0,0
40002,1,1,0,0,0,0,0,0,0,0,0,0
40003,0,1,0,0,0,0,0,0,0,0,0,0
40003,1,1,0,0,0,0,0,0,0,0,0,0
40004,1,1,0,0,0,0,0,0,0,0,0,0
40004,2,1,0,0,0,0,0,0,0,0,0,0
40005,1,1,0,0,0,0,0,0,0,0,0,0
40006,1,1,0,0,0,0,0,8,12,0,0,0
40006,2,1,0,0,0,0,0,0,0,0,0,0
40007,1,1,0,0,0,0,0,0,0,0,0,0
40007,2,1,0,0,0,0,0,0,0,0,0,0
40008,1,1,0,18,0,0,0,0,14,0,9,0
40009,1,1,0,0,0,0,0,0,0,0,0,0
40010,1,1,27,27,27,27,27,27,27,27,27,27
40010,2,1,0,0,0,0,0,0,0,0,0,0
40010,3,1,0,0,0,0,0,0,0,7,0,0
40011,0,1,0,0,0,0,0,0,0,0,0,0
40011,1,1,0,0,0,0,0,0,0,0,14,0
40012,1,1,0,0,0,0,0,0,0,0,0,0
40013,1,1,14,14,14,14,14,14,14,14,14,14
40014,0,1,0,0,0,0,0,0,0,0,0,0
40014,1,1,0,0,0,0,0,0,0,0,4,0
40014,2,1,0,0,0,0,0,0,0,0,0,0
40015,1,1,0,28,0,0,0,0,0,0,0,0
40016,1,1,22,22,22,22,22,22,22,22,22,22
40016,2,1,0,0,0,15,0,9,0,13,0,0
40016,3,1,0,0,0,0,0,0,0,0,0,0
40017,1,1,0,0,0,0,0,0,0,0,0,0
40018,0,1,0,0,0,0,0,0,0,0,0,0
40018,1,1,0,0,0,0,0,0,0,0,0,0
40019,0,1,24,24,24,24,24,24,24,24,24,24
40019,1,1,38,0,0,9,0,0,0,0,10,0
40020,1,1,13,0,0,0,0,0,0,0,0,0
40021,0,1,20,20,20,20,20,20,20,20,20,20
40021,1,1,29,0,0,7,0,29,0,17,0,18
40022,1,1,0,0,0,0,0,0,0,0,0,0
40022,2,1,14,14,14,14,14,14,14,14,14,14
40023,1,1,0,0,0,0,0,0,0,0,0,0
40023,2,1,0,0,0,0,0,0,0,0,0,0
40024,1,1,4,0,0,0,0,0,0,0,9,0
40025,1,1,13,64,22,0,11,0,19,24,17,21
40025,2,1,0,0,0,0,0,0,0,0,0,0
40026,1,1,31,0,21,0,0,0,18,17,15,5
40027,0,1,0,0,0,0,0,0,0,0,0,0
40027,1,1,2,2,2,2,2,2,2,2,2,2
40028,1,1,0,0,0,0,0,0,0,0,0,0
40028,2,1,0,0,0,0,0,0,0,0,0,0
40029,0,1,20,20,20,20,20,20,20,20,20,20
40029,1,1,14,14,14,14,14,14,14,14,14,14
40030,1,1,15,15,15,15,15,15,15,15,15,15
40030,2,1,0,0,0,0,0,0,0,0,0,0
40032,1,1,25,25,25,25,25,25,25,25,25,25
40033,0,1,13,0,0,0,0,0,0,22,0,8
40033,1,1,0,0,0,0,0,0,0,0,0,0
40034,1,1,0,0,9,0,0,0,0,0,0,0
40034,2,1,4,4,4,4,4,4,4,4,4,4
40035,1,1,0,0,0,0,0,0,0,2,0,0
40035,2,1,0,0,0,0,0,0,0,0,0,0
40036,0,1,0,0,0,0,0,0,0,0,0,0
40036,1,1,0,0,0,0,0,0,0,0,0,0
40037,1,1,0,0,0,0,0,0,0,0,0,0
40038,1,1,21,21,21,21,21,21,21,21,21,21
40039,1,1,26,26,26,26,26,26,26,26,26,26
40040,1,1,0,0,0,0,0,0,0,0,0,0
40040,2,1,0,0,0,0,0,0,0,0,0,0
40041,1,1,0,0,0,0,0,0,0,0,0,0
40042,1,1,21,22,10,17,18,14,17,0,7,11
40043,1,1,0,0,0,0,0,0,0,0,0,0
40044,1,1,0,0,0,0,0,0,0,0,0,0
40044,2,1,0,0,0,0,0,0,0,0,0,0
40045,1,1,8,8,8,8,8,8,8,8,8,8
40046,1,1,0,0,9,6,0,0,0,0,0,16
40046,2,1,0,0,0,0,0,0,0,0,0,0
40047,1,1,0,0,0,0,0,0,0,0,0,0
40047,2,1,2,2,2,2,2,2,2,2,2,2
40048,1,1,0,0,0,0,0,0,0,0,0,0
40048,2,1,0,0,0,0,0,0,0,0,0,0
40049,1,1,0,0,0,0,0,0,0,0,0,0
40049,2,1,2,2,2,2,2,2,2,2,2,2
40049,3,1,0,0,0,0,0,0,0,0,0,0
40049,4,1,0,0,0,0,0,0,0,0,0,0
40050,1,1,15,15,15,15,15,15,15,15,15,15
40050,2,1,3,3,3,3,3,3,3,3,3,3
40051,0,1,49,49,49,49,49,49,49,49,49,49
40051,1,1,0,0,0,0,0,0,0,0,0,0
40052,1,1,0,0,0,0,0,0,0,0,0,0
40052,2,1,19,0,0,0,0,0,0,0,0,0
40054,1,1,0,0,0,0,0,0,0,0,0,0
40055,1,1,0,0,0,0,0,0,0,0,0,0
40055,2,1,0,0,0,0,0,0,0,0,0,0
40055,3,1,23,0,0,0,0,0,0,0,0,0
40056,1,1,23,23,23,23,23,23,23,23,23,23
40057,0,1,0,0,0,0,0,0,0,0,0,0
40057,1,1,0,0,0,0,0,0,0,0,0,0
40058,0,1,0,0,0,0,0,0,0,0,0,0
40058,1,1,0,0,0,0,0,0,0,0,0,0
40059,1,1,0,0,0,0,0,0,0,0,0,0
40060,1,1,4,0,0,0,0,0,0,0,0,0
40060,2,1,0,0,0,0,0,0,0,0,0,0
40061,1,1,0,0,0,0,7,0,11,0,7,0
40061,2,1,0,0,0,0,0,0,0,0,0,0
40062,1,1,0,0,0,0,0,0,0,0,0,0
40062,2,1,0,0,0,0,0,0,0,0,0,0
40063,0,1,18,18,18,18,18,18,18,18,18,18
40063,1,1,0,0,0,0,0,0,0,0,0,0
40064,1,2,1,21,0,28,13,0,0,5,0,7
40065,1,1,0,0,0,0,0,0,0,0,0,0
40065,2,1,0,0,0,0,0,0,0,0,0,0
40065,3,1,0,0,0,0,0,0,0,16,0,0
40066,1,1,0,0,0,0,0,0,12,12,14,10
40066,2,1,0,6,0,0,9,0,7,11,0,0
40067,0,1,43,43,43,43,43,43,43,43,43,43
40067,1,1,0,0,0,0,0,0,0,0,0,0
40068,1,1,0,0,0,0,0,0,0,0,0,0
40069,1,1,0,0,0,0,0,0,0,0,0,0
40070,1,1,4,4,4,4,4,4,4,4,4,4
40070,2,1,0,0,0,0,0,0,0,0,0,0
40071,1,1,11,11,11,11,11,11,11,11,11,11
40072,1,1,4,4,4,4,4,4,4,4,4,4
40072,2,1,0,0,0,0,0,0,0,0,0,0
40073,1,1,0,0,0,0,0,0,0,0,0,0
40074,1,1,0,0,0,0,0,0,0,0,0,0
40074,2,1,0,0,0,0,0,0,0,0,0,0
40075,1,1,0,0,0,0,0,0,0,0,0,0
40076,1,1,28,28,28,28,28,28,28,28,28,28
40076,2,1,0,0,0,13,0,0,0,0,0,0
40077,1,1,12,12,12,12,12,12,12,12,12,12
40078,1,1,17,17,17,17,17,17,17,17,17,17
40079,1,1,16,16,16,16,16,16,16,16,16,16
40080,0,1,0,0,0,0,0,0,0,0,0,0
40080,1,1,0,0,0,0,0,0,0,0,0,7
40081,1,1,8,0,0,0,0,0,0,0,0,0
40081,2,1,4,4,4,4,4,4,4,4,4,4
40081,3,1,0,0,0,0,0,0,0,0,0,0
40081,4,1,0,0,0,0,0,0,0,0,0,0
40082,1,1,0,0,0,0,0,0,0,0,0,0
40082,2,1,0,0,0,0,0,0,0,0,0,0
40083,0,1,0,0,0,27,0,0,0,0,0,0
40083,1,1,0,0,0,0,0,0,0,0,0,0
40084,1,1,16,12,10,14,15,30,7,27,7,13
40085,1,1,0,0,0,0,0,0,0,0,0,0
40085,2,1,0,0,0,0,0,0,0,0,0,0
40086,1,1,0,0,0,0,0,0,0,0,0,0
40087,1,1,0,0,0,0,0,0,0,0,0,0
40087,2,1,0,11,0,0,0,0,0,0,0,0
40088,1,2,0,0,24,13,25,0,22,0,0,0
40089,1,1,0,0,0,0,0,0,0,0,0,0
40090,1,1,28,28,28,28,28,28,28,28,28,28
40091,1,1,0,0,0,0,6,0,0,0,0,0
40091,2,1,0,0,0,0,0,0,0,0,0,0
40092,0,1,32,32,32,32,32,32,32,32,32,32
40092,1,1,0,0,0,0,0,0,0,0,0,0
40093,1,1,0,0,0,0,0,0,0,0,0,0
40093,2,1,0,0,0,0,0,0,9,0,0,0
40094,0,1,0,0,0,0,0,0,0,0,0,0
40094,1,1,23,0,0,0,0,0,0,0,0,0
40094,2,1,0,0,0,0,0,0,0,0,0,0
40095,1,1,14,14,14,14,14,14,14,14,14,14
40096,1,1,0,0,0,0,0,0,0,0,0,0
40097,1,1,0,0,0,0,0,0,0,0,0,0
40097,2,1,0,0,0,0,0,16,0,0,0,28
40098,1,1,0,0,0,0,0,0,0,0,0,0
40098,2,1,0,0,0,0,0,0,0,0,0,0
40099,1,1,0,0,0,0,0,0,0,0,0,0
40099,2,1,0,0,7,0,0,0,16,0,0,0
40100,1,1,0,0,0,0,0,0,0,0,0,0
40101,1,1,5,0,0,0,0,0,7,0,0,0
40102,1,1,0,0,0,0,0,0,0,0,0,0
40102,2,1,0,0,0,0,0,0,0,0,0,0
40103,1,1,0,0,0,0,0,0,0,0,0,0
40104,0,1,7,18,11,18,15,37,24,28,31,22
40104,1,1,0,0,0,0,0,0,0,0,0,0
40105,1,1,16,24,0,0,22,29,0,0,18,0
40106,0,1,0,0,8,0,0,8,0,0,0,40
40106,1,1,0,0,0,19,0,0,0,0,0,0
40107,1,1,0,0,0,0,0,0,0,0,0,0
40108,0,1,24,24,24,24,24,24,24,24,24,24
40108,1,1,0,0,0,0,0,0,0,0,0,0
40109,1,2,22,10,24,20,24,16,0,19,9,0
40110,1,1,41,41,41,41,41,41,41,41,41,41
40110,2,1,7,0,0,0,17,13,0,0,0,16
40111,0,1,0,0,0,0,0,0,0,0,0,0
40111,1,1,0,0,0,0,0,0,0,0,0,13
40112,0,1,0,0,0,0,0,0,0,0,0,0
40112,1,1,0,0,0,0,0,0,0,0,7,0
40113,0,1,13,13,13,13,13,13,13,13,13,13
40113,1,1,0,0,0,0,0,10,0,0,0,0
40114,0,1,30,30,30,30,30,30,30,30,30,30
40114,1,1,0,15,0,0,0,0,0,0,0,0
40115,0,1,0,0,0,0,0,0,0,0,0,0
40115,1,1,0,0,0,0,0,0,0,0,0,0
40116,1,1,0,0,0,0,0,0,0,15,0,0
40116,2,1,0,0,0,0,0,0,0,0,0,0
40117,0,1,21,21,21,21,21,21,21,21,21,21
40117,1,1,0,0,0,0,0,0,0,0,0,0
40118,0,1,13,13,13,13,13,13,13,13,13,13
40118,1,1,0,0,0,0,0,0,0,17,0,0
40119,1,1,19,19,19,19,19,19,19,19,19,19
40121,1,1,0,0,0,0,0,0,0,0,0,0
40121,2,1,0,0,9,0,0,0,0,0,0,0
40121,3,1,0,0,0,0,0,0,0,0,0,0
40122,1,1,21,21,21,21,21,21,21,21,21,21
40122,2,1,0,0,0,0,0,0,0,0,0,0
40123,1,1,0,0,0,0,0,0,0,0,0,0
40123,2,1,0,0,0,0,0,0,0,0,0,0
40123,3,1,0,0,0,0,0,0,0,0,0,0
40124,1,1,26,26,26,26,26,26,26,26,26,26
40124,2,1,0,0,0,0,0,0,0,0,0,0
40125,1,1,26,26,26,26,26,26,26,26,26,26
40126,0,1,5,5,5,5,5,5,5,5,5,5
40126,1,1,0,0,0,0,0,0,0,0,0,0
40127,1,1,0,0,0,0,0,0,0,0,0,0
40128,1,1,7,7,7,7,7,7,7,7,7,7
40128,2,1,0,0,0,0,0,0,0,0,0,0
40129,0,1,37,37,37,37,37,37,37,37,37,37
40129,1,1,21,0,0,8,0,0,0,0,0,0
40130,1,1,19,19,19,19,19,19,19,19,19,19
40131,1,1,0,0,0,0,0,0,0,0,0,0
40132,1,1,27,27,27,27,27,27,27,27,27,27
40132,2,1,0,0,0,0,0,0,0,0,0,0
40132,3,1,0,0,0,0,0,0,0,0,0,0
40133,1,1,0,0,26,0,28,11,0,0,0,0
40134,1,1,0,0,0,0,0,0,0,0,0,0
40135,1,1,0,0,0,0,0,0,0,0,0,0
40135,2,1,0,0,0,0,0,0,0,0,0,0
40136,1,1,23,23,23,23,23,23,23,23,23,23
40137,1,1,0,0,0,0,0,0,0,0,0,0
40137,2,1,0,0,0,0,0,0,0,0,0,0
40138,1,1,0,0,0,0,0,0,0,0,0,0
40138,2,1,0,0,0,0,0,0,0,0,0,0
40139,1,1,2,2,2,2,2,2,2,2,2,2
40139,2,1,0,0,0,0,0,0,0,0,0,0
40140,1,1,23,23,23,23,23,23,23,23,23,23
40141,1,1,0,0,0,0,0,0,0,0,0,0
40142,1,1,0,0,0,0,0,0,0,0,0,0
40143,1,1,0,0,0,0,0,0,0,0,0,0
40143,2,1,0,0,0,0,0,6,0,0,0,0
40144,1,1,21,21,21,21,21,21,21,21,21,21
40144,2,1,0,0,0,0,0,0,0,0,0,0
40145,1,1,9,9,9,9,9,9,9,9,9,9
40146,1,1,0,0,0,0,0,0,0,0,0,0
40146,2,1,0,0,0,0,0,0,0,0,0,0
40147,0,1,0,0,0,0,27,0,0,0,0,0
40147,1,1,0,0,0,0,0,0,0,0,0,0
40148,1,1,33,33,33,33,33,33,33,33,33,33
40148,2,1,0,0,0,0,0,0,0,0,29,0
40148,3,1,0,0,0,0,0,0,0,0,0,0
40149,1,1,0,0,0,0,0,0,0,0,0,0
40149,2,1,0,0,0,0,0,0,0,0,0,0
40150,1,1,14,14,14,14,14,14,14,14,14,14
40151,1,1,0,0,0,0,0,0,0,0,0,0
40152,0,1,0,0,0,0,0,0,0,0,0,0
40152,1,1,0,0,0,0,0,0,0,0,0,0
40153,1,1,14,14,14,14,14,14,14,14,14,14
40153,2,1,0,0,0,13,0,22,0,0,0,0
40154,0,1,0,0,0,0,0,0,0,0,0,0
40154,1,1,0,0,0,0,0,0,0,0,0,0
40155,1,1,0,0,0,0,0,0,0,0,0,0
40156,0,1,22,22,22,22,22,22,22,22,22,22
40156,1,1,0,0,0,0,0,0,0,0,0,0
40157,1,1,0,0,0,0,0,0,0,0,0,0
40157,2,1,0,0,0,0,0,0,0,0,0,0
40157,3,1,0,0,0,0,0,0,0,0,0,8
40158,1,1,0,0,0,0,0,0,0,0,0,0
40158,2,1,0,0,0,0,0,0,0,0,0,0
40159,1,1,0,0,0,0,0,0,0,0,0,0
40159,2,1,0,0,0,21,0,0,0,0,2,0
40160,0,1,27,27,27,27,27,27,27,27,27,27
40160,1,1,0,5,11,6,10,0,0,0,6,0
40162,1,1,0,0,0,0,0,0,0,0,0,0
40163,1,1,0,0,0,0,0,10,0,0,0,0
40164,1,1,0,0,0,0,0,0,0,0,0,8
40164,2,1,8,5,9,0,0,0,0,0,0,0
40165,0,1,35,35,35,35,35,35,35,35,35,35
40165,1,1,0,0,0,12,0,0,0,14,0,0
40166,0,1,0,0,0,0,0,0,0,0,0,0
40166,1,1,0,0,0,0,0,0,0,0,0,0
40167,1,1,0,0,0,21,19,7,0,22,0,0
40168,1,1,0,0,0,0,0,0,0,0,0,0
40168,2,1,0,0,0,0,0,0,0,0,0,0
40169,0,1,31,31,31,31,31,31,31,31,31,31
40169,1,1,0,0,0,0,0,0,0,0,0,0
40170,0,1,0,0,0,0,0,0,0,0,0,0
40170,0,2,0,0,0,0,0,0,0,0,0,0
40170,1,1,0,0,0,0,0,0,0,0,0,0
40171,0,1,14,14,14,14,14,14,14,14,14,14