ST_CASE,VEH_NO,PER_NO,P1,P2,P3,P4,P5,P6,P7,P8,P9,P10
40171,1,1,0,0,0,0,0,0,0,0,0,5
40172,1,2,0,0,0,0,0,0,0,0,0,0
40173,1,1,9,15,0,0,8,25,0,13,5,0
40174,0,1,0,0,0,0,0,0,0,0,0,0
40174,1,1,0,0,0,0,0,0,0,0,0,0
40175,1,1,22,22,22,22,22,22,22,22,22,22
40175,2,1,0,0,0,0,27,0,0,0,15,0
40175,3,1,0,0,0,0,0,0,0,0,0,0
40176,0,1,0,0,0,0,0,0,0,0,0,0
40176,1,1,0,0,0,0,0,0,0,0,0,0
40176,2,1,0,0,0,0,0,0,0,0,0,0
40176,3,1,0,0,0,17,0,0,0,0,0,0
40177,1,1,0,0,0,0,0,0,0,0,0,0
40177,2,1,0,0,0,0,0,0,0,0,0,0
40177,3,1,0,0,0,0,0,0,0,0,0,0
40178,1,1,0,0,0,0,0,0,0,0,0,0
40178,2,1,0,0,0,0,0,0,0,0,0,0
40179,1,1,2,2,2,2,2,2,2,2,2,2
40179,2,1,0,0,0,0,0,16,0,0,0,0
40180,0,1,0,0,0,0,0,0,0,0,0,0
40180,1,1,0,11,0,0,0,0,0,0,0,0
40181,1,1,0,0,0,0,0,0,0,0,0,0
40181,2,1,0,0,0,0,0,0,0,0,0,0
40182,1,1,0,0,0,0,0,0,0,18,0,0
40182,2,1,0,0,0,0,0,0,0,0,0,20
40183,1,1,0,0,0,0,0,0,0,0,0,0
40183,2,1,9,9,9,9,9,9,9,9,9,9
40183,3,1,0,0,0,0,0,0,0,0,0,0
40184,1,1,0,0,0,0,0,0,0,0,0,0
40185,1,1,0,0,0,0,0,0,0,0,0,0
40185,2,1,0,0,0,0,0,0,0,0,0,0
40186,1,1,0,0,0,0,0,0,0,0,0,0
40187,1,1,0,0,0,0,0,0,0,0,0,0
40188,1,1,16,7,17,12,12,0,10,19,17,19
40189,0,1,0,0,0,0,0,0,0,0,0,0
40189,1,1,0,0,0,0,0,0,0,0,0,0
40190,1,1,0,0,0,0,0,0,0,0,0,0
40190,2,1,17,17,17,17,17,17,17,17,17,17
40191,0,1,20,20,20,20,20,20,20,20,20,20
40191,1,1,0,0,0,0,0,0,0,0,0,0
40192,1,1,0,0,0,0,0,0,0,0,0,0
40192,2,1,0,0,0,11,0,0,0,0,0,0
40193,1,1,0,0,0,0,0,0,0,0,0,0
40193,2,1,0,0,0,0,0,8,0,0,0,0
40195,1,1,0,0,0,0,6,0,0,0,0,0
40195,2,1,0,0,0,0,0,0,0,0,0,0
40196,1,1,0,0,0,0,0,0,0,0,0,0
40197,1,1,0,0,0,0,0,0,0,0,0,0
40197,2,1,0,0,0,0,0,0,0,0,0,0
40199,1,1,0,0,0,0,0,0,15,0,0,0
40199,2,1,0,0,0,0,7,0,0,7,0,25
40200,1,1,0,0,0,0,20,25,16,0,12,11
40201,1,1,0,0,0,0,0,0,0,0,0,0
40201,2,1,0,0,0,0,0,0,0,0,0,0
40202,1,1,0,0,0,0,0,0,0,0,0,0
40203,1,1,18,18,18,18,18,18,18,18,18,18
40204,0,1,0,0,0,0,0,0,0,0,0,0
40204,1,1,0,0,0,0,0,0,0,0,0,0
40205,1,2,0,21,17,0,15,6,0,4,8,0
40206,1,2,0,7,0,0,31,13,0,9,0,25
40207,1,1,0,0,0,0,0,0,0,0,13,0
40207,2,1,0,0,0,0,0,0,0,0,0,0
40208,0,1,0,0,0,0,0,0,0,0,0,0
40208,1,1,0,13,14,0,0,14,0,4,2,10
40209,0,1,19,19,19,19,19,19,19,19,19,19
40209,1,1,0,0,0,0,0,0,0,0,0,0
40210,1,1,14,14,14,14,14,14,14,14,14,14
40211,1,1,0,0,0,0,0,0,0,0,0,0
40211,2,1,0,0,0,0,0,0,0,0,0,0
40213,1,1,0,0,0,0,0,0,0,0,0,0
40214,1,1,0,0,0,0,0,0,0,0,0,0
40214,2,1,0,0,0,0,0,0,0,0,0,0
40215,1,1,0,0,0,0,0,0,0,0,0,0
40216,1,1,0,0,0,0,0,0,0,0,0,0
40217,0,1,24,24,24,24,24,24,24,24,24,24
40217,1,1,6,6,6,6,6,6,6,6,6,6
40219,0,1,0,0,0,0,0,0,0,0,0,0
40219,1,1,0,0,0,0,0,0,0,0,0,0
40220,1,1,15,15,15,15,15,15,15,15,15,15
40221,0,1,23,23,23,23,23,23,23,23,23,23
40221,1,1,0,13,13,14,10,0,0,0,19,10
40222,1,2,24,0,0,0,22,0,0,0,0,0
40223,0,1,41,41,41,41,41,41,41,41,41,41
40223,1,1,0,11,0,6,0,0,8,27,0,0
40224,0,1,14,14,14,14,14,14,14,14,14,14
40224,1,1,0,0,0,0,0,0,0,0,0,0
40225,1,1,21,0,0,0,0,16,0,0,0,0
40225,2,1,8,12,17,0,9,0,9,0,0,6
40226,0,1,18,18,18,18,18,18,18,18,18,18
40226,1,1,0,0,0,0,0,0,0,0,0,0
40227,0,1,0,0,0,0,0,0,0,0,0,0
40227,1,1,0,0,0,0,0,0,0,0,0,0
40228,0,1,0,22,10,28,0,0,0,29,0,0
40228,1,1,0,0,0,0,14,0,0,0,0,0
40229,1,1,14,0,24,14,8,19,19,18,16,15
40229,2,1,0,0,0,0,0,0,0,0,0,0
40230,1,1,13,13,13,13,13,13,13,13,13,13
40231,1,1,22,22,22,22,22,22,22,22,22,22
40232,1,1,11,11,11,11,11,11,11,11,11,11
40233,0,1,19,19,19,19,19,19,19,19,19,19
40233,1,1,0,0,0,0,0,0,0,0,0,0
40234,1,1,2,2,2,2,2,2,2,2,2,2
40235,1,1,19,19,19,19,19,19,19,19,19,19
40235,2,1,0,0,0,0,0,0,0,0,0,0
40236,1,1,0,0,0,0,0,0,0,0,0,0
40237,1,1,0,0,0,0,0,0,10,0,0,0
40237,2,1,0,0,0,0,0,0,0,0,0,0
40238,0,1,0,0,0,0,0,0,0,0,0,0
40238,1,1,0,0,0,0,0,0,0,0,0,0
40239,1,1,0,0,11,0,0,0,0,0,16,0
40239,2,1,0,0,0,0,0,0,0,0,0,0
40239,3,1,0,0,0,0,22,0,0,0,0,0
40239,4,1,0,0,0,0,0,0,0,0,0,0
40240,1,1,0,0,0,0,0,0,0,0,0,0
40240,2,1,0,0,0,0,0,0,0,0,0,0
40241,1,1,5,5,5,5,5,5,5,5,5,5
40242,1,1,0,23,0,23,0,0,0,0,0,0
40242,2,1,0,0,0,0,0,0,0,0,0,0
40243,1,1,16,16,16,16,16,16,16,16,16,16
40244,1,1,22,22,22,22,22,22,22,22,22,22
40244,2,1,0,0,0,0,0,0,0,0,0,0
40245,0,1,0,0,0,0,0,0,0,0,0,0
40245,1,1,0,0,0,0,0,0,0,0,0,0
40246,1,1,0,0,0,0,0,0,0,0,0,0
40246,2,1,0,0,0,0,0,0,0,0,0,0
40247,1,1,0,0,0,0,0,0,0,0,0,0
40248,1,1,0,0,0,0,0,0,0,0,0,0
40248,2,1,0,0,0,0,0,0,0,0,0,0
40249,1,1,21,21,21,21,21,21,21,21,21,21
40249,2,1,0,0,0,0,0,0,0,0,0,0
40250,0,1,0,0,0,0,0,0,0,0,0,0
40250,0,2,0,0,0,0,0,0,0,46,0,0
40250,0,3,0,0,0,0,0,0,0,0,0,0
40250,1,1,0,0,0,0,0,0,0,0,0,0
40251,1,1,0,0,0,0,0,0,0,0,0,0
40252,0,1,20,20,20,20,20,20,20,20,20,20
40252,1,1,0,0,0,0,0,0,0,0,0,0
40253,1,1,0,0,0,0,0,0,0,0,0,0
40254,1,1,0,0,0,0,0,0,0,0,0,0
40254,2,1,0,0,0,0,0,0,0,0,0,0
40255,0,1,20,20,20,20,20,20,20,20,20,20
40255,1,1,0,0,0,0,0,0,0,0,0,0
40256,1,1,0,0,0,0,0,0,0,0,0,0
40257,0,1,0,0,0,0,0,0,0,0,0,0
40257,1,1,0,0,0,0,0,0,0,0,0,0
40257,2,1,0,0,0,0,0,0,0,0,0,0
40258,1,1,18,18,18,18,18,18,18,18,18,18
40259,1,1,0,0,0,0,0,0,0,0,0,0
40259,2,1,0,0,0,0,0,0,0,0,0,0
40260,1,1,19,19,19,19,19,19,19,19,19,19
40261,1,1,26,26,26,26,26,26,26,26,26,26
40261,2,1,0,0,0,0,0,0,0,0,0,0
40262,1,1,28,28,28,28,28,28,28,28,28,28
40263,1,1,0,0,0,0,0,0,0,0,0,0
40264,1,1,22,22,22,22,22,22,22,22,22,22
40265,1,1,0,0,0,0,0,0,0,0,0,0
40265,2,1,0,0,0,0,0,0,0,0,0,0
40266,1,1,24,24,24,24,24,24,24,24,24,24
40267,1,1,16,16,16,16,16,16,16,16,16,16
40268,1,1,0,12,0,36,0,0,0,0,0,0
40269,1,1,0,0,0,0,0,0,0,0,0,0
40270,1,1,18,18,18,18,18,18,18,18,18,18
40270,2,1,9,9,9,9,9,9,9,9,9,9
40271,1,1,0,23,0,0,0,16,12,0,0,16
40272,1,1,0,0,0,0,0,23,18,16,17,0
40273,1,1,0,0,0,0,0,0,0,0,0,0
40273,2,1,0,0,0,0,0,0,0,0,0,0
40274,0,1,29,29,29,29,29,29,29,29,29,29
40274,1,1,9,0,0,0,0,0,0,0,0,0
40275,1,1,0,0,0,0,0,0,0,0,0,0
40275,2,1,0,0,0,0,0,0,0,0,0,0
40276,1,1,27,27,27,27,27,27,27,27,27,27
40277,1,1,0,0,0,0,0,0,0,0,0,0
40277,2,1,0,0,5,0,0,0,0,0,0,0
40278,1,1,0,6,0,21,0,0,0,0,0,0
40278,2,1,0,0,0,0,0,0,0,0,0,0
40279,1,2,21,22,20,29,18,17,0,9,0,0
40280,1,1,0,0,0,0,0,0,0,0,0,0
40280,2,1,16,16,16,16,16,16,16,16,16,16
40280,3,1,0,0,0,0,0,0,0,0,0,0
40281,0,1,0,0,0,0,0,0,0,0,0,0
40281,1,1,0,0,0,0,0,0,0,0,0,0
40282,1,1,0,0,0,0,0,0,0,0,0,0
40282,2,1,0,0,0,0,43,0,0,0,0,0
40283,1,1,0,0,0,0,0,0,0,0,0,0
40284,1,1,0,0,0,0,0,0,0,0,0,0
40284,2,1,0,0,0,0,0,0,0,0,0,0
40284,3,1,0,0,0,31,0,0,0,0,9,0
40284,4,1,0,0,0,0,0,15,0,0,0,0
40285,1,1,19,19,19,19,19,19,19,19,19,19
40286,1,1,0,0,0,0,0,0,0,0,0,0
40287,1,1,10,10,10,10,10,10,10,10,10,10
40288,0,1,0,0,0,0,0,0,0,0,0,0
40288,1,1,0,0,0,0,0,0,0,0,0,0
40289,1,1,28,28,28,28,28,28,28,28,28,28
40290,1,1,0,0,0,0,0,0,0,0,0,0
40291,1,1,11,11,11,11,11,11,11,11,11,11
40292,0,1,0,0,0,0,0,0,0,0,0,0
40292,1,1,0,0,0,0,0,0,0,0,0,0
40293,1,1,11,11,11,11,11,11,11,11,11,11
40294,1,1,0,0,0,0,0,0,0,0,0,0
40295,1,1,13,13,13,13,13,13,13,13,13,13
40296,1,1,9,9,9,9,9,9,9,9,9,9
40297,1,1,0,0,0,0,0,0,0,0,0,0
40297,2,1,0,0,0,0,21,0,0,0,0,0
40298,0,1,0,0,0,0,0,0,0,0,0,0
40298,1,1,0,0,0,0,0,0,0,0,0,0
40299,1,1,0,0,0,0,0,0,0,0,0,0
40299,2,1,0,0,0,0,0,0,0,0,0,0
40300,1,1,0,0,0,0,0,0,0,0,0,0
40300,2,1,0,0,0,0,0,0,0,0,0,0
40301,0,1,0,0,0,0,0,0,0,0,0,0
40301,1,1,2,2,2,2,2,2,2,2,2,2
40302,1,1,7,7,7,7,7,7,7,7,7,7
40303,1,1,15,15,15,15,15,15,15,15,15,15
40304,1,1,0,0,0,0,0,0,0,0,0,0
40306,1,1,0,0,0,0,0,0,0,0,0,0
40306,2,1,0,0,0,0,9,0,0,0,0,15
40307,0,1,0,0,0,0,0,0,0,0,0,0
40307,1,1,0,0,10,0,0,0,0,0,0,0
40308,0,1,8,8,8,8,8,8,8,8,8,8
40308,1,1,0,0,0,0,0,0,0,0,0,0
40310,1,1,0,0,0,0,0,0,0,0,0,0
40310,2,1,0,0,0,0,0,0,0,0,0,0
40311,0,1,0,0,0,0,0,0,0,0,0,0
40311,1,1,0,0,0,0,0,0,0,0,0,0
40312,1,1,15,15,15,15,15,15,15,15,15,15
40313,1,1,0,0,0,0,0,0,0,15,0,17
40314,1,1,0,0,0,0,0,0,0,0,0,0
40315,1,1,0,0,0,0,0,0,0,0,0,0
40315,2,1,0,0,0,0,0,0,0,0,0,0
40316,0,1,21,21,21,21,21,21,21,21,21,21
40316,1,1,0,0,0,0,0,0,0,0,0,0
40317,0,1,13,13,13,13,13,13,13,13,13,13
40317,0,2,13,46,9,27,21,10,30,18,25,19
40317,1,1,0,0,0,0,0,0,0,0,0,7
40318,1,1,0,0,0,25,0,0,0,0,0,0
40318,2,1,0,0,0,0,0,0,0,0,0,0
40319,1,1,0,0,0,0,0,0,0,0,0,0
40319,2,1,0,0,0,0,0,0,0,0,0,0
40320,1,1,0,0,0,0,0,0,0,0,0,0
40320,2,1,0,0,0,0,0,0,0,0,0,0
40320,3,1,0,0,0,0,18,0,0,0,0,0
40321,0,1,29,29,29,29,29,29,29,29,29,29
40321,1,1,0,0,0,0,0,0,0,0,0,0
40323,1,1,0,0,0,0,0,0,0,0,11,0
40324,0,1,0,22,0,8,0,0,0,12,0,0
40324,1,1,0,0,17,0,13,17,0,0,20,0
40325,1,1,0,0,0,0,0,0,0,0,0,0
40325,2,1,0,0,0,0,0,0,0,0,0,0
40326,1,1,0,0,0,0,0,0,0,0,0,0
40326,2,1,0,0,0,0,0,0,0,0,0,0
40327,0,1,3,3,3,3,3,3,3,3,3,3
40327,1,1,0,0,0,0,0,0,0,0,0,0
40328,1,1,0,0,0,0,0,0,0,0,0,0
40328,2,1,0,0,0,0,0,0,0,0,0,0
40329,1,1,0,0,0,0,0,0,0,0,0,0
40329,2,1,0,0,0,0,0,0,0,0,0,0
40330,1,1,8,0,22,11,7,0,25,0,0,21
40331,1,1,22,22,22,22,22,22,22,22,22,22
40332,1,1,0,0,0,0,0,0,0,0,0,0
40333,1,1,0,0,0,0,0,0,0,0,0,0
40333,2,1,0,0,0,0,0,0,0,0,0,0
40334,1,1,0,0,0,4,0,12,0,0,0,0
40334,2,1,0,0,0,0,0,0,0,0,0,0
40335,1,1,0,0,0,0,0,0,0,0,0,0
40335,2,1,0,0,0,0,0,0,0,0,0,0
40336,1,1,0,0,0,0,0,0,0,0,35,0
40337,0,1,9,9,9,9,9,9,9,9,9,9
40337,1,1,35,0,0,4,0,10,9,0,7,8
40338,0,1,0,0,0,0,0,0,0,0,0,0
40338,1,1,0,0,0,0,0,0,0,0,0,0
40339,1,1,22,22,22,22,22,22,22,22,22,22
40339,2,1,0,0,0,0,0,0,0,0,0,0
40339,3,1,0,0,0,0,0,0,0,0,0,8
40340,1,1,31,31,31,31,31,31,31,31,31,31
40340,2,1,0,0,0,0,0,0,0,0,0,0
40341,0,1,18,18,18,18,18,18,18,18,18,18
40341,1,1,0,0,0,0,0,0,0,0,0,0
40342,1,1,29,29,29,29,29,29,29,29,29,29
40343,1,1,0,0,0,0,0,0,0,0,0,0
40343,2,1,22,22,22,22,22,22,22,22,22,22
40344,0,1,16,8,0,0,0,0,18,0,0,0
40344,1,1,0,5,21,0,0,0,0,11,0,0
40345,0,1,0,0,0,0,0,0,0,0,0,0
40345,1,1,0,0,0,0,0,28,0,0,0,0
40346,0,1,0,0,0,0,0,0,0,0,0,0
40346,1,1,0,0,0,0,0,0,0,0,0,0
40347,1,1,0,0,0,0,0,0,0,0,0,0
40348,1,1,0,0,0,0,0,0,0,0,0,0
40348,2,1,0,0,0,0,0,0,0,0,0,0
40349,1,1,19,0,0,0,0,0,0,0,0,0
40350,1,1,0,0,0,0,0,0,0,0,0,0
40351,1,1,0,0,0,0,0,0,0,0,0,0
40351,2,1,0,0,0,0,0,0,0,0,0,0
40354,1,1,0,0,0,0,0,0,0,0,0,0
40354,2,1,0,0,0,0,0,0,0,0,0,0
40355,1,1,0,0,0,12,0,9,0,0,0,0
40356,0,1,0,0,0,0,0,0,0,0,0,0
40356,1,1,0,0,0,0,0,0,0,0,0,0
40357,1,1,0,0,0,0,0,0,0,0,0,0
40358,1,1,18,18,18,18,18,18,18,18,18,18
40359,1,1,0,0,0,0,0,0,0,0,0,0
40359,2,1,0,0,0,0,0,0,0,0,0,0
40360,1,1,16,10,35,16,16,7,12,6,12,43
40361,1,1,0,0,0,0,0,0,0,0,0,0
40362,1,1,0,0,0,0,0,0,0,0,11,0
40363,0,1,29,29,29,29,29,29,29,29,29,29
40363,1,1,0,0,0,0,0,0,0,0,0,0
40364,1,1,0,0,0,0,0,0,0,0,0,0
40364,2,1,0,0,0,0,0,0,0,0,0,0
40364,3,1,0,0,0,0,0,0,0,0,0,0
40365,1,1,0,0,0,0,0,0,0,0,0,0
40365,2,1,0,0,0,0,0,0,0,0,0,0
40365,3,1,0,0,0,0,0,0,0,0,0,0
40366,0,1,0,0,0,0,0,0,0,0,0,0
40366,1,1,0,0,0,0,0,0,0,0,0,0
40367,1,1,0,0,0,0,0,0,0,0,0,0
40368,1,1,18,0,0,0,0,0,0,0,0,0
40368,2,1,0,0,0,0,0,0,0,0,0,0
40369,1,1,19,19,19,19,19,19,19,19,19,19
40370,1,1,20,20,20,20,20,20,20,20,20,20
40370,2,1,0,0,0,0,7,0,0,0,0,0
40371,1,1,0,0,0,0,0,0,0,0,0,0
40372,1,1,0,0,0,0,0,0,7,0,0,0
40372,2,1,0,0,0,0,0,0,0,0,0,0
40373,1,1,0,0,0,0,0,0,0,0,0,0
40373,2,1,0,0,0,0,0,0,0,0,0,0
40373,3,1,20,0,0,0,0,0,0,0,0,0
40374,1,1,0,0,0,0,0,0,0,0,0,0
40374,2,1,0,0,0,0,0,0,0,0,0,0
40375,1,1,0,17,11,23,19,5,16,14,14,21
40376,1,1,18,18,18,18,18,18,18,18,18,18
40377,1,1,0,0,0,0,0,0,0,0,0,0
40377,2,1,0,0,0,0,0,0,0,0,0,0
40378,1,1,11,10,19,7,9,12,0,0,2,12
40378,2,1,0,0,15,0,0,0,0,0,0,0
40379,1,1,0,0,0,0,0,0,0,0,0,0
40379,2,1,0,0,0,0,0,0,0,0,0,0
40380,0,1,0,0,0,0,0,0,0,0,0,0
40380,1,1,0,0,0,0,0,0,0,0,0,0
40381,0,1,0,0,0,0,0,0,0,0,0,0
40381,1,1,0,0,0,0,0,6,0,0,0,0
40382,1,1,0,0,0,0,0,0,0,0,0,0
40382,2,1,0,0,0,0,0,0,0,0,0,0
40383,1,1,14,11,20,26,22,8,15,18,21,22
40384,0,1,0,0,0,0,0,0,0,0,0,0
40384,1,1,0,0,0,0,0,0,0,0,0,0
40385,1,1,0,0,0,0,0,0,0,0,0,0
40386,1,1,0,0,0,0,0,0,0,0,0,0
40386,2,1,0,0,0,0,0,0,0,0,0,0
40387,1,1,0,0,0,0,0,0,0,0,0,0
40387,2,1,0,0,0,0,0,17,0,0,0,0
40388,1,1,20,0,7,0,0,0,0,0,22,0
40388,2,1,0,0,0,0,0,0,0,0,0,0
40389,1,1,23,23,23,23,23,23,23,23,23,23
40390,1,1,11,11,11,11,11,11,11,11,11,11
40391,1,1,0,0,0,0,0,0,0,33,0,0
40391,2,1,0,0,0,0,0,0,0,0,0,0
40392,1,1,25,24,23,21,34,18,16,16,22,26
40393,0,1,21,21,21,21,21,21,21,21,21,21
40393,1,1,0,0,0,0,0,0,0,0,0,0
40394,1,1,0,0,0,0,0,0,0,0,0,0
40395,1,1,0,0,0,0,0,0,0,0,0,0
40395,2,1,0,0,0,0,0,0,0,0,0,0
40396,1,1,0,0,0,0,0,0,0,0,0,0
40396,2,1,0,0,0,0,0,0,0,0,0,0
40397,1,1,0,0,0,0,0,0,0,0,0,0
40397,2,1,0,0,0,0,0,0,0,0,0,0
40397,3,1,0,0,0,0,0,0,0,0,0,0
40398,1,1,12,0,22,36,5,31,22,0,0,15
40399,1,1,2,2,2,2,2,2,2,2,2,2
40400,1,1,0,0,0,0,0,0,0,0,10,0
40401,1,1,11,7,0,10,11,3,0,29,10,18
40402,1,1,0,0,0,0,0,0,0,0,0,0
40403,1,1,0,0,0,0,0,0,0,0,0,0
40404,0,1,17,17,17,17,17,17,17,17,17,17
40404,1,1,0,0,0,0,0,0,0,0,0,0
40405,1,1,0,0,0,0,0,0,0,0,0,0
40406,1,1,18,18,18,18,18,18,18,18,18,18
40408,1,1,24,0,16,12,6,14,17,8,9,8
40408,2,1,0,0,0,0,0,0,0,0,0,0
40409,1,1,0,0,0,0,0,0,0,0,0,0
40409,2,1,0,0,0,0,0,0,0,0,0,0
40409,3,1,0,0,0,0,0,0,0,0,0,0
40409,4,1,0,0,0,0,0,0,0,0,0,0
40410,1,1,19,19,19,19,19,19,19,19,19,19
40411,1,1,0,35,0,0,0,6,0,0,0,0
40412,1,1,0,0,0,0,0,0,0,0,0,0
40412,2,1,0,0,0,0,0,0,0,0,0,0
40413,1,1,0,0,0,0,0,0,0,0,0,0
40413,2,1,0,0,0,0,0,0,0,0,0,0
40414,1,1,0,0,0,0,0,0,0,0,0,0
40415,1,1,18,18,18,18,18,18,18,18,18,18
40416,1,1,20,20,20,20,20,20,20,20,20,20
40417,0,1,0,7,31,19,12,32,50,31,7,20
40417,1,1,0,0,0,0,0,9,0,0,11,12
40418,1,1,0,0,0,0,0,0,6,0,0,0
40419,1,1,34,0,0,0,9,0,20,0,0,0
40419,2,1,0,25,16,0,0,0,0,6,0,0
40420,1,1,0,0,0,0,0,0,0,0,0,0
40420,2,1,0,0,0,0,0,0,0,0,16,0
40421,1,1,10,16,16,0,0,16,0,22,0,15
40422,1,3,0,0,16,15,0,0,15,9,0,21
40423,0,1,0,0,0,0,0,0,0,0,0,0
40423,1,1,0,0,0,0,0,0,0,0,0,0
40424,0,1,11,11,11,11,11,11,11,11,11,11
40424,1,1,0,0,0,0,0,0,0,0,0,0
40425,1,1,0,0,0,0,0,0,0,0,0,0
40425,2,1,0,0,0,0,0,0,0,0,0,0
40426,0,1,0,0,0,0,0,0,0,0,0,0
40426,1,1,0,0,0,0,0,0,0,0,0,0
40427,1,1,0,0,0,0,0,0,0,0,0,0
40427,2,1,0,0,0,0,0,0,0,0,0,0
40428,0,1,24,24,24,24,24,24,24,24,24,24
40428,1,1,12,12,12,12,12,12,12,12,12,12
40429,1,1,7,7,7,7,7,7,7,7,7,7
40430,0,1,0,0,0,0,0,0,0,0,0,0
40430,1,1,0,0,0,0,0,0,0,0,0,0
40431,0,1,38,38,38,38,38,38,38,38,38,38
40431,1,1,0,2,0,19,0,0,0,0,0,0
40431,2,1,0,0,0,0,0,0,0,0,0,0
40432,1,1,0,0,21,0,0,0,0,0,0,0
40432,2,1,0,0,0,0,0,0,0,0,0,0
40433,1,1,0,0,15,0,14,13,12,18,19,24
40433,2,1,0,0,0,0,0,0,0,0,0,0
40434,1,1,7,7,7,7,7,7,7,7,7,7
40435,1,1,0,0,0,0,0,0,0,0,0,0
40435,2,1,0,0,0,0,0,0,0,0,0,0
40436,1,1,21,21,21,21,21,21,21,21,21,21
40436,2,1,0,0,0,0,0,0,0,0,0,0
40437,0,1,22,22,22,22,22,22,22,22,22,22
40437,1,1,0,0,0,0,0,0,0,0,0,0
40438,1,1,0,0,0,0,0,0,0,0,0,0
40438,2,1,0,0,0,0,0,0,0,0,0,0
40439,0,1,27,27,27,27,27,27,27,27,27,27
40439,1,1,0,10,0,26,0,0,0,4,23,15
40440,1,1,25,25,25,25,25,25,25,25,25,25
40441,1,1,0,0,0,0,0,0,0,0,0,0
40442,1,1,0,0,0,0,0,6,0,0,0,0
40443,1,1,19,19,19,19,19,19,19,19,19,19
40443,2,1,0,0,0,0,0,0,0,0,0,0
40444,1,1,0,0,0,0,0,0,0,0,0,0
40445,0,1,0,0,0,0,0,0,0,0,0,0
40445,1,1,0,0,0,7,0,0,0,18,0,0
40445,2,1,0,0,0,0,0,0,0,0,0,0
40446,1,1,0,0,0,0,49,0,10,0,6,0
40446,2,1,0,0,0,0,0,0,0,0,0,0
40447,0,1,0,0,0,0,0,0,0,0,20,0
40447,1,1,0,0,0,0,0,0,0,0,0,0
40448,1,1,21,21,21,21,21,21,21,21,21,21
40449,1,1,0,10,0,0,0,0,0,0,0,0
40449,2,1,0,0,0,0,0,0,0,0,0,0
40449,3,1,0,0,0,0,0,0,0,0,0,19
40449,4,1,0,0,0,0,0,0,0,0,0,0
40450,1,1,0,0,0,0,0,0,0,0,0,0
40451,0,1,12,0,0,32,17,22,0,0,22,0
40451,1,1,18,0,0,0,0,0,11,0,0,19
40451,2,1,0,0,0,0,0,0,0,0,0,0
40452,0,1,0,0,0,0,0,0,0,0,0,0
40452,1,1,0,0,0,0,0,0,0,0,0,0
40453,0,1,0,0,0,0,25,0,0,0,0,0
40453,1,1,0,0,0,0,0,0,0,0,0,0
40454,1,1,0,0,0,0,0,0,0,0,0,10
40454,2,1,0,0,0,0,0,0,0,0,0,0
40455,1,1,0,0,0,0,0,0,0,0,0,0
40455,2,1,0,0,3,0,0,0,0,18,0,0
40456,1,1,0,0,0,0,0,0,0,0,0,0
40456,2,1,0,0,0,0,0,0,0,0,0,0
40457,1,1,4,4,4,4,4,4,4,4,4,4
40457,2,1,0,0,0,0,0,0,0,0,0,0
40457,3,1,0,0,0,0,0,0,0,0,0,0
40458,1,1,0,0,12,0,0,16,2,0,0,12
40459,1,1,0,0,0,0,0,0,0,0,0,0
40459,2,1,0,0,0,0,0,0,0,0,0,0
40460,1,1,8,8,8,8,8,8,8,8,8,8
40461,1,1,10,10,10,10,10,10,10,10,10,10
40461,2,1,0,0,0,0,0,2,0,0,0,0
40462,1,1,18,18,18,18,18,18,18,18,18,18
40462,2,1,0,11,8,0,3,0,18,6,0,0
40463,0,1,0,0,0,0,0,0,0,0,16,0
40463,1,1,0,0,0,0,0,0,0,0,0,0
40464,1,1,27,29,19,7,0,12,0,16,4,12
40465,1,1,0,0,0,0,0,0,0,0,0,0
40466,1,1,0,0,0,0,0,0,0,0,0,0
40466,2,1,0,0,0,0,0,0,0,0,0,0
40467,0,1,0,0,0,0,0,0,0,0,0,0
40467,1,1,12,12,12,12,12,12,12,12,12,12
40469,0,1,16,16,16,16,16,16,16,16,16,16
40469,1,1,0,0,0,0,0,0,18,0,18,1
40470,1,1,8,12,0,0,13,0,7,24,17,0
40471,1,1,12,12,12,12,12,12,12,12,12,12
40471,2,1,0,0,0,0,0,0,0,0,0,0
40471,3,1,0,0,0,0,0,0,0,0,0,0
40472,1,1,0,0,0,0,0,0,0,0,0,0
40472,2,1,0,0,0,0,0,0,0,0,0,0
40473,0,1,0,0,0,0,0,0,0,0,0,0
40473,1,1,0,0,0,0,0,0,0,0,0,0
40474,1,1,0,0,0,0,0,0,0,0,0,0
40476,1,1,0,0,0,0,0,0,0,0,0,0
40477,0,1,0,0,0,0,0,0,0,0,0,0
40477,1,1,0,0,0,0,0,0,0,0,0,0
40478,0,1,32,32,32,32,32,32,32,32,32,32
40478,1,1,0,0,0,0,0,0,0,0,0,0
40479,1,1,0,0,0,0,0,0,0,0,0,0
40479,2,1,0,0,0,0,0,0,0,0,0,0
40480,1,1,0,0,0,0,0,0,0,0,0,0
40480,2,1,0,0,0,0,0,0,18,0,0,0
40481,1,1,0,20,0,0,0,0,0,0,0,0
40481,2,1,0,0,0,0,21,11,5,0,0,0
40482,1,1,0,0,0,0,0,0,0,0,0,0
40482,2,1,0,0,0,0,0,0,0,0,0,0
40483,1,1,0,0,0,0,0,0,0,0,0,0
40483,2,1,0,0,0,0,0,0,0,0,0,0
40484,1,1,0,0,0,0,0,0,0,0,0,0
40485,1,1,0,0,0,0,0,0,0,0,0,0
40485,2,1,0,0,0,0,0,0,0,0,0,0
40486,1,1,0,0,11,0,0,0,0,0,0,0
40486,2,1,0,0,0,0,0,0,0,0,0,0
40487,1,1,0,0,0,3,0,0,0,0,0,0
40487,2,1,0,0,0,0,0,0,0,0,15,0
40487,3,1,0,0,0,0,0,0,0,20,0,0
40488,1,1,27,27,27,27,27,27,27,27,27,27
40489,1,1,0,0,0,0,0,0,0,0,0,0
40489,2,1,0,0,0,0,0,0,0,0,0,0
40490,0,1,36,36,36,36,36,36,36,36,36,36
40490,1,1,0,0,0,0,0,0,0,0,0,0
40491,1,1,0,0,0,0,0,0,0,0,0,0
40492,1,1,0,0,0,0,0,0,0,0,0,0
40493,1,1,3,3,3,3,3,3,3,3,3,3