ST_CASE,VEH_NO,PER_NO,P1,P2,P3,P4,P5,P6,P7,P8,P9,P10
40494,0,1,0,0,0,0,0,0,0,0,0,0
40494,1,1,0,0,0,0,0,0,0,0,0,0
40495,1,1,0,0,0,0,0,0,0,0,0,0
40496,1,1,0,0,0,0,0,0,0,0,0,0
40497,1,1,0,0,0,0,0,0,0,0,0,0
40497,2,1,0,0,0,0,0,0,0,0,0,0
40498,1,1,16,16,16,16,16,16,16,16,16,16
40498,2,1,0,0,0,0,0,0,0,0,0,0
40499,1,1,13,13,13,13,13,13,13,13,13,13
40500,1,1,0,0,0,0,0,0,0,0,0,0
40500,2,1,0,0,0,0,0,0,0,0,0,0
40501,1,1,4,4,4,4,4,4,4,4,4,4
40501,2,1,0,0,0,0,0,0,0,0,0,0
40501,3,1,0,0,0,0,0,0,0,0,0,0
40501,4,1,0,0,0,0,0,0,0,0,0,0
40502,1,1,0,0,0,0,0,0,0,0,0,0
40503,1,3,14,0,0,0,12,0,0,8,0,0
40504,0,1,8,8,8,8,8,8,8,8,8,8
40504,1,1,0,0,14,0,14,13,0,0,0,0
40505,0,1,0,0,0,0,0,0,0,0,0,0
40505,0,2,0,0,0,0,0,0,0,0,0,0
40505,1,1,0,0,0,0,0,0,0,0,0,0
40506,0,1,0,0,0,0,0,0,0,0,0,0
40506,1,1,0,0,0,0,0,0,0,0,0,0
40507,1,1,0,0,0,0,0,0,0,0,0,0
40507,2,1,0,0,0,0,0,0,0,0,0,0
40508,0,1,32,32,32,32,32,32,32,32,32,32
40508,1,1,0,0,0,0,0,0,0,0,0,0
40509,1,1,9,7,25,15,10,0,25,24,27,14
40509,2,1,0,0,0,0,0,0,0,0,0,0
40510,1,1,6,6,6,6,6,6,6,6,6,6
40510,2,1,0,0,0,0,0,0,0,0,0,0
40510,3,1,0,0,0,0,0,0,0,0,0,0
40511,1,1,0,0,0,0,0,0,0,0,0,0
40512,1,1,0,0,0,0,0,0,0,0,0,0
40513,1,1,0,0,0,0,0,0,0,0,0,3
40513,2,1,0,0,0,0,0,0,0,0,0,0
40513,3,1,0,0,0,0,0,0,0,0,0,0
40514,0,1,8,15,13,0,12,35,8,26,12,12
40514,1,1,17,4,11,3,12,3,22,11,13,13
40515,1,1,0,0,0,0,0,0,0,0,0,0
40515,2,1,0,0,0,0,0,0,0,0,0,0
40516,1,1,0,0,0,0,0,0,0,0,0,0
40516,2,1,0,0,0,0,0,0,0,0,0,0
40517,0,1,0,0,0,0,0,0,0,0,0,0
40517,1,1,0,0,0,0,0,0,0,0,0,0
40518,1,1,16,16,16,16,16,16,16,16,16,16
40519,0,1,9,9,9,9,9,9,9,9,9,9
40519,1,1,9,9,9,9,9,9,9,9,9,9
40520,0,1,0,0,0,0,0,0,0,0,0,0
40520,1,1,0,0,12,12,0,0,0,0,15,0
40521,0,1,0,0,0,0,0,0,0,0,0,0
40521,1,1,0,0,0,0,0,0,0,0,0,0
40522,0,1,0,0,0,0,0,0,0,0,0,0
40522,1,1,0,0,0,0,0,0,0,0,0,0
40523,1,1,0,0,0,0,0,0,0,0,0,0
40523,2,1,0,0,0,0,0,0,0,0,0,0
40524,0,1,22,22,22,22,22,22,22,22,22,22
40524,1,1,0,0,0,0,0,0,0,0,0,0
40525,0,1,28,28,28,28,28,28,28,28,28,28
40525,1,1,0,28,0,0,8,3,3,0,0,9
40526,1,2,0,0,0,0,0,0,0,7,0,0
40528,1,1,14,14,14,14,14,14,14,14,14,14
40529,1,1,0,0,0,0,0,0,0,0,0,0
40529,2,1,0,0,0,0,0,0,0,0,0,0
40530,1,1,0,0,0,0,0,0,0,0,9,0
40530,2,1,0,0,0,0,0,0,0,0,0,0
40530,3,1,0,0,0,0,0,0,0,0,0,0
40531,1,1,6,6,6,6,6,6,6,6,6,6
40531,2,1,0,0,0,0,0,0,0,0,0,0
40532,1,1,0,0,0,0,0,0,0,0,0,0
40533,1,1,0,0,0,0,0,0,0,0,0,0
40533,2,1,0,0,6,0,0,0,0,0,0,0
40534,1,1,0,0,0,0,0,0,0,0,0,0
40535,0,1,0,0,0,0,0,0,0,0,0,0
40535,1,1,0,0,0,0,0,0,0,0,0,0
40535,2,1,0,0,0,0,0,0,0,0,0,0
40536,1,1,0,0,0,0,0,0,0,0,0,0
40536,2,1,0,0,0,0,0,0,0,0,0,0
40537,1,1,0,0,0,0,0,0,0,0,0,0
40537,2,1,0,0,0,0,0,0,0,0,0,0
40538,1,1,0,0,0,0,0,0,0,0,0,0
40538,2,1,11,0,0,0,0,0,0,0,0,0
40538,3,1,0,0,0,0,0,0,0,0,0,0
40538,4,1,0,0,0,0,0,0,0,0,0,0
40539,1,1,21,9,33,9,0,20,0,0,23,3
40540,1,1,0,16,0,0,0,0,0,0,0,0
40540,2,1,0,0,0,0,0,0,0,0,0,0
40541,0,1,0,0,0,0,0,0,0,0,0,0
40541,1,1,0,0,0,0,0,0,0,0,0,0
40542,1,1,24,24,24,24,24,24,24,24,24,24
40542,2,1,0,0,0,0,0,0,0,0,0,0
40543,1,1,5,5,5,5,5,5,5,5,5,5
40544,0,1,0,0,0,0,0,0,0,0,0,0
40544,1,1,0,0,0,0,0,0,0,0,0,0
40545,0,1,20,20,20,20,20,20,20,20,20,20
40545,1,1,0,0,0,0,0,0,0,0,0,0
40546,0,1,0,0,0,0,0,0,0,0,0,26
40546,1,1,0,0,0,0,0,0,0,0,0,0
40547,1,1,0,0,0,0,0,0,0,0,0,0
40547,2,1,0,0,0,0,0,0,0,0,0,0
40548,1,1,4,4,4,4,4,4,4,4,4,4
40548,2,1,5,5,5,5,5,5,5,5,5,5
40549,1,1,0,0,0,0,0,0,0,0,0,0
40550,1,1,22,22,22,22,22,22,22,22,22,22
40551,0,1,0,0,0,0,0,0,0,0,0,0
40551,0,2,0,0,0,0,0,0,0,0,0,0
40551,1,1,4,16,0,5,0,0,0,0,10,18
40552,1,1,0,0,0,0,0,16,0,0,0,0
40552,2,1,0,0,0,0,0,0,0,0,0,0
40552,3,1,0,0,0,0,0,0,0,0,0,0
40553,1,1,0,0,0,0,0,0,0,0,0,0
40553,2,1,0,0,0,0,0,0,0,0,0,0
40554,1,1,0,0,0,0,0,0,0,0,0,0
40554,2,1,0,0,0,0,0,0,0,0,0,0
40556,0,1,0,0,0,0,0,0,0,0,0,0
40556,1,1,0,0,0,0,0,11,0,0,10,0
40557,0,1,0,0,0,0,0,0,0,0,0,0
40557,1,1,0,0,0,0,0,0,0,11,0,0
40558,1,1,2,2,2,2,2,2,2,2,2,2
40558,2,1,7,7,7,7,7,7,7,7,7,7
40559,1,1,0,0,0,0,0,0,0,0,0,0
40559,2,1,0,0,0,0,0,0,0,0,0,0
40560,0,1,0,11,0,23,0,0,0,0,0,0
40560,1,1,0,0,0,7,0,0,0,8,0,0
40561,0,1,0,0,0,0,0,0,0,0,0,0
40561,1,1,0,0,0,0,0,0,0,0,0,0
40562,1,1,0,0,0,0,0,0,0,0,6,0
40562,2,1,0,0,0,0,0,0,0,0,0,0
40562,3,1,0,0,0,0,0,0,0,0,0,0
40562,4,1,0,0,0,0,0,0,0,0,0,0
40562,5,1,0,12,0,0,0,0,0,0,0,0
40562,6,1,0,0,0,0,0,0,0,0,0,0
40563,0,1,41,41,41,41,41,41,41,41,41,41
40563,1,1,0,0,0,0,0,0,0,0,0,0
40564,1,1,0,0,0,0,0,0,0,0,0,0
40564,2,1,0,0,0,0,0,0,0,0,0,0
40565,1,1,26,26,26,26,26,26,26,26,26,26
40565,2,1,0,0,0,0,0,0,0,0,0,0
40566,0,1,0,0,0,0,0,0,0,0,0,0
40566,1,1,0,0,0,0,0,0,0,0,0,0
40567,1,1,0,0,0,0,0,0,0,0,0,0
40568,1,1,0,0,0,0,0,0,0,0,0,0
40568,2,1,0,0,0,0,0,0,0,0,0,0
40569,1,1,0,0,0,0,0,0,0,0,0,0
40570,1,1,0,0,0,0,0,0,0,0,0,0
40571,1,1,23,21,0,3,17,17,9,6,18,19
40572,1,1,15,15,15,15,15,15,15,15,15,15
40573,1,1,0,0,0,0,0,0,0,0,0,0
40573,2,1,0,44,0,0,0,0,0,0,0,0
40574,1,1,0,0,0,0,0,0,0,0,0,0
40574,2,1,0,0,0,0,0,0,0,0,0,0
40575,0,1,0,0,0,0,0,0,0,0,0,0
40575,1,1,0,0,0,0,0,0,0,0,0,0
40576,0,1,28,28,28,28,28,28,28,28,28,28
40576,1,1,0,0,0,0,0,0,0,0,0,0
40577,1,1,0,0,0,0,0,0,0,0,0,0
40578,1,1,7,7,7,7,7,7,7,7,7,7
40579,1,1,0,0,0,0,0,0,0,0,0,0
40580,0,1,32,32,32,32,32,32,32,32,32,32
40580,1,1,0,0,0,0,0,0,0,0,0,0
40581,1,1,16,0,0,26,0,0,14,22,17,0
40582,1,1,0,0,0,0,0,0,0,0,0,0
40583,1,1,0,0,0,0,0,0,0,0,0,0
40584,0,1,0,0,0,0,0,0,0,0,0,0
40584,1,1,0,0,0,0,0,0,0,0,0,0
40585,1,1,0,0,0,0,0,0,0,0,0,0
40585,2,1,0,0,0,0,0,0,0,0,0,0
40586,1,1,0,0,11,0,0,0,9,8,0,17
40587,1,1,0,0,0,0,0,0,16,0,0,0
40588,1,1,0,0,0,0,0,0,0,0,0,0
40589,0,1,0,0,0,0,0,0,0,0,0,0
40589,1,1,0,0,14,6,12,16,0,0,10,7
40590,1,2,0,4,11,0,6,17,4,0,0,20
40591,1,1,20,19,20,14,14,0,0,11,22,14
40592,1,1,0,0,0,0,0,0,0,0,0,0
40593,0,1,0,37,0,0,0,0,0,0,0,12
40593,1,1,0,11,20,0,20,0,0,5,0,10
40594,0,1,24,24,24,24,24,24,24,24,24,24
40594,1,1,0,18,14,0,10,0,0,33,0,0
40595,1,1,0,0,0,15,0,0,0,0,0,11
40596,1,1,0,0,0,0,0,0,0,0,0,0
40596,2,1,0,0,0,0,0,0,0,0,0,0
40597,1,1,23,0,0,0,26,0,0,5,14,0
40598,1,1,24,24,24,24,24,24,24,24,24,24
40598,2,1,0,0,0,0,0,0,0,0,13,0
40599,1,1,24,24,24,24,24,24,24,24,24,24
40600,1,1,0,0,0,0,0,0,0,0,0,0
40600,2,1,0,0,0,0,0,0,0,0,0,0
40600,3,1,0,0,0,0,0,0,0,0,0,0
40601,1,1,0,0,0,0,0,0,0,0,0,0
40601,2,1,0,0,0,0,0,0,0,0,0,0
40602,1,1,0,0,0,0,0,0,0,0,0,0
40602,2,1,0,0,0,0,0,0,0,0,0,0
40603,1,1,0,0,0,0,0,0,0,0,0,0
40603,2,1,0,16,0,0,0,0,0,0,0,0
40604,1,1,25,25,25,25,25,25,25,25,25,25
40605,1,1,17,0,0,0,32,0,0,19,0,0
40606,1,1,0,0,0,0,0,0,0,0,0,0
40606,2,1,0,0,0,0,0,0,0,0,0,0
40606,3,1,0,0,0,0,0,0,0,0,0,0
40607,1,1,0,0,0,0,0,0,0,0,0,0
40608,1,1,0,0,0,17,0,0,0,0,0,0
40608,2,1,0,0,0,0,0,0,0,0,0,0
40609,1,1,19,19,19,19,19,19,19,19,19,19
40610,1,1,0,28,10,0,0,0,0,28,0,33
40611,1,1,0,0,0,0,0,0,0,0,0,0
40611,2,1,0,0,0,0,0,0,0,0,0,0
40611,3,1,0,0,0,0,0,0,0,0,0,0
40612,1,1,0,0,0,0,0,0,0,0,0,0
40612,2,1,0,0,0,0,0,0,0,0,0,0
40612,3,1,0,0,0,0,11,0,0,0,0,0
40613,1,2,0,0,0,0,0,0,0,24,9,0
40614,0,1,27,27,27,27,27,27,27,27,27,27
40614,1,1,8,8,8,8,8,8,8,8,8,8
40615,1,1,17,17,17,17,17,17,17,17,17,17
40615,2,1,0,0,0,0,0,0,0,0,0,0
40616,1,1,0,0,0,0,0,0,0,0,0,0
40616,2,1,0,0,0,23,0,0,0,0,0,0
40616,3,1,0,0,0,0,0,0,0,0,0,0
40617,0,1,17,17,17,17,17,17,17,17,17,17
40617,1,1,0,0,0,0,0,0,17,0,0,0
40618,1,1,7,7,7,7,7,7,7,7,7,7
40618,2,1,0,0,0,0,0,0,0,0,0,0
40619,1,1,0,0,0,0,0,0,0,0,0,0
40619,2,1,0,0,0,0,0,0,0,0,0,0
40620,1,1,16,11,10,2,3,15,11,11,16,23
40620,2,1,0,17,19,12,0,15,0,0,29,2
40621,0,1,0,0,0,11,0,0,10,0,0,0
40621,1,1,0,10,11,3,8,0,11,13,0,0
40622,1,1,0,0,0,0,0,0,0,0,0,0
40622,2,1,0,0,0,0,0,0,0,0,15,0
40623,1,1,0,0,0,0,0,0,0,0,0,0
40624,1,1,32,32,32,32,32,32,32,32,32,32
40624,2,1,0,0,0,0,0,0,0,0,0,0
40625,1,1,0,0,0,0,0,0,0,0,0,0
40626,0,1,6,6,6,6,6,6,6,6,6,6
40626,1,1,19,19,19,19,19,19,19,19,19,19
40627,0,1,2,2,2,2,2,2,2,2,2,2
40627,1,1,0,0,0,0,0,0,0,0,0,0
40628,1,1,24,24,24,24,24,24,24,24,24,24
40629,1,1,16,16,16,16,16,16,16,16,16,16
40630,0,1,0,0,0,0,0,0,0,0,0,0
40630,1,1,0,0,0,0,0,0,0,0,0,0
40631,0,1,0,12,0,0,0,0,0,0,0,0
40631,1,1,0,0,5,0,0,15,6,0,0,0
40632,1,1,0,0,0,0,0,0,0,0,0,0
40634,1,1,21,21,21,21,21,21,21,21,21,21
40635,1,1,0,0,0,0,0,0,0,0,0,0
40635,2,1,0,0,0,0,0,0,0,0,0,0
40636,0,1,0,0,0,0,0,0,0,0,0,0
40636,1,1,0,0,9,0,23,0,0,0,0,0
40636,2,1,0,0,0,0,0,0,0,0,0,0
40637,1,1,0,0,0,0,0,0,0,0,0,0
40638,1,1,20,20,20,20,20,20,20,20,20,20
40639,1,1,18,15,6,14,8,27,11,19,16,25
40640,1,1,0,0,0,0,0,0,0,0,0,0
40641,0,1,0,0,0,0,0,0,0,0,0,0
40641,1,1,0,0,0,10,0,0,19,0,9,0
40642,1,1,0,0,0,0,0,0,0,0,0,0
40643,1,1,0,19,6,0,15,13,12,3,0,6
40644,1,1,17,0,0,0,0,0,0,7,0,8
40645,0,1,16,16,16,16,16,16,16,16,16,16
40645,1,1,14,0,11,5,0,0,0,0,0,0
40646,0,1,0,0,0,0,0,0,0,0,0,0
40646,1,1,0,0,0,0,0,0,0,0,0,0
40647,1,1,0,0,0,0,0,0,0,0,0,0
40647,2,1,0,0,0,0,0,0,0,0,0,0
40648,0,1,0,0,0,0,0,0,0,0,0,0
40648,1,1,0,0,8,0,0,0,0,26,0,0
40648,2,1,4,0,0,0,0,0,0,0,0,0
40649,0,1,0,0,0,0,0,0,0,0,0,0
40649,1,1,0,0,0,0,0,0,0,0,0,0
40650,0,1,0,0,0,0,0,0,0,0,0,0
40650,1,1,0,0,0,0,0,0,0,0,0,0
40651,0,1,25,25,25,25,25,25,25,25,25,25
40651,1,1,12,0,16,0,0,23,2,0,14,0
40652,1,1,0,0,0,0,0,0,0,0,0,0
40652,2,1,0,0,0,0,0,0,0,0,0,0
40653,1,1,20,20,20,20,20,20,20,20,20,20
40653,2,1,0,0,0,0,0,0,11,0,0,0
40654,1,1,0,0,19,0,0,0,0,0,0,0
40654,2,1,0,0,0,0,0,0,0,0,0,0
40655,0,1,0,0,0,0,0,0,0,0,0,0
40655,1,1,0,0,0,0,0,0,0,0,0,14
40656,0,1,0,0,0,0,0,0,0,0,0,0
40656,1,1,0,0,0,0,0,0,0,0,0,0
40657,1,1,10,10,10,10,10,10,10,10,10,10
40657,2,1,0,0,7,0,0,0,0,0,0,0
40658,1,1,0,0,0,0,0,0,0,0,0,0
40658,2,1,0,0,0,0,0,0,0,0,0,0
40659,0,1,18,18,18,18,18,18,18,18,18,18
40659,1,1,0,0,0,0,0,0,0,0,0,0
40660,1,1,0,0,0,0,0,0,0,0,0,0
40660,2,1,0,0,0,0,0,0,0,0,0,0
40661,1,1,0,0,0,0,0,0,0,0,0,0
40661,2,1,0,0,0,0,0,0,0,0,0,0
40662,1,1,0,0,0,0,0,0,0,0,0,0
40662,2,1,17,17,17,17,17,17,17,17,17,17
40663,1,1,0,0,0,0,0,0,31,0,0,0
40664,1,1,0,0,12,0,0,0,0,0,0,0
40664,2,1,0,0,0,0,0,0,0,0,0,0
40664,3,1,0,0,0,0,0,0,12,0,0,0
40665,1,1,0,0,0,0,0,0,0,0,0,0
40666,0,1,0,0,0,0,0,0,0,0,0,0
40666,0,2,0,0,0,0,0,0,0,0,0,0
40666,1,1,0,0,0,0,0,0,0,16,0,0
40667,0,1,0,0,0,0,0,0,0,0,0,0
40667,1,1,0,0,0,0,0,0,0,0,0,0
40667,2,1,0,0,0,0,0,0,0,0,0,0
40668,1,1,0,0,0,0,0,0,0,0,0,0
40668,2,1,0,0,0,0,0,0,0,0,0,0
40669,1,1,25,25,25,25,25,25,25,25,25,25
40669,2,1,7,7,7,7,7,7,7,7,7,7
40670,1,1,0,0,21,0,0,0,0,14,0,0
40671,1,1,11,25,9,44,18,12,10,35,14,27
40673,1,1,11,7,16,0,18,7,0,0,0,0
40674,0,1,0,0,0,0,0,0,0,0,0,0
40674,1,1,0,0,0,0,0,0,0,0,0,0
40675,0,1,0,0,0,0,0,0,0,0,0,0
40675,1,1,0,0,0,0,0,0,0,0,0,0
40676,1,1,0,0,0,0,0,0,25,0,0,0
40676,2,1,0,0,0,0,0,0,0,0,0,0
40676,3,1,0,0,0,0,0,0,0,0,0,0
40676,4,1,0,0,0,0,0,0,0,0,0,0
40676,5,1,0,0,0,0,0,0,0,0,0,0
40677,1,1,25,25,25,25,25,25,25,25,25,25
40678,1,1,0,0,0,0,0,0,0,0,0,18
40679,1,1,0,29,0,0,0,0,0,0,0,0
40679,2,1,0,0,0,0,0,0,0,0,0,0
40680,0,1,21,21,21,21,21,21,21,21,21,21
40680,1,1,0,12,23,7,25,0,15,10,0,0
40681,1,1,9,9,9,9,9,9,9,9,9,9
40682,1,1,0,0,25,0,0,21,8,0,15,0
40682,2,1,0,0,0,0,11,0,0,0,0,0
40683,1,1,27,27,27,27,27,27,27,27,27,27
40683,2,1,0,0,0,0,0,0,0,0,0,0
40684,1,1,0,0,0,0,0,0,0,0,0,0
40684,2,1,0,0,0,0,0,0,16,0,0,0
40685,1,1,0,0,0,0,0,0,0,0,0,0
40685,2,1,0,0,0,0,0,0,0,0,0,0
40686,0,1,25,0,0,0,0,0,0,0,0,0
40686,1,1,0,0,0,0,0,0,0,0,0,0
40687,0,1,0,0,0,0,0,0,0,0,0,0
40687,1,1,0,0,0,0,0,0,0,0,0,0
40688,0,1,0,0,0,0,0,0,0,0,0,0
40688,1,1,0,0,0,0,0,0,0,0,0,0
40689,0,1,19,19,19,19,19,19,19,19,19,19
40689,1,1,0,0,0,0,0,0,0,0,0,0
40690,1,1,0,0,0,0,0,0,0,0,0,0
40691,0,1,0,0,0,0,0,0,0,0,0,0
40691,1,1,0,0,0,0,0,0,0,0,0,0
40692,1,1,23,23,23,23,23,23,23,23,23,23
40692,2,1,0,0,0,0,0,0,0,0,0,0
40693,1,1,0,6,11,0,19,0,0,0,0,18
40693,2,1,0,0,0,0,0,0,0,0,0,0
40694,1,1,0,10,11,0,0,19,0,0,0,0
40694,2,1,18,9,0,20,10,0,10,18,15,0
40694,3,1,0,0,19,38,0,0,11,0,0,18
40695,1,1,0,0,0,0,0,0,0,0,0,0
40696,1,1,6,26,6,0,19,27,6,14,22,0
40697,1,1,5,5,5,5,5,5,5,5,5,5
40698,1,1,0,0,0,0,0,0,0,0,0,0
40698,2,1,0,0,0,0,0,0,0,0,0,0
40699,1,1,0,5,0,0,0,0,0,0,0,0
40699,2,1,0,0,0,0,0,0,0,0,0,0
40700,1,1,0,0,0,0,0,0,12,0,0,27
40701,1,1,26,26,26,26,26,26,26,26,26,26
40702,1,1,0,0,0,0,0,0,0,0,0,0
40702,2,1,0,0,0,0,0,0,0,0,0,0
40703,0,1,0,0,0,0,0,0,0,0,0,0
40703,1,1,0,0,0,0,0,0,0,0,0,0
40704,1,1,0,0,0,0,0,0,0,0,0,0
40704,2,1,0,0,0,0,0,0,0,0,0,0
40705,0,1,0,0,0,0,0,0,0,0,0,0
40705,1,1,0,0,0,0,0,0,6,0,0,0
40706,1,1,0,0,0,0,8,0,0,0,22,0
40707,1,3,0,0,0,0,15,0,0,0,0,0
40708,1,1,0,0,0,0,0,0,0,0,0,0
40708,2,1,0,0,0,0,0,0,0,0,0,0
40709,0,1,0,0,0,0,0,0,0,0,0,0
40709,1,1,0,0,0,0,0,0,0,0,0,0
40710,1,1,0,0,0,0,0,0,0,0,0,0
40711,0,1,4,4,4,4,4,4,4,4,4,4
40711,1,1,0,0,0,0,0,0,0,0,0,0
40711,2,1,0,0,0,0,0,0,0,0,0,0
40711,3,1,0,0,0,0,0,0,0,0,0,0
40712,1,1,39,39,39,39,39,39,39,39,39,39
40713,1,1,19,19,19,19,19,19,19,19,19,19
40714,1,1,24,20,20,36,11,17,17,16,4,21
40715,0,1,25,0,0,0,0,0,0,0,0,0
40715,1,1,0,0,0,0,0,0,0,6,0,0
40716,1,1,20,20,20,20,20,20,20,20,20,20
40717,1,1,10,15,8,6,0,0,0,11,0,12
40718,1,1,0,0,0,0,0,0,0,0,0,0
40719,0,1,19,38,3,21,3,18,22,28,28,14
40719,1,1,0,0,0,0,0,0,0,0,0,0
40720,0,1,0,0,0,0,0,0,0,0,0,0
40720,1,1,0,0,0,0,0,0,0,0,0,0
40721,1,1,10,10,10,10,10,10,10,10,10,10
40722,1,2,17,0,0,11,0,0,17,0,0,0
40723,0,1,0,0,0,0,0,0,0,0,0,0
40723,1,1,0,0,0,0,0,0,0,0,0,0
40724,1,1,0,18,0,0,21,0,0,0,0,0
40724,2,1,0,0,0,0,0,0,0,0,0,0
40725,1,1,7,0,0,0,0,0,0,18,0,0
40726,0,1,0,0,0,0,0,0,0,0,0,0
40726,1,1,0,0,13,0,0,0,0,0,0,0
40727,1,2,0,0,0,0,0,0,0,0,0,0
40728,1,1,0,0,17,0,0,0,8,4,0,0
50001,1,1,11,11,11,11,11,11,11,11,11,11
50002,1,1,0,0,0,0,0,0,0,0,0,0
50002,2,1,0,0,0,0,0,0,0,0,0,0
50003,0,1,0,0,0,0,0,0,0,0,0,0
50003,1,1,0,0,0,0,0,0,0,0,0,0
50003,2,1,0,0,0,0,0,0,0,0,0,0
50003,3,1,0,0,0,0,0,0,0,0,0,0
50003,4,1,0,0,0,0,0,0,0,0,0,0
50004,1,1,0,0,0,0,0,0,0,0,0,0
50004,2,1,0,0,0,0,0,0,0,0,0,0
50004,3,1,0,0,0,0,0,0,0,0,0,0
50005,1,1,0,0,0,0,0,0,0,0,0,0
50005,2,1,0,0,0,0,0,0,0,0,0,0
50005,3,1,16,0,0,12,0,0,0,0,0,0
50006,1,1,22,22,22,22,22,22,22,22,22,22
50007,1,1,0,0,0,0,0,0,0,0,0,0
50007,2,1,0,0,0,0,0,0,0,0,0,0
50008,1,1,0,0,0,0,0,0,0,0,0,0
50008,2,1,0,0,0,0,0,0,0,0,0,0
50009,1,1,0,0,0,0,0,0,0,0,0,0
50010,1,1,0,0,0,0,0,0,0,0,0,0
50010,2,1,0,0,0,0,0,0,0,0,0,0
50011,1,1,0,0,0,0,0,0,0,0,0,0
50012,1,1,0,0,0,0,0,0,0,0,0,0
50013,0,1,0,0,0,0,0,0,0,0,0,0
50013,1,1,0,0,0,0,0,0,0,0,0,0
50014,1,1,0,0,0,0,0,0,35,0,0,0
50015,1,1,0,0,0,0,0,0,0,0,0,0
50016,1,1,0,0,0,0,0,0,0,0,0,0
50017,1,1,0,0,0,0,0,0,0,0,0,0
50017,2,1,0,0,0,0,0,0,0,0,0,0
50018,1,1,0,0,0,0,0,0,0,0,0,0
50019,1,1,0,0,0,0,0,0,0,0,0,0
50020,1,1,0,0,0,0,0,0,0,0,0,0
50020,2,1,0,0,0,0,0,0,0,0,0,0
50022,1,1,5,0,0,0,0,0,0,10,22,0
50023,1,1,0,0,0,0,0,0,0,0,0,0
50024,0,1,11,11,11,11,11,11,11,11,11,11
50024,1,1,0,0,0,0,0,0,0,0,0,0
50025,1,1,0,0,0,0,0,0,0,0,0,0
50026,1,1,1,1,1,1,1,1,1,1,1,1
50026,2,1,0,0,0,0,0,0,0,0,0,0
50027,0,1,35,0,0,29,0,7,0,0,0,0
50027,1,1,0,0,0,0,0,0,0,0,0,0
50028,1,1,0,0,0,0,0,0,0,0,0,0
50028,2,1,0,0,0,0,0,0,0,0,0,0
50029,1,1,0,0,0,0,0,0,0,0,0,0
50029,2,1,0,0,0,0,0,0,0,0,0,0
50030,1,1,0,0,0,0,0,0,0,0,0,0
50030,2,1,0,0,0,0,0,0,0,0,0,0
50031,1,1,0,0,0,0,0,0,0,0,0,0
50032,1,1,22,22,22,22,22,22,22,22,22,22
50033,1,1,0,0,0,0,0,0,0,0,0,0
50034,1,1,0,0,0,0,0,0,0,0,0,0
50035,1,1,0,0,0,0,0,0,0,0,0,0
50035,2,1,0,0,0,0,11,0,0,0,0,0
50035,3,1,0,0,0,0,0,0,0,0,0,0
50035,4,1,0,0,0,0,0,0,0,0,0,0
50035,5,1,0,0,0,0,0,0,0,0,0,0
50036,1,1,40,40,40,40,40,40,40,40,40,40
50037,1,1,0,0,0,0,0,0,0,0,0,0
50038,1,1,0,0,0,0,0,0,0,0,0,0
50038,2,1,0,0,0,0,0,0,0,0,0,0
50038,3,1,0,0,0,0,0,0,0,0,0,0
50039,1,1,0,0,0,0,0,0,0,0,0,0
50039,2,1,0,0,0,0,0,0,0,0,0,0
50039,3,1,0,0,0,0,0,0,0,0,0,0
50040,1,1,0,0,0,0,0,0,0,0,0,0
50040,2,1,0,0,0,0,0,0,0,0,0,0
50041,1,1,33,33,33,33,33,33,33,33,33,33
50042,1,1,0,0,0,0,0,0,0,0,0,0
50043,1,1,0,0,0,0,0,0,0,0,0,0
50043,2,1,2,2,2,2,2,2,2,2,2,2
50044,1,1,0,0,0,15,0,0,0,0,0,0
50045,1,1,28,28,28,28,28,28,28,28,28,28
50046,1,1,0,0,0,0,0,0,0,0,0,0
50046,2,1,0,0,0,0,0,0,0,0,0,0
50047,1,1,11,14,15,0,0,0,20,15,0,23
50048,1,1,12,15,13,3,17,12,15,11,10,10
50049,0,1,0,0,0,0,0,0,0,0,0,0
50049,1,1,0,0,0,0,0,0,0,0,0,0
50050,1,1,33,33,33,33,33,33,33,33,33,33
50051,1,1,0,8,0,0,0,0,0,0,24,0
50051,2,1,0,0,0,0,0,0,0,0,0,0
50052,1,1,0,0,0,0,0,0,0,0,0,0
50052,2,1,0,0,0,0,0,0,0,0,0,0
50053,1,1,0,0,0,0,0,0,0,0,0,0
50054,1,1,0,0,0,0,0,0,0,0,0,0
50054,2,1,0,0,0,0,0,0,0,0,0,0
50055,1,1,0,0,0,0,0,0,0,0,0,0
50055,2,1,0,0,0,0,0,0,0,0,0,0
50056,1,1,16,16,16,16,16,16,16,16,16,16
50057,1,1,0,0,0,0,0,0,0,0,0,0
50057,2,1,0,0,0,0,0,0,0,0,0,0
50057,3,1,0,0,0,0,0,0,0,0,0,0
50057,4,1,13,0,0,0,0,0,0,0,0,0
50058,1,1,0,0,0,0,0,0,0,0,0,0
50058,2,1,0,0,0,0,0,0,0,0,0,0
50059,1,1,25,25,25,25,25,25,25,25,25,25
50060,1,1,0,0,0,0,0,0,0,0,0,0
50060,2,1,0,0,0,0,0,0,0,0,0,0
50061,0,1,0,0,6,16,0,0,0,0,0,9
50061,1,1,0,0,0,0,0,0,0,0,0,0
50061,2,1,0,0,0,0,0,0,0,0,0,0
50062,1,1,10,10,10,10,10,10,10,10,10,10
50063,1,1,7,7,7,7,7,7,7,7,7,7
50063,2,1,0,0,0,0,0,0,0,0,0,0
50064,1,1,0,0,0,0,0,0,0,0,0,0
50064,2,1,0,0,0,0,0,0,0,0,0,0
50064,3,1,0,0,0,0,0,0,0,0,0,0
50065,1,1,0,0,0,0,0,0,0,0,0,0
50065,2,1,0,0,0,0,0,0,0,0,0,0
50066,1,1,0,0,0,0,0,0,0,0,0,0
50067,1,1,2,2,2,2,2,2,2,2,2,2
50067,2,1,0,0,0,0,0,0,0,0,0,0
50067,3,1,0,0,0,0,0,0,0,0,0,0
50068,1,1,0,0,0,0,0,0,0,0,0,0
50068,2,1,0,0,0,0,0,0,0,0,0,0
50069,1,1,6,6,6,6,6,6,6,6,6,6
50070,1,1,13,13,13,13,13,13,13,13,13,13
50071,1,1,0,0,0,0,0,0,0,0,0,0
50072,1,1,0,0,0,0,0,0,0,0,0,0
50073,1,1,0,0,0,0,0,0,0,0,0,0
50074,1,1,0,0,0,0,0,0,0,0,0,0
50075,1,1,28,28,28,28,28,28,28,28,28,28
50076,1,1,0,26,7,0,0,18,22,18,27,26