ST_CASE,VEH_NO,PER_NO,P1,P2,P3,P4,P5,P6,P7,P8,P9,P10
50077,1,1,0,0,0,0,0,0,0,0,0,0
50077,2,1,0,0,0,0,0,0,0,0,0,0
50078,1,1,20,20,20,20,20,20,20,20,20,20
50078,2,1,21,0,0,0,0,16,0,0,0,0
50079,1,1,0,0,0,0,0,0,0,0,0,0
50079,2,1,0,0,0,0,0,0,0,0,0,0
50080,1,1,0,0,0,0,0,0,0,0,0,0
50080,2,1,0,0,0,0,0,0,0,0,0,0
50081,1,1,9,9,9,9,9,9,9,9,9,9
50082,1,1,0,0,0,0,0,0,0,0,0,0
50083,1,1,11,11,11,11,11,11,11,11,11,11
50084,1,1,10,4,17,14,11,11,7,8,22,23
50085,1,1,15,25,21,0,0,0,0,0,22,4
50085,2,1,0,0,0,0,0,0,0,0,0,0
50086,1,1,0,0,0,0,0,0,0,0,0,0
50086,2,1,30,30,30,30,30,30,30,30,30,30
50087,1,1,0,0,0,0,0,0,0,0,0,0
50087,2,1,0,0,0,0,4,0,0,0,0,0
50087,3,1,0,0,0,0,0,0,0,0,0,0
50088,1,1,22,22,22,22,22,22,22,22,22,22
50089,1,1,0,0,0,0,0,0,0,0,0,0
50089,2,1,0,0,0,0,0,0,0,0,0,0
50090,1,1,0,0,0,0,0,0,0,0,0,0
50091,1,1,0,0,0,0,0,0,0,0,0,0
50091,2,1,0,0,0,0,0,0,0,0,0,0
50092,1,1,0,0,0,0,0,0,0,0,0,0
50093,1,1,0,0,0,0,0,0,0,0,0,0
50093,2,1,0,0,0,0,0,0,0,0,0,0
50094,1,1,0,0,0,0,0,0,0,27,0,0
50095,1,2,9,0,0,0,0,13,43,0,25,0
50096,1,1,0,0,0,0,0,0,0,0,0,0
50096,2,1,0,0,0,0,0,0,0,0,0,0
50097,1,1,11,11,11,11,11,11,11,11,11,11
50098,1,1,0,0,0,0,0,0,0,0,0,0
50098,2,1,0,0,0,0,0,0,0,0,0,0
50099,1,1,20,20,20,20,20,20,20,20,20,20
50099,2,1,0,0,0,0,0,18,0,0,0,0
50100,1,1,17,17,17,17,17,17,17,17,17,17
50101,0,1,0,0,0,0,0,0,0,0,0,0
50101,1,1,16,16,16,16,16,16,16,16,16,16
50102,1,1,0,0,0,0,0,0,0,0,0,0
50103,1,1,0,0,0,0,0,0,0,0,0,0
50103,2,1,5,0,0,0,0,0,20,0,0,0
50104,1,1,22,22,22,22,22,22,22,22,22,22
50105,1,1,0,0,0,0,0,0,0,0,0,0
50106,1,1,0,0,0,0,0,0,0,0,0,0
50107,1,1,0,8,0,0,0,0,0,0,18,0
50108,1,1,0,0,0,0,0,0,0,0,0,0
50108,2,1,5,18,6,15,14,21,9,5,8,19
50109,1,1,0,0,0,0,0,0,0,0,0,0
50109,2,1,0,0,0,0,0,0,0,0,0,0
50110,1,1,10,10,10,10,10,10,10,10,10,10
50111,1,1,0,0,0,0,0,0,0,0,0,0
50111,2,1,17,0,0,11,14,30,9,18,18,22
50112,1,1,0,0,0,0,0,0,0,0,0,0
50113,1,1,0,0,0,0,0,0,0,0,0,0
50113,2,1,0,0,0,0,0,0,0,0,0,0
50114,1,1,0,0,0,0,0,0,0,0,0,0
50114,2,1,0,0,0,0,0,0,0,0,0,0
50115,1,1,0,0,0,0,0,0,0,0,0,0
50116,1,1,0,0,0,0,0,0,0,0,0,0
50116,2,1,0,0,0,0,0,0,0,0,0,0
50117,1,1,2,2,2,2,2,2,2,2,2,2
50118,1,1,26,26,26,26,26,26,26,26,26,26
50119,1,1,0,0,0,0,0,0,0,0,0,0
50119,2,1,0,0,0,0,0,0,0,0,0,0
50120,1,1,0,0,0,0,0,0,0,0,0,0
50120,2,1,0,0,0,0,0,0,0,0,0,0
50121,1,1,0,0,0,0,0,0,0,0,0,0
50121,2,1,16,9,0,9,29,7,6,0,0,28
50122,1,1,0,0,0,0,0,0,0,0,0,0
50123,1,1,21,16,0,0,18,14,0,5,9,27
50124,1,1,18,18,18,18,18,18,18,18,18,18
50125,1,1,29,3,19,49,25,8,0,20,33,9
50126,1,1,0,0,0,0,0,0,0,0,0,0
50126,2,1,0,0,0,0,0,0,0,0,0,0
50127,1,1,0,0,0,0,0,0,0,0,0,15
50128,1,1,8,8,8,8,8,8,8,8,8,8
50129,1,1,11,11,11,11,11,11,11,11,11,11
50131,0,1,0,0,0,0,0,0,0,0,0,0
50131,1,1,0,0,0,0,0,0,0,0,0,0
50132,1,1,0,0,0,0,24,16,34,36,8,0
50133,1,1,0,0,0,0,0,0,15,0,0,0
50133,2,1,0,0,0,0,0,0,0,0,0,0
50134,1,1,0,0,0,0,0,0,0,0,0,0
50134,2,1,0,0,0,0,0,0,0,0,0,0
50135,0,1,0,0,21,0,0,0,0,0,0,27
50135,1,1,0,0,0,0,0,0,0,0,0,0
50136,1,1,24,24,24,24,24,24,24,24,24,24
50137,1,1,0,0,0,0,0,0,0,0,0,0
50137,2,1,0,0,0,0,0,0,0,0,0,0
50138,1,1,0,0,0,0,0,0,0,0,10,0
50138,2,1,0,0,0,0,0,0,0,0,0,0
50139,1,1,0,0,0,0,0,0,0,0,0,0
50139,2,1,0,0,0,0,0,0,0,0,0,0
50140,0,1,22,22,22,22,22,22,22,22,22,22
50140,1,1,0,0,0,0,0,0,0,0,0,0
50141,1,1,0,0,0,0,0,0,0,0,0,0
50141,2,1,0,0,0,0,0,0,0,0,0,0
50142,1,1,0,0,0,0,0,0,0,0,0,0
50142,2,1,0,0,0,0,0,0,0,0,0,0
50142,3,1,0,0,0,0,0,0,0,0,0,0
50143,1,1,0,0,0,0,0,0,0,0,0,0
50143,2,1,0,0,0,0,0,0,0,0,0,0
50144,1,1,0,0,0,0,0,0,0,0,0,0
50144,2,1,2,2,2,2,2,2,2,2,2,2
50145,1,1,9,9,9,9,9,9,9,9,9,9
50145,2,1,0,0,0,0,0,0,0,0,0,0
50146,1,1,15,15,15,15,15,15,15,15,15,15
50147,1,1,0,0,0,15,0,0,0,0,0,0
50147,2,1,0,0,0,0,0,0,0,0,0,0
50148,1,1,20,20,20,20,20,20,20,20,20,20
50149,1,1,28,0,43,29,22,0,12,0,19,15
50150,1,1,0,0,0,0,0,0,0,0,0,0
50151,1,1,0,0,0,0,0,0,0,0,0,0
50152,0,1,0,0,0,0,0,0,0,0,0,0
50152,0,2,0,0,0,0,0,0,0,0,0,0
50152,0,3,0,0,0,0,0,0,0,0,0,0
50152,0,4,0,0,16,38,0,9,16,0,23,0
50152,0,5,0,0,0,0,0,0,0,23,0,0
50152,0,6,0,0,0,0,0,0,0,0,0,0
50152,0,7,0,0,0,0,0,0,0,0,0,0
50152,0,8,0,18,11,0,0,0,0,0,0,0
50152,0,9,0,0,0,0,0,0,0,0,0,0
50152,0,10,0,0,0,0,0,7,0,0,32,0
50152,0,11,0,0,5,0,0,0,0,0,9,0
50152,0,12,0,0,0,0,0,0,0,0,0,0
50152,0,13,0,0,0,0,0,0,0,0,36,0
50152,0,14,0,0,0,0,0,0,0,0,0,0
50152,0,15,0,0,0,0,0,0,0,0,0,0
50152,0,16,0,0,0,16,0,0,0,0,0,0
50152,0,17,0,0,0,36,0,0,22,0,0,0
50152,0,18,27,0,0,0,0,12,0,0,0,0
50152,0,19,19,0,0,0,0,0,0,0,9,0
50152,0,20,0,0,0,0,0,0,0,0,0,0
50152,0,21,15,0,0,0,0,27,0,0,32,19
50152,1,1,0,0,0,0,0,0,0,0,0,0
50152,2,1,0,0,0,0,0,0,0,0,0,11
50153,1,1,0,0,0,0,0,0,0,0,0,0
50153,2,1,0,0,0,0,0,0,0,0,0,0
50154,1,1,12,12,12,12,12,12,12,12,12,12
50155,1,1,0,0,0,0,0,0,0,0,0,0
50156,1,1,5,5,5,5,5,5,5,5,5,5
50157,1,1,0,0,0,0,0,0,0,0,0,0
50158,1,1,17,37,4,0,13,22,5,26,6,19
50159,1,1,0,0,0,0,0,0,0,0,0,0
50159,2,1,0,0,0,0,0,0,0,0,0,0
50160,1,1,13,21,0,7,17,15,0,19,4,23
50161,1,1,0,0,0,28,0,0,23,0,0,0
50162,1,1,0,0,0,0,0,0,0,0,0,0
50162,2,1,22,9,12,18,13,18,9,0,21,18
50163,1,1,4,4,4,4,4,4,4,4,4,4
50163,2,1,0,0,0,0,0,0,4,0,0,0
50164,0,1,0,0,0,0,0,0,0,0,0,0
50164,1,1,0,0,0,0,0,0,0,0,0,0
50165,1,1,0,0,0,0,0,0,0,0,0,0
50166,1,1,0,0,0,0,0,0,0,0,0,0
50166,2,1,0,0,0,0,0,0,0,0,0,0
50166,3,1,0,0,9,0,12,0,0,0,0,0
50167,1,1,0,0,0,0,0,0,0,0,0,0
50168,1,1,0,0,0,0,0,0,0,0,0,0
50168,2,1,14,13,25,11,0,0,10,20,0,0
50169,1,1,0,0,0,0,0,0,0,0,0,0
50170,1,1,32,32,32,32,32,32,32,32,32,32
50171,1,1,0,0,0,0,0,0,0,0,0,0
50172,0,1,0,0,0,0,0,0,0,0,0,0
50172,1,1,21,23,0,0,0,17,0,0,0,0
50173,1,1,0,0,0,0,0,0,0,0,0,0
50173,2,1,0,0,0,0,17,0,0,0,0,0
50174,1,1,24,15,15,15,21,8,0,0,0,21
50175,1,1,0,0,0,0,0,0,0,0,0,0
50175,2,1,0,0,0,0,0,0,0,0,0,0
50176,1,1,16,14,13,38,15,10,17,10,23,14
50177,1,1,0,0,0,0,0,0,0,0,0,0
50177,2,1,0,0,0,0,0,0,0,0,0,0
50178,1,1,24,27,23,21,10,13,30,25,19,14
50179,1,1,0,0,0,0,0,0,0,0,0,0
50179,2,1,0,0,20,0,0,0,0,0,0,0
50179,3,1,0,0,0,0,0,0,0,0,0,0
50180,1,1,0,0,0,0,0,0,0,0,0,0
50181,0,1,0,0,0,0,0,0,0,0,0,0
50181,1,1,0,0,0,0,0,0,0,0,0,0
50182,1,1,0,0,0,0,0,0,0,0,0,0
50182,2,1,0,0,0,0,0,0,0,0,0,0
50183,1,1,11,4,11,25,4,10,18,10,22,15
50184,1,1,0,0,0,0,0,0,0,0,0,0
50184,2,1,26,0,0,0,0,0,0,0,0,0
50185,1,1,0,0,0,0,0,0,0,0,0,0
50185,2,1,0,0,0,0,0,0,0,0,0,0
50185,3,1,0,0,0,0,0,0,16,0,0,29
50185,4,1,0,0,0,20,0,0,0,0,0,8
50186,1,1,0,0,0,0,0,0,0,0,0,0
50186,2,1,0,0,0,0,0,0,0,0,0,0
50187,1,1,0,0,0,0,0,0,0,0,0,0
50187,2,1,46,20,29,4,10,12,23,11,23,24
50188,1,1,16,12,15,10,0,9,8,10,13,7
50189,0,1,0,0,0,0,0,0,0,0,0,0
50189,1,1,0,0,0,0,0,0,0,0,0,0
50189,2,1,0,0,0,0,0,0,0,0,0,0
50190,1,1,0,0,0,0,0,0,0,0,0,0
50190,2,1,0,20,0,18,10,40,19,9,6,18
50191,1,1,0,0,0,0,0,0,0,0,0,0
50191,2,1,0,0,0,0,0,0,0,0,0,0
50192,1,1,22,21,16,0,10,17,27,15,9,0
50192,2,1,0,0,0,0,0,0,0,0,0,0
50193,1,1,0,0,0,0,0,0,0,0,0,0
50194,1,1,21,21,21,21,21,21,21,21,21,21
50195,1,1,0,0,0,0,0,0,0,0,0,0
50195,2,1,6,6,6,6,6,6,6,6,6,6
50196,1,1,22,22,22,22,22,22,22,22,22,22
50197,1,1,2,2,2,2,2,2,2,2,2,2
50198,1,1,0,0,0,0,0,0,0,0,0,0
50198,2,1,0,0,0,0,0,0,0,0,0,0
50199,1,1,0,0,0,0,0,0,0,0,0,0
50199,2,1,0,0,0,0,0,0,0,0,0,0
50200,1,1,0,0,0,0,0,0,0,0,0,0
50201,1,1,21,21,21,21,21,21,21,21,21,21
50201,2,1,0,0,0,0,0,0,0,0,0,0
50202,1,1,15,15,15,15,15,15,15,15,15,15
50202,2,1,0,0,0,0,0,0,0,29,0,0
50202,3,1,0,0,0,0,0,0,0,0,0,0
50203,1,1,0,0,0,0,0,0,0,0,0,0
50204,1,1,0,0,0,0,0,0,0,0,0,0
50204,2,1,0,0,0,0,0,0,0,0,0,0
50205,1,1,0,0,0,0,0,0,0,0,0,0
50205,2,1,0,0,0,0,0,0,0,0,0,0
50205,3,1,0,0,0,0,0,0,0,0,0,0
50205,4,1,0,0,0,0,0,0,0,0,0,0
50206,0,1,0,0,0,0,0,0,0,0,0,0
50206,1,1,0,0,0,0,0,0,0,0,0,0
50207,1,1,0,0,0,0,0,0,0,0,0,0
50208,1,1,0,0,0,0,0,0,0,0,0,0
50208,2,1,0,15,0,0,16,0,29,21,10,25
50208,3,1,0,0,0,0,0,0,0,0,0,0
50208,4,1,0,0,0,0,0,0,0,0,0,0
50208,5,1,0,0,0,0,0,0,0,0,0,0
50209,1,1,22,22,22,22,22,22,22,22,22,22
50210,1,1,0,0,0,0,0,0,0,0,0,0
50210,2,1,0,0,0,0,0,0,0,0,0,0
50211,0,1,0,14,14,0,0,0,33,32,19,9
50211,1,1,0,0,0,0,0,0,0,0,0,0
50212,1,1,0,0,0,0,0,0,0,0,0,0
50212,2,1,0,0,0,0,0,0,0,0,0,0
50213,1,1,0,0,0,0,0,0,0,0,0,0
50214,1,1,0,0,0,0,0,0,0,0,0,0
50215,2,1,24,24,24,24,24,24,24,24,24,24
50216,1,1,0,0,0,0,0,0,0,0,0,0
50216,2,1,0,0,0,0,0,0,0,0,0,0
50217,0,1,0,0,0,0,0,0,0,0,0,0
50217,1,1,0,0,0,0,0,0,0,0,0,0
50218,0,1,18,0,0,0,16,0,0,0,0,0
50218,1,1,4,0,16,21,20,0,0,25,27,0
50219,1,1,0,0,0,0,0,0,0,0,0,0
50220,1,1,0,0,0,0,0,0,0,0,0,0
50221,1,1,0,0,0,0,0,0,0,0,0,0
50221,2,1,0,0,0,0,0,0,0,0,0,0
50221,3,1,0,0,0,0,0,0,0,0,0,0
50222,1,1,18,18,18,18,18,18,18,18,18,18
50223,0,1,0,0,0,0,0,29,0,0,0,0
50223,1,1,0,0,0,0,0,0,14,0,0,0
50224,1,1,0,0,0,0,0,0,0,0,0,0
50224,2,1,0,0,0,0,0,0,0,0,0,0
50225,1,1,0,0,0,0,0,0,0,5,0,12
50226,0,1,8,0,32,25,18,0,23,25,0,9
50226,1,1,0,0,0,0,0,0,0,0,0,0
50227,1,1,13,13,13,13,13,13,13,13,13,13
50227,2,1,0,0,0,0,0,0,0,0,0,0
50228,1,1,3,3,3,3,3,3,3,3,3,3
50229,1,1,0,0,0,0,0,0,0,0,0,0
50229,2,1,0,0,0,0,0,0,0,0,0,0
50230,1,1,0,0,0,0,0,0,0,0,0,0
50231,1,1,0,0,0,0,0,0,0,0,0,0
50231,2,1,0,0,0,0,0,0,0,0,0,0
50232,1,1,0,0,0,0,0,0,0,0,0,0
50232,2,1,0,0,0,0,0,0,0,0,0,0
50233,1,1,20,20,20,20,20,20,20,20,20,20
50234,1,1,0,0,0,0,0,0,0,0,0,0
50234,2,1,0,0,0,0,0,0,0,0,0,0
50235,0,1,25,0,4,0,0,14,0,0,17,0
50235,1,1,20,17,0,0,17,12,6,0,8,0
50236,1,1,0,0,0,0,0,0,0,0,0,0
50237,1,1,0,0,0,0,0,0,0,0,0,0
50238,1,1,19,19,19,19,19,19,19,19,19,19
50239,1,1,0,0,0,0,0,0,0,0,0,0
50240,1,1,13,0,0,0,0,0,0,0,0,0
50240,2,1,0,0,0,0,0,0,0,0,0,0
50241,1,1,0,0,0,0,0,0,0,0,0,0
50242,1,1,0,0,0,0,0,0,0,0,0,0
50242,2,1,0,0,0,0,0,0,0,0,0,0
50243,1,1,12,12,12,12,12,12,12,12,12,12
50244,1,1,0,0,0,0,0,0,0,0,0,0
50244,2,1,0,0,0,0,0,0,0,0,0,0
50245,1,1,0,18,0,0,0,0,9,24,0,12
50245,2,1,13,10,8,5,0,2,0,0,0,0
50246,1,1,0,0,0,22,24,0,15,0,40,32
50247,1,1,0,0,0,0,0,0,0,0,0,0
50248,1,1,0,0,0,0,0,0,0,0,0,0
50249,1,1,1,1,1,1,1,1,1,1,1,1
50249,2,1,0,0,0,0,0,0,0,0,0,0
50250,0,1,0,0,0,0,0,0,0,0,0,0
50250,1,1,0,0,0,0,0,0,0,0,0,0
50250,2,1,0,0,0,0,0,0,0,0,0,0
50251,1,1,5,5,5,5,5,5,5,5,5,5
50252,1,1,11,11,11,11,11,11,11,11,11,11
50253,1,1,19,19,19,19,19,19,19,19,19,19
50254,1,1,0,0,0,0,0,0,0,0,0,0
50255,1,1,0,0,0,0,0,0,0,0,0,0
50255,2,1,0,0,0,0,26,0,0,0,0,17
50256,1,1,0,0,0,0,0,0,0,0,0,0
50257,1,1,0,0,0,0,0,0,0,0,0,0
50257,2,1,0,0,0,0,0,0,0,0,0,0
50257,3,1,0,0,0,0,0,0,0,0,0,0
50258,1,1,7,7,7,7,7,7,7,7,7,7
50259,1,1,37,37,37,37,37,37,37,37,37,37
50260,1,1,4,4,4,4,4,4,4,4,4,4
50261,1,1,17,17,17,17,17,17,17,17,17,17
50262,1,1,0,0,15,0,0,0,0,0,0,17
50263,1,1,0,0,0,0,0,0,0,0,0,0
50264,1,1,0,0,0,0,0,0,0,0,0,0
50264,2,1,0,0,0,0,0,0,0,0,0,0
50265,1,1,0,20,12,15,20,23,0,26,26,0
50266,1,1,0,0,0,0,0,0,0,0,0,0
50267,1,1,19,19,19,19,19,19,19,19,19,19
50268,0,1,0,0,0,0,0,0,0,0,0,0
50268,1,1,0,0,0,0,0,0,0,0,0,0
50269,1,1,0,0,0,0,0,0,0,0,0,0
50270,1,1,19,19,19,19,19,19,19,19,19,19
50271,1,1,0,0,0,0,0,0,0,0,0,0
50271,2,1,0,0,0,0,0,0,0,0,0,0
50272,1,1,10,14,14,17,12,6,16,25,11,10
50273,1,1,23,23,23,23,23,23,23,23,23,23
50274,1,1,15,16,0,20,0,10,15,24,25,20
50275,1,1,0,0,0,0,0,0,0,0,0,0
50275,2,1,0,0,0,0,0,0,0,0,0,0
50276,1,1,20,20,20,20,20,20,20,20,20,20
50277,1,1,0,0,0,0,0,0,0,0,0,0
50277,2,1,0,0,0,0,0,0,0,0,0,0
50278,1,1,0,0,0,0,0,0,0,0,0,0
50278,2,1,0,0,0,0,0,0,0,0,0,0
50279,1,1,0,0,0,0,0,0,0,0,0,0
50279,2,1,0,0,0,0,0,0,0,0,0,0
50280,1,1,0,0,0,0,0,0,0,0,0,0
50280,2,1,0,0,24,16,0,0,0,12,0,0
50281,1,1,8,7,15,19,7,20,19,8,23,44
50282,1,1,0,0,0,0,0,0,0,0,0,0
50282,2,1,0,0,0,0,0,0,0,0,0,0
50283,1,1,0,0,0,0,0,0,0,0,0,0
50284,1,1,25,25,25,25,25,25,25,25,25,25
50285,1,1,0,0,0,0,0,0,0,0,0,0
50286,1,1,0,0,0,0,0,0,0,0,0,0
50286,2,1,0,0,0,0,0,0,0,0,0,0
50287,1,1,0,0,0,0,0,0,0,0,0,0
50287,2,1,0,0,0,0,0,0,0,0,0,0
50288,1,1,20,20,20,20,20,20,20,20,20,20
50289,1,1,0,0,0,0,0,0,0,0,0,0
50290,1,1,0,0,0,0,0,0,0,0,0,0
50290,2,1,0,0,0,0,0,0,0,0,0,0
50291,1,1,0,0,0,0,0,0,0,0,0,0
50291,2,1,0,0,0,0,9,0,0,9,0,0
50292,1,1,0,0,0,0,0,0,0,0,0,0
50293,1,1,21,21,21,21,21,21,21,21,21,21
50293,2,1,0,0,0,0,0,0,0,0,7,0
50293,3,1,0,0,0,0,0,0,0,0,0,0
50294,1,1,0,0,0,0,0,17,19,7,7,0
50295,1,1,0,0,0,0,0,0,0,0,0,0
50295,2,1,0,0,0,0,0,0,0,0,0,0
50296,1,1,0,0,0,0,0,0,0,0,0,0
50297,1,1,0,0,0,0,0,0,0,0,0,0
50297,2,1,17,17,17,17,17,17,17,17,17,17
50298,0,1,19,19,19,19,19,19,19,19,19,19
50298,1,1,0,0,0,0,0,0,0,0,0,0
50299,1,1,0,0,0,0,0,0,0,0,0,0
50299,2,1,0,0,0,0,0,0,0,0,0,0
50299,3,1,0,0,0,0,0,0,0,0,0,0
50300,1,1,14,14,14,14,14,14,14,14,14,14
50300,2,1,0,0,0,0,0,0,0,0,0,0
50301,1,1,0,0,0,0,0,0,0,0,0,0
50302,0,1,0,0,0,0,0,0,0,0,0,0
50302,1,1,0,0,0,0,0,0,0,0,0,0
50303,1,1,0,0,0,0,0,0,0,0,0,0
50303,2,1,0,0,0,0,0,0,0,0,0,0
50304,1,1,0,0,0,0,0,0,0,0,0,0
50305,1,1,21,21,21,21,21,21,21,21,21,21
50306,1,1,5,5,5,5,5,5,5,5,5,5
50307,1,1,0,0,0,0,0,0,0,0,0,0
50307,2,1,0,0,0,0,0,0,0,0,0,0
50308,1,1,34,34,34,34,34,34,34,34,34,34
50309,1,1,0,0,0,0,0,0,0,0,0,0
50309,2,1,0,0,0,0,0,0,0,0,0,0
50310,1,1,9,9,9,9,9,9,9,9,9,9
50310,2,1,0,11,0,0,0,0,0,0,0,0
50311,1,1,0,0,0,0,0,0,0,0,0,0
50312,1,1,0,0,0,0,0,0,0,0,0,0
50312,2,1,0,0,0,0,0,0,0,0,0,0
50313,0,1,25,25,25,25,25,25,25,25,25,25
50313,1,1,0,4,0,0,13,0,0,0,0,0
50314,1,1,0,0,0,0,0,0,0,0,0,0
50314,2,1,0,0,0,0,0,0,0,0,0,0
50315,1,1,0,0,0,0,0,0,0,0,0,0
50316,1,1,0,0,0,0,0,0,0,0,0,0
50317,1,1,0,0,25,7,0,7,3,0,21,0
50317,2,1,0,0,0,0,0,0,0,0,0,0
50318,1,1,13,13,13,13,13,13,13,13,13,13
50319,1,1,5,5,5,5,5,5,5,5,5,5
50319,2,1,0,25,13,12,10,0,0,5,10,7
50320,1,1,1,1,1,1,1,1,1,1,1,1
50320,2,1,0,0,0,0,0,0,0,0,0,0
50321,1,1,0,0,0,0,0,0,0,0,0,0
50321,2,1,0,0,0,0,0,0,0,0,0,0
50322,1,1,11,8,26,16,0,10,0,0,4,9
50323,1,1,0,0,0,0,0,0,0,0,0,0
50324,1,1,0,0,0,0,0,0,0,0,0,0
50324,2,1,9,6,0,0,29,0,15,0,0,7
50325,1,1,0,0,0,9,0,0,0,9,19,0
50326,1,1,19,19,19,19,19,19,19,19,19,19
50326,2,1,21,29,12,22,34,20,14,24,18,11
50327,1,1,0,0,0,0,0,0,0,0,0,0
50328,1,1,0,0,0,0,0,0,0,0,0,0
50328,2,1,0,0,0,0,0,0,0,0,0,0
50329,1,1,33,33,33,33,33,33,33,33,33,33
50330,1,1,23,23,23,23,23,23,23,23,23,23
50331,1,1,8,8,8,8,8,8,8,8,8,8
50332,1,1,0,0,0,0,0,0,0,0,0,0
50333,1,1,0,0,0,0,0,0,0,0,0,0
50333,2,1,0,0,0,0,0,0,0,0,0,0
50334,1,1,0,0,0,0,0,0,0,0,0,0
50334,2,1,0,0,0,0,0,0,0,0,0,0
50334,3,1,0,0,0,0,0,0,0,0,0,0
50335,1,1,28,28,28,28,28,28,28,28,28,28
50336,1,1,0,0,0,0,0,0,0,0,0,0
50337,1,1,17,17,17,17,17,17,17,17,17,17
50337,2,1,0,0,0,0,0,0,0,0,0,0
50338,1,1,0,0,0,0,0,0,0,0,0,0
50339,1,1,0,0,0,0,0,0,0,0,0,0
50339,2,1,0,0,0,0,0,0,0,0,0,0
50340,1,1,0,0,0,0,0,0,0,0,0,0
50340,2,1,0,0,0,0,0,0,0,0,0,0
50341,1,1,0,0,0,0,0,0,0,0,0,0
50342,1,1,10,10,10,10,10,10,10,10,10,10
50342,2,1,0,0,0,0,0,0,0,0,0,0
50343,1,1,16,16,16,16,16,16,16,16,16,16
50344,1,1,0,0,0,0,0,0,0,0,0,0
50344,2,1,19,19,19,19,19,19,19,19,19,19
50345,1,1,0,0,0,0,0,0,0,0,0,0
50345,2,1,0,0,0,0,0,0,0,0,0,0
50346,1,1,0,0,0,0,0,0,0,0,0,0
50347,1,1,0,0,0,0,0,0,0,0,0,0
50348,1,1,0,0,0,0,0,0,0,0,0,0
50349,1,1,13,16,19,18,0,12,8,16,7,19
50350,1,1,0,0,11,0,0,0,0,0,24,0
50350,2,1,58,56,10,63,27,7,10,7,72,0
50350,3,1,15,0,14,12,22,5,16,0,0,0
50351,1,1,0,0,0,0,0,0,0,0,0,0
50351,2,1,0,0,0,0,0,0,0,0,0,0
50352,0,1,0,0,31,4,18,0,0,0,31,26
50352,1,1,17,0,0,0,18,0,0,0,0,0
50353,1,1,0,0,0,0,0,0,0,0,0,0
50354,0,1,0,0,0,0,0,0,0,0,0,0
50354,1,1,0,0,0,0,0,0,0,0,0,0
50355,0,1,0,0,0,0,0,0,0,0,0,0
50355,1,1,0,14,0,0,0,0,0,0,0,0
50356,1,1,15,15,15,15,15,15,15,15,15,15
50357,0,1,0,0,0,0,0,0,0,0,0,0
50357,1,1,0,0,0,0,0,0,0,0,0,0
50358,1,1,0,0,0,0,0,0,0,0,0,0
50358,2,1,0,0,0,0,0,0,0,0,0,0
50359,1,1,0,0,0,0,0,0,0,0,0,0
50359,2,1,0,0,0,0,0,0,0,0,0,0
50360,1,1,0,0,0,0,0,0,0,0,0,0
50360,2,1,12,0,0,14,0,0,0,0,0,0
50361,1,1,0,0,0,0,0,0,0,0,0,0
50361,2,1,0,0,0,0,0,0,0,0,0,0
50361,3,1,0,0,0,0,0,0,0,0,0,0
50361,4,1,0,0,0,0,0,0,0,0,0,0
50361,5,1,0,0,0,0,0,0,0,0,0,0
50362,1,1,0,0,0,0,0,0,0,0,0,0
50362,2,1,0,0,0,0,0,0,0,0,0,0
50362,3,1,0,0,0,0,0,0,0,0,0,0
50363,1,1,0,0,0,0,0,0,0,0,0,0
50364,1,1,0,0,0,0,0,0,0,0,0,0
50365,1,1,0,0,0,0,0,0,0,0,0,0
50366,1,1,0,0,0,0,0,0,0,0,0,0
50366,2,1,0,0,0,0,0,0,0,0,0,0
50367,1,1,0,0,0,0,0,0,0,0,0,0
50367,2,1,0,0,0,0,0,0,0,0,0,0
50368,1,1,15,15,15,15,15,15,15,15,15,15
50369,1,1,0,0,0,0,0,0,0,0,0,0
50370,1,1,18,15,22,37,12,14,13,21,16,35
50371,1,1,0,0,0,0,0,0,0,0,0,0
50372,1,1,27,27,27,27,27,27,27,27,27,27
50373,1,1,0,0,0,0,0,0,0,0,0,0
50373,2,1,0,0,0,0,0,0,0,0,0,0
50374,1,1,0,0,0,0,0,0,0,0,0,0
50374,2,1,0,0,0,0,0,0,0,0,0,0
50375,1,1,0,4,13,0,0,4,21,0,0,13
50375,2,1,0,3,8,0,0,9,6,2,13,21
50375,3,1,1,1,1,1,1,1,1,1,1,1
50375,4,1,16,26,15,4,0,16,0,11,11,0
50375,5,1,0,0,8,20,0,0,10,14,6,22
50375,6,1,0,0,0,0,0,0,0,0,0,0
50375,7,1,0,0,0,0,0,0,0,0,0,0
50376,1,1,14,14,14,14,14,14,14,14,14,14
50377,1,1,0,0,19,0,0,0,0,0,8,0
50377,2,1,16,0,0,0,0,0,0,39,49,0
50378,1,1,12,12,12,12,12,12,12,12,12,12
50378,2,1,0,0,0,0,0,0,0,0,0,0
50379,1,1,0,0,0,0,0,0,0,0,0,0
50379,2,1,0,0,0,0,0,0,0,0,0,0
50380,1,1,14,14,14,14,14,14,14,14,14,14
50380,2,1,0,0,0,0,0,0,0,0,0,0
50381,0,1,17,17,17,17,17,17,17,17,17,17
50381,1,1,0,0,0,0,0,0,0,0,0,0
50382,1,1,0,16,0,0,0,0,0,0,0,0
50382,2,1,0,0,0,0,0,0,0,0,0,0
50383,1,1,0,0,0,0,0,0,0,0,0,0
50383,2,1,0,0,0,0,0,0,0,0,0,0
50384,1,1,0,0,0,8,0,0,0,0,0,0
50384,2,1,0,0,0,0,0,0,0,0,0,0
50385,1,1,0,0,0,0,0,0,0,0,0,0
50385,2,1,38,30,14,0,0,0,19,33,42,21
50386,1,1,0,0,0,0,0,0,0,0,0,0
50387,0,1,0,0,0,0,0,0,0,0,0,0
50387,1,1,0,0,0,0,0,0,0,0,0,0
50387,2,1,0,0,3,0,0,0,0,11,0,0
50388,1,1,26,29,0,14,13,0,11,12,26,0
50388,2,1,5,4,17,0,0,0,15,15,0,16
50388,3,1,0,0,0,0,0,0,0,0,0,0
50388,4,1,0,0,0,0,0,0,0,0,0,8
50388,5,1,0,0,0,0,0,0,0,0,0,0
50389,1,1,0,0,0,0,0,0,0,0,0,6
50389,2,1,0,0,0,0,0,0,0,0,0,0
50390,0,1,0,0,0,0,0,0,0,0,0,0