ST_CASE,VEH_NO,PER_NO,P1,P2,P3,P4,P5,P6,P7,P8,P9,P10
50390,0,2,0,19,17,0,0,38,0,56,0,0
50390,1,1,0,0,0,0,0,0,0,40,9,8
50390,2,1,0,0,0,0,0,0,0,0,0,0
50391,1,1,0,0,0,0,0,0,0,0,0,0
50392,1,1,0,0,0,0,0,0,0,0,0,0
50392,2,1,0,0,0,0,0,0,0,0,0,0
50392,3,1,0,0,0,0,0,0,0,0,0,0
50393,1,1,0,0,23,0,0,5,0,0,0,0
50394,1,1,0,0,0,0,0,0,0,5,0,0
50394,2,1,0,0,0,0,31,0,0,0,0,0
50395,1,1,0,0,0,0,0,0,0,0,0,0
50395,2,1,0,0,0,0,0,0,0,0,0,0
50396,0,1,0,0,0,0,0,0,0,0,0,0
50396,1,1,0,0,0,0,0,0,16,0,0,0
50397,1,1,8,8,8,8,8,8,8,8,8,8
50398,1,1,0,0,0,0,0,0,0,0,0,0
50398,2,1,0,0,0,0,0,0,0,0,0,0
50399,0,1,0,0,0,0,0,0,0,0,0,0
50399,1,1,0,0,0,0,0,0,0,5,0,0
50400,1,1,0,0,0,0,0,0,0,0,0,0
50400,2,1,0,0,0,0,0,0,0,0,0,0
50401,1,1,0,0,0,0,0,0,0,0,0,0
50401,2,1,0,25,15,12,6,18,17,8,16,14
50401,3,1,0,0,0,0,0,0,0,0,0,0
50402,1,1,0,0,0,0,0,0,0,0,0,0
50403,1,1,0,0,0,0,0,0,0,0,25,0
50404,1,1,0,0,0,0,0,0,0,0,0,0
50404,2,1,0,0,0,0,0,0,0,0,0,0
50405,1,1,0,0,0,0,0,0,0,0,0,0
50406,1,1,0,0,0,0,0,0,0,0,0,0
50406,2,1,28,28,28,28,28,28,28,28,28,28
50407,1,1,0,0,0,0,0,0,0,0,0,0
50408,0,1,0,0,0,0,12,0,0,0,0,24
50408,1,1,0,0,0,0,0,0,0,0,0,0
50409,1,1,20,24,25,10,13,11,8,17,27,24
50409,2,1,0,21,7,28,0,13,0,14,15,14
50410,1,1,0,0,0,0,0,0,0,0,0,0
50410,2,1,0,0,0,0,0,0,0,0,0,0
50411,0,1,0,0,0,0,0,0,0,0,0,0
50411,1,1,1,1,1,1,1,1,1,1,1,1
50412,1,1,0,0,23,10,21,12,0,0,29,0
50413,1,1,0,0,0,0,0,0,0,0,0,0
50414,0,1,0,0,0,0,0,0,0,0,0,0
50414,1,1,18,0,0,0,0,0,0,0,0,0
50415,0,1,0,0,0,0,0,0,0,0,0,0
50415,1,1,0,0,0,0,0,0,0,0,0,0
50416,1,1,0,0,0,0,0,0,0,0,0,0
50417,1,1,0,0,0,0,0,0,0,0,0,0
50417,2,1,17,17,17,17,17,17,17,17,17,17
50418,1,1,20,20,20,20,20,20,20,20,20,20
50419,1,1,0,0,0,23,10,0,0,0,13,0
50420,1,1,0,0,0,0,0,0,0,0,0,0
50420,2,1,0,0,0,0,0,0,0,0,0,0
50421,0,1,0,0,0,0,0,0,0,0,0,0
50421,1,1,17,17,17,17,17,17,17,17,17,17
50422,1,1,0,0,0,0,0,0,0,0,0,0
50422,2,1,0,0,0,0,0,0,0,0,0,0
50422,3,1,0,0,0,0,0,0,0,0,0,0
50423,1,1,13,13,13,13,13,13,13,13,13,13
50424,1,1,0,0,0,0,0,0,0,0,0,11
50425,1,1,27,27,27,27,27,27,27,27,27,27
50426,1,1,0,0,0,0,0,0,0,0,0,0
50427,1,1,0,0,0,0,0,0,0,0,0,0
50428,1,1,16,16,16,16,16,16,16,16,16,16
50429,0,1,27,27,27,27,27,27,27,27,27,27
50429,1,1,0,0,0,0,0,0,0,0,0,0
50430,1,1,0,0,0,0,0,0,0,0,0,0
50431,1,1,0,0,0,0,0,0,0,0,0,0
50432,1,1,6,0,0,0,0,0,0,7,0,0
50433,1,1,0,0,0,0,0,0,0,0,0,0
50433,2,1,0,0,0,0,0,0,0,0,0,0
50434,0,1,24,24,24,24,24,24,24,24,24,24
50434,1,1,4,4,4,4,4,4,4,4,4,4
50435,1,1,0,0,0,0,0,0,0,0,22,0
50435,2,1,0,0,0,0,0,0,0,0,0,0
50436,1,1,21,21,21,21,21,21,21,21,21,21
50437,1,1,16,16,16,16,16,16,16,16,16,16
50438,1,1,0,0,0,0,0,0,0,0,0,0
50438,2,1,0,0,0,0,0,0,0,0,0,0
50438,3,1,0,0,0,0,0,0,0,0,0,0
80001,1,1,0,0,0,0,0,0,0,0,0,0
80001,2,1,0,0,0,0,0,0,0,0,0,0
80002,0,1,21,0,0,0,0,0,0,0,0,0
80002,1,1,0,0,0,0,0,0,0,0,0,0
80002,2,1,0,0,28,0,0,21,0,0,0,0
80003,1,1,11,11,11,11,11,11,11,11,11,11
80003,2,1,0,0,0,0,0,0,0,0,0,0
80004,1,1,0,0,0,0,0,0,0,14,0,0
80004,2,1,0,0,0,0,0,0,0,0,0,0
80005,1,1,0,0,0,0,0,0,0,0,0,0
80005,2,1,13,0,0,0,0,0,0,0,0,0
80006,1,1,21,21,21,21,21,21,21,21,21,21
80006,2,1,0,0,23,0,0,0,0,0,0,0
80007,1,1,0,0,0,0,0,0,0,0,0,0
80007,2,1,0,0,0,0,0,0,0,0,0,0
80007,3,1,0,0,0,0,0,0,0,0,0,0
80008,1,1,32,32,32,32,32,32,32,32,32,32
80009,1,1,0,0,0,0,0,0,0,0,0,0
80010,1,1,0,0,0,0,0,0,0,0,0,0
80011,0,1,0,0,0,0,0,0,0,0,0,0
80011,1,1,0,0,20,0,0,0,0,0,0,0
80012,1,1,18,18,18,18,18,18,18,18,18,18
80013,0,1,0,0,0,0,0,42,0,0,0,0
80013,1,1,0,0,0,0,0,0,0,0,0,0
80014,1,1,19,19,19,19,19,19,19,19,19,19
80015,1,1,0,0,0,0,0,0,0,0,0,0
80016,1,1,0,0,0,0,0,0,5,0,0,0
80016,2,1,0,0,0,0,0,0,0,0,0,0
80017,1,1,11,11,11,11,11,11,11,11,11,11
80017,2,1,0,0,2,0,0,0,0,0,0,0
80018,0,1,0,0,0,0,0,0,0,0,0,0
80018,1,1,0,0,0,0,0,0,0,0,0,0
80019,1,1,0,0,0,0,0,0,0,0,0,0
80019,2,1,0,0,0,0,0,0,0,0,0,0
80020,1,1,26,26,26,26,26,26,26,26,26,26
80021,1,1,0,0,0,0,0,0,0,0,0,0
80022,1,1,0,0,0,0,0,0,0,0,0,0
80022,2,1,0,0,0,0,0,0,0,0,0,0
80023,0,1,0,0,0,0,0,0,0,0,0,0
80023,1,1,0,0,0,0,0,0,0,0,0,12
80024,1,1,0,0,0,0,0,0,0,0,0,0
80025,1,1,0,0,0,0,0,0,0,0,0,0
80026,1,1,0,0,0,0,0,0,0,0,0,0
80027,1,1,20,20,20,20,20,20,20,20,20,20
80028,0,1,0,0,0,0,0,0,0,0,0,0
80028,1,1,0,0,0,0,0,0,0,21,18,0
80029,0,1,30,30,30,30,30,30,30,30,30,30
80029,1,1,11,11,11,11,11,11,11,11,11,11
80030,1,1,0,0,0,0,0,0,0,0,0,0
80030,2,1,29,0,0,0,0,0,0,0,0,0
80031,0,1,0,0,0,0,0,0,0,0,0,0
80031,1,1,0,0,0,0,0,0,0,0,0,0
80032,1,1,20,20,20,20,20,20,20,20,20,20
80033,1,1,22,22,22,22,22,22,22,22,22,22
80033,2,1,0,0,0,0,0,0,0,0,0,0
80034,1,1,0,0,0,0,0,0,0,0,0,0
80034,2,1,8,0,4,0,0,0,0,0,0,0
80035,1,1,0,0,0,0,0,0,0,0,0,0
80037,1,1,0,0,0,0,0,0,0,0,0,0
80038,1,1,25,25,25,25,25,25,25,25,25,25
80039,1,1,0,0,0,0,0,0,0,0,0,0
80040,1,1,0,0,0,0,0,8,0,0,0,0
80040,2,1,0,0,0,0,0,0,0,0,0,0
80041,0,1,5,5,5,5,5,5,5,5,5,5
80041,1,1,0,0,0,0,0,0,0,0,0,0
80042,1,1,15,15,15,15,15,15,15,15,15,15
80043,1,1,20,20,20,20,20,20,20,20,20,20
80044,1,1,0,0,0,0,0,0,0,0,0,0
80044,2,1,0,0,0,0,0,0,0,0,0,0
80044,3,1,0,0,0,27,0,0,0,0,0,0
80045,1,1,16,16,16,16,16,16,16,16,16,16
80046,1,1,0,0,0,0,0,0,0,0,0,0
80046,2,1,19,0,8,0,0,0,22,25,16,0
80047,0,1,0,0,0,0,0,0,0,0,0,0
80047,1,1,0,0,0,0,0,0,0,0,0,0
80048,1,1,0,0,10,0,0,0,0,0,0,0
80048,2,1,0,0,0,0,0,0,0,0,0,0
80049,1,1,0,0,0,0,0,0,0,0,0,0
80049,2,1,0,0,0,0,0,0,0,0,0,0
80050,1,1,0,0,0,0,0,0,0,0,0,0
80050,2,1,0,0,0,0,0,0,0,0,0,0
80051,1,1,13,13,13,13,13,13,13,13,13,13
80051,2,1,0,0,0,0,0,12,0,0,0,0
80052,0,1,0,0,0,0,0,0,0,0,0,0
80052,1,1,0,0,0,0,0,0,0,0,0,0
80053,1,1,0,0,0,0,0,0,0,0,0,0
80053,2,1,0,0,0,0,0,0,0,0,0,0
80054,1,1,8,8,8,8,8,8,8,8,8,8
80054,2,1,0,0,0,0,0,0,0,0,0,0
80055,0,1,4,4,4,4,4,4,4,4,4,4
80055,1,1,0,0,0,8,0,0,0,0,0,0
80055,2,1,8,8,8,8,8,8,8,8,8,8
80056,1,1,15,15,15,15,15,15,15,15,15,15
80057,1,1,0,0,0,0,0,0,0,0,0,0
80057,2,1,0,0,0,0,0,0,0,16,0,0
80057,3,1,0,0,0,9,0,0,0,0,12,0
80058,1,1,5,5,5,5,5,5,5,5,5,5
80058,2,1,14,0,0,0,0,0,0,0,0,0
80058,3,1,0,0,0,0,0,0,0,0,0,0
80059,1,1,21,21,21,21,21,21,21,21,21,21
80060,1,1,15,15,15,15,15,15,15,15,15,15
80061,0,1,0,0,0,0,0,0,0,0,0,0
80061,1,1,0,0,0,0,0,0,0,0,0,15
80062,1,1,0,0,0,0,0,0,0,0,0,0
80062,2,1,0,0,0,0,0,0,0,0,0,0
80063,0,1,0,0,0,0,0,0,0,0,0,0
80063,1,1,0,0,0,0,0,0,0,0,0,37
80064,1,1,0,0,0,0,0,0,0,0,0,0
80064,2,1,0,0,0,0,0,0,0,0,0,0
80065,1,1,0,0,0,0,0,0,0,0,0,0
80065,2,1,0,0,0,0,0,0,0,0,0,0
80066,1,1,26,26,26,26,26,26,26,26,26,26
80067,1,1,28,28,28,28,28,28,28,28,28,28
80067,2,1,0,0,0,0,0,0,0,0,0,0
80068,1,1,0,0,0,0,0,0,0,0,0,0
80068,2,1,0,0,0,0,0,0,0,0,0,0
80069,1,1,20,20,20,20,20,20,20,20,20,20
80069,2,1,0,0,0,0,0,0,0,0,0,0
80070,1,1,2,2,2,2,2,2,2,2,2,2
80070,2,1,0,0,0,0,0,0,0,0,0,0
80071,1,1,19,19,19,19,19,19,19,19,19,19
80072,1,1,0,0,0,0,0,0,0,0,0,0
80073,1,1,24,24,24,24,24,24,24,24,24,24
80074,1,1,18,18,18,18,18,18,18,18,18,18
80075,1,1,0,0,0,0,0,0,0,0,0,0
80076,1,1,0,0,0,0,0,0,0,0,0,0
80077,1,1,0,0,0,0,0,0,0,0,0,0
80078,1,1,0,0,0,0,0,0,0,0,0,0
80078,2,1,0,0,0,0,0,0,0,0,0,0
80078,3,1,0,0,0,0,0,0,0,0,0,0
80078,4,1,0,0,0,0,0,0,0,0,0,0
80078,5,1,0,3,0,0,0,0,0,0,20,0
80078,6,1,0,0,0,0,0,0,0,0,0,0
80079,1,1,0,0,0,0,0,0,0,0,0,0
80080,1,1,0,0,0,0,0,0,0,0,0,0
80080,2,1,0,0,0,0,0,0,0,0,0,0
80080,3,1,0,0,0,0,0,0,0,0,0,0
80081,0,1,0,0,0,28,0,0,0,0,44,0
80081,1,1,0,0,0,0,0,0,0,0,0,11
80082,1,1,0,0,0,0,0,0,0,0,0,0
80083,1,1,0,0,0,0,0,0,0,0,0,0
80083,2,1,0,0,0,0,0,0,0,0,0,0
80084,1,1,0,0,0,0,0,0,0,0,4,0
80085,1,1,0,0,0,0,0,0,0,0,0,0
80085,2,1,0,0,0,0,0,0,0,0,0,0
80086,1,1,0,0,0,0,0,0,0,0,0,0
80087,0,1,14,14,14,14,14,14,14,14,14,14
80087,1,1,0,0,0,0,0,0,0,0,0,0
80088,1,1,8,8,8,8,8,8,8,8,8,8
80089,1,1,0,0,0,0,0,0,0,0,0,0
80089,2,1,0,0,0,0,0,0,0,0,0,0
80090,1,1,34,34,34,34,34,34,34,34,34,34
80090,2,1,0,0,0,0,0,0,0,0,0,0
80090,3,1,0,0,0,0,0,0,0,0,0,0
80091,1,1,14,14,14,14,14,14,14,14,14,14
80092,1,1,25,25,25,25,25,25,25,25,25,25
80092,2,1,0,0,0,0,0,0,0,0,0,0
80093,1,1,12,14,16,12,17,25,11,0,29,17
80094,1,1,12,12,12,12,12,12,12,12,12,12
80095,0,1,28,28,28,28,28,28,28,28,28,28
80095,1,1,0,0,25,9,8,0,0,0,0,6
80095,2,1,0,0,12,0,0,0,17,0,0,0
80096,0,1,44,16,0,0,19,1,0,0,21,18
80096,1,1,0,0,0,0,0,0,0,0,0,0
80097,1,1,0,0,13,0,6,18,14,7,6,0
80098,1,1,0,0,0,0,0,0,0,0,0,0
80099,0,1,23,23,23,23,23,23,23,23,23,23
80099,1,1,10,11,22,12,6,11,0,14,15,0
80100,1,1,6,6,6,6,6,6,6,6,6,6
80100,2,1,0,0,0,0,0,0,0,0,0,0
80101,1,1,0,0,11,7,0,25,0,0,0,0
80102,1,1,0,0,0,0,0,0,10,0,0,0
80103,1,1,0,0,0,0,0,0,0,0,0,0
80104,1,1,0,0,0,0,0,0,0,0,0,0
80104,2,1,0,0,0,0,0,0,0,0,0,0
80104,3,1,0,0,0,0,0,0,0,0,0,0
80105,1,1,19,19,19,19,19,19,19,19,19,19
80106,1,1,0,0,0,0,0,0,0,0,0,0
80106,2,1,0,0,0,0,0,0,0,0,0,0
80107,1,1,0,0,0,0,0,0,0,0,0,0
80108,1,1,3,0,9,0,0,23,19,0,5,0
80108,2,1,0,0,0,0,0,0,0,0,0,0
80109,1,1,0,0,0,0,0,0,0,0,0,0
80109,2,1,0,0,0,0,0,0,0,0,0,0
80110,1,1,0,0,27,0,0,0,0,0,0,0
80111,1,1,19,19,19,19,19,19,19,19,19,19
80112,1,1,2,2,2,2,2,2,2,2,2,2
80113,1,1,21,21,21,21,21,21,21,21,21,21
80114,1,1,21,21,21,21,21,21,21,21,21,21
80114,2,1,0,0,0,0,0,0,0,0,0,0
80115,1,1,0,0,0,0,0,0,0,0,0,0
80115,2,1,0,0,0,0,0,0,0,0,0,0
80115,3,1,0,0,0,0,0,0,0,0,0,0
80116,1,1,0,17,33,16,29,33,9,8,32,22
80117,1,1,0,0,0,0,0,0,0,0,0,0
80117,2,1,0,0,0,0,0,0,0,0,0,0
80118,0,1,4,4,4,4,4,4,4,4,4,4
80118,1,1,0,0,0,0,0,0,0,0,0,0
80119,1,1,0,0,0,0,0,0,0,0,0,0
80119,2,1,0,0,0,0,0,0,0,0,0,0
80120,1,1,21,21,21,21,21,21,21,21,21,21
80120,2,1,0,0,0,0,0,0,0,0,0,0
80121,1,1,16,16,16,16,16,16,16,16,16,16
80122,1,1,0,0,0,0,0,0,0,0,0,0
80122,2,1,0,0,0,0,0,0,0,0,0,0
80123,1,1,3,3,3,3,3,3,3,3,3,3
80124,1,1,0,0,0,0,0,0,0,0,0,0
80124,2,1,0,0,0,0,0,0,0,0,0,0
80125,0,1,0,0,0,0,0,0,0,0,0,0
80125,1,1,1,1,1,1,1,1,1,1,1,1
80125,2,1,0,0,0,0,0,0,0,0,0,0
80126,1,1,14,14,14,14,14,14,14,14,14,14
80127,1,1,0,0,0,0,0,0,0,0,0,0
80127,2,1,0,0,0,0,0,0,0,0,0,0
80128,1,1,0,0,0,0,0,0,0,0,0,0
80128,2,1,21,0,0,0,0,0,0,0,0,0
80129,1,1,22,22,22,22,22,22,22,22,22,22
80130,1,1,0,0,0,0,0,0,0,0,0,0
80130,2,1,0,0,0,0,0,0,0,0,0,0
80130,3,1,0,0,0,0,0,0,0,16,0,0
80131,1,1,0,0,0,0,0,0,0,0,0,0
80132,1,1,0,0,0,0,0,0,0,0,0,0
80132,2,1,0,0,0,0,0,0,0,0,0,0
80133,1,1,17,17,17,17,17,17,17,17,17,17
80133,2,1,24,24,24,24,24,24,24,24,24,24
80134,1,1,0,0,0,0,0,0,0,0,0,0
80135,1,1,0,0,0,0,0,0,0,0,0,0
80135,2,1,0,0,0,0,0,0,0,0,0,0
80136,1,1,0,0,0,0,0,0,0,0,0,0
80137,1,1,0,0,0,0,0,0,0,0,0,0
80137,2,1,7,0,0,0,0,22,0,0,7,0
80137,3,1,0,0,0,0,0,0,0,0,0,0
80137,4,1,0,0,0,0,0,0,0,0,0,0
80138,1,1,0,0,0,0,0,0,0,0,0,0
80139,1,1,14,14,14,14,14,14,14,14,14,14
80139,2,1,0,0,0,0,0,0,0,0,0,0
80140,1,1,0,0,0,0,0,0,0,0,0,0
80141,1,1,23,23,23,23,23,23,23,23,23,23
80141,2,1,0,0,0,0,0,0,0,0,0,0
80142,1,1,0,0,0,0,0,0,0,0,0,0
80143,1,1,0,0,0,0,0,0,0,0,0,0
80143,2,1,0,0,0,0,0,0,0,0,0,0
80144,1,1,1,1,1,1,1,1,1,1,1,1
80144,2,1,0,0,0,0,0,0,0,0,10,0
80145,1,1,20,20,20,20,20,20,20,20,20,20
80145,2,1,0,0,0,0,0,0,0,9,0,0
80146,1,1,0,0,0,0,0,0,0,0,0,0
80146,2,1,0,0,0,23,0,0,0,0,27,0
80147,1,1,26,26,26,26,26,26,26,26,26,26
80147,2,1,0,0,0,0,0,23,0,0,0,0
80148,1,1,0,0,0,0,0,0,0,0,0,0
80149,0,1,4,4,4,4,4,4,4,4,4,4
80149,1,1,0,26,17,0,24,0,0,14,8,0
80150,1,1,0,0,0,0,0,0,0,0,0,0
80150,2,1,0,0,0,0,0,0,0,0,0,0
80151,1,1,11,18,0,0,0,0,0,23,5,0
80152,1,1,0,0,0,0,0,0,0,0,11,27
80153,1,1,0,0,0,0,0,0,0,0,0,0
80154,1,1,0,0,0,0,0,0,0,0,0,0
80154,2,1,0,0,0,0,0,0,0,0,0,0
80155,1,1,0,0,0,0,0,0,0,0,0,0
80155,2,1,0,0,0,0,0,0,0,0,0,0
80156,1,1,0,0,0,0,0,0,0,0,0,0
80156,2,1,0,0,0,0,0,0,0,0,0,0
80157,1,1,16,15,35,12,6,21,13,16,18,25
80158,1,1,0,0,0,0,0,0,0,0,0,0
80158,2,1,0,0,0,0,0,0,0,0,0,0
80158,3,1,0,0,0,0,0,0,0,0,0,0
80159,1,1,5,5,15,16,13,10,16,3,15,9
80160,0,1,0,0,0,0,0,0,0,0,0,0
80161,1,1,0,0,0,0,0,0,0,0,0,0
80161,2,1,0,0,0,0,0,0,0,0,0,0
80162,1,1,0,0,0,0,0,0,0,0,0,0
80163,1,1,0,0,0,0,0,0,0,0,0,0
80163,2,1,0,0,0,0,0,0,0,0,0,0
80163,3,1,0,0,0,0,0,0,0,0,0,0
80164,1,1,0,0,0,0,0,0,0,0,0,0
80164,2,1,0,0,0,0,0,0,0,0,0,0
80165,1,1,0,0,0,0,0,0,0,0,0,0
80165,2,1,0,0,0,0,0,0,0,0,0,0
80166,0,1,29,29,29,29,29,29,29,29,29,29
80166,1,1,0,0,0,0,0,0,0,0,0,0
80167,1,1,0,0,0,0,0,0,0,0,0,0
80167,2,1,0,0,0,0,0,0,0,0,0,0
80168,1,1,26,26,26,26,26,26,26,26,26,26
80169,1,1,14,14,14,14,14,14,14,14,14,14
80170,1,1,0,0,0,0,0,0,0,0,0,0
80170,2,1,0,0,0,0,0,0,0,0,0,0
80171,1,1,0,0,0,0,0,0,0,0,0,0
80171,2,1,0,0,0,0,0,0,0,0,0,0
80171,3,1,0,0,0,0,0,0,0,0,0,0
80172,1,1,0,0,0,0,0,0,0,0,0,0
80173,1,1,0,0,0,0,0,0,0,0,0,0
80174,1,1,0,17,0,0,13,0,0,0,0,18
80175,1,1,26,26,26,26,26,26,26,26,26,26
80175,2,1,0,0,0,0,0,0,0,0,0,0
80176,1,1,0,0,0,0,0,0,0,0,0,0
80177,1,1,0,0,0,0,0,0,0,0,0,0
80177,2,1,0,0,0,0,0,0,0,0,0,0
80177,3,1,0,0,0,0,0,0,0,0,0,0
80178,1,1,0,0,6,0,0,0,0,0,23,9
80179,1,1,0,0,0,0,0,0,0,0,0,0
80179,2,1,0,0,0,0,0,0,0,0,0,0
80179,3,1,0,0,0,0,0,0,0,0,0,0
80180,0,1,0,0,0,0,0,0,0,0,0,0
80180,1,1,0,0,0,0,0,0,0,0,0,0
80181,1,1,0,0,0,0,0,0,0,0,0,0
80182,1,1,0,0,0,9,0,19,0,0,12,0
80183,1,1,0,0,0,0,0,0,0,0,0,0
80184,1,1,0,0,0,0,0,0,0,0,0,0
80185,0,1,20,40,12,10,22,14,12,6,28,23
80185,1,1,0,0,0,0,0,0,0,0,0,0
80186,1,1,0,0,0,0,0,0,0,21,0,0
80186,2,1,0,0,0,0,0,0,0,0,0,0
80187,0,1,35,35,35,35,35,35,35,35,35,35
80187,1,1,0,0,0,0,0,0,0,0,0,0
80188,1,1,0,0,0,0,0,0,0,0,0,0
80189,1,1,0,0,15,0,0,0,0,0,0,0
80190,1,1,9,9,9,9,9,9,9,9,9,9
80191,1,1,0,0,0,0,0,0,0,0,0,0
80191,2,1,0,0,0,0,0,0,0,0,0,19
80192,1,1,8,8,8,8,8,8,8,8,8,8
80192,2,1,0,0,0,0,0,0,0,0,0,0
80192,3,1,0,0,0,0,0,0,0,0,0,0
80193,1,1,0,0,0,0,0,0,0,0,0,0
80194,1,1,8,8,8,8,8,8,8,8,8,8
80194,2,1,0,0,0,0,0,0,0,0,0,0
80195,1,1,22,22,22,22,22,22,22,22,22,22
80195,2,1,0,0,6,0,0,0,0,0,0,0
80196,1,1,21,21,21,21,21,21,21,21,21,21
80197,1,1,0,0,0,0,0,0,0,0,0,0
80197,2,1,0,0,0,0,0,0,21,0,0,0
80199,1,1,0,0,0,2,0,0,0,0,0,0
80199,2,1,0,0,0,0,0,0,0,0,0,0
80199,3,1,0,0,0,0,0,0,0,0,0,0
80200,1,1,28,28,28,28,28,28,28,28,28,28
80201,0,1,25,25,25,25,25,25,25,25,25,25
80201,1,1,0,11,0,0,0,0,0,0,0,0
80202,1,1,0,0,0,0,0,0,0,0,0,0
80202,2,1,0,0,0,0,0,0,0,18,0,0
80203,1,1,0,0,0,0,0,0,0,0,0,0
80204,1,1,23,23,23,23,23,23,23,23,23,23
80205,1,1,20,20,20,20,20,20,20,20,20,20
80206,1,1,12,12,12,12,12,12,12,12,12,12
80207,1,1,8,8,8,8,8,8,8,8,8,8
80208,1,1,0,0,0,0,0,0,0,0,0,0
80208,2,1,0,0,0,0,0,0,0,0,0,0
80209,1,1,0,0,0,0,0,0,0,0,0,0
80209,2,1,0,9,0,0,0,0,0,0,0,0
80209,3,1,0,0,0,0,0,0,0,0,0,0
80210,1,1,0,0,0,0,0,0,0,0,0,0
80211,1,1,0,0,0,0,0,0,0,0,0,0
80211,2,1,0,0,0,0,0,0,0,0,0,0
80212,1,1,26,26,26,26,26,26,26,26,26,26
80213,0,1,0,0,0,0,0,0,0,0,27,23
80213,0,2,0,0,0,0,0,0,0,0,0,0
80213,0,3,0,0,0,0,0,0,23,0,0,0
80213,0,4,0,0,0,0,0,0,0,0,0,0
80213,1,1,0,0,0,0,0,0,0,0,0,0
80214,1,1,0,0,0,0,0,0,0,0,0,0
80215,1,1,11,11,11,11,11,11,11,11,11,11
80216,1,1,0,0,0,0,0,0,0,0,0,0
80216,2,1,0,0,0,0,0,0,0,0,0,0
80217,1,1,0,0,0,0,0,0,0,0,0,0
80218,1,1,23,23,23,23,23,23,23,23,23,23
80219,0,1,0,0,0,0,0,0,0,0,0,0
80219,1,1,0,0,0,0,0,0,0,0,0,0
80220,1,1,0,0,0,0,0,15,0,0,0,0
80220,2,1,0,0,0,0,0,0,0,0,0,0
80221,1,1,0,0,0,0,0,0,0,0,0,0
80221,2,1,0,0,0,0,0,0,0,0,0,0
80222,0,1,25,25,25,25,25,25,25,25,25,25
80222,1,1,19,0,0,0,0,0,0,17,0,0
80223,1,1,0,0,0,0,0,0,0,0,0,0
80223,2,1,0,0,0,0,14,0,0,0,0,13
80223,3,1,0,0,9,0,0,0,0,0,0,0
80224,0,1,10,30,16,21,14,18,15,31,15,15
80224,1,1,0,0,0,0,0,0,0,0,0,0
80225,1,1,17,17,17,17,17,17,17,17,17,17
80225,2,1,0,0,0,0,0,0,0,0,0,0
80225,3,1,0,0,0,0,0,0,0,0,0,0
80226,1,1,0,0,0,0,0,0,0,0,0,0
80226,2,1,0,0,0,0,0,5,0,0,0,0
80227,1,1,0,0,0,0,0,0,0,0,0,0
80228,0,1,0,0,0,0,0,0,0,0,0,0
80228,1,1,0,0,0,0,0,0,0,0,0,0
80228,2,1,0,4,0,0,0,0,0,0,0,0
80229,1,1,0,0,0,0,0,0,0,0,0,0
80229,2,1,0,0,0,0,0,0,0,0,0,0
80230,1,1,0,0,0,0,0,0,0,0,0,0
80230,2,1,8,8,8,8,8,8,8,8,8,8
80231,1,1,0,0,0,0,0,0,0,0,0,0
80231,2,1,7,7,7,7,7,7,7,7,7,7
80232,1,1,0,0,0,0,0,0,0,0,0,0
80233,1,1,12,12,12,12,12,12,12,12,12,12
80234,1,1,0,0,0,0,0,0,0,0,0,0
80235,0,1,0,0,0,0,0,0,0,0,0,0
80235,1,1,0,0,0,0,0,0,0,0,0,0
80236,0,1,0,0,0,0,0,0,0,0,0,0
80236,1,1,0,0,0,27,0,0,0,0,0,0
80237,1,1,12,0,0,0,0,0,0,0,0,6
80238,1,1,0,0,0,0,0,0,0,0,0,0
80238,2,1,0,0,0,0,0,0,0,0,0,0
80239,1,1,0,0,0,25,0,0,19,0,19,0
80240,1,1,12,12,12,12,12,12,12,12,12,12
80240,2,1,7,0,0,0,0,0,0,0,0,0
80241,0,1,29,0,0,0,0,0,0,0,0,0
80241,0,2,0,0,0,0,0,0,0,0,0,0
80241,1,1,0,0,0,0,27,0,0,0,0,0
80242,1,1,22,22,22,22,22,22,22,22,22,22
80243,1,1,0,0,0,0,0,0,0,0,0,0
80243,2,1,0,0,0,0,0,0,0,0,0,0
80244,1,1,28,28,28,28,28,28,28,28,28,28
80245,1,1,18,18,18,18,18,18,18,18,18,18
80246,1,1,0,0,0,0,0,0,0,0,0,0
80246,2,1,0,0,0,0,0,0,0,0,0,0
80247,1,1,16,16,16,16,16,16,16,16,16,16
80248,1,1,15,15,15,15,15,15,15,15,15,15
80249,1,1,17,17,17,17,17,17,17,17,17,17
80250,1,1,0,0,0,0,0,0,0,0,0,0
80251,1,1,32,32,32,32,32,32,32,32,32,32
80251,2,1,0,0,0,0,0,0,0,0,0,0
80252,1,1,21,21,21,21,21,21,21,21,21,21
80253,1,1,0,0,0,0,0,0,0,0,0,0
80254,1,1,16,0,14,0,0,0,0,0,0,0
80254,2,1,9,9,9,9,9,9,9,9,9,9
80255,1,1,19,19,19,19,19,19,19,19,19,19
80256,1,1,0,0,0,0,0,0,0,0,0,0
80256,2,1,0,0,0,0,0,0,0,0,0,0
80257,1,1,0,0,0,0,0,0,0,0,0,0
80257,2,1,18,0,0,0,0,0,0,0,0,0
80257,3,1,0,0,0,0,0,0,0,0,0,0
80258,1,1,0,0,0,0,0,0,0,0,0,0
80258,2,1,0,0,0,0,0,0,0,0,33,0
80259,1,1,13,13,13,13,13,13,13,13,13,13
80260,1,1,27,27,27,27,27,27,27,27,27,27
80260,2,1,14,21,9,17,12,20,20,25,21,19
80261,1,1,15,22,21,31,29,15,0,8,19,3
80262,1,1,0,0,0,0,0,0,0,0,0,0
80262,2,1,0,0,0,0,0,0,0,0,0,0
80263,1,1,0,0,0,0,0,0,0,0,0,0
80263,2,1,0,0,0,0,0,0,0,0,0,0
80263,3,1,0,0,0,0,0,0,0,0,0,0
80264,1,1,0,0,0,0,0,0,28,0,8,0
80265,1,1,34,34,34,34,34,34,34,34,34,34
80266,1,1,0,0,0,0,0,0,0,0,0,0
80267,0,1,9,9,9,9,9,9,9,9,9,9
80267,1,1,0,0,0,0,0,0,0,0,0,0
80268,1,1,0,0,0,0,0,0,0,0,0,0