ST_CASE,VEH_NO,PER_NO,P1,P2,P3,P4,P5,P6,P7,P8,P9,P10
90136,2,1,0,0,0,0,0,0,0,0,0,0
90137,1,1,11,0,0,0,0,0,0,0,0,0
90137,2,1,0,0,0,0,0,0,0,0,0,0
90137,3,1,0,0,0,0,0,0,0,0,0,0
90138,0,1,0,0,0,0,0,0,0,0,0,0
90138,1,1,0,0,0,0,0,0,0,0,0,0
90139,1,1,11,11,11,11,11,11,11,11,11,11
90140,1,1,17,29,0,30,13,0,23,0,17,18
90140,2,1,17,17,17,17,17,17,17,17,17,17
90141,1,1,0,6,0,22,0,0,0,0,0,0
90141,2,1,0,0,0,0,13,0,10,0,0,0
90141,3,1,0,0,0,23,0,0,0,0,0,0
90141,4,1,0,0,0,0,0,0,0,0,0,0
90142,1,1,20,0,0,0,0,0,0,0,0,0
90144,1,1,0,17,0,0,0,0,0,0,0,0
90145,1,1,0,0,0,0,0,0,17,0,0,0
90145,2,1,0,0,0,0,0,0,23,0,23,0
90146,1,1,0,0,0,0,0,0,0,0,0,0
90146,2,1,0,0,0,0,0,0,0,0,0,0
90147,1,1,17,17,17,17,17,17,17,17,17,17
90147,2,1,0,0,0,0,0,0,0,0,0,0
90148,1,1,0,0,0,0,0,0,0,0,0,0
90148,2,1,0,0,0,0,0,0,0,0,0,0
90149,0,1,0,0,0,0,0,0,0,0,0,0
90149,1,1,12,12,12,12,12,12,12,12,12,12
90150,1,1,3,3,3,3,3,3,3,3,3,3
90150,2,1,0,0,0,0,0,0,17,0,0,0
90150,3,1,0,0,0,0,0,0,0,0,0,0
90150,4,1,13,0,3,0,0,0,0,0,9,25
90151,1,1,0,0,0,0,0,0,0,0,0,0
90151,2,1,0,0,0,0,0,0,0,0,0,0
90152,0,1,0,0,0,0,0,0,0,0,0,0
90152,1,1,0,0,0,0,0,0,0,0,0,0
90153,0,1,0,0,0,0,0,0,0,0,0,0
90153,1,1,9,0,0,0,0,0,0,0,16,0
90154,0,1,0,0,0,0,0,0,0,0,0,0
90154,1,1,0,0,0,0,0,0,0,0,0,0
90155,1,1,0,0,0,0,0,0,0,0,0,0
90156,1,1,19,19,19,19,19,19,19,19,19,19
90157,1,1,8,8,8,8,8,8,8,8,8,8
90157,2,1,0,0,0,0,0,0,0,0,0,0
90158,1,1,13,18,7,20,11,33,7,20,16,9
90159,1,1,25,25,25,25,25,25,25,25,25,25
90159,2,1,8,0,20,0,0,0,0,12,22,9
90160,1,1,0,0,0,0,0,0,0,0,0,0
90160,2,1,0,0,0,0,0,0,0,0,8,0
90160,3,1,0,0,0,0,0,0,0,0,0,0
90161,1,1,8,19,21,0,10,7,12,13,23,30
90162,1,1,0,0,0,0,0,0,0,0,0,0
90162,2,1,0,10,0,0,0,14,0,0,0,23
90162,3,1,0,0,0,0,0,6,0,0,8,0
90163,1,1,8,8,8,8,8,8,8,8,8,8
90164,1,1,0,0,20,0,0,0,0,12,0,11
90166,1,1,12,12,12,12,12,12,12,12,12,12
90167,1,1,0,0,0,0,0,0,0,0,0,0
90168,1,1,11,11,11,11,11,11,11,11,11,11
90169,1,1,0,0,0,0,0,0,0,0,0,0
90169,2,1,0,0,0,0,0,0,0,0,0,0
90170,1,1,7,7,7,7,7,7,7,7,7,7
90170,2,1,0,0,6,15,5,3,0,0,0,6
90171,1,1,12,13,0,2,0,0,5,28,8,21
90171,2,1,0,0,18,0,11,2,0,10,15,12
90172,1,1,0,0,0,0,0,0,0,0,0,0
90173,1,1,0,0,0,0,0,0,0,0,0,0
90174,1,1,0,0,0,0,0,0,0,0,0,0
90174,2,1,0,0,7,0,0,0,0,0,0,0
90175,1,1,6,6,6,6,6,6,6,6,6,6
90176,0,1,33,0,20,0,0,0,9,6,0,0
90176,1,1,0,17,0,0,0,0,0,0,0,0
90177,1,1,21,20,17,13,17,28,0,0,24,19
90178,0,1,0,0,36,0,18,0,0,0,0,0
90178,1,1,0,0,0,0,0,15,0,0,5,0
90179,0,1,38,11,0,0,0,15,7,0,0,20
90179,1,1,0,0,0,0,0,0,0,0,0,0
90181,1,1,21,21,21,21,21,21,21,21,21,21
90182,1,1,10,0,0,0,0,5,33,23,0,21
90182,2,1,6,11,9,11,9,15,0,0,17,6
90183,0,1,0,0,0,0,0,24,0,0,0,0
90183,0,2,0,0,0,0,0,0,0,0,0,0
90183,1,1,0,0,0,0,0,0,0,0,0,0
90184,1,1,0,0,0,0,0,0,0,0,0,0
90184,2,1,0,0,0,0,10,0,0,0,10,0
90184,3,1,0,0,4,22,0,24,0,6,6,0
90185,1,1,0,0,0,20,0,0,0,0,0,27
90186,1,1,0,0,0,0,0,0,0,0,0,0
90186,2,1,0,0,0,0,0,0,0,0,0,0
90187,1,1,0,0,0,0,0,0,0,0,0,0
90188,1,1,0,0,0,0,0,0,0,0,0,0
90188,2,1,14,0,20,0,0,0,0,17,0,0
90189,2,1,13,0,0,14,7,15,0,0,0,0
90190,1,1,0,0,0,0,0,0,0,0,0,0
90191,0,1,0,0,0,0,0,0,0,0,0,0
90191,0,2,0,0,19,0,31,0,0,17,15,0
90191,1,1,5,0,0,0,5,0,18,9,0,0
90192,1,1,29,0,11,17,25,13,8,7,0,16
90193,1,1,0,3,4,0,0,0,20,0,0,0
90193,2,1,0,0,0,6,0,0,0,21,0,0
90194,0,1,0,0,0,0,0,0,0,0,0,0
90194,1,1,0,0,0,0,0,0,0,0,0,0
90195,1,1,0,0,0,0,0,0,0,0,0,0
90195,2,1,0,0,0,0,0,0,18,0,0,0
90195,3,1,0,0,0,0,0,0,0,0,0,0
90195,4,1,0,0,0,0,0,0,0,0,0,0
90195,5,1,0,0,6,0,0,0,0,0,0,0
90195,6,1,0,0,0,9,0,0,0,10,13,0
90195,7,1,0,0,0,0,0,0,0,1,0,0
90196,1,1,13,0,23,8,19,19,18,11,12,0
90197,0,1,0,0,0,0,0,0,0,0,25,35
90197,1,1,0,0,0,0,0,0,0,0,0,0
90198,1,1,0,0,0,0,0,0,0,0,0,0
90199,0,1,0,0,0,0,0,0,0,0,0,0
90199,0,2,0,16,25,19,34,7,0,0,0,0
90199,0,3,0,28,0,9,0,0,25,28,0,23
90199,0,4,0,0,11,0,0,0,22,0,0,0
90199,0,5,0,0,11,17,22,23,0,19,0,0
90199,3,1,0,0,19,0,0,10,10,17,0,11
90200,0,1,0,0,0,0,0,0,0,0,0,0
90200,1,1,0,3,0,0,0,0,0,10,0,0
90201,1,1,0,0,0,0,0,0,0,0,0,0
90201,2,1,0,0,0,0,0,0,14,8,0,0
90202,1,1,0,0,0,0,0,0,0,0,0,0
90202,2,1,0,0,0,0,0,0,0,0,0,0
90203,1,1,0,0,19,0,0,17,0,18,0,0
90203,2,1,0,17,15,13,0,12,0,11,0,0
90204,1,1,0,18,0,0,12,0,0,0,0,14
90204,2,1,0,0,0,0,0,0,0,0,0,0
90205,1,1,23,0,0,0,0,0,0,0,0,0
90205,2,1,0,0,0,0,0,0,0,0,0,0
90206,0,1,11,13,29,0,20,0,9,22,44,24
90206,1,1,0,0,3,6,14,0,0,0,0,10
90207,0,1,0,29,0,0,9,0,0,0,33,0
90207,1,1,0,0,0,0,0,0,0,0,0,0
90208,1,1,13,0,0,0,0,0,0,0,0,0
90209,1,1,23,23,23,23,23,23,23,23,23,23
90210,1,1,25,21,0,7,29,30,14,15,24,10
90210,2,1,0,0,0,0,0,0,0,0,0,0
90211,1,1,30,30,30,30,30,30,30,30,30,30
90212,0,1,32,32,32,32,32,32,32,32,32,32
90212,0,2,0,0,30,11,0,0,17,0,24,0
90212,1,1,8,8,8,8,8,8,8,8,8,8
90213,1,1,12,10,0,0,17,7,6,14,0,10
90213,2,1,0,0,0,0,0,0,0,0,0,0
90214,1,1,0,0,0,0,0,0,0,0,0,0
90214,2,1,0,0,0,0,0,0,0,0,0,0
90215,1,1,0,0,0,0,0,0,0,0,0,0
90215,2,1,0,0,0,0,0,0,0,0,0,0
90216,1,1,0,0,0,0,0,0,0,0,0,0
90216,2,1,0,0,0,0,0,0,0,0,0,0
90217,0,1,0,0,0,0,0,0,0,0,0,0
90217,1,1,0,0,0,0,0,0,0,0,0,0
90218,1,1,12,21,20,16,17,26,20,20,10,16
90219,0,1,0,0,0,0,10,10,7,0,14,31
90219,1,1,0,0,0,0,0,0,0,0,0,0
90220,1,1,0,0,0,24,0,0,0,0,0,14
90220,2,1,0,0,0,0,0,0,0,0,0,0
90221,0,1,0,0,0,22,0,0,0,0,0,17
90221,1,1,0,0,0,0,0,0,0,0,0,0
90223,1,1,18,18,18,18,18,18,18,18,18,18
90223,2,1,18,20,25,17,9,6,14,7,24,15
90224,1,1,0,0,4,0,0,0,0,0,0,0
90224,2,1,0,0,37,0,0,0,12,0,0,15
90225,0,1,13,27,16,17,28,21,8,13,13,25
90225,1,1,0,0,0,10,0,0,0,0,0,0
90226,1,1,10,19,10,30,25,21,16,11,9,8
90227,1,1,20,20,20,20,20,20,20,20,20,20
90228,0,1,23,23,23,23,23,23,23,23,23,23
90228,1,1,0,0,0,0,0,0,0,0,0,0
90229,1,1,0,0,0,11,0,7,0,19,0,0
90229,2,1,29,29,29,29,29,29,29,29,29,29
90230,1,1,0,14,16,0,0,0,0,0,0,0
90230,2,1,0,0,0,0,0,0,0,0,0,0
90231,1,1,12,12,12,12,12,12,12,12,12,12
90232,0,1,16,16,16,16,16,16,16,16,16,16
90232,1,1,0,17,0,14,0,0,0,0,0,0
90233,1,1,12,12,12,12,12,12,12,12,12,12
90234,1,1,16,2,16,13,0,6,0,0,12,0
90234,2,1,0,0,0,0,0,0,0,0,0,0
90235,0,1,0,0,0,0,0,0,0,0,0,0
90235,1,1,0,0,9,0,0,0,0,0,0,0
90236,1,1,0,18,0,7,0,4,0,25,15,0
90237,1,1,0,0,0,0,0,0,0,0,0,0
90238,0,1,8,0,6,22,0,0,6,21,58,0
90238,1,1,0,0,0,0,0,0,0,0,0,0
90239,1,1,0,0,0,0,0,0,0,0,0,0
90240,0,1,0,0,0,0,0,0,0,0,0,0
90240,1,1,0,0,0,0,0,0,0,0,0,0
90241,0,1,0,0,0,0,0,0,0,0,0,0
90241,1,1,0,0,0,0,0,0,0,0,0,0
90241,2,1,0,0,0,0,0,0,0,0,0,0
100001,1,1,0,0,0,0,0,9,0,0,0,0
100001,2,1,0,0,0,0,0,0,0,0,0,0
100002,1,1,0,0,0,0,0,0,10,0,0,0
100002,2,1,0,0,0,0,0,0,0,0,0,0
100003,1,1,0,0,0,0,0,0,0,0,0,0
100003,2,1,0,0,0,18,0,0,0,0,0,0
100004,1,1,0,0,0,0,0,0,0,0,0,0
100004,2,1,0,0,0,0,0,0,0,0,0,0
100005,0,1,12,36,21,22,26,14,20,26,25,11
100005,1,1,0,0,0,0,0,0,0,16,0,12
100006,1,1,18,18,18,18,18,18,18,18,18,18
100007,1,1,0,0,0,0,0,0,0,0,0,0
100007,2,1,0,0,0,0,0,0,0,0,0,0
100008,1,1,0,0,0,12,0,0,17,0,3,18
100008,2,1,14,14,14,14,14,14,14,14,14,14
100009,1,1,0,0,0,0,0,0,0,0,0,0
100009,2,1,0,0,0,0,0,0,0,0,0,0
100010,1,1,0,0,0,0,0,0,0,14,0,0
100010,2,1,14,14,14,14,14,14,14,14,14,14
100011,1,1,0,0,0,0,0,0,0,0,0,0
100011,2,1,0,0,0,0,0,0,0,0,0,0
100011,3,1,0,0,0,0,0,0,0,0,0,0
100011,4,1,10,0,0,0,0,0,0,0,0,0
100012,1,1,0,0,17,0,13,0,0,0,0,0
100013,1,1,0,0,0,0,0,0,0,0,0,0
100013,2,1,0,12,0,0,0,0,0,0,0,0
100014,1,1,0,0,0,0,0,0,0,0,0,0
100014,2,1,0,0,0,0,0,0,0,0,0,0
100015,1,1,10,10,10,10,10,10,10,10,10,10
100016,1,1,0,0,0,0,0,0,0,0,0,0
100016,2,1,0,0,15,0,0,12,0,0,0,0
100016,3,1,0,0,0,0,0,0,0,0,16,0
100017,1,1,0,0,0,0,0,0,0,0,0,0
100017,2,1,0,0,0,0,0,0,0,0,0,0
100018,1,1,0,0,0,0,0,0,0,0,0,0
100018,2,1,0,0,0,0,0,0,0,0,0,0
100019,1,1,14,17,5,12,17,15,19,13,8,8
100019,2,1,0,16,13,19,13,25,15,23,23,0
100020,1,1,0,0,0,0,0,0,8,0,0,0
100020,2,1,0,9,0,0,0,0,0,0,0,0
100021,0,1,0,0,0,0,0,0,0,0,0,0
100021,1,1,14,14,14,14,14,14,14,14,14,14
100021,2,1,0,0,0,0,21,0,0,0,0,18
100022,1,1,13,13,13,13,13,13,13,13,13,13
100023,1,1,25,25,25,25,25,25,25,25,25,25
100024,1,1,0,0,0,0,0,0,0,0,0,0
100025,0,1,20,24,16,6,10,28,33,33,12,0
100025,1,1,0,0,0,0,0,0,0,0,0,10
100026,1,1,0,0,4,0,0,0,0,0,0,0
100026,2,1,0,0,0,0,0,0,0,0,0,0
100027,1,1,17,17,17,17,17,17,17,17,17,17
100027,2,1,0,0,0,0,0,0,0,13,0,0
100028,1,1,17,22,13,16,17,21,8,11,18,25
100029,1,1,0,0,0,0,0,0,0,0,0,0
100029,2,1,11,0,0,0,0,0,0,0,0,0
100030,1,1,0,0,0,0,0,0,0,0,0,0
100031,0,1,23,23,23,23,23,23,23,23,23,23
100031,1,1,0,0,0,16,0,0,0,0,0,0
100032,1,1,29,29,29,29,29,29,29,29,29,29
100032,2,1,0,0,0,0,0,0,0,0,0,0
100033,0,1,26,26,26,26,26,26,26,26,26,26
100033,1,1,0,0,1,0,0,28,10,0,0,0
100034,1,1,0,0,0,0,0,0,0,0,0,0
100034,2,1,0,0,0,0,0,0,0,0,0,0
100035,1,1,23,23,23,23,23,23,23,23,23,23
100035,2,1,0,0,0,0,18,0,0,0,0,0
100036,1,1,0,0,0,0,0,0,0,0,0,0
100037,0,1,0,0,0,0,0,0,0,0,0,0
100037,1,1,0,0,0,0,0,0,0,0,0,0
100037,2,1,0,0,0,0,0,0,0,0,0,0
100038,1,1,0,0,0,0,0,0,0,0,0,0
100038,2,1,0,0,0,0,0,0,0,0,0,0
100039,1,1,10,10,10,10,10,10,10,10,10,10
100040,1,1,0,0,0,0,0,0,0,0,0,0
100041,1,1,0,0,0,0,0,0,0,0,0,0
100042,1,1,12,12,12,12,12,12,12,12,12,12
100043,0,1,0,0,0,0,0,0,0,0,0,0
100043,1,1,0,0,0,0,0,0,0,0,0,0
100044,0,1,34,17,10,16,7,26,25,34,5,18
100044,1,1,0,12,0,0,0,0,9,0,0,0
100045,1,1,0,0,0,0,0,0,7,0,0,0
100045,2,1,0,0,0,0,0,0,24,0,0,0
100046,1,1,0,0,0,0,0,0,0,0,0,0
100046,2,1,0,0,0,0,0,0,0,0,0,0
100047,0,1,0,0,0,0,0,0,0,0,0,0
100047,1,1,0,0,0,0,0,0,0,0,0,0
100048,0,1,16,11,0,0,14,0,14,0,0,22
100048,1,1,10,10,10,10,10,10,10,10,10,10
100049,1,1,16,16,16,16,16,16,16,16,16,16
100050,1,1,22,22,22,22,22,22,22,22,22,22
100051,1,1,0,0,16,0,0,0,0,0,0,0
100052,1,1,0,0,0,0,0,0,0,0,0,0
100052,2,1,27,27,27,27,27,27,27,27,27,27
100053,1,1,0,0,0,0,0,0,0,0,0,0
100053,2,1,0,0,0,0,0,0,0,0,0,0
100054,1,1,0,0,0,0,0,0,0,0,0,0
100054,2,1,0,0,0,0,0,0,0,0,0,0
100055,1,1,0,0,0,0,0,0,0,0,0,0
100056,1,1,14,14,14,14,14,14,14,14,14,14
100057,1,1,0,0,0,0,0,0,0,0,0,0
100057,2,1,15,15,15,15,15,15,15,15,15,15
100058,1,1,0,14,0,7,0,0,0,0,0,0
100058,2,1,15,15,15,15,15,15,15,15,15,15
100059,1,1,0,24,0,0,0,0,0,0,0,0
100059,2,1,0,14,0,0,0,0,0,0,8,0
100060,0,1,32,32,32,32,32,32,32,32,32,32
100060,1,1,0,0,0,0,0,29,0,0,19,0
100061,1,1,1,1,1,1,1,1,1,1,1,1
100062,1,1,0,0,0,0,0,0,0,0,0,0
100063,0,1,0,0,0,0,0,0,0,0,0,0
100063,1,1,0,0,0,0,0,0,0,0,0,0
100064,1,1,0,0,0,0,0,0,7,0,0,0
100064,2,1,14,14,14,14,14,14,14,14,14,14
100065,0,1,47,55,0,15,27,0,15,14,26,0
100065,1,1,0,0,0,0,0,0,34,20,0,0
100066,1,1,0,0,0,0,26,0,0,0,0,0
100066,2,1,21,21,21,21,21,21,21,21,21,21
100067,1,1,0,0,0,0,0,0,0,0,0,0
100067,2,1,13,13,13,13,13,13,13,13,13,13
100067,3,1,0,0,0,0,0,0,0,0,10,0
100067,4,1,0,0,0,0,0,0,0,0,0,0
100068,1,1,0,0,0,0,0,0,0,0,0,0
100069,1,1,0,0,0,0,0,0,0,0,0,0
100069,2,1,0,0,0,0,0,0,0,0,0,0
100070,1,1,26,26,26,26,26,26,26,26,26,26
100071,1,1,0,0,0,0,0,0,0,0,0,0
100072,0,1,0,0,0,0,0,0,0,0,0,0
100072,1,1,0,0,0,0,0,0,0,0,0,0
100073,1,1,0,0,0,0,0,0,0,0,0,0
100073,2,1,12,12,12,12,12,12,12,12,12,12
100074,1,1,16,16,16,16,16,16,16,16,16,16
100075,0,1,0,0,0,16,0,0,0,0,27,23
100075,1,1,0,0,0,9,0,7,0,14,0,0
100076,0,1,24,24,24,24,24,24,24,24,24,24
100076,1,1,0,0,0,0,26,0,0,0,0,0
100076,2,1,0,0,0,0,0,0,0,0,0,0
100077,1,1,17,17,17,17,17,17,17,17,17,17
100077,2,1,6,6,6,6,6,6,6,6,6,6
100078,1,1,19,19,19,19,19,19,19,19,19,19
100079,1,1,0,0,0,0,0,8,0,4,0,0
100079,2,1,0,17,0,0,0,0,0,0,22,0
100080,0,1,0,0,20,23,11,0,0,0,0,0
100080,0,2,0,0,0,16,15,0,0,0,0,0
100080,1,1,9,9,9,9,9,9,9,9,9,9
100081,1,1,8,8,8,8,8,8,8,8,8,8
100082,1,1,0,0,0,0,0,0,0,0,0,0
100083,0,1,0,0,0,0,0,0,0,0,0,0
100083,1,1,11,0,6,0,0,9,0,0,0,0
100084,1,1,11,11,11,11,11,11,11,11,11,11
100085,1,1,0,0,0,0,0,0,0,0,0,0
100086,1,1,0,0,0,0,0,0,0,0,0,0
100086,2,1,0,0,0,0,0,0,0,0,0,0
100087,0,1,34,0,0,0,27,0,0,0,11,20
100087,1,1,0,0,0,0,0,0,3,0,0,0
100088,1,1,0,0,0,0,0,0,0,0,0,0
100088,2,1,10,10,10,10,10,10,10,10,10,10
100089,1,1,0,0,0,0,0,0,0,0,0,0
100089,2,1,0,0,0,0,0,0,0,0,0,0
100090,0,1,0,0,0,0,0,0,0,0,0,0
100090,1,1,0,0,0,0,0,0,0,5,0,0
100090,2,1,0,0,0,0,0,0,7,0,0,0
100091,0,1,15,15,15,15,15,15,15,15,15,15
100091,1,1,0,0,0,0,0,0,0,3,0,0
100092,1,1,0,0,0,0,0,0,0,0,0,0
100093,1,1,0,0,0,0,0,0,0,0,0,0
100094,0,1,0,0,0,0,0,0,0,0,0,0
100094,1,1,0,0,0,0,0,0,0,0,0,5
100095,1,1,0,0,0,0,0,0,0,0,0,0
100096,0,1,0,0,0,0,0,0,0,0,0,0
100096,1,1,0,0,0,0,0,16,0,0,0,0
100097,0,1,7,0,6,27,0,0,25,0,33,0
100097,1,1,0,0,0,10,0,0,0,0,0,0
100097,2,1,0,0,0,0,0,0,0,0,0,0
100098,1,1,0,0,0,0,0,0,0,0,0,0
100098,2,1,0,0,0,0,0,0,0,0,0,0
100099,1,1,25,25,25,25,25,25,25,25,25,25
100100,1,1,0,0,0,0,0,0,0,0,0,0
100101,1,1,0,0,0,0,0,0,0,0,0,0
100101,2,1,17,17,17,17,17,17,17,17,17,17
100102,0,1,0,0,0,0,0,0,0,10,0,12
100102,1,1,0,0,0,0,0,0,0,0,0,0
100103,0,1,34,34,34,34,34,34,34,34,34,34
100103,1,1,0,0,0,0,0,0,0,0,0,10
100103,2,1,14,0,0,0,0,0,0,0,0,0
100104,1,1,20,20,20,20,20,20,20,20,20,20
100104,2,1,0,0,0,0,0,0,0,0,0,0
100105,0,1,0,0,0,0,0,0,0,0,0,0
100105,1,1,0,0,0,0,0,0,0,0,0,0
100106,0,1,3,3,3,3,3,3,3,3,3,3
100106,1,1,0,0,0,0,0,0,0,0,0,0
100107,1,1,0,0,0,0,24,15,12,0,0,0
100107,2,1,17,17,17,17,17,17,17,17,17,17
100108,1,1,21,21,21,21,21,21,21,21,21,21
100108,2,1,0,0,0,0,12,0,0,0,0,0
100109,0,1,0,9,15,14,0,0,7,11,0,0
100109,0,2,42,15,0,22,22,3,0,5,24,8
100109,1,1,0,0,33,16,0,22,0,0,24,13
110001,1,1,22,22,22,22,22,22,22,22,22,22
110002,0,1,6,6,6,6,6,6,6,6,6,6
110002,1,1,7,7,7,7,7,7,7,7,7,7
110003,0,1,20,20,20,20,20,20,20,20,20,20
110003,1,1,0,0,0,0,0,0,0,0,0,0
110004,0,1,0,0,12,0,0,20,0,0,0,0
110004,1,1,0,0,0,0,0,0,0,0,0,0
110005,1,1,10,10,10,10,10,10,10,10,10,10
110006,1,1,22,22,22,22,22,22,22,22,22,22
110007,0,1,0,0,0,0,0,0,0,0,0,0
110007,1,1,0,0,0,0,0,0,0,0,0,0
110009,1,1,17,17,17,17,17,17,17,17,17,17
110010,1,1,0,0,0,0,0,0,0,0,0,0
110010,2,1,0,0,0,0,0,0,0,0,0,0
110011,0,1,0,0,0,0,0,0,0,0,0,0
110011,1,1,0,0,0,0,0,18,18,0,0,0
110012,0,1,0,0,0,0,0,0,0,0,0,0
110012,1,1,0,0,0,0,0,0,0,0,0,0
110013,1,1,0,0,0,0,0,0,0,0,0,0
110013,2,1,0,0,0,0,0,0,0,0,0,0
110014,1,1,0,0,0,0,0,0,0,0,0,0
110015,1,1,0,0,0,0,0,0,0,0,0,0
110015,2,1,0,0,0,0,0,0,5,0,0,0
110016,1,1,0,0,0,0,0,0,0,0,0,0
110016,2,1,0,0,0,0,0,0,0,0,0,0
110017,1,1,0,0,0,0,0,0,0,0,0,0
110017,2,1,0,0,0,0,0,0,0,0,0,0
110018,0,1,0,0,0,0,0,0,0,0,0,0
110018,1,1,17,0,0,10,0,0,0,0,0,22
110019,0,1,29,29,29,29,29,29,29,29,29,29
110019,1,1,0,0,0,0,0,0,0,0,0,0
110020,0,1,17,17,17,17,17,17,17,17,17,17
110020,1,1,12,17,0,8,0,15,0,0,0,12
110021,1,1,0,0,0,5,0,0,0,5,13,0
110022,0,1,0,0,0,0,0,0,0,0,21,0
110022,1,1,0,13,0,0,0,0,0,0,0,0
120001,0,1,0,0,0,0,0,25,0,15,0,0
120001,1,1,8,8,8,8,8,8,8,8,8,8
120002,1,1,24,24,24,24,24,24,24,24,24,24
120003,1,1,21,21,21,21,21,21,21,21,21,21
120004,1,1,0,0,0,0,0,0,8,0,15,0
120004,2,1,8,8,8,8,8,8,8,8,8,8
120005,1,1,9,22,15,18,10,8,17,6,12,6
120006,1,1,24,35,26,33,14,20,28,11,25,24
120007,1,1,0,0,0,0,0,0,0,0,0,0
120007,2,1,0,0,0,0,0,0,0,0,0,0
120007,3,1,0,0,0,0,0,0,0,0,0,0
120008,1,1,12,12,12,12,12,12,12,12,12,12
120008,2,1,0,0,0,0,5,0,0,0,0,0
120009,1,1,0,0,0,0,0,0,0,0,0,0
120009,2,1,0,0,0,0,0,0,0,0,0,0
120010,1,1,0,0,0,0,0,0,0,0,0,0
120010,2,1,6,0,0,0,0,0,27,0,0,0
120010,3,1,0,0,0,0,0,0,0,0,0,0
120011,0,1,22,22,22,22,22,22,22,22,22,22
120011,1,1,0,0,0,0,0,0,0,0,0,0
120012,1,1,0,0,0,0,0,0,0,0,0,0
120012,2,1,0,0,0,0,0,0,0,0,0,0
120013,1,1,29,18,29,9,31,16,19,15,0,26
120013,2,1,0,0,0,0,0,0,0,0,0,0
120014,1,1,0,0,0,0,0,0,0,0,0,0
120015,0,1,0,0,0,0,0,0,0,0,0,0
120015,1,1,0,0,0,0,0,0,0,0,0,0
120016,0,1,0,0,0,0,0,0,0,0,0,0
120016,1,1,0,0,0,0,12,0,0,0,0,0
120017,1,1,22,22,22,22,22,22,22,22,22,22
120018,0,1,15,15,15,15,15,15,15,15,15,15
120018,1,1,0,27,0,0,0,0,0,0,0,0
120019,0,1,0,0,0,0,0,0,0,0,0,0
120019,0,2,0,29,0,0,0,0,0,0,0,0
120019,0,3,0,0,0,0,0,0,0,0,0,0
120019,0,4,0,0,0,0,0,0,0,0,0,0
120019,1,1,0,0,0,0,0,0,0,0,0,0
120020,1,1,0,0,0,0,0,0,0,0,0,0
120021,1,1,0,0,0,0,0,0,0,0,0,0
120021,2,1,0,0,0,0,0,0,0,0,0,0
120021,3,1,0,0,0,0,0,0,0,0,0,0
120022,0,1,0,0,0,0,0,0,0,0,0,0
120022,1,1,0,0,0,0,0,0,0,0,0,0
120023,0,1,0,0,0,0,0,0,0,0,0,0
120023,1,1,0,0,0,0,0,16,0,0,0,0
120024,1,1,0,0,0,0,0,0,0,0,0,0
120025,1,1,0,0,0,0,0,0,0,0,0,0
120026,1,1,0,0,0,0,0,0,0,0,0,0
120027,1,1,14,14,14,14,14,14,14,14,14,14
120028,1,1,15,15,15,15,15,15,15,15,15,15
120028,2,1,0,0,0,0,0,0,0,0,0,0
120028,3,1,0,0,0,0,0,0,0,0,0,0
120029,1,1,19,19,19,19,19,19,19,19,19,19
120030,1,1,12,12,12,12,12,12,12,12,12,12
120030,2,1,0,0,0,0,0,13,0,23,0,0
120031,0,1,0,0,0,0,0,0,0,0,0,0
120031,1,1,0,0,0,0,0,0,0,0,0,0
120032,0,1,9,9,9,9,9,9,9,9,9,9
120032,1,1,0,4,0,0,0,0,20,21,3,0
120033,1,1,22,22,22,22,22,22,22,22,22,22
120034,1,1,20,20,20,20,20,20,20,20,20,20
120035,1,1,0,0,0,0,0,0,0,0,0,0
120036,0,1,0,0,0,0,0,0,0,0,0,0
120036,1,1,0,19,0,0,0,0,0,0,0,0
120037,1,1,24,24,24,24,24,24,24,24,24,24
120038,1,1,19,19,19,19,19,19,19,19,19,19
120039,1,1,6,6,14,21,17,21,17,14,15,9
120039,2,1,0,0,0,24,0,0,0,10,0,0
120041,1,1,0,0,0,0,0,0,0,0,0,0
120041,2,1,0,0,19,0,0,0,0,0,0,0
120042,1,1,0,0,0,0,0,0,0,0,0,0
120043,1,1,0,0,0,0,0,0,0,0,0,0
120043,2,1,0,0,0,0,0,0,0,0,0,0
120044,1,1,0,0,0,0,0,0,0,0,0,0
120044,2,1,0,0,0,0,0,0,0,0,0,0
120045,1,1,12,12,12,12,12,12,12,12,12,12
120046,1,1,0,0,0,0,0,0,0,0,0,0
120047,1,1,0,0,0,0,0,0,0,0,0,0
120048,1,1,15,15,15,15,15,15,15,15,15,15
120049,0,1,0,0,8,0,22,18,0,0,0,0
120049,1,1,0,0,0,0,0,0,0,19,0,0
120051,0,1,0,0,0,0,0,0,0,0,0,0
120051,1,1,0,0,0,0,0,0,0,0,0,0
120052,1,1,7,7,7,7,7,7,7,7,7,7
120052,2,1,0,0,0,0,10,0,9,6,0,0
120053,0,1,7,7,7,7,7,7,7,7,7,7
120053,1,1,0,0,0,0,0,0,0,0,0,0
120054,0,1,0,0,0,0,0,0,0,0,0,0
120054,1,1,0,0,0,0,0,0,0,0,0,0
120054,2,1,12,12,12,12,12,12,12,12,12,12