ST_CASE,VEH_NO,PER_NO,P1,P2,P3,P4,P5,P6,P7,P8,P9,P10
120055,1,1,19,19,19,19,19,19,19,19,19,19
120056,1,1,0,0,0,0,14,0,0,0,0,0
120056,2,1,0,0,0,0,15,0,0,0,0,0
120057,1,1,0,0,0,0,0,0,0,0,0,0
120057,2,1,0,0,0,0,29,0,0,0,0,0
120057,3,1,14,0,0,0,0,0,0,0,0,0
120058,1,1,0,0,0,0,0,0,0,0,4,0
120059,0,1,0,0,0,0,0,0,0,0,0,0
120059,1,1,0,0,0,0,0,0,0,0,0,0
120060,1,1,0,0,0,0,0,0,0,0,0,0
120060,2,1,0,0,0,0,0,0,0,0,0,0
120060,3,1,0,0,0,0,0,0,0,0,0,0
120061,1,1,0,0,0,0,0,0,0,0,0,0
120062,1,1,22,22,22,22,22,22,22,22,22,22
120063,1,1,0,0,0,0,0,0,21,0,0,0
120063,2,1,0,0,0,0,0,13,0,0,0,0
120064,1,1,23,0,0,0,0,0,0,0,0,0
120064,2,1,0,0,0,0,0,0,0,0,0,0
120065,1,1,6,7,8,14,0,0,0,11,6,0
120066,0,1,20,20,20,20,20,20,20,20,20,20
120066,1,1,0,0,17,0,0,0,0,0,0,0
120066,2,1,0,0,0,0,0,0,0,0,0,0
120067,0,1,0,0,0,0,0,0,0,0,0,0
120067,1,1,0,0,0,0,0,0,0,0,0,0
120068,1,1,0,0,0,0,0,0,0,0,0,0
120069,0,1,0,0,0,0,0,0,0,0,0,0
120069,1,1,0,0,0,0,0,0,0,0,12,0
120070,1,1,0,0,0,0,0,0,0,0,0,0
120071,1,1,0,0,0,0,0,0,0,0,0,0
120072,1,1,0,0,0,0,0,0,0,0,0,0
120072,2,1,0,0,0,0,0,0,0,0,0,0
120073,1,1,0,0,0,0,0,0,0,0,0,0
120074,1,1,0,0,0,0,0,0,0,0,0,0
120074,2,1,0,0,0,0,0,0,0,0,0,0
120074,3,1,0,0,0,0,0,0,0,0,0,0
120075,0,1,0,0,0,0,0,0,0,0,0,0
120075,1,1,0,0,0,0,0,0,0,0,0,0
120076,1,1,0,0,0,0,0,0,0,0,0,0
120077,1,1,0,0,0,0,0,0,0,0,0,0
120077,2,1,0,0,0,0,0,10,16,0,0,0
120078,1,1,0,0,0,0,0,0,0,0,0,0
120079,0,1,30,30,30,30,30,30,30,30,30,30
120079,1,1,0,0,0,0,0,4,0,0,0,0
120080,1,1,0,0,0,0,0,0,0,0,0,0
120080,2,1,0,0,0,0,0,0,0,16,0,0
120081,1,1,0,0,0,0,0,0,0,0,0,0
120081,2,1,0,0,0,0,0,0,0,0,0,0
120082,1,1,17,17,17,17,17,17,17,17,17,17
120083,1,1,11,23,11,0,5,0,26,32,0,0
120084,1,1,12,18,21,21,26,4,11,0,12,27
120085,1,1,0,0,0,0,0,0,0,0,0,0
120085,2,1,0,0,0,0,0,0,0,0,0,0
120086,1,1,12,12,12,12,12,12,12,12,12,12
120086,2,1,0,0,0,0,0,0,0,0,0,0
120087,1,1,25,25,25,25,25,25,25,25,25,25
120088,1,1,0,0,0,0,0,0,0,0,0,0
120089,1,1,0,0,6,31,0,22,0,0,0,0
120090,0,1,19,19,19,19,19,19,19,19,19,19
120090,1,1,0,0,0,0,0,0,0,0,0,0
120091,0,1,0,0,0,0,0,0,0,0,0,0
120091,1,1,0,0,0,0,0,0,0,0,0,0
120092,1,1,0,0,0,0,0,0,0,0,0,0
120092,2,1,0,0,0,0,0,0,0,0,0,0
120093,1,1,0,0,0,0,0,0,0,0,0,0
120093,2,1,0,0,0,0,0,0,0,0,0,0
120094,1,1,13,13,16,16,15,6,36,11,5,7
120094,2,1,16,14,15,10,27,36,17,15,12,8
120095,1,1,0,0,0,0,0,0,0,0,0,0
120095,2,1,0,0,0,0,0,0,0,0,0,0
120096,0,1,17,17,17,17,17,17,17,17,17,17
120096,1,1,0,0,0,0,0,0,0,0,0,0
120097,0,1,0,0,0,33,31,0,0,23,19,0
120097,1,1,0,0,0,0,0,0,0,0,0,0
120098,0,1,0,0,0,0,0,0,0,0,0,0
120098,1,1,0,0,0,0,0,0,0,0,0,0
120100,1,1,0,19,0,0,14,15,0,0,0,0
120100,2,1,18,0,0,0,0,0,27,0,0,0
120101,1,1,20,20,20,20,20,20,20,20,20,20
120101,2,1,0,0,0,0,0,0,0,0,0,0
120102,0,1,0,0,0,0,0,0,0,0,0,0
120102,1,1,0,0,0,0,0,0,0,0,0,0
120103,1,1,7,7,7,7,7,7,7,7,7,7
120103,2,1,0,0,0,0,23,0,0,0,0,0
120103,3,1,22,0,0,0,13,14,0,5,28,0
120104,1,1,0,0,0,0,0,0,0,0,0,0
120104,2,1,0,0,0,0,0,0,0,0,0,0
120105,1,1,17,17,17,17,17,17,17,17,17,17
120106,1,1,24,24,24,24,24,24,24,24,24,24
120107,1,1,23,23,23,23,23,23,23,23,23,23
120107,2,1,0,0,0,0,0,0,0,0,0,0
120108,0,1,49,0,33,17,0,11,10,0,5,12
120108,1,1,0,0,0,0,0,0,0,0,0,0
120109,1,1,0,0,0,0,0,0,0,0,0,0
120109,2,1,0,0,0,0,0,0,0,0,0,0
120109,3,1,0,0,0,0,0,0,0,0,0,0
120110,1,1,7,7,7,7,7,7,7,7,7,7
120110,2,1,0,0,0,0,0,0,0,0,0,0
120111,1,1,0,0,0,0,16,0,0,24,0,0
120111,2,1,22,22,22,22,22,22,22,22,22,22
120112,0,1,21,21,21,21,21,21,21,21,21,21
120112,1,1,0,8,0,0,17,0,0,0,0,0
120113,0,1,10,23,0,0,25,0,39,0,32,0
120113,1,1,0,0,0,0,0,0,0,0,0,7
120113,2,1,0,0,0,8,0,9,0,0,0,6
120114,1,1,0,0,0,0,0,0,0,0,0,0
120114,2,1,0,0,0,0,0,0,0,0,0,0
120115,1,1,0,0,0,0,0,0,0,0,0,0
120115,2,1,0,0,0,0,0,0,0,0,0,0
120116,0,1,34,34,34,34,34,34,34,34,34,34
120116,1,1,0,0,0,0,0,0,0,0,0,0
120117,0,1,0,0,0,0,0,0,0,0,0,0
120117,1,1,0,0,0,0,0,0,0,0,0,0
120118,1,1,0,0,0,0,0,0,0,0,0,0
120118,2,1,0,0,0,0,0,20,0,0,0,0
120118,3,1,0,0,0,0,0,0,0,0,0,0
120119,1,1,13,13,13,13,13,13,13,13,13,13
120119,2,1,0,0,0,0,0,0,0,0,0,0
120120,0,1,0,0,0,0,0,0,0,0,0,0
120120,1,1,0,0,0,0,0,0,0,11,0,0
120121,1,1,0,19,0,0,0,0,6,0,7,0
120122,1,1,0,0,0,0,0,0,0,0,0,0
120122,2,1,0,0,0,0,0,0,0,0,0,0
120123,1,1,30,30,30,30,30,30,30,30,30,30
120123,2,1,0,0,0,0,0,0,0,0,0,0
120123,3,1,0,0,0,0,0,0,0,0,0,0
120124,1,1,22,22,22,22,22,22,22,22,22,22
120125,1,1,0,12,0,0,0,0,0,0,0,22
120125,2,1,0,19,0,0,0,0,21,0,0,0
120126,1,1,0,0,0,0,0,0,0,0,0,0
120126,2,1,0,0,0,0,0,0,0,0,0,0
120127,1,1,11,27,15,15,7,0,0,26,26,0
120128,1,1,0,0,0,0,0,0,0,0,0,0
120128,2,1,0,0,0,0,0,12,0,0,8,0
120129,1,1,12,12,12,12,12,12,12,12,12,12
120129,2,1,0,0,0,0,0,0,0,0,0,0
120130,1,1,22,22,22,22,22,22,22,22,22,22
120131,0,1,0,16,12,0,0,23,0,0,0,28
120131,1,1,0,0,0,0,0,0,0,0,0,11
120132,0,1,0,10,0,0,0,0,0,0,0,0
120132,1,1,0,0,0,0,0,0,0,0,0,0
120133,1,1,7,11,23,17,8,19,13,19,16,16
120133,2,1,0,0,0,0,0,0,0,0,0,0
120134,0,1,14,14,14,14,14,14,14,14,14,14
120134,1,1,0,0,0,0,0,0,0,0,0,0
120134,2,1,0,0,0,0,0,0,0,0,0,0
120137,1,1,0,0,0,0,0,0,0,0,0,0
120137,2,1,0,0,0,0,0,0,0,0,0,0
120137,3,1,0,0,0,0,0,0,0,0,0,0
120138,0,1,0,0,0,0,0,0,0,0,0,0
120138,1,1,0,0,14,0,0,0,0,0,0,0
120139,1,1,0,0,0,0,0,0,0,0,0,0
120139,2,1,0,0,0,0,0,0,0,0,0,0
120140,1,1,0,0,0,0,0,0,0,0,0,0
120140,2,1,0,0,0,0,0,0,0,0,0,0
120140,3,1,0,0,0,0,0,0,0,0,0,0
120140,4,1,0,0,0,0,0,0,0,0,0,0
120140,5,1,0,0,0,0,0,0,0,0,0,0
120141,1,1,0,0,0,0,0,0,0,0,0,0
120141,2,1,0,0,0,0,0,0,0,0,0,0
120142,0,1,18,18,18,18,18,18,18,18,18,18
120142,1,1,0,0,0,0,0,0,0,0,0,0
120143,1,1,0,0,0,0,0,0,0,0,0,0
120143,2,1,0,0,0,0,0,0,9,0,0,2
120143,3,1,0,0,0,0,0,21,0,0,0,0
120143,4,1,0,0,0,0,0,0,0,0,0,0
120144,0,1,40,40,40,40,40,40,40,40,40,40
120144,1,1,0,0,0,0,0,0,0,0,0,0
120145,1,1,0,0,0,0,0,0,0,0,0,0
120146,1,1,5,5,5,5,5,5,5,5,5,5
120147,1,1,0,17,0,0,0,0,0,0,0,0
120147,2,1,0,0,0,0,23,0,21,0,0,0
120148,1,1,19,19,19,19,19,19,19,19,19,19
120149,0,1,0,0,0,0,0,0,0,0,0,0
120149,1,1,0,0,0,0,0,0,0,0,0,0
120149,2,1,0,0,0,0,0,0,0,0,0,0
120149,3,1,0,0,0,0,0,0,0,0,0,0
120149,4,1,0,0,0,0,0,0,0,0,0,0
120150,1,1,20,20,20,20,20,20,20,20,20,20
120151,0,1,0,0,0,0,0,0,0,0,0,0
120151,1,1,0,0,26,0,0,0,0,7,0,0
120152,1,1,18,16,10,9,3,0,24,17,0,2
120152,2,1,0,0,0,0,0,0,0,0,0,0
120153,1,1,7,7,7,7,7,7,7,7,7,7
120153,2,1,0,0,0,0,0,0,0,0,0,0
120154,1,1,0,0,0,0,0,0,0,0,0,0
120154,2,1,0,0,0,0,0,0,0,0,0,0
120155,1,1,25,25,25,25,25,25,25,25,25,25
120156,0,1,0,0,0,0,0,0,0,0,0,0
120156,1,1,0,0,0,0,0,0,0,0,0,0
120156,2,1,0,0,0,0,0,0,0,0,0,0
120157,1,1,11,0,11,0,29,0,0,0,0,0
120158,1,1,11,11,11,11,11,11,11,11,11,11
120159,1,1,0,11,15,12,0,10,42,23,15,14
120160,1,1,19,19,19,19,19,19,19,19,19,19
120161,0,1,22,0,0,0,0,0,0,0,0,0
120161,1,1,0,0,0,0,0,0,0,0,0,0
120162,1,1,26,26,26,26,26,26,26,26,26,26
120162,2,1,0,0,0,0,0,0,0,0,0,0
120163,1,1,2,2,2,2,2,2,2,2,2,2
120166,1,1,7,7,7,7,7,7,7,7,7,7
120166,2,1,0,0,0,0,0,0,0,0,0,0
120167,1,1,0,0,0,0,29,0,0,0,0,18
120168,0,1,21,21,21,21,21,21,21,21,21,21
120168,1,1,0,0,0,0,0,0,0,0,0,0
120169,0,1,32,32,32,32,32,32,32,32,32,32
120169,1,1,0,0,0,0,0,0,0,0,0,0
120170,1,1,0,0,0,0,0,0,0,0,0,0
120171,1,1,0,0,0,0,19,0,0,0,0,0
120171,2,1,0,0,0,0,0,0,0,0,0,0
120172,0,1,0,0,0,0,0,0,0,0,0,0
120172,1,1,0,0,0,0,0,0,0,13,0,0
120173,1,1,0,0,0,0,0,0,0,0,0,0
120174,1,1,23,23,23,23,23,23,23,23,23,23
120175,0,1,0,0,0,0,0,0,0,0,0,0
120175,1,1,0,0,0,8,0,0,0,0,0,0
120176,1,1,19,19,19,19,19,19,19,19,19,19
120176,2,1,0,49,0,0,0,0,21,0,0,0
120177,1,1,0,0,0,0,0,0,0,0,0,0
120177,2,1,0,0,0,0,0,0,0,0,0,0
120178,1,1,0,0,0,0,0,0,18,0,0,0
120178,2,1,0,0,0,16,0,0,0,0,0,0
120179,0,1,0,0,0,0,0,0,0,0,0,0
120179,1,1,0,0,0,0,0,0,0,0,0,0
120180,1,1,15,15,15,15,15,15,15,15,15,15
120180,2,1,0,0,0,0,0,0,0,0,0,0
120181,1,1,0,0,0,0,0,0,0,22,0,0
120181,2,1,0,0,0,0,0,0,0,0,0,0
120182,0,1,31,31,31,31,31,31,31,31,31,31
120182,1,1,7,7,7,7,7,7,7,7,7,7
120182,2,1,0,0,0,0,0,0,0,0,0,0
120183,1,1,0,0,0,0,0,0,0,0,0,0
120183,2,1,0,0,0,0,0,0,0,0,0,0
120184,1,1,0,0,0,0,0,0,0,0,0,0
120184,2,1,0,0,0,0,0,0,0,0,0,0
120185,1,1,29,29,29,29,29,29,29,29,29,29
120186,0,1,0,0,0,0,0,0,0,0,0,0
120186,1,1,0,0,0,0,0,0,0,0,0,0
120187,1,1,0,0,0,0,0,0,0,0,0,0
120188,0,1,22,0,4,0,40,0,0,0,22,27
120188,1,1,0,0,0,0,0,0,0,0,0,0
120189,0,1,0,0,0,0,0,0,0,0,0,0
120189,1,1,0,0,0,0,0,0,0,0,0,0
120190,1,1,0,0,0,0,0,0,0,0,0,0
120190,2,1,0,0,0,0,0,0,0,0,0,0
120191,1,1,0,0,0,0,0,0,0,0,0,0
120192,1,1,17,17,17,17,17,17,17,17,17,17
120193,1,1,0,0,0,28,0,0,0,0,0,0
120193,2,1,0,0,0,0,0,0,0,0,0,0
120194,0,1,0,0,0,0,0,0,0,0,0,0
120194,1,1,0,0,0,0,6,0,0,0,7,0
120195,1,1,0,0,0,0,2,0,0,0,0,0
120195,2,1,0,0,0,0,0,24,0,0,0,0
120196,1,1,24,24,24,24,24,24,24,24,24,24
120197,1,1,0,19,19,14,20,18,13,17,20,23
120197,2,1,8,0,0,0,0,0,0,0,0,0
120198,1,1,11,11,11,11,11,11,11,11,11,11
120198,2,1,0,0,0,0,0,0,0,0,0,0
120199,1,1,19,0,0,0,0,24,0,14,28,20
120199,2,1,15,0,0,3,0,0,0,0,0,0
120200,1,1,22,22,22,22,22,22,22,22,22,22
120201,1,1,19,19,19,19,19,19,19,19,19,19
120202,1,1,0,18,0,8,0,0,0,17,0,0
120203,1,1,0,0,0,0,0,0,0,0,0,0
120203,2,1,0,0,0,0,0,0,0,0,0,0
120204,1,1,11,11,11,11,11,11,11,11,11,11
120205,1,1,32,32,32,32,32,32,32,32,32,32
120206,1,1,0,0,0,0,0,0,0,0,0,0
120207,1,1,17,17,17,17,17,17,17,17,17,17
120207,2,1,0,0,0,0,0,0,0,0,0,0
120207,3,1,0,0,0,0,0,0,0,0,0,0
120208,1,1,20,20,20,20,20,20,20,20,20,20
120209,1,1,0,0,0,0,0,0,0,0,0,0
120209,2,1,0,0,0,0,0,0,0,0,0,0
120210,1,1,19,19,19,19,19,19,19,19,19,19
120210,2,1,0,0,0,0,0,0,0,0,0,0
120212,0,1,18,0,0,0,0,0,0,20,0,0
120212,1,1,0,0,0,0,0,5,0,0,0,0
120213,1,1,0,0,0,0,0,0,0,0,0,0
120213,2,1,0,0,0,0,0,0,0,0,0,0
120214,1,1,0,21,14,0,18,0,0,0,0,0
120214,2,1,0,0,0,0,0,0,0,0,0,0
120214,3,1,0,0,0,0,0,0,0,0,0,0
120215,0,1,0,0,0,0,0,0,0,0,0,0
120215,1,1,0,0,0,0,0,0,0,0,0,0
120216,1,1,0,0,0,0,0,0,0,0,0,0
120217,1,1,0,0,0,0,0,0,0,0,0,0
120217,2,1,0,0,0,0,0,0,0,0,0,0
120218,1,1,0,0,0,0,0,0,0,0,0,0
120219,1,1,0,0,0,0,0,0,0,0,0,0
120219,2,1,0,0,0,0,0,0,0,0,0,0
120220,1,1,11,11,11,11,11,11,11,11,11,11
120221,1,1,0,0,0,0,0,0,0,0,0,0
120221,2,1,15,15,15,15,15,15,15,15,15,15
120222,1,1,0,0,0,0,0,0,0,0,0,0
120223,0,1,0,0,0,0,0,0,0,0,0,0
120223,1,1,0,0,0,0,0,0,0,0,0,0
120224,1,1,0,0,0,0,0,0,0,0,0,0
120224,2,1,0,19,0,0,10,6,0,0,0,0
120225,1,1,0,0,0,0,0,0,0,0,0,0
120225,2,1,0,0,0,0,0,0,0,0,0,11
120226,1,1,14,14,14,14,14,14,14,14,14,14
120227,1,1,14,14,13,0,0,0,0,20,0,0
120228,1,1,0,0,0,0,0,0,0,0,0,0
120230,1,1,0,0,0,0,0,0,0,0,0,0
120231,0,1,0,0,0,0,0,0,0,0,0,0
120231,1,1,0,0,0,0,0,0,4,0,0,0
120232,0,1,38,38,38,38,38,38,38,38,38,38
120232,1,1,0,0,0,0,0,0,11,0,0,0
120233,1,1,0,7,0,0,0,0,0,6,0,0
120233,2,1,0,0,0,0,25,0,0,0,0,0
120233,3,1,0,0,0,0,22,0,0,0,0,0
120234,0,1,0,0,0,19,10,0,0,0,0,0
120234,0,2,32,0,0,0,0,8,0,0,11,0
120234,1,1,16,0,0,0,0,0,0,9,0,0
120235,1,1,14,14,14,14,14,14,14,14,14,14
120236,0,1,0,0,0,0,0,0,0,0,0,0
120236,1,1,0,0,0,0,0,0,0,0,0,0
120237,1,1,0,0,0,0,0,0,0,0,0,0
120238,1,1,33,33,33,33,33,33,33,33,33,33
120238,2,1,0,0,0,0,0,0,0,0,0,0
120239,0,1,22,22,22,22,22,22,22,22,22,22
120239,1,1,0,0,0,0,0,0,0,0,0,0
120240,1,1,24,0,0,0,0,8,0,32,0,0
120241,1,1,0,0,0,0,0,0,0,0,0,0
120241,2,1,14,21,34,19,20,24,12,26,25,29
120242,1,1,0,0,0,0,0,0,0,0,0,0
120242,2,1,0,0,0,0,0,0,0,0,0,0
120243,0,1,0,0,0,0,0,0,0,0,16,0
120243,1,1,0,0,0,0,0,0,0,0,0,0
120244,0,1,0,0,0,0,0,0,0,0,0,0
120244,1,1,0,0,0,0,0,0,0,0,0,0
120245,1,1,23,23,23,23,23,23,23,23,23,23
120246,1,1,0,0,0,0,0,0,0,0,0,0
120246,2,1,0,0,0,0,0,0,0,0,0,0
120246,3,1,0,0,0,0,0,0,0,0,0,0
120247,1,1,14,14,14,14,14,14,14,14,14,14
120248,1,1,0,0,0,0,0,0,0,0,0,0
120249,1,1,0,0,0,0,0,0,0,0,0,0
120249,2,1,0,0,0,0,0,0,0,0,0,0
120250,1,1,0,0,0,0,0,0,0,0,0,0
120250,2,1,0,0,9,0,0,0,0,0,0,0
120251,0,1,0,0,0,0,0,0,0,0,0,0
120251,1,1,0,0,0,0,0,0,0,0,0,0
120253,1,1,0,0,0,0,0,0,0,0,0,0
120254,0,1,0,0,0,0,0,0,0,0,0,0
120254,1,1,0,0,0,0,0,0,0,11,8,0
120255,1,1,0,0,0,0,0,0,0,0,0,0
120256,1,1,29,29,29,29,29,29,29,29,29,29
120256,2,1,0,0,0,0,0,0,0,0,0,0
120257,0,1,0,0,0,0,0,0,0,0,0,0
120257,1,1,0,0,0,0,0,0,0,0,0,0
120258,1,1,0,0,0,0,0,0,0,0,0,0
120258,2,1,0,0,17,0,0,30,0,0,0,0
120259,1,1,0,0,0,0,0,0,0,0,0,0
120259,2,1,0,0,0,0,0,0,0,0,0,0
120260,0,1,0,0,0,0,0,0,0,0,0,0
120260,0,2,0,17,0,0,0,0,0,0,0,16
120260,1,1,0,0,0,0,0,0,0,0,0,0
120261,1,1,0,0,0,0,0,0,0,0,0,0
120261,2,1,0,0,0,0,0,0,0,0,0,0
120262,1,1,0,0,0,0,0,0,19,0,0,20
120263,1,1,0,0,0,0,0,0,0,0,0,0
120264,1,1,0,0,0,0,0,0,0,0,0,0
120264,2,1,0,0,0,0,0,0,0,0,0,0
120265,1,1,0,0,0,0,6,0,20,10,8,0
120265,2,1,0,0,0,0,0,0,0,0,0,0
120266,1,1,0,0,0,0,0,0,0,0,0,0
120266,2,1,19,0,0,8,20,0,0,0,0,29
120266,3,1,0,0,0,0,0,0,0,0,0,0
120267,1,1,5,5,5,5,5,5,5,5,5,5
120267,2,1,0,0,0,0,0,0,0,0,0,0
120268,1,1,0,0,0,0,0,0,0,0,0,0
120268,2,1,0,0,0,0,0,0,0,0,0,0
120269,1,1,0,39,0,0,0,0,0,0,0,0
120270,1,1,13,25,16,9,3,7,6,10,2,40
120270,2,1,0,0,0,0,0,0,0,0,0,0
120271,1,1,21,21,21,21,21,21,21,21,21,21
120271,2,1,0,0,0,0,0,0,0,0,0,0
120272,1,1,19,19,19,19,19,19,19,19,19,19
120273,0,1,0,0,0,0,0,0,0,0,0,0
120273,1,1,0,0,0,0,0,0,0,0,0,0
120274,1,1,0,16,0,0,0,0,0,0,0,0
120274,2,1,0,0,0,0,0,0,0,0,0,0
120275,1,1,34,34,34,34,34,34,34,34,34,34
120276,1,1,0,0,0,0,0,0,0,0,0,0
120276,2,1,0,0,0,0,0,0,0,0,0,0
120277,0,1,0,0,0,0,0,0,0,0,0,0
120277,1,1,0,0,0,0,0,0,14,0,0,0
120278,1,1,0,0,0,0,0,0,0,0,0,0
120278,2,1,0,0,0,0,0,0,0,0,0,0
120279,0,1,0,0,0,0,0,0,0,0,0,0
120279,1,1,0,0,0,0,0,0,0,0,0,0
120280,1,1,0,0,0,0,0,0,0,0,0,0
120280,2,1,0,0,0,0,0,0,0,0,0,0
120281,1,1,19,19,19,19,19,19,19,19,19,19
120282,0,1,0,0,0,0,0,0,0,0,0,0
120282,1,1,0,0,0,0,0,0,0,0,0,0
120284,1,1,20,20,20,20,20,20,20,20,20,20
120284,2,1,3,3,3,3,3,3,3,3,3,3
120285,1,1,28,28,28,28,28,28,28,28,28,28
120286,0,1,0,0,0,0,0,0,0,0,0,0
120286,1,1,0,16,0,0,0,9,0,0,0,0
120287,1,1,9,0,0,0,0,0,0,0,0,0
120287,2,1,0,0,0,0,0,0,0,0,0,0
120288,1,1,0,0,0,0,0,0,0,0,0,0
120288,2,1,4,4,4,4,4,4,4,4,4,4
120289,1,1,0,0,0,0,12,41,0,0,0,0
120290,0,1,10,0,0,0,0,0,0,0,22,0
120290,2,1,0,0,0,0,0,0,14,0,16,0
120291,1,1,23,23,23,23,23,23,23,23,23,23
120292,0,1,0,0,22,31,0,30,0,0,0,17
120292,1,1,0,0,0,0,0,0,0,0,0,0
120293,1,1,0,0,0,0,0,0,0,0,0,0
120293,2,1,0,0,0,0,0,0,43,0,0,0
120294,1,1,35,35,35,35,35,35,35,35,35,35
120295,1,1,4,4,4,4,4,4,4,4,4,4
120295,2,1,14,0,0,0,0,0,0,0,0,0
120296,0,1,0,0,0,0,0,0,0,0,0,0
120296,1,1,0,0,0,0,0,0,0,0,0,0
120297,1,1,9,9,9,9,9,9,9,9,9,9
120298,1,1,0,0,0,0,0,0,0,0,0,0
120298,2,1,0,0,0,0,0,0,0,0,0,0
120299,1,1,0,0,0,0,0,0,0,0,0,0
120299,2,1,0,0,0,0,0,0,0,0,0,0
120300,0,1,0,0,0,0,0,0,0,0,0,0
120300,1,1,0,0,0,0,0,25,0,0,0,0
120301,0,1,0,0,0,0,0,0,0,0,0,0
120301,1,1,0,0,0,0,0,0,0,0,0,0
120302,0,1,22,10,8,32,3,19,0,23,39,38
120302,1,1,0,0,0,0,0,0,0,0,0,0
120303,1,1,0,0,0,0,0,0,0,0,0,0
120304,0,1,13,13,13,13,13,13,13,13,13,13
120304,1,1,5,5,5,5,5,5,5,5,5,5
120304,2,1,0,0,0,0,0,0,0,0,0,0
120304,3,1,0,0,0,0,0,0,0,0,0,0
120305,1,1,0,0,0,0,0,0,0,0,0,0
120305,2,1,0,0,0,0,0,0,0,0,0,0
120306,1,1,0,0,0,0,0,0,0,0,0,0
120306,2,1,0,0,0,0,0,0,0,0,0,0
120307,0,1,0,0,0,0,0,0,0,0,0,0
120307,1,1,10,0,0,0,0,0,0,9,0,0
120308,1,1,11,11,11,11,11,11,11,11,11,11
120309,1,1,0,0,0,0,0,0,0,0,0,0
120310,1,1,0,0,0,0,12,0,0,0,0,0
120310,2,1,0,0,0,0,0,0,0,0,0,0
120311,1,1,0,0,19,0,0,0,0,0,0,0
120311,2,1,0,0,0,0,0,0,0,0,0,0
120312,0,1,0,0,0,0,0,0,0,0,0,0
120312,1,1,0,0,0,0,15,0,21,0,0,0
120313,0,1,0,0,0,0,0,0,0,0,0,0
120313,1,1,0,0,0,0,0,0,0,0,0,0
120314,0,1,0,0,0,0,30,28,16,17,0,17
120314,1,1,0,0,0,0,0,0,0,0,0,0
120314,2,1,11,0,0,0,0,0,17,0,0,0
120315,0,1,0,0,0,0,0,0,18,0,0,0
120315,1,1,0,0,0,0,0,0,0,0,0,0
120316,1,1,0,17,0,0,0,20,0,0,24,12
120317,1,1,36,36,36,36,36,36,36,36,36,36
120319,0,1,31,12,22,32,0,0,32,0,22,0
120319,1,1,0,0,0,0,0,0,0,0,0,0
120321,1,1,0,0,0,0,0,0,0,0,0,0
120321,2,1,0,0,0,0,0,0,0,0,0,0
120322,1,1,0,0,0,0,0,0,0,0,0,0
120323,1,1,19,0,0,0,16,0,21,0,0,0
120324,1,1,12,0,17,0,0,9,16,6,29,11
120324,2,1,0,0,0,0,0,0,0,0,0,0
120325,0,1,29,29,29,29,29,29,29,29,29,29
120325,1,1,0,0,0,0,0,0,0,0,0,0
120326,1,1,0,0,0,0,0,0,0,0,0,0
120326,2,1,0,0,0,0,0,0,0,0,0,0
120327,1,1,19,19,19,19,19,19,19,19,19,19
120327,2,1,0,19,0,0,24,0,12,0,0,0
120328,1,1,27,27,27,27,27,27,27,27,27,27
120329,1,1,20,20,20,20,20,20,20,20,20,20
120330,0,1,42,42,42,42,42,42,42,42,42,42
120330,1,1,12,12,12,12,12,12,12,12,12,12
120331,0,1,0,0,0,0,0,0,0,0,0,0
120331,1,1,0,0,0,0,0,0,0,0,0,0
120332,0,1,0,0,0,0,0,0,0,0,0,0
120332,1,1,0,22,13,0,8,0,0,8,0,0
120333,1,1,26,26,26,26,26,26,26,26,26,26
120334,1,1,0,0,0,0,0,0,0,0,0,0
120334,2,1,0,0,0,0,0,0,0,0,0,0
120335,1,1,11,11,11,11,11,11,11,11,11,11
120336,1,1,25,25,25,25,25,25,25,25,25,25
120337,1,1,0,0,0,0,0,0,0,0,0,0
120338,1,1,0,0,0,0,0,0,0,0,0,0
120339,1,1,14,14,14,14,14,14,14,14,14,14
120340,0,1,0,0,0,0,0,0,0,0,0,0
120340,1,1,0,0,0,0,0,0,0,0,0,0
120341,0,1,2,2,2,2,2,2,2,2,2,2
120341,1,1,0,0,0,0,0,0,0,0,0,0
120342,0,1,0,30,17,19,0,0,13,0,26,0
120342,1,1,0,0,0,0,0,0,0,0,0,0
120343,1,1,0,0,0,0,0,45,0,0,0,0
120343,2,1,0,0,0,0,0,0,0,0,0,4
120344,0,1,0,0,0,0,0,0,0,22,0,0
120344,1,1,0,0,0,0,0,0,0,0,0,0
120345,0,1,32,32,32,32,32,32,32,32,32,32
120345,1,1,0,0,0,0,0,0,0,7,0,14
120346,1,1,5,5,5,5,5,5,5,5,5,5
120346,2,1,0,0,0,0,0,0,0,0,0,0
120347,1,1,7,15,0,0,0,0,0,0,0,3
120348,1,1,0,0,0,0,0,0,0,0,0,0
120348,2,1,0,0,0,0,0,0,0,0,0,0
120349,0,1,21,21,21,21,21,21,21,21,21,21
120349,1,1,0,0,0,0,12,6,0,0,0,0
120350,1,1,0,0,0,0,0,0,0,0,0,0
120350,2,1,0,0,0,0,0,0,0,0,0,21
120351,1,1,15,15,15,15,15,15,15,15,15,15
120351,2,1,0,0,0,0,0,0,0,0,0,0
120352,0,1,15,15,15,15,15,15,15,15,15,15