ST_CASE,VEH_NO,PER_NO,P1,P2,P3,P4,P5,P6,P7,P8,P9,P10
120635,1,1,14,6,4,17,15,5,22,0,0,18
120637,0,1,0,0,0,0,0,0,0,0,0,0
120637,1,1,0,0,0,0,0,0,0,0,0,0
120638,1,1,0,0,0,0,0,0,0,0,0,0
120638,2,1,0,0,0,0,0,0,0,0,0,0
120639,1,1,22,0,0,23,0,0,0,0,0,0
120640,0,1,0,0,0,0,0,0,0,0,0,0
120640,1,1,0,0,0,0,0,7,0,0,0,0
120641,1,1,0,0,0,26,7,0,0,16,0,0
120642,0,1,31,31,31,31,31,31,31,31,31,31
120642,1,1,0,0,0,12,0,0,0,0,0,0
120643,0,1,0,0,24,0,0,0,0,13,0,0
120643,1,1,0,0,0,0,0,0,0,0,0,0
120644,0,1,0,0,0,32,0,0,22,19,25,11
120644,1,1,0,0,0,0,0,0,0,0,0,24
120645,1,1,0,0,0,0,0,0,0,0,0,0
120645,2,1,0,0,0,0,0,0,0,0,0,0
120646,1,1,0,0,0,0,0,0,0,0,0,0
120646,2,1,0,0,0,0,0,0,0,0,0,0
120647,0,1,0,0,0,0,0,0,0,0,0,0
120647,1,1,13,13,13,13,13,13,13,13,13,13
120648,1,1,0,0,0,0,0,0,0,0,0,0
120648,2,1,0,0,0,0,0,0,0,0,0,0
120649,0,1,0,0,18,0,0,0,0,0,0,0
120649,1,1,0,0,0,0,0,0,0,0,0,0
120650,1,1,17,17,17,17,17,17,17,17,17,17
120651,1,1,2,2,2,2,2,2,2,2,2,2
120653,1,1,10,10,10,10,10,10,10,10,10,10
120654,1,1,11,11,11,11,11,11,11,11,11,11
120654,2,1,21,21,21,21,21,21,21,21,21,21
120655,1,1,16,9,24,9,0,5,28,3,7,3
120655,2,1,0,0,0,0,18,24,0,0,29,0
120655,3,1,0,0,0,0,0,0,0,0,0,0
120655,4,1,0,0,0,0,0,9,0,0,0,0
120656,1,1,0,0,0,0,0,0,0,0,0,0
120656,2,1,0,0,0,0,0,0,0,0,0,0
120656,3,1,0,0,0,0,0,0,0,0,0,0
120657,1,1,19,19,19,19,19,19,19,19,19,19
120657,2,1,0,0,0,0,0,0,0,0,0,0
120658,1,1,24,24,24,24,24,24,24,24,24,24
120659,0,1,0,0,0,0,0,0,0,0,0,0
120659,1,1,0,0,0,0,0,0,0,0,0,0
120660,1,1,0,0,0,0,0,0,0,0,0,0
120660,2,1,0,0,0,0,0,0,11,0,0,0
120661,1,1,0,0,0,0,0,0,0,0,0,0
120661,2,1,0,9,0,0,0,0,0,0,0,0
120661,3,1,0,0,0,0,0,0,0,0,0,0
120661,4,1,0,0,0,0,0,0,0,0,0,0
120662,0,1,0,0,0,0,0,0,0,0,0,0
120662,1,1,0,0,0,0,0,0,0,0,0,0
120663,1,1,14,14,14,14,14,14,14,14,14,14
120663,2,1,0,0,0,0,0,0,0,0,0,0
120664,1,1,20,20,20,20,20,20,20,20,20,20
120664,2,1,0,0,0,0,0,0,0,0,0,0
120665,1,1,0,0,0,0,0,0,0,0,0,0
120665,2,1,0,0,0,0,0,0,0,0,0,0
120666,1,1,0,0,0,0,0,0,0,0,0,0
120666,2,1,0,0,0,0,0,0,0,0,0,0
120667,1,1,0,0,0,0,0,0,0,0,0,0
120667,2,1,0,0,0,0,0,11,0,0,0,0
120668,1,1,11,11,11,11,11,11,11,11,11,11
120668,2,1,0,0,0,0,0,0,0,0,0,0
120669,1,1,0,0,0,0,0,0,0,0,0,0
120669,2,1,0,0,0,0,0,0,0,0,0,0
120670,0,1,0,0,0,0,0,0,0,0,0,0
120670,1,1,0,0,0,0,0,0,0,0,0,0
120671,1,1,0,0,0,0,0,0,0,0,0,0
120671,2,1,0,0,0,0,0,0,0,0,0,0
120671,3,1,0,0,0,0,0,0,0,0,0,0
120672,1,1,22,22,22,22,22,22,22,22,22,22
120672,2,1,0,0,0,29,0,0,0,0,0,0
120673,1,1,0,0,0,0,0,0,0,0,0,0
120673,2,1,0,0,0,0,0,0,0,0,0,0
120674,1,1,0,0,0,0,0,0,0,0,0,0
120676,1,1,0,0,0,0,0,0,0,0,0,0
120677,0,1,0,0,0,0,0,0,0,0,0,0
120677,0,2,0,0,0,0,0,0,0,0,0,0
120677,0,3,0,0,0,0,0,0,0,0,0,0
120677,1,1,0,0,0,0,0,0,0,0,0,0
120677,2,1,0,0,0,0,0,0,0,0,0,0
120678,1,1,15,15,15,15,15,15,15,15,15,15
120678,2,1,0,0,0,0,0,0,0,0,0,0
120679,0,1,0,0,0,0,0,0,0,0,0,0
120679,0,2,0,0,0,0,0,0,0,0,0,0
120679,1,1,0,0,0,0,0,0,0,0,0,0
120679,2,1,0,0,0,0,0,0,0,0,0,0
120680,0,1,0,0,0,0,0,0,0,0,0,0
120680,1,1,0,0,0,0,0,0,0,0,0,0
120681,1,1,0,0,0,0,0,0,0,0,0,0
120681,2,1,0,0,0,0,0,0,0,0,0,0
120682,0,1,24,24,24,24,24,24,24,24,24,24
120682,1,1,0,0,0,0,0,0,0,0,0,0
120683,1,1,0,0,0,0,0,0,0,0,0,0
120683,2,1,3,3,3,3,3,3,3,3,3,3
120684,1,1,0,0,0,0,0,0,0,0,0,0
120685,0,1,1,1,1,1,1,1,1,1,1,1
120685,1,1,6,6,6,6,6,6,6,6,6,6
120686,0,1,0,0,0,0,0,0,0,0,0,0
120686,1,1,0,0,0,0,0,0,0,0,0,0
120687,1,1,23,23,23,23,23,23,23,23,23,23
120687,2,1,0,0,0,0,0,0,0,0,0,0
120688,0,1,7,7,7,7,7,7,7,7,7,7
120688,1,1,0,0,0,0,0,0,0,0,0,14
120689,1,1,26,26,26,26,26,26,26,26,26,26
120690,1,1,27,27,27,27,27,27,27,27,27,27
120691,1,1,0,0,0,0,0,0,0,0,0,0
120691,2,1,0,0,0,0,0,0,0,0,0,0
120692,1,1,0,0,0,0,0,0,0,0,0,0
120692,2,1,0,0,0,0,0,11,0,0,0,20
120693,0,1,0,0,0,0,0,0,0,0,0,0
120693,1,1,0,0,0,19,0,0,0,0,0,0
120694,1,1,0,0,0,0,0,0,0,0,0,0
120695,1,1,2,2,2,2,2,2,2,2,2,2
120696,0,1,27,27,27,27,27,27,27,27,27,27
120696,1,1,0,0,0,0,0,22,0,0,0,0
120697,0,1,0,0,0,0,0,0,0,0,0,0
120697,1,1,0,0,0,0,0,0,0,0,0,0
120698,1,1,0,0,0,0,0,7,0,0,0,0
120698,2,1,0,0,0,0,0,0,0,0,0,0
120699,1,1,0,9,0,0,0,9,9,20,0,0
120699,2,1,0,0,0,0,0,0,0,0,0,0
120700,1,1,0,0,0,0,0,0,0,0,0,0
120701,0,1,0,0,0,0,0,0,0,0,0,0
120701,1,1,0,0,0,0,0,0,0,0,0,0
120702,1,1,18,18,18,18,18,18,18,18,18,18
120703,0,1,14,14,14,14,14,14,14,14,14,14
120703,1,1,0,0,0,0,0,0,0,0,0,0
120704,1,1,0,0,0,0,0,0,0,0,0,0
120705,1,1,0,0,0,0,0,0,0,0,0,0
120705,2,1,0,0,0,0,0,0,0,0,0,0
120706,0,1,0,0,0,0,0,0,0,0,0,0
120706,1,1,0,0,0,0,0,0,16,0,0,0
120707,0,1,0,0,0,0,0,0,0,0,0,0
120707,1,1,0,0,0,0,0,0,0,0,0,0
120708,0,1,0,0,0,0,0,0,0,0,0,0
120708,1,1,15,0,0,0,0,0,0,0,0,0
120709,0,1,0,0,0,0,0,0,0,0,0,0
120709,1,1,0,0,21,0,0,0,0,0,0,0
120710,1,1,0,0,0,0,0,0,0,0,0,0
120710,2,1,0,0,0,0,0,0,0,0,0,0
120711,1,1,0,0,0,0,0,0,0,0,0,0
120711,2,1,0,0,0,0,0,0,0,27,0,0
120712,1,1,0,0,0,0,0,0,0,0,11,0
120712,2,1,14,14,14,14,14,14,14,14,14,14
120713,1,1,0,0,0,0,0,0,0,0,0,0
120713,2,1,0,0,8,0,0,0,0,0,0,0
120714,1,1,0,0,0,0,0,0,0,0,0,0
120714,2,1,0,0,0,0,0,0,0,0,0,0
120715,1,1,0,0,0,0,0,0,0,0,0,0
120716,1,1,19,19,19,19,19,19,19,19,19,19
120717,0,1,40,40,17,16,9,10,38,29,20,28
120717,1,1,0,0,0,0,0,0,0,0,0,0
120718,1,1,0,0,0,0,0,0,0,0,0,0
120718,2,1,0,23,0,21,27,0,30,0,0,0
120719,0,1,0,0,0,0,0,0,0,0,0,0
120719,1,1,0,0,0,0,0,0,0,0,0,0
120719,2,1,0,0,0,0,0,0,0,0,14,0
120720,0,1,0,0,0,0,0,0,0,0,0,0
120720,1,1,0,0,0,0,0,0,0,0,0,18
120721,1,1,0,0,0,0,0,0,0,0,0,0
120721,2,1,0,0,0,0,0,0,0,0,0,0
120722,1,1,0,0,0,0,0,0,0,0,0,0
120723,1,1,0,0,0,0,0,0,0,0,0,0
120724,1,1,30,30,30,30,30,30,30,30,30,30
120724,2,1,0,0,0,0,0,0,0,0,0,0
120725,1,1,0,0,0,0,0,0,0,0,0,0
120725,2,1,0,0,0,0,0,0,0,0,0,0
120726,1,1,0,0,0,0,0,0,0,0,0,0
120727,1,1,0,0,0,16,0,0,0,12,14,10
120728,1,1,14,14,14,14,14,14,14,14,14,14
120728,2,1,0,10,0,0,0,0,0,0,0,0
120729,1,1,29,29,29,29,29,29,29,29,29,29
120730,1,1,0,0,0,0,0,0,0,0,0,0
120730,2,1,0,0,0,0,0,0,0,0,0,0
120731,1,1,0,0,0,0,0,0,0,0,0,0
120732,0,1,0,0,0,0,0,0,0,0,0,0
120732,1,1,0,0,0,0,0,0,0,0,0,0
120733,0,1,0,0,0,17,0,0,0,0,0,0
120733,1,1,0,0,0,0,0,0,0,0,0,0
120734,1,1,0,0,0,0,0,0,0,0,0,0
120735,1,1,0,19,0,0,26,0,0,21,0,17
120736,1,1,0,0,0,0,0,0,0,0,0,33
120736,2,1,0,0,0,0,0,0,0,0,0,0
120737,1,1,0,0,0,0,0,0,0,0,0,0
120737,2,1,0,0,0,0,0,0,0,0,0,0
120737,3,1,0,0,0,0,0,0,0,0,0,0
120737,4,1,0,0,21,0,0,0,0,0,20,0
120738,0,1,0,0,0,0,0,0,0,0,0,0
120738,1,1,0,0,0,0,0,0,0,0,0,11
120739,1,1,25,25,25,25,25,25,25,25,25,25
120740,1,1,0,0,17,0,21,12,15,15,12,0
120741,1,1,22,22,22,22,22,22,22,22,22,22
120742,1,1,0,0,0,0,0,0,0,0,0,0
120742,2,1,0,0,0,0,0,0,0,0,0,0
120743,0,1,0,0,0,0,0,0,0,0,0,0
120743,1,1,0,0,0,0,0,0,0,0,0,0
120744,1,1,17,17,17,17,17,17,17,17,17,17
120745,1,1,0,0,0,0,5,0,0,0,0,0
120745,2,1,0,0,0,0,15,11,0,0,11,12
120746,0,1,0,0,0,0,0,0,0,0,0,0
120746,1,1,0,0,0,0,0,0,0,0,0,0
120747,0,1,26,26,26,26,26,26,26,26,26,26
120747,1,1,0,0,18,0,0,0,0,0,0,0
120748,1,1,0,0,0,0,0,0,0,0,0,6
120748,2,1,0,0,0,0,0,0,0,0,0,0
120748,3,1,0,0,0,0,0,0,0,0,0,0
120749,1,1,11,0,6,0,0,0,12,0,8,0
120749,2,1,0,0,0,0,0,0,0,0,0,0
120750,1,1,0,0,0,0,0,0,0,0,0,0
120751,1,1,29,29,29,29,29,29,29,29,29,29
120752,0,1,30,30,30,30,30,30,30,30,30,30
120752,1,1,0,0,0,0,0,0,0,0,0,0
120753,1,1,29,29,29,29,29,29,29,29,29,29
120754,1,1,0,0,0,0,0,0,0,0,0,0
120754,2,1,0,0,0,0,0,0,0,7,0,0
120756,1,1,4,4,4,4,4,4,4,4,4,4
120756,2,1,0,0,0,0,12,0,0,0,0,0
120757,1,1,0,0,0,0,0,0,0,0,0,0
120757,2,1,0,0,0,0,0,0,0,0,0,0
120758,1,1,0,0,0,0,0,0,0,0,0,0
120758,2,1,0,0,0,0,0,0,0,0,0,0
120759,1,1,15,22,13,5,16,13,26,27,21,0
120759,2,1,0,0,0,0,0,0,0,0,0,0
120760,1,1,0,0,0,0,0,0,0,0,0,0
120760,2,1,0,0,0,0,0,0,0,0,0,0
120761,1,1,0,0,0,0,0,0,0,23,0,0
120762,1,1,0,0,0,0,0,0,0,0,0,0
120762,2,1,0,0,0,0,0,0,0,0,0,0
120763,1,1,10,10,10,10,10,10,10,10,10,10
120764,1,1,0,0,0,0,0,0,0,0,0,0
120764,2,1,0,0,0,0,0,0,0,0,0,0
120765,1,1,21,21,21,21,21,21,21,21,21,21
120766,1,1,65,65,65,65,65,65,65,65,65,65
120767,0,1,0,0,0,0,0,0,0,0,0,0
120767,1,1,8,8,8,8,8,8,8,8,8,8
120768,1,1,0,0,0,0,24,0,0,0,0,0
120768,2,1,0,0,0,0,0,0,0,0,0,0
120769,1,1,17,17,17,17,17,17,17,17,17,17
120770,1,1,0,0,0,0,0,0,0,0,0,0
120770,2,1,0,0,0,0,0,0,0,0,0,0
120771,0,1,23,23,23,23,23,23,23,23,23,23
120771,1,1,15,0,13,0,0,0,0,8,0,0
120772,1,1,0,0,9,0,0,0,0,0,0,0
120772,2,1,0,0,0,10,0,0,0,0,0,0
120773,1,1,0,0,0,0,0,0,0,0,0,0
120773,2,1,0,0,0,0,0,0,0,0,0,0
120774,0,1,0,0,0,0,0,0,0,0,0,0
120774,1,1,0,0,0,0,0,0,0,0,0,0
120775,1,1,0,0,0,0,0,0,0,0,0,0
120775,2,1,0,0,0,0,0,0,0,0,0,0
120776,1,1,0,0,0,0,2,0,9,0,0,0
120777,1,1,23,23,23,23,23,23,23,23,23,23
120778,1,1,0,0,0,0,0,0,0,0,0,0
120779,1,1,18,18,18,18,18,18,18,18,18,18
120780,0,1,13,13,13,13,13,13,13,13,13,13
120780,1,1,0,0,19,0,12,0,0,0,0,0
120782,1,1,0,0,0,0,0,0,0,0,0,0
120783,1,1,0,0,0,0,0,0,0,0,0,0
120783,2,1,0,0,0,0,0,0,0,0,0,0
120784,1,1,0,0,0,0,0,0,0,0,0,0
120784,2,1,0,0,0,0,0,0,0,0,0,0
120785,1,1,0,0,0,0,12,0,0,0,35,0
120786,1,1,0,0,0,0,0,0,0,0,0,0
120786,2,1,0,0,0,0,0,19,0,0,0,0
120788,1,1,29,29,29,29,29,29,29,29,29,29
120789,0,1,0,14,11,0,11,0,0,0,33,30
120789,1,1,0,0,0,0,0,0,0,0,0,0
120790,1,1,21,21,21,21,21,21,21,21,21,21
120790,2,1,0,0,0,0,0,0,0,0,0,0
120791,1,1,0,0,0,0,0,0,0,0,0,0
120791,2,1,0,0,0,23,0,0,0,0,0,0
120792,0,1,0,0,0,0,0,0,0,0,0,0
120792,1,1,0,0,0,0,0,0,0,0,0,0
120793,1,1,0,0,0,0,0,0,0,0,0,0
120794,1,1,0,0,0,0,0,0,0,0,0,0
120794,2,1,5,5,5,5,5,5,5,5,5,5
120795,1,1,0,0,0,0,0,0,0,0,0,0
120796,0,1,0,0,14,0,0,0,10,0,0,0
120796,1,1,0,0,15,0,0,0,0,0,0,0
120797,1,1,0,0,0,0,0,0,0,0,0,0
120797,2,1,0,0,0,0,0,0,0,0,0,0
120798,0,1,18,18,18,18,18,18,18,18,18,18
120798,1,1,0,0,0,0,0,0,0,0,0,0
120799,1,1,0,0,0,0,0,0,0,0,0,0
120799,2,1,0,0,0,0,0,0,0,0,0,0
120800,1,1,0,0,0,0,0,0,0,0,0,0
120800,2,1,5,5,5,5,5,5,5,5,5,5
120801,1,1,34,34,34,34,34,34,34,34,34,34
120802,1,1,0,0,0,0,0,0,0,0,0,0
120803,1,1,0,0,0,0,0,0,0,0,0,0
120803,2,1,0,0,0,0,0,0,0,0,0,0
120804,1,1,0,0,0,0,0,0,0,0,0,9
120804,2,1,13,0,0,5,0,23,31,0,0,0
120804,3,1,0,0,0,0,16,0,0,0,4,0
120804,4,1,0,21,0,0,0,23,0,9,0,0
120804,5,1,0,0,0,20,0,0,0,4,0,0
120804,6,1,0,0,15,0,0,0,0,0,0,8
120805,1,1,0,0,0,0,0,0,0,0,0,0
120805,2,1,0,0,0,0,0,0,0,0,0,0
120806,1,1,12,12,12,12,12,12,12,12,12,12
120806,2,1,0,0,0,0,0,0,0,0,0,0
120807,0,1,0,0,0,0,0,0,0,0,0,0
120807,1,1,0,0,0,0,0,0,0,0,0,0
120808,1,1,0,0,0,0,0,0,0,12,0,0
120808,2,1,0,0,0,0,19,0,0,0,0,0
120809,1,1,11,11,11,11,11,11,11,11,11,11
120809,2,1,0,0,0,0,0,0,0,0,0,0
120810,1,1,19,19,19,19,19,19,19,19,19,19
120811,1,1,16,16,16,16,16,16,16,16,16,16
120811,2,1,0,0,0,0,0,0,11,0,0,0
120812,1,1,0,0,0,0,0,0,0,0,0,0
120812,2,1,0,0,0,0,0,0,0,0,0,0
120813,1,1,0,0,0,0,0,0,0,0,0,0
120813,2,1,0,0,0,0,0,0,0,0,0,0
120814,1,1,0,0,0,0,0,0,0,0,0,0
120815,0,1,0,0,0,0,0,14,0,0,15,0
120815,1,1,0,0,0,0,0,0,0,0,0,0
120816,0,1,0,0,0,0,0,0,0,0,0,0
120816,1,1,0,0,0,0,0,0,0,0,0,0
120817,1,1,0,0,0,0,0,0,0,0,0,0
120817,2,1,0,0,0,0,0,0,0,0,0,0
120818,1,1,13,13,13,13,13,13,13,13,13,13
120819,1,1,39,39,39,39,39,39,39,39,39,39
120820,1,1,39,39,39,39,39,39,39,39,39,39
120821,0,1,0,0,0,0,0,0,0,0,0,0
120821,0,2,0,0,0,0,0,0,0,0,0,0
120821,1,1,0,0,0,0,0,0,0,0,0,0
120822,0,1,0,0,0,0,0,0,0,0,0,0
120822,1,1,0,0,0,0,0,0,0,0,0,0
120823,1,1,0,0,0,0,0,0,0,0,0,0
120823,2,1,0,0,0,0,0,0,0,0,0,0
120824,1,1,0,17,9,26,0,0,19,0,7,0
120825,1,1,0,0,0,0,0,0,0,0,0,0
120825,2,1,0,0,0,0,0,0,0,0,0,8
120825,3,1,0,0,0,6,0,6,3,23,24,19
120826,1,1,0,0,0,0,0,0,0,0,0,0
120827,1,1,21,21,21,21,21,21,21,21,21,21
120828,1,1,18,18,18,18,18,18,18,18,18,18
120829,1,1,21,21,21,21,21,21,21,21,21,21
120830,1,1,0,0,0,0,0,0,0,0,0,0
120830,2,1,0,0,0,0,0,0,0,0,0,0
120831,0,1,0,25,0,27,0,12,36,29,0,16
120831,1,1,14,0,0,0,19,6,0,0,0,0
120832,1,1,29,18,20,0,0,0,0,0,0,0
120833,1,1,0,15,0,0,0,23,0,0,0,0
120834,0,1,23,25,22,0,4,14,0,0,36,25
120834,1,1,0,0,0,0,0,0,0,0,0,0
120835,1,1,31,18,7,0,0,4,7,29,17,22
120835,2,1,0,0,0,0,0,0,0,0,0,0
120836,0,1,0,0,0,0,0,0,0,0,0,0
120836,1,1,0,14,29,0,0,5,11,0,15,0
120837,1,1,0,0,0,0,0,0,0,0,0,0
120838,1,1,19,19,19,19,19,19,19,19,19,19
120839,1,1,0,0,0,0,0,0,0,0,0,0
120839,2,1,0,0,0,0,0,0,0,0,0,0
120840,0,1,27,27,27,27,27,27,27,27,27,27
120840,1,1,18,18,18,18,18,18,18,18,18,18
120841,0,1,0,0,0,0,0,0,0,0,0,0
120841,1,1,0,0,8,0,0,0,0,0,0,0
120842,1,1,0,0,0,0,0,0,0,0,0,0
120843,0,1,0,0,0,0,0,0,0,0,0,0
120843,1,1,0,0,0,0,0,0,0,0,0,0
120844,0,1,22,22,22,22,22,22,22,22,22,22
120844,1,1,0,0,5,0,0,0,0,0,0,0
120845,1,1,4,4,4,4,4,4,4,4,4,4
120846,0,1,0,0,0,0,0,0,0,0,20,0
120846,1,1,9,11,16,17,16,22,0,3,20,6
120847,1,1,14,14,14,14,14,14,14,14,14,14
120848,1,1,20,20,20,20,20,20,20,20,20,20
120850,1,1,44,44,44,44,44,44,44,44,44,44
120851,1,1,0,0,0,0,0,0,0,0,0,0
120852,1,1,0,0,0,0,0,0,0,0,0,0
120852,2,1,0,0,9,0,0,0,0,0,0,0
120853,0,1,22,22,22,22,22,22,22,22,22,22
120853,1,1,0,0,0,0,0,0,0,0,0,0
120854,1,1,0,0,0,0,0,0,0,0,0,0
120855,1,1,20,5,18,0,16,12,0,0,13,0
120855,2,1,11,0,0,0,0,0,0,0,0,0
120856,0,1,0,0,0,0,18,0,0,23,0,0
120856,1,1,0,0,0,0,0,0,0,0,0,0
120857,1,1,0,0,0,0,0,0,0,0,0,0
120857,2,1,0,0,0,0,0,28,0,0,0,25
120858,1,1,0,0,0,0,0,0,0,0,0,0
120858,2,1,0,0,0,0,0,0,0,0,0,0
120859,1,1,0,0,0,0,0,0,0,0,0,0
120860,1,1,18,12,0,0,15,15,0,0,0,21
120861,1,1,21,21,21,21,21,21,21,21,21,21
120862,1,1,0,0,0,0,0,0,0,0,0,0
120862,2,1,0,0,0,0,0,0,0,0,0,0
120862,3,1,0,0,0,0,0,18,0,0,0,0
120862,4,1,0,0,0,0,0,0,0,0,0,0
120862,5,1,16,0,0,0,0,0,0,0,0,0
120862,6,1,0,0,0,0,0,0,0,0,0,0
120862,7,1,0,0,0,0,0,0,0,0,0,0
120862,8,1,0,0,0,0,0,0,0,6,0,0
120862,9,1,0,0,0,0,0,0,0,0,0,0
120862,10,1,0,0,0,0,0,0,0,0,0,0
120862,11,1,0,0,0,0,0,0,18,0,0,0
120863,1,1,0,0,14,17,14,0,25,7,3,8
120865,0,1,10,10,10,10,10,10,10,10,10,10
120865,1,1,0,0,0,0,0,0,0,0,0,9
120866,0,1,0,0,0,0,0,0,0,0,0,0
120866,1,1,0,0,0,0,0,0,10,0,0,0
120868,1,1,0,0,0,0,0,0,0,0,0,0
120868,2,1,0,0,0,0,0,0,0,0,0,0
120869,1,1,0,0,0,0,9,0,0,6,23,0
120869,2,1,0,0,0,0,0,0,0,0,0,0
120869,3,1,0,0,0,32,0,19,0,0,0,0
120870,1,1,17,17,17,17,17,17,17,17,17,17
120870,2,1,0,0,0,0,0,0,0,0,0,0
120871,1,1,0,0,0,0,0,0,0,0,0,0
120872,1,1,0,0,11,0,0,12,0,0,12,14
120873,0,1,0,0,0,0,0,0,0,0,0,0
120873,1,1,0,0,0,0,0,0,12,0,0,0
120873,2,1,0,0,0,0,0,7,0,0,0,0
120874,1,1,0,0,0,0,0,0,0,0,0,0
120875,1,1,34,0,0,0,0,0,0,0,0,0
120875,2,1,8,39,16,19,0,20,3,17,7,10
120876,1,1,0,0,0,0,0,0,0,0,0,0
120876,2,1,0,0,0,0,0,0,0,0,0,0
120877,0,1,29,0,39,27,0,0,0,0,33,26
120877,1,1,0,0,0,0,0,0,0,0,0,0
120878,1,1,2,2,2,2,2,2,2,2,2,2
120879,1,1,0,0,0,0,0,0,0,0,0,0
120880,0,1,0,0,0,0,0,0,0,0,0,0
120880,1,1,0,0,0,0,0,0,0,0,0,0
120881,0,1,0,0,0,0,0,0,0,0,0,0
120881,1,1,0,0,0,0,0,0,0,0,0,0
120882,1,1,25,25,25,25,25,25,25,25,25,25
120883,1,1,22,22,22,22,22,22,22,22,22,22
120884,1,1,25,25,25,25,25,25,25,25,25,25
120885,1,1,0,0,0,0,0,0,0,0,0,0
120885,2,1,0,0,0,0,0,0,0,0,0,0
120885,3,1,0,0,0,0,27,0,0,0,0,0
120886,1,1,0,0,0,0,0,0,0,0,0,0
120888,1,1,0,0,0,0,0,0,0,21,5,0
120889,1,1,0,25,0,0,0,0,0,0,0,0
120889,2,1,10,10,10,10,10,10,10,10,10,10
120890,1,1,0,0,0,0,0,0,0,0,0,0
120891,1,1,5,0,0,0,0,13,0,0,0,0
120891,2,1,0,0,0,0,0,0,0,0,0,0
120892,1,1,0,0,0,0,0,0,0,0,0,0
120892,2,1,0,0,0,0,0,0,0,0,0,0
120893,0,1,0,0,0,0,0,0,0,0,0,0
120893,1,1,3,3,3,3,3,3,3,3,3,3
120894,1,1,0,5,0,0,0,0,0,0,0,0
120894,2,1,0,0,25,0,0,13,10,3,18,0
120895,1,1,0,0,0,0,0,0,0,0,0,0
120896,1,1,0,0,0,0,0,0,0,0,0,16
120896,2,1,0,0,0,0,0,0,0,0,0,0
120897,1,1,0,0,0,0,0,0,0,0,0,0
120898,0,1,0,0,0,0,0,0,0,0,0,0
120898,1,1,0,0,0,0,0,0,0,0,0,0
120899,1,1,15,15,15,15,15,15,15,15,15,15
120901,1,1,11,11,11,11,11,11,11,11,11,11
120902,1,1,0,18,0,4,0,0,0,22,16,0
120903,1,1,17,17,17,17,17,17,17,17,17,17
120904,1,1,0,0,0,0,0,0,0,0,0,0
120905,1,1,0,0,0,0,0,0,0,0,0,0
120905,2,1,0,0,0,0,0,0,0,0,0,0
120906,1,1,21,21,21,21,21,21,21,21,21,21
120907,0,1,0,0,0,0,0,0,0,0,0,0
120907,1,1,0,0,0,12,0,0,0,0,0,0
120908,1,1,0,0,0,0,0,0,0,0,0,0
120909,1,1,0,0,0,0,31,0,0,0,0,0
120909,2,1,0,0,0,0,0,0,0,0,0,0
120910,1,1,0,0,0,0,0,0,0,22,0,0
120910,2,1,0,0,0,0,0,0,0,0,0,0
120911,0,1,6,6,6,6,6,6,6,6,6,6
120911,1,1,20,20,20,20,20,20,20,20,20,20
120912,1,1,0,0,0,0,0,0,0,0,0,0
120912,2,1,0,0,0,0,0,0,0,0,0,0
120913,0,1,18,18,18,18,18,18,18,18,18,18
120913,1,1,0,3,11,0,0,0,0,15,6,7
120914,1,1,19,19,19,19,19,19,19,19,19,19
120914,2,1,7,0,0,0,0,0,0,0,0,0
120915,1,1,0,0,0,0,0,0,0,0,0,0
120916,1,1,0,0,0,0,0,0,0,0,0,0
120916,2,1,0,0,0,0,0,0,0,0,0,0
120917,0,1,0,0,0,0,0,0,0,0,0,0
120917,1,1,0,0,0,0,30,0,0,0,0,0
120917,2,1,0,0,0,0,0,0,0,0,0,0
120917,3,1,0,15,0,11,20,8,0,0,0,7
120918,0,1,24,24,24,24,24,24,24,24,24,24
120918,1,1,0,0,0,0,0,0,0,0,12,0
120919,1,1,0,0,0,0,0,0,0,0,0,0
120920,0,1,20,20,20,20,20,20,20,20,20,20
120920,1,1,20,0,0,6,0,0,12,16,0,22
120921,1,1,0,9,0,0,0,0,0,0,0,0
120922,1,1,0,17,19,0,0,0,0,0,0,0
120922,2,1,0,0,0,0,0,0,0,0,0,0
120923,1,1,18,18,18,18,18,18,18,18,18,18
120923,2,1,0,0,0,0,0,0,0,0,0,0
120923,3,1,0,0,0,0,0,0,4,0,0,0
120924,1,1,0,0,0,0,0,0,0,0,0,0
120924,2,1,0,0,0,0,0,0,0,0,0,0
120925,1,1,0,0,0,0,0,0,0,0,0,0
120925,2,1,0,0,0,0,0,0,0,0,0,15
120926,1,1,0,0,0,0,0,0,0,0,0,0
120926,2,1,0,0,0,0,0,0,0,0,0,0
120927,1,1,0,0,0,0,0,0,0,0,0,0
120928,0,1,0,0,0,0,0,0,0,0,0,0
120928,1,1,11,11,11,11,11,11,11,11,11,11
120929,1,1,0,0,0,0,0,0,0,0,0,0
120929,2,1,0,0,0,0,0,0,0,0,0,0
120930,1,1,22,22,22,22,22,22,22,22,22,22
120931,1,1,0,0,0,0,0,0,0,0,0,0
120932,0,1,0,0,0,0,0,0,0,0,0,0
120932,1,1,11,11,11,11,11,11,11,11,11,11
120933,1,1,0,0,0,0,12,0,0,0,0,11
120934,1,1,16,16,16,16,16,16,16,16,16,16
120935,1,1,0,0,0,0,0,0,0,0,0,0
120935,2,1,0,0,0,0,0,0,0,0,0,0