ST_CASE,VEH_NO,PER_NO,P1,P2,P3,P4,P5,P6,P7,P8,P9,P10
121532,1,1,0,0,0,0,0,0,0,0,0,0
121533,1,1,0,0,0,0,0,0,0,0,0,0
121533,2,1,0,0,0,5,0,0,0,0,17,0
121533,3,1,0,0,0,0,7,0,0,0,0,0
121533,4,1,19,0,0,0,0,0,0,0,0,0
121533,5,1,0,0,0,0,0,0,0,0,0,0
121534,1,1,0,0,0,0,22,13,0,5,0,0
121535,1,1,0,0,0,0,0,0,0,0,0,0
121535,2,1,0,0,0,0,0,0,0,0,0,0
121536,1,1,0,0,0,0,0,0,0,0,0,0
121536,2,1,0,0,0,0,0,0,0,0,0,20
121536,3,1,0,0,0,0,0,0,0,0,0,0
121537,1,1,0,0,0,0,0,0,0,0,0,27
121538,0,1,0,32,0,0,0,0,0,0,23,16
121538,1,1,0,0,0,0,0,0,0,0,0,0
121539,0,1,0,0,0,0,0,0,0,0,0,0
121539,1,1,0,0,0,0,0,0,0,0,0,0
121540,1,1,0,0,0,0,0,0,0,0,0,0
121540,2,1,0,0,0,0,0,0,0,0,0,0
121540,3,1,0,0,0,0,0,0,0,0,0,0
121541,1,1,0,0,0,0,0,0,0,0,0,0
121541,2,1,3,3,3,3,3,3,3,3,3,3
121542,0,1,21,21,21,21,21,21,21,21,21,21
121542,1,1,0,0,0,0,0,23,0,0,0,0
121543,0,1,0,0,0,0,0,0,0,24,0,0
121543,1,1,0,0,0,0,0,0,0,0,0,0
121544,1,1,22,22,22,22,22,22,22,22,22,22
121545,1,1,0,0,0,0,0,0,0,0,0,0
121545,2,1,0,0,0,0,0,0,0,12,0,0
121545,3,1,0,0,0,0,0,24,0,0,0,0
121545,4,1,0,0,0,0,0,0,0,0,0,0
121545,5,1,0,0,0,9,0,0,0,0,0,0
121545,6,1,0,0,0,0,0,0,0,0,0,0
121545,7,1,0,0,0,0,0,0,0,14,0,0
121545,8,1,0,0,0,13,33,0,0,0,0,0
121545,9,1,0,0,0,0,0,0,0,0,0,0
121546,1,1,25,25,25,25,25,25,25,25,25,25
121546,2,1,0,0,0,0,5,0,0,0,0,0
121547,0,1,16,0,0,0,0,0,0,0,5,0
121547,1,1,0,0,30,0,0,11,0,0,0,0
121548,1,1,0,0,0,0,0,0,0,0,0,0
121548,2,1,21,21,21,21,21,21,21,21,21,21
121549,1,1,0,0,0,0,0,0,0,0,0,0
121550,1,1,13,13,13,13,13,13,13,13,13,13
121551,1,1,0,0,0,0,0,0,0,0,0,0
121551,2,1,0,0,19,0,0,0,0,0,0,0
121552,1,1,0,3,0,0,0,0,0,0,0,0
121552,2,1,16,0,0,0,0,0,0,0,0,0
121553,0,1,0,0,0,0,0,0,0,0,0,0
121553,1,1,0,0,0,0,0,0,0,0,0,0
121554,0,1,0,0,0,0,0,0,0,0,0,0
121554,1,1,0,0,0,0,0,0,0,0,0,0
121555,0,1,33,33,33,33,33,33,33,33,33,33
121555,1,1,0,0,0,0,0,0,0,14,0,0
121556,1,1,0,0,0,0,0,0,0,0,0,0
121557,1,1,0,0,0,0,0,0,0,0,0,0
121558,1,1,0,0,0,0,0,0,0,0,0,0
121558,2,1,0,0,0,0,0,0,0,0,0,0
121559,0,1,0,0,0,0,0,0,0,0,0,0
121559,1,1,0,0,0,0,0,0,0,0,9,22
121560,1,1,0,0,0,0,0,0,0,0,0,0
121560,2,1,0,0,0,0,0,0,0,0,0,0
121561,1,1,0,0,0,0,0,0,0,0,0,0
121562,0,1,0,0,0,0,0,0,0,0,0,0
121562,1,1,0,0,0,0,0,0,0,0,10,0
121563,1,1,0,0,0,0,0,0,0,0,0,0
121563,2,1,0,0,0,0,0,0,15,0,0,0
121563,3,1,0,0,0,0,0,0,0,0,0,0
121563,4,1,0,0,0,0,0,0,0,0,0,0
121564,1,1,13,13,13,13,13,13,13,13,13,13
121564,2,1,0,0,0,0,0,0,0,0,0,0
121564,3,1,22,0,0,0,0,0,0,0,9,0
121565,1,1,0,0,0,0,0,0,0,0,0,11
121565,2,1,0,0,0,0,0,0,0,0,0,0
121566,1,1,0,0,0,0,0,0,0,0,0,0
121566,2,1,0,16,0,0,0,0,0,0,9,0
121567,1,1,0,0,0,0,0,0,0,0,0,0
121567,2,1,0,0,0,0,0,0,0,0,0,0
121567,3,1,0,21,0,0,0,0,0,0,0,0
121568,1,1,0,0,0,0,0,0,0,0,0,0
121568,2,1,0,0,0,0,0,0,25,0,0,0
121569,1,1,0,0,3,0,0,11,0,0,0,10
121569,2,1,9,9,9,9,9,9,9,9,9,9
121569,3,1,0,0,0,6,0,0,17,0,0,0
121570,1,1,0,0,0,0,0,0,0,0,0,0
121570,2,1,9,0,31,0,0,0,0,14,13,0
121571,1,1,0,0,0,0,0,0,0,0,0,0
121572,0,1,20,20,20,20,20,20,20,20,20,20
121572,1,1,0,0,0,0,21,0,0,12,0,0
121573,1,1,0,0,0,0,0,0,0,0,0,0
121574,0,1,28,28,28,28,28,28,28,28,28,28
121574,1,1,0,0,0,15,0,0,0,0,0,0
121575,1,1,0,31,30,18,10,0,0,0,16,14
121575,2,1,0,0,0,0,0,0,0,0,0,0
121576,1,1,28,28,28,28,28,28,28,28,28,28
121576,2,1,0,0,0,0,0,0,0,0,0,0
121577,0,1,0,0,0,0,0,0,0,0,0,0
121577,1,1,0,0,0,0,0,0,0,0,0,0
121578,1,1,16,16,16,16,16,16,16,16,16,16
121578,2,1,0,0,0,0,0,0,0,0,0,0
121579,1,1,0,0,0,0,0,0,0,0,0,0
121580,1,1,0,0,0,0,0,0,0,0,0,0
121580,2,1,0,0,15,0,0,0,0,0,0,0
121581,1,1,0,0,0,0,0,0,0,0,0,0
121581,2,1,0,0,0,0,0,0,0,0,0,0
121582,1,1,0,0,0,0,0,0,0,0,0,0
121582,2,1,0,12,0,0,0,0,0,0,0,19
121582,3,1,0,0,0,0,0,0,0,0,0,0
121583,1,1,23,23,23,23,23,23,23,23,23,23
121584,1,1,0,0,0,0,0,0,0,0,0,0
121584,2,1,0,0,0,0,0,0,0,0,0,0
121585,0,1,0,0,0,0,0,0,0,0,0,0
121585,1,1,0,0,0,0,0,0,0,0,0,0
121585,2,1,0,0,0,0,0,0,0,0,0,0
121586,0,1,5,5,5,5,5,5,5,5,5,5
121586,1,1,0,0,0,0,0,0,0,0,0,0
121587,0,1,22,22,22,22,22,22,22,22,22,22
121587,1,1,0,16,0,0,20,6,0,0,12,0
121588,1,1,17,17,17,17,17,17,17,17,17,17
121589,1,1,0,0,7,9,0,0,0,31,0,0
121590,1,1,24,0,0,16,14,20,0,0,24,0
121590,2,1,0,0,0,0,0,0,0,0,0,0
121591,1,1,14,14,14,14,14,14,14,14,14,14
121591,2,1,0,0,0,0,0,0,0,0,0,0
121592,0,1,0,0,0,0,0,0,0,0,0,0
121592,1,1,0,0,0,0,0,0,0,0,0,0
121593,1,1,16,16,16,16,16,16,16,16,16,16
121594,0,1,0,0,0,0,0,0,0,0,0,0
121594,0,2,0,0,0,0,0,0,0,0,12,0
121594,1,1,0,0,0,0,0,0,0,0,0,22
121595,1,1,13,13,13,13,13,13,13,13,13,13
121596,0,1,26,26,26,26,26,26,26,26,26,26
121596,1,1,0,0,0,0,0,0,0,0,0,0
121598,0,1,0,0,0,0,0,24,21,0,10,0
121598,1,1,0,0,0,0,0,0,0,0,0,20
121599,0,1,43,43,43,43,43,43,43,43,43,43
121599,1,1,0,0,0,0,0,0,0,0,0,0
121600,1,1,0,0,0,0,0,0,0,0,0,0
121600,2,1,0,0,0,0,0,0,16,0,0,0
121601,0,1,0,0,0,0,0,0,0,0,0,0
121601,1,1,0,0,0,0,0,0,0,0,4,0
121601,2,1,0,0,0,0,0,0,0,0,0,0
121602,0,1,0,0,0,0,0,0,0,0,0,0
121602,1,1,0,0,0,0,0,0,0,0,0,0
121603,1,1,0,13,0,0,19,20,0,0,16,12
121603,2,1,0,0,0,0,0,0,0,0,0,0
121604,0,1,15,36,0,0,0,22,0,0,0,18
121604,1,1,0,0,0,0,0,0,0,0,0,0
121605,1,1,28,28,28,28,28,28,28,28,28,28
121606,1,1,14,14,14,14,14,14,14,14,14,14
121606,2,1,0,0,0,0,0,0,0,0,0,0
121607,1,1,0,0,0,0,0,0,0,0,0,0
121607,2,1,0,0,0,0,0,0,0,0,0,0
121608,1,1,16,0,12,0,6,21,0,12,0,9
121609,0,1,45,45,45,45,45,45,45,45,45,45
121609,1,1,0,0,0,6,0,0,0,0,0,0
121610,1,1,0,0,0,0,0,0,0,0,0,0
121610,2,1,0,0,0,0,0,0,0,0,0,0
121611,0,1,0,0,0,0,0,0,0,0,0,0
121611,1,1,0,0,0,0,15,0,0,0,0,0
121612,0,1,0,0,26,0,0,0,0,0,0,0
121612,1,1,0,0,0,0,0,0,0,0,0,0
121613,1,1,25,25,25,25,25,25,25,25,25,25
121613,2,1,0,0,0,0,0,0,0,0,0,0
121613,3,1,0,0,0,0,0,0,0,0,0,0
121614,1,1,0,0,0,0,13,0,0,23,0,0
121614,2,1,0,0,0,0,10,0,0,0,0,0
121615,0,1,1,1,1,1,1,1,1,1,1,1
121615,1,1,4,4,4,4,4,4,4,4,4,4
121615,2,1,0,0,0,17,0,0,0,0,0,0
121615,3,1,0,0,0,0,11,0,0,0,0,0
121615,4,1,0,0,0,0,0,0,0,0,0,0
121616,1,1,26,26,26,26,26,26,26,26,26,26
121617,1,1,19,0,0,23,31,0,0,0,11,0
121618,0,1,0,0,0,0,0,0,0,0,0,0
121618,1,1,0,0,0,0,0,0,0,0,0,0
121619,0,1,0,0,0,0,0,0,0,0,0,0
121619,1,1,0,0,12,0,0,0,0,0,0,16
121619,2,1,0,0,0,0,0,0,0,0,0,0
121620,0,1,32,32,32,32,32,32,32,32,32,32
121620,1,1,0,0,0,0,0,0,0,0,0,0
121621,1,1,0,0,0,0,0,0,0,0,0,0
121621,2,1,0,0,0,0,0,0,0,0,0,0
121622,1,1,0,0,0,0,0,0,0,0,0,0
121623,0,1,15,15,15,15,15,15,15,15,15,15
121623,1,1,0,0,0,0,0,6,0,0,0,0
121624,0,1,0,25,0,0,0,0,0,0,0,33
121624,1,1,0,0,0,0,0,0,0,0,0,0
121625,0,1,24,24,24,24,24,24,24,24,24,24
121625,1,1,0,0,0,0,0,0,0,0,0,0
121626,0,1,0,0,0,0,0,0,0,0,0,0
121626,1,1,12,12,12,12,12,12,12,12,12,12
121627,1,1,0,0,27,11,0,14,0,15,19,24
121628,0,1,20,20,20,20,20,20,20,20,20,20
121628,1,1,0,4,14,0,0,0,0,0,0,0
121629,1,1,0,0,0,0,0,0,19,0,0,0
121629,2,1,0,0,0,0,0,0,0,0,0,0
121630,1,1,0,0,0,0,28,0,0,0,0,0
121630,2,1,0,0,0,0,0,0,0,0,0,6
121630,3,1,0,0,0,0,0,0,8,0,0,0
121631,1,1,0,0,0,0,0,0,0,0,0,0
121631,2,1,0,18,25,0,6,0,0,0,0,0
121632,0,1,21,21,21,21,21,21,21,21,21,21
121632,1,1,0,0,0,0,0,0,0,0,0,0
121633,1,1,0,0,0,0,0,0,0,0,0,0
121633,2,1,0,0,0,0,0,0,0,0,0,0
121634,1,1,23,0,0,20,0,9,5,14,10,11
121634,2,1,0,38,0,0,0,0,0,0,0,0
121635,1,1,13,13,13,13,13,13,13,13,13,13
121636,1,1,0,0,0,0,0,0,0,0,0,0
121637,0,1,0,0,0,0,0,0,0,0,0,0
121637,1,1,0,0,0,0,0,0,0,10,0,0
121638,0,1,6,6,6,6,6,6,6,6,6,6
121638,0,2,27,10,26,18,25,0,28,22,4,10
121638,1,1,0,0,0,0,0,0,0,0,0,3
121639,0,1,38,38,38,38,38,38,38,38,38,38
121639,0,2,24,24,24,24,24,24,24,24,24,24
121639,1,1,0,0,0,0,0,0,0,0,0,0
121640,0,1,17,17,17,17,17,17,17,17,17,17
121640,1,1,0,0,0,0,0,0,0,22,0,0
121641,0,1,0,0,0,0,0,0,0,0,0,0
121641,1,1,0,0,0,0,0,0,0,0,0,0
121642,1,1,20,20,20,20,20,20,20,20,20,20
121643,1,1,0,0,0,0,0,0,0,0,0,0
121643,2,1,0,0,0,0,0,0,0,0,0,0
121644,1,1,0,0,0,0,0,0,0,0,0,0
121644,2,1,0,0,0,0,0,0,0,0,0,0
121645,0,1,40,0,0,20,26,13,0,0,0,20
121645,1,1,0,0,0,0,0,0,0,0,15,0
121646,0,1,0,0,0,0,0,0,0,0,0,0
121646,1,1,0,0,0,0,0,0,0,0,0,0
121648,1,1,24,24,24,24,24,24,24,24,24,24
121649,1,1,0,0,0,0,0,0,0,0,0,0
121649,2,1,0,0,0,0,0,0,0,0,0,0
121651,1,1,19,0,19,4,0,3,0,25,20,10
121652,1,1,5,0,16,21,0,0,0,0,10,16
121652,2,1,0,0,5,0,0,0,0,0,0,0
121653,0,1,0,0,0,0,0,0,0,0,0,0
121653,1,1,0,0,0,0,0,0,0,0,0,0
121654,1,1,0,0,4,0,0,0,16,0,0,0
121655,0,1,20,20,20,20,20,20,20,20,20,20
121655,1,1,0,0,0,0,0,0,0,0,15,0
121656,1,1,11,11,11,11,11,11,11,11,11,11
121657,1,1,0,0,0,0,0,25,0,0,0,0
121657,2,1,0,0,0,0,0,0,0,0,0,0
121658,1,1,0,0,0,0,0,0,0,19,0,0
121658,2,1,0,0,0,0,0,0,0,0,0,0
121659,1,1,6,6,6,6,6,6,6,6,6,6
121660,1,1,0,0,0,22,0,0,0,0,13,0
121660,2,1,0,0,0,0,0,0,0,0,0,0
121662,1,1,0,0,0,0,0,0,0,0,0,0
121662,2,1,0,0,0,0,0,0,0,0,0,0
121663,0,1,0,0,0,0,0,0,0,0,0,0
121663,1,1,0,0,0,0,0,0,0,0,0,0
121664,1,1,0,0,0,0,0,0,0,0,0,0
121664,2,1,0,0,0,0,0,0,0,0,0,0
121665,1,1,0,19,0,0,0,12,0,8,27,0
121666,1,1,32,32,32,32,32,32,32,32,32,32
121667,1,1,25,25,25,25,25,25,25,25,25,25
121669,0,1,0,0,0,0,0,0,0,0,0,0
121669,1,1,5,0,0,0,0,0,0,0,0,0
121670,0,1,0,0,0,0,0,0,0,0,0,0
121670,1,1,0,0,0,0,0,0,0,0,0,0
121670,2,1,0,0,0,0,0,37,0,0,0,0
121671,1,1,0,0,0,0,0,0,0,0,0,0
121673,1,1,13,0,0,0,0,0,0,0,0,0
121673,2,1,0,0,0,0,0,0,0,0,0,0
121674,0,1,0,0,0,0,0,0,0,0,0,0
121674,1,1,0,0,0,0,0,0,0,0,13,0
121675,0,1,30,30,30,30,30,30,30,30,30,30
121675,1,1,0,0,0,0,0,0,0,0,0,0
121676,1,1,3,3,3,3,3,3,3,3,3,3
121677,1,1,33,0,0,0,17,0,0,20,0,0
121678,1,1,0,0,0,0,0,0,0,0,0,0
121679,0,1,0,0,0,0,0,0,0,0,0,0
121679,1,1,0,0,0,0,0,0,0,0,0,0
121680,0,1,0,0,0,0,0,0,0,0,0,0
121680,1,1,0,0,0,0,0,0,0,0,0,0
121681,1,1,9,9,9,9,9,9,9,9,9,9
121682,1,1,27,0,0,0,0,0,0,0,0,0
121683,1,1,0,0,0,0,0,0,15,0,0,0
121683,2,1,0,0,0,0,0,0,0,0,0,9
121684,1,1,0,0,0,0,0,0,0,0,0,0
121684,2,1,0,0,0,0,0,0,0,0,15,0
121685,1,1,0,0,0,0,0,0,0,0,0,0
121686,1,1,22,22,22,22,22,22,22,22,22,22
121687,1,1,20,20,20,20,20,20,20,20,20,20
121688,1,1,16,16,16,16,16,16,16,16,16,16
121689,0,1,0,0,0,0,0,0,0,0,0,0
121689,1,1,0,0,0,0,16,0,0,0,0,0
121690,1,1,0,0,0,0,0,12,0,0,0,0
121691,1,1,0,0,0,0,0,0,0,0,0,0
121691,2,1,0,0,0,0,0,0,0,0,0,0
121692,0,1,0,0,0,0,0,0,0,0,0,0
121692,1,1,0,0,0,0,0,0,0,0,0,11
121693,1,1,0,0,0,0,0,0,0,0,0,0
121693,2,1,0,14,0,0,0,0,0,0,0,0
121694,0,1,0,0,0,0,0,0,0,0,0,0
121694,1,1,0,0,0,0,0,0,0,0,0,0
121695,1,1,0,0,0,40,22,0,0,0,0,0
121696,1,1,13,17,10,10,23,10,11,0,30,10
121696,2,1,7,7,7,7,7,7,7,7,7,7
121697,1,1,26,26,26,26,26,26,26,26,26,26
121698,1,1,5,5,5,5,5,5,5,5,5,5
121698,2,1,0,0,0,0,0,0,0,0,0,0
121699,1,1,25,11,12,21,9,0,0,0,0,0
121699,2,1,0,0,9,0,0,0,0,0,0,0
121700,0,1,36,36,36,36,36,36,36,36,36,36
121700,1,1,0,0,0,0,0,0,0,0,0,0
121701,1,1,0,17,0,20,7,0,0,12,26,0
121701,2,1,0,0,0,0,0,0,0,0,0,13
121702,0,1,12,0,0,0,31,25,0,0,24,0
121702,1,1,0,0,0,0,0,0,0,0,0,0
121703,1,1,0,0,0,0,0,0,0,0,0,0
121704,1,1,0,0,0,0,0,0,0,0,0,0
121704,2,1,0,5,0,0,0,0,0,0,0,0
121705,0,1,0,7,0,0,0,0,0,28,10,18
121705,1,1,0,18,18,8,0,0,7,0,0,0
121706,1,1,0,0,0,0,0,0,0,0,0,0
121706,2,1,0,0,0,0,0,0,0,0,13,0
121707,0,1,17,17,17,17,17,17,17,17,17,17
121707,1,1,0,0,0,0,0,0,4,0,18,0
121708,0,1,0,0,0,0,0,0,0,0,0,0
121708,1,1,0,0,0,0,0,0,0,0,0,0
121709,0,1,0,0,0,0,0,0,0,0,0,0
121709,1,1,0,0,0,16,0,0,0,0,0,23
121710,1,1,4,0,0,21,0,3,0,14,0,25
121710,2,1,0,0,0,0,0,0,0,0,0,0
121711,1,1,27,27,27,27,27,27,27,27,27,27
121712,0,1,0,0,0,0,0,0,0,0,0,0
121712,1,1,0,0,17,8,0,0,0,0,0,0
121712,2,1,0,0,0,8,0,0,0,0,0,0
121713,0,1,33,33,33,33,33,33,33,33,33,33
121713,1,1,0,0,0,0,13,0,0,9,0,0
121714,1,1,0,0,0,0,0,0,0,0,0,0
121715,0,1,0,0,11,0,0,0,0,18,0,0
121715,1,1,16,16,16,16,16,16,16,16,16,16
121716,1,1,13,0,0,14,0,0,0,0,0,0
121716,2,1,0,0,0,0,0,0,0,0,0,0
121717,0,1,22,22,22,22,22,22,22,22,22,22
121717,1,1,0,0,0,0,0,22,0,0,0,0
121717,2,1,0,0,0,0,0,0,0,0,0,0
121718,1,1,0,0,0,0,0,0,0,0,0,0
121718,2,1,0,0,0,0,0,0,0,0,0,0
121719,1,1,0,0,22,0,0,0,0,0,0,0
121719,2,1,0,0,0,0,0,0,0,0,0,0
121720,1,1,0,0,0,0,21,0,0,0,0,0
121721,0,1,0,0,0,0,0,0,0,0,0,0
121721,1,1,0,0,0,0,0,0,0,0,0,0
121722,1,1,0,0,0,0,0,0,0,0,0,0
121722,2,1,0,0,11,0,0,0,0,0,0,0
121722,3,1,0,0,0,0,0,0,0,0,0,0
121723,0,1,11,12,19,0,19,0,18,23,33,0
121723,1,1,0,2,11,0,0,0,0,0,22,0
121724,0,1,0,0,0,0,0,0,0,0,0,0
121724,1,1,0,32,0,0,0,0,14,0,0,0
121725,1,1,0,16,0,0,0,16,0,0,13,0
121727,1,1,11,11,11,11,11,11,11,11,11,11
121728,0,1,7,14,0,0,20,29,0,14,0,27
121728,1,1,0,0,0,0,0,5,33,0,0,0
121729,1,1,0,0,0,0,0,0,0,0,0,0
121729,2,1,0,0,27,0,0,0,0,0,0,0
121730,1,1,0,0,0,0,0,0,0,0,0,0
121731,1,1,0,0,0,0,0,0,0,0,0,0
121731,2,1,0,12,0,0,0,0,0,19,0,0
121732,1,1,0,0,0,0,11,0,0,0,0,0
121732,2,1,0,0,0,0,0,0,0,0,0,0
121733,1,1,0,0,0,0,0,0,0,0,0,0
121735,1,1,15,15,15,15,15,15,15,15,15,15
121736,1,1,0,0,0,0,0,0,0,0,0,0
121736,2,1,0,0,0,0,0,0,0,0,0,0
121736,3,1,0,7,0,0,0,0,0,0,0,0
121737,0,1,0,43,0,35,2,0,8,37,0,0
121737,1,1,0,0,0,0,0,0,0,0,0,0
121738,0,1,17,0,0,21,23,38,27,0,0,0
121738,1,1,0,0,0,16,0,0,0,12,5,0
121739,0,1,0,0,0,0,0,0,0,0,0,0
121739,1,1,0,0,0,0,0,0,8,0,0,0
121740,1,1,0,0,0,0,0,0,0,10,0,0
121740,2,1,0,0,0,0,0,0,0,0,0,0
121741,1,1,20,20,20,20,20,20,20,20,20,20
121742,1,1,10,10,10,10,10,10,10,10,10,10
121743,1,1,16,16,16,16,16,16,16,16,16,16
121744,0,1,34,34,34,34,34,34,34,34,34,34
121744,1,1,0,0,0,14,0,0,0,0,0,0
121745,1,1,0,0,0,0,0,0,0,0,0,0
121745,2,1,0,0,0,0,8,0,0,0,0,0
121746,1,1,14,0,10,31,0,0,0,0,11,11
121746,2,1,0,0,0,0,0,0,0,0,0,0
121747,0,1,13,13,13,13,13,13,13,13,13,13
121747,1,1,0,0,0,0,12,0,0,0,0,0
121748,1,1,0,0,0,0,0,0,0,0,0,0
121749,0,1,0,0,0,0,0,0,0,0,0,0
121749,1,1,0,0,0,0,0,0,0,0,0,0
121750,1,1,0,0,0,0,0,0,0,0,16,15
121750,2,1,0,0,0,0,0,0,0,0,0,0
121751,0,1,0,0,0,23,0,0,0,0,0,0
121751,1,1,0,0,0,0,0,0,0,0,0,0
121752,1,1,34,34,34,34,34,34,34,34,34,34
121753,1,1,0,0,0,0,0,0,0,0,0,0
121754,1,1,0,0,0,0,0,0,0,0,0,0
121754,2,1,0,0,0,0,24,0,0,0,0,0
121755,1,1,0,0,0,0,0,0,0,0,0,0
121756,1,1,0,0,0,0,0,0,0,0,0,0
121756,2,1,0,0,0,0,0,0,0,0,0,0
121757,1,1,0,0,0,0,0,0,0,17,7,0
121758,0,1,0,0,0,0,0,0,0,12,0,0
121758,1,1,0,0,0,0,0,0,0,0,0,0
121759,1,1,0,0,0,0,0,0,0,0,0,7
121760,1,1,19,23,0,5,25,26,0,18,0,0
121761,0,1,0,0,0,0,0,0,0,0,0,0
121761,1,1,0,0,0,0,10,18,0,0,0,0
121762,0,1,0,0,0,0,0,0,0,0,0,0
121762,1,1,0,0,0,0,0,0,0,0,0,0
121763,0,1,30,18,19,10,7,14,45,29,26,3
121763,1,1,27,5,5,5,19,15,0,16,9,11
121765,1,1,0,0,0,0,0,0,0,23,20,0
121766,1,1,0,0,0,0,0,0,0,0,0,0
121767,1,1,16,0,0,0,0,7,0,0,0,18
121767,2,1,19,0,0,0,0,0,0,15,0,0
121768,1,1,2,2,2,2,2,2,2,2,2,2
121769,1,1,0,0,0,0,0,0,0,0,0,0
121769,2,1,0,0,0,0,0,0,0,0,0,0
121770,0,1,26,26,26,26,26,26,26,26,26,26
121770,0,2,16,11,21,23,8,21,17,29,12,12
121770,1,1,0,0,0,0,0,0,0,0,0,0
121771,0,1,0,0,0,0,0,0,0,0,0,0
121771,1,1,0,0,0,0,0,0,0,0,0,0
121772,1,1,6,6,6,6,6,6,6,6,6,6
121773,1,1,0,0,0,0,0,0,0,0,0,0
121774,1,1,0,0,15,0,0,3,0,15,0,9
121774,2,1,0,17,0,0,10,0,11,9,0,27
121775,1,1,37,12,17,22,9,0,0,0,18,16
121776,1,1,24,24,24,24,24,24,24,24,24,24
121777,1,1,0,0,17,0,5,0,0,0,0,9
121778,1,1,19,11,0,0,13,9,4,10,9,13
121778,2,1,0,0,0,0,0,0,0,0,0,0
121779,0,1,22,22,22,22,22,22,22,22,22,22
121779,1,1,0,0,0,0,0,0,0,0,0,0
121780,1,1,39,0,0,28,0,27,0,0,0,0
121781,1,1,0,0,0,0,0,0,0,0,0,0
121781,2,1,0,0,0,0,0,0,0,0,0,0
121781,3,1,0,0,0,0,0,0,0,0,0,0
121781,4,1,0,0,0,0,0,0,0,0,0,0
121781,5,1,0,0,0,0,0,0,0,0,0,0
121782,1,1,41,19,0,0,0,13,19,0,0,11
121782,2,1,0,0,0,0,0,0,0,0,0,0
121783,1,1,0,0,0,0,0,0,0,0,0,0
121783,2,1,0,0,0,0,0,0,0,0,0,0
121783,3,1,0,0,0,0,0,0,0,0,0,0
121784,1,1,0,0,0,0,0,0,0,0,0,0
121784,2,1,0,0,0,0,0,0,0,0,0,0
121785,0,1,15,15,15,15,15,15,15,15,15,15
121785,1,1,0,9,3,0,0,0,0,0,0,0
121786,0,1,0,0,0,0,0,0,0,0,0,0
121786,1,1,0,0,0,0,0,0,0,0,0,0
121787,1,1,13,8,15,0,15,0,0,0,16,0
121788,0,1,24,24,24,24,24,24,24,24,24,24
121788,1,1,0,0,0,0,0,0,0,0,0,0
121789,1,1,13,13,13,13,13,13,13,13,13,13
121789,2,1,0,0,0,0,0,0,0,0,0,0
121790,0,1,0,0,0,0,0,0,0,0,0,0
121790,1,1,0,0,0,0,0,0,0,0,0,0
121791,1,1,19,19,19,19,19,19,19,19,19,19
121792,1,1,0,16,0,0,0,0,25,0,0,0
121792,2,1,0,0,0,0,0,0,0,0,7,0
121793,0,1,0,0,0,0,13,0,0,0,0,21
121793,1,1,0,0,0,0,0,0,0,0,0,0
121794,1,1,34,0,0,0,0,0,0,0,0,17
121795,0,1,0,0,0,0,0,0,0,0,0,0
121795,1,1,0,0,0,0,12,0,0,0,0,0
121796,0,1,0,0,0,0,0,0,0,0,0,0
121796,1,1,0,0,0,0,0,0,0,0,0,0
121797,0,1,15,15,15,15,15,15,15,15,15,15
121797,1,1,0,0,8,0,16,6,22,0,11,0
121798,1,1,25,37,9,18,19,9,51,25,31,22
121799,0,1,21,21,21,21,21,21,21,21,21,21
121799,1,1,0,0,0,0,0,0,0,0,0,0
121800,1,1,6,6,16,37,6,16,0,9,3,16
121801,1,1,0,20,14,0,0,16,22,18,0,11
121802,1,1,0,0,0,0,0,0,0,0,0,0
121802,2,1,0,0,0,0,0,0,0,0,0,0
121803,1,1,20,0,14,0,16,0,0,0,44,0
121805,1,1,0,0,0,0,0,0,0,0,0,0
121805,2,1,0,0,0,0,0,0,0,0,0,0
121806,1,1,0,0,0,0,0,0,0,0,0,0
121806,2,1,0,0,0,0,0,12,7,0,0,9
121807,1,1,0,0,0,0,8,0,14,0,4,10
121807,2,1,0,0,0,14,0,0,0,0,0,0
121808,0,1,8,27,16,0,38,20,0,0,12,0
121808,1,1,0,0,0,0,0,0,0,0,0,0
121809,1,1,0,0,0,0,0,0,0,0,0,0
121810,1,1,4,4,4,4,4,4,4,4,4,4
121811,1,1,0,0,0,0,0,0,0,0,0,0
121811,2,1,0,6,0,0,0,0,0,0,0,0
121812,0,1,0,0,0,0,0,0,0,0,0,0
121812,1,1,0,0,0,0,0,0,0,0,0,0
121813,0,1,20,20,20,20,20,20,20,20,20,20
121813,1,1,0,0,0,0,0,0,0,0,0,0
121814,0,1,0,0,0,0,0,0,0,0,0,0
121814,1,1,0,0,0,0,0,0,0,0,0,0
121815,1,1,0,0,0,0,0,0,0,0,0,0
121815,2,1,0,0,0,0,0,0,0,13,0,0
121816,1,1,32,4,15,18,15,0,0,13,0,21
121817,1,1,18,18,18,18,18,18,18,18,18,18
121818,1,1,0,15,8,0,0,0,0,0,0,0
121818,2,1,16,16,16,16,16,16,16,16,16,16
121819,1,1,0,0,0,0,0,0,16,0,0,0
121820,1,1,10,10,10,10,10,10,10,10,10,10
121821,0,1,17,22,21,27,32,35,14,21,43,11
121821,1,1,0,0,23,10,0,11,0,0,5,0
121822,0,1,0,0,0,0,0,0,0,0,0,0