ST_CASE,VEH_NO,PER_NO,P1,P2,P3,P4,P5,P6,P7,P8,P9,P10
121822,1,1,0,0,0,0,0,0,0,0,0,0
121823,1,1,10,13,6,9,16,7,13,23,2,0
121823,2,1,0,0,0,0,0,0,0,0,0,16
121823,3,1,0,0,0,0,0,0,0,0,9,0
121824,1,1,0,0,0,0,0,0,0,0,0,0
121824,2,1,0,0,0,0,0,0,0,0,0,0
121825,0,1,11,11,11,11,11,11,11,11,11,11
121825,1,1,0,0,0,0,0,0,0,0,0,0
121826,1,1,22,22,22,22,22,22,22,22,22,22
121827,0,1,23,23,23,23,23,23,23,23,23,23
121827,0,2,0,0,0,3,0,0,0,0,21,0
121827,1,1,0,0,0,0,0,0,7,11,0,0
121828,1,1,0,0,0,0,0,0,0,0,0,0
121829,1,1,0,0,0,0,0,0,0,0,0,9
121829,2,1,0,0,0,0,0,0,0,0,0,0
121830,1,1,24,24,24,24,24,24,24,24,24,24
121831,0,1,8,8,8,8,8,8,8,8,8,8
121831,1,1,19,0,14,12,16,0,21,26,0,0
121832,1,1,14,14,14,14,14,14,14,14,14,14
121832,2,1,0,0,0,0,0,0,0,0,0,0
121833,1,1,0,0,0,0,0,0,0,0,0,0
121833,2,1,30,30,30,30,30,30,30,30,30,30
121834,1,1,0,0,0,0,0,0,0,0,0,0
121834,2,1,0,0,0,0,0,0,0,0,0,0
121835,0,1,0,0,0,0,0,0,0,0,0,0
121835,1,1,0,0,0,0,0,0,0,0,0,0
121836,1,1,15,15,15,15,15,15,15,15,15,15
121837,1,1,0,0,0,0,0,0,0,0,0,0
121837,2,1,0,0,0,0,0,0,0,0,0,0
121838,1,1,0,0,0,0,0,0,0,0,0,0
121838,2,1,0,0,0,0,0,0,0,0,0,0
121839,1,1,0,0,0,0,0,0,0,0,0,0
121840,1,1,18,18,18,18,18,18,18,18,18,18
121840,2,1,0,0,0,0,0,0,0,0,8,0
121840,3,1,0,0,0,0,0,7,0,0,0,0
121840,4,1,0,0,0,0,0,0,0,19,0,0
121841,0,1,36,36,36,36,36,36,36,36,36,36
121841,1,1,0,0,21,0,0,0,0,0,0,0
121842,1,1,0,0,0,0,0,0,0,0,0,0
121842,2,1,0,0,0,0,0,0,0,0,0,0
121843,1,1,8,8,8,8,8,8,8,8,8,8
121844,1,1,0,0,0,0,0,0,0,0,0,0
121844,2,1,0,0,0,0,0,0,0,0,0,0
121845,1,1,0,0,0,13,0,4,0,6,0,0
121845,2,1,17,17,17,17,17,17,17,17,17,17
121846,0,1,0,0,0,0,0,0,0,0,0,0
121846,1,1,0,0,0,0,0,0,0,0,0,0
121847,1,1,0,9,0,0,0,0,0,29,0,0
121848,1,1,0,6,0,0,28,48,0,20,21,0
121849,1,1,0,0,0,0,0,0,0,0,0,0
121849,2,1,0,0,0,0,0,0,0,0,0,0
121850,0,1,0,0,0,19,0,0,0,0,0,0
121850,1,1,0,18,20,10,0,18,12,25,0,0
121851,1,1,0,0,0,0,0,0,0,0,0,0
121851,2,1,0,0,0,0,0,0,0,0,0,0
121853,1,1,0,0,0,0,0,0,0,0,0,0
121854,1,1,0,0,0,0,0,0,0,0,0,0
121854,2,1,0,0,0,0,0,0,0,0,0,0
121855,1,1,0,0,0,0,0,0,0,0,0,0
121855,2,1,0,0,15,0,0,0,0,0,0,0
121856,1,1,0,0,0,0,0,0,0,0,0,0
121857,0,1,0,0,18,0,0,0,17,0,0,0
121857,1,1,0,0,0,0,0,0,0,0,0,0
121858,1,1,19,19,19,19,19,19,19,19,19,19
121859,1,1,0,0,0,0,14,16,0,0,0,0
121860,1,1,0,0,0,0,0,0,0,0,0,0
121860,2,1,0,0,17,0,0,0,0,23,0,0
121860,3,1,0,0,0,0,0,0,0,0,0,0
121861,0,1,21,17,35,0,32,24,4,42,17,42
121861,1,1,0,0,0,0,0,0,0,0,2,0
121862,1,1,31,31,31,31,31,31,31,31,31,31
121863,1,1,2,0,0,0,0,0,0,0,0,0
121863,2,1,0,0,0,0,0,0,0,0,0,0
121864,1,1,12,22,0,16,0,0,28,0,9,13
121865,1,1,0,0,19,14,19,0,0,0,21,12
121866,1,1,33,33,33,33,33,33,33,33,33,33
121866,2,1,3,3,3,3,3,3,3,3,3,3
121867,0,1,0,0,0,31,0,0,0,0,0,0
121867,1,1,0,0,0,0,0,0,0,0,0,0
121868,1,1,0,0,0,0,0,0,0,0,10,0
121868,2,1,0,0,0,0,0,0,0,0,0,0
121869,1,1,17,23,0,0,15,17,0,0,0,0
121869,2,1,0,0,0,0,0,0,0,0,0,0
121870,1,1,34,9,14,14,11,24,19,18,6,11
121870,2,1,0,0,0,0,0,0,0,0,0,5
121871,1,1,0,0,0,0,10,0,0,0,0,0
121871,2,1,0,0,0,0,0,0,0,0,0,0
121872,1,1,0,0,0,0,0,0,0,0,0,0
121872,2,1,0,0,0,0,0,0,0,0,0,0
121873,0,1,12,20,0,12,0,0,12,0,19,0
121873,1,1,0,0,0,0,0,0,0,0,0,0
121874,1,1,0,0,37,0,0,0,0,0,0,25
121875,1,1,0,0,0,0,0,0,0,0,0,0
121875,2,1,0,0,0,0,0,0,0,0,0,0
121876,1,1,0,0,0,0,0,0,0,0,0,0
121876,2,1,0,0,0,0,0,0,0,0,0,0
121877,0,1,0,0,0,0,0,0,0,0,0,0
121877,1,1,29,0,0,0,0,0,0,0,6,0
121878,1,1,0,0,0,18,0,0,0,3,17,0
121879,1,1,0,0,0,0,0,0,0,0,0,0
121879,2,1,0,0,0,0,0,0,0,0,0,0
121880,1,1,0,0,0,0,0,0,0,0,0,0
121880,2,1,0,0,0,0,0,0,0,0,0,0
121881,1,1,0,0,0,0,0,0,0,0,0,0
121881,2,1,0,19,0,23,0,2,2,19,0,0
121882,0,1,30,31,0,0,24,27,0,7,0,24
121882,1,1,0,0,0,0,0,0,0,0,0,0
121883,1,1,14,14,14,14,14,14,14,14,14,14
121884,1,1,0,0,0,0,0,0,7,0,2,0
121884,2,1,0,0,0,0,0,0,0,0,0,0
121885,1,1,0,9,36,0,0,0,22,21,0,0
121886,0,1,19,0,0,0,19,5,0,15,24,16
121886,1,1,0,0,0,0,0,0,0,0,0,0
121887,1,1,0,0,0,0,0,0,0,12,0,0
121887,2,1,0,0,0,0,0,0,0,0,0,0
121888,1,1,17,5,9,16,28,18,0,15,19,25
121889,0,1,0,0,0,0,0,0,0,0,0,0
121889,1,1,0,0,0,0,0,0,0,0,0,0
121890,1,1,0,0,0,0,0,0,0,0,0,0
121890,2,1,29,29,29,29,29,29,29,29,29,29
121891,1,1,20,20,20,20,20,20,20,20,20,20
121892,0,1,0,0,0,0,0,0,0,0,0,0
121892,1,1,0,0,0,0,0,0,0,0,0,0
121893,1,1,0,0,0,0,0,0,0,0,0,0
121893,2,1,0,0,0,0,0,29,0,0,0,0
121894,1,1,0,0,0,0,0,0,0,0,0,0
121894,2,1,0,0,0,0,0,0,0,0,0,0
121895,1,1,0,0,0,0,0,0,0,0,0,0
121895,2,1,0,0,0,0,0,14,0,0,0,0
121896,0,1,0,0,0,0,27,0,0,0,0,12
121896,1,1,0,0,0,0,0,0,0,0,0,0
121897,1,1,9,9,9,9,9,9,9,9,9,9
121898,0,1,0,0,0,0,0,0,0,0,30,38
121898,1,1,9,18,27,0,13,16,0,10,12,0
121899,0,1,0,0,0,0,0,0,0,0,0,0
121899,1,1,0,0,0,0,0,0,0,0,0,0
121900,0,1,0,0,0,37,0,0,0,0,17,0
121900,1,1,0,0,0,0,0,0,0,10,0,0
121901,0,1,15,0,0,0,0,0,0,0,0,14
121901,1,1,12,0,0,9,0,12,19,0,12,0
121902,0,1,0,0,0,0,0,0,20,0,0,29
121902,1,1,0,0,0,0,0,0,0,0,0,0
121903,1,1,0,0,0,0,0,0,0,0,0,0
121904,1,1,2,2,2,2,2,2,2,2,2,2
121904,2,1,0,0,0,0,9,0,0,0,0,0
121904,3,1,0,0,0,6,0,0,0,0,0,0
121904,4,1,0,0,0,0,0,0,9,0,0,0
121905,0,1,0,23,17,0,0,25,0,0,0,24
121905,1,1,0,0,0,0,0,0,0,0,0,0
121906,0,1,0,0,0,0,0,0,0,0,0,0
121906,1,1,0,0,0,18,0,0,0,0,0,0
121907,1,1,0,0,0,0,0,0,0,0,0,0
121907,2,1,0,0,0,0,0,0,5,0,0,0
121908,0,1,0,0,13,35,0,0,0,0,0,0
121908,1,1,0,0,0,0,0,0,0,0,0,0
121909,1,1,0,0,0,0,0,6,0,0,14,15
121910,1,1,26,0,15,0,0,0,0,0,0,0
121910,2,1,0,0,19,0,0,0,0,0,0,0
121911,1,1,0,0,0,0,0,0,0,0,0,0
121912,1,1,0,0,0,0,0,0,0,0,0,0
121912,2,1,0,0,0,0,0,0,0,0,0,0
121913,1,1,0,0,0,0,0,0,0,0,0,0
121915,1,1,0,0,0,0,0,0,0,0,0,0
121916,1,1,0,0,0,0,15,0,41,0,0,0
121916,2,1,0,15,0,0,0,0,0,0,0,0
121917,1,1,0,0,0,0,0,0,0,0,0,0
121917,2,1,0,0,0,0,0,0,0,0,0,0
121918,0,1,0,0,0,0,0,0,0,0,0,0
121918,1,1,0,0,0,20,0,0,0,0,0,0
121919,1,1,17,15,7,26,12,0,24,0,0,12
121920,1,1,0,0,8,0,0,0,0,0,0,0
121921,0,1,4,4,4,4,4,4,4,4,4,4
121921,1,1,0,0,0,0,0,0,0,0,0,0
121922,0,1,0,0,0,0,0,0,0,0,0,0
121922,1,1,0,15,0,0,7,4,0,0,17,0
121923,1,1,0,0,0,0,0,0,0,0,0,0
121923,2,1,0,0,0,0,0,0,0,0,0,0
121924,0,1,0,16,19,25,9,0,0,0,12,12
121924,1,1,9,0,0,0,0,0,0,0,0,0
121925,0,1,0,0,0,0,0,0,0,0,0,0
121925,1,1,0,0,0,0,0,0,0,0,0,0
121926,1,1,0,0,0,0,0,0,0,0,0,0
121926,2,1,0,4,0,0,0,0,0,0,0,0
121928,1,1,0,0,0,0,0,0,0,0,0,0
121929,0,1,0,0,0,0,0,0,0,0,0,0
121929,1,1,0,0,25,22,0,0,0,0,0,0
121930,0,1,19,0,0,0,0,0,0,0,20,0
121930,1,1,14,12,5,15,21,4,4,9,29,23
121931,0,1,12,12,12,12,12,12,12,12,12,12
121931,1,1,0,0,0,0,0,0,0,13,0,0
121932,1,1,0,18,0,0,11,0,0,0,0,0
121932,2,1,0,0,0,19,0,0,0,0,0,0
121933,0,1,0,0,17,25,0,0,0,0,0,0
121933,1,1,0,0,0,0,0,0,0,0,0,0
121934,1,1,13,13,13,13,13,13,13,13,13,13
121935,1,1,0,0,0,0,0,0,0,0,0,0
121935,2,1,0,0,0,0,0,0,0,0,0,0
121935,3,1,0,0,0,0,0,0,0,0,0,0
121936,1,1,30,30,30,30,30,30,30,30,30,30
121937,0,1,0,0,0,0,0,0,0,0,0,0
121937,1,1,0,0,0,0,0,0,0,0,0,0
121938,1,1,22,22,22,22,22,22,22,22,22,22
121938,2,1,33,0,0,0,0,0,0,0,0,0
121939,1,1,15,15,15,15,15,15,15,15,15,15
121940,1,1,11,11,11,11,11,11,11,11,11,11
121940,2,1,0,0,0,0,0,0,0,0,0,0
121941,1,1,0,0,0,0,0,0,0,0,0,0
121941,2,1,0,0,0,0,0,0,0,0,0,0
121942,1,1,17,17,17,17,17,17,17,17,17,17
121942,2,1,0,0,0,0,0,0,0,0,0,0
121943,0,1,0,0,0,0,0,0,0,0,0,0
121943,1,1,0,0,0,0,0,16,0,0,0,0
121944,0,1,0,0,0,0,20,4,16,19,26,0
121944,1,1,0,0,0,0,0,0,0,15,20,8
121945,1,1,0,0,0,0,0,12,0,0,22,0
121945,2,1,0,0,0,0,0,0,0,0,0,0
121945,3,1,0,0,0,0,0,0,0,0,0,0
121946,0,1,33,33,33,33,33,33,33,33,33,33
121946,1,1,0,0,0,0,0,0,0,0,0,0
121947,1,1,0,0,0,0,0,0,0,0,0,0
121947,2,1,0,0,0,0,0,0,0,0,0,0
121948,0,1,0,0,0,0,0,0,0,0,0,0
121948,1,1,0,0,0,0,0,0,0,0,0,0
121949,0,1,23,23,23,23,23,23,23,23,23,23
121949,1,1,0,0,0,0,0,0,0,0,0,0
121950,1,1,0,0,0,0,0,0,0,0,0,0
121950,2,1,0,0,4,0,0,0,15,0,0,0
121951,1,1,0,0,0,0,0,0,0,0,0,0
121951,2,1,0,0,0,0,0,0,0,0,0,0
121952,1,1,0,0,0,0,0,0,15,14,0,14
121952,2,1,0,0,0,0,0,0,0,0,0,0
121953,1,1,0,0,0,0,0,0,0,0,0,0
121954,1,1,0,0,18,0,0,0,0,14,0,0
121954,2,1,0,0,0,0,0,0,0,0,0,0
121954,3,1,0,0,0,0,0,18,0,0,0,0
121955,1,1,0,0,0,0,0,0,0,0,0,0
121955,2,1,0,0,0,0,0,0,0,0,0,0
121955,3,1,0,0,0,0,0,0,0,0,0,0
121956,1,1,33,0,0,0,0,37,0,25,0,26
121956,2,1,0,0,0,0,0,0,0,0,0,0
121957,0,1,12,0,0,0,0,0,0,8,0,0
121957,1,1,0,0,0,0,0,0,0,0,15,0
121958,0,1,0,0,11,0,39,0,0,0,0,0
121958,1,1,0,0,0,0,0,0,0,0,0,0
121959,1,1,0,0,0,0,0,0,0,0,0,0
121959,2,1,0,0,0,0,0,0,0,0,0,0
121960,1,1,0,0,0,0,0,0,0,0,0,0
121961,0,1,0,0,0,0,0,0,0,0,0,0
121961,1,1,0,0,0,0,0,0,0,0,0,0
121962,1,1,14,14,14,14,14,14,14,14,14,14
121963,0,1,14,16,19,7,24,23,49,27,45,9
121963,1,1,0,0,0,7,0,0,0,0,0,0
121963,2,1,0,0,0,0,0,0,0,0,0,0
121964,1,1,0,0,0,0,0,0,0,0,0,0
121964,2,1,0,0,0,0,0,0,0,0,0,0
121965,1,1,12,12,12,12,12,12,12,12,12,12
121966,1,1,10,10,16,24,4,14,13,0,22,29
121967,0,1,0,19,0,0,22,13,0,24,7,0
121967,1,1,0,0,0,0,0,0,0,0,0,0
121968,0,1,0,0,0,0,0,0,0,0,0,0
121968,1,1,0,0,0,0,0,0,10,0,0,0
121969,1,1,0,0,0,0,0,0,0,0,0,0
121969,2,1,0,0,0,0,0,0,0,0,0,0
121970,1,1,5,5,5,5,5,5,5,5,5,5
121970,2,1,0,0,0,0,0,0,0,0,0,0
121971,1,1,0,0,0,0,0,0,0,0,0,0
121971,2,1,0,0,0,0,0,0,0,0,0,0
121972,0,1,0,0,0,0,0,0,0,0,0,0
121972,1,1,0,0,0,0,0,0,0,0,0,0
121973,0,1,0,0,0,0,0,0,0,0,0,0
121973,1,1,0,0,0,0,0,0,0,0,0,0
121974,1,1,0,0,0,0,0,0,0,0,0,0
121974,2,1,0,0,0,21,0,0,0,0,0,0
121975,1,1,0,0,0,0,0,0,0,0,0,0
121976,1,1,0,0,0,0,0,0,0,0,0,0
121977,0,1,0,0,0,0,0,0,0,0,0,0
121977,1,1,29,0,9,0,11,6,0,0,0,13
121978,1,1,2,2,2,2,2,2,2,2,2,2
121978,2,1,0,0,0,0,0,0,0,0,0,0
121979,0,1,0,0,0,0,0,0,0,0,0,0
121979,1,1,0,0,0,0,0,0,0,0,0,0
121980,1,1,0,0,0,0,0,0,0,0,0,0
121980,2,1,0,0,0,0,0,0,0,0,0,0
121981,1,1,12,12,12,12,12,12,12,12,12,12
121982,1,1,0,0,0,0,0,0,0,0,0,0
121982,2,1,0,0,0,0,0,0,0,10,0,0
121983,0,1,24,24,24,24,24,24,24,24,24,24
121983,1,1,0,0,0,0,0,0,0,0,0,0
121984,0,1,20,26,8,8,31,11,11,12,17,48
121984,1,1,0,0,0,0,0,0,0,0,0,0
121985,0,1,0,0,0,0,0,0,0,0,0,0
121985,1,1,0,0,0,0,0,0,0,0,0,0
121986,1,1,0,0,0,0,0,0,0,0,0,0
121986,2,1,13,0,0,0,0,0,0,0,0,0
121986,3,1,0,0,0,0,0,0,0,0,0,0
121987,0,1,0,0,0,0,0,0,12,0,0,0
121987,1,1,0,0,0,0,4,0,0,0,0,0
121988,1,1,0,0,0,0,0,0,0,0,0,0
121989,1,1,0,0,0,0,0,0,0,0,0,0
121990,1,1,48,48,48,48,48,48,48,48,48,48
121991,1,1,27,27,27,27,27,27,27,27,27,27
121991,2,1,0,0,0,0,0,0,0,0,0,0
121992,1,1,0,0,0,0,0,0,0,0,0,0
121992,2,1,0,0,26,0,0,0,0,8,13,0
121993,1,1,0,0,0,0,0,0,0,0,0,0
121994,1,1,0,0,0,0,0,0,0,0,0,0
121994,2,1,0,0,0,0,0,0,21,0,0,0
121995,1,1,30,30,30,30,30,30,30,30,30,30
121996,0,1,0,0,0,0,0,0,0,0,0,0
121996,1,1,0,0,0,0,0,0,0,0,0,0
121997,1,1,0,0,0,0,0,0,0,0,0,0
121997,2,1,0,9,0,0,0,0,0,0,0,0
121998,1,1,19,0,22,24,0,10,0,19,18,8
121999,0,1,29,25,7,0,16,0,0,0,0,0
121999,1,1,0,0,0,0,0,13,0,0,16,0
122001,0,1,0,0,0,0,0,0,0,0,0,0
122001,1,1,0,0,0,0,0,0,0,0,0,0
122001,2,1,0,0,0,0,0,0,0,0,0,0
122002,1,1,0,0,0,0,0,0,0,0,0,0
122002,2,1,0,0,0,0,0,0,0,0,0,0
122002,3,1,0,0,0,5,0,0,0,0,0,0
122003,0,1,15,15,15,15,15,15,15,15,15,15
122003,1,1,0,0,0,0,0,0,0,0,0,0
122004,1,1,0,0,0,0,0,0,0,0,0,0
122004,2,1,0,0,0,0,0,0,17,0,0,0
122005,1,1,0,0,0,0,0,0,0,0,0,0
122005,2,1,0,0,0,0,0,0,0,0,0,0
122006,1,1,17,17,17,17,17,17,17,17,17,17
122007,0,1,0,0,0,13,11,0,0,0,0,0
122007,1,1,0,0,0,0,0,0,0,0,0,0
122008,1,1,0,0,0,0,0,0,0,0,0,0
122008,2,1,0,0,0,0,0,0,0,0,0,0
122009,0,1,22,22,22,22,22,22,22,22,22,22
122009,1,1,0,0,0,0,0,0,0,0,0,0
122011,0,1,30,30,30,30,30,30,30,30,30,30
122011,1,1,0,0,0,0,0,0,0,0,0,0
122012,1,1,22,22,22,22,22,22,22,22,22,22
122012,2,1,0,0,0,0,0,0,0,0,0,0
122014,0,1,16,16,16,16,16,16,16,16,16,16
122014,1,1,0,0,0,0,0,0,0,0,0,0
122015,1,1,0,0,0,0,0,0,0,0,0,0
122016,1,1,0,0,0,0,0,0,0,0,0,0
122016,2,1,7,7,7,7,7,7,7,7,7,7
122016,3,1,0,0,0,0,0,0,0,0,0,0
122016,4,1,0,0,0,0,0,0,0,11,0,0
122017,1,1,0,0,19,0,0,31,0,20,8,4
122017,2,1,0,0,0,0,0,11,0,0,14,0
122018,1,1,14,14,14,14,14,14,14,14,14,14
122019,0,1,0,0,0,0,0,0,0,0,0,0
122019,1,1,0,0,0,0,0,0,0,0,0,0
122020,1,1,13,13,13,13,13,13,13,13,13,13
122020,2,1,0,0,0,0,0,0,0,0,0,0
122020,3,1,0,0,0,0,0,0,0,0,0,0
122021,1,1,0,0,0,0,0,0,0,0,0,0
122021,2,1,0,0,0,0,0,0,0,0,0,0
122022,1,1,0,0,0,0,0,0,0,0,0,0
122022,2,1,0,0,0,0,0,0,0,0,0,0
122023,1,1,0,0,0,0,0,0,0,0,0,0
122023,2,1,0,0,0,0,0,0,0,0,0,0
122024,1,1,0,0,0,0,0,12,28,0,0,0
122024,2,1,0,0,0,0,0,0,0,0,0,0
122025,1,1,0,0,0,0,0,0,0,0,0,0
122026,1,1,0,0,0,0,0,0,0,0,0,0
122026,2,1,0,0,0,0,0,0,0,0,0,0
122027,1,1,0,0,14,0,17,0,13,0,0,0
122027,2,1,14,0,4,24,0,18,0,0,0,0
122028,1,1,20,20,20,20,20,20,20,20,20,20
122028,2,1,0,0,0,0,0,0,0,0,0,0
122029,1,1,25,25,25,25,25,25,25,25,25,25
122029,2,1,0,0,0,0,0,0,0,0,0,0
122030,1,1,0,0,0,11,0,0,0,0,0,0
122031,0,1,0,0,0,0,0,0,0,0,0,0
122031,1,1,0,0,0,0,0,0,0,0,0,0
122032,1,1,13,13,13,13,13,13,13,13,13,13
122032,2,1,0,0,0,0,0,0,0,0,0,0
122032,3,1,0,0,0,0,0,0,0,0,0,0
122033,0,1,14,14,14,14,14,14,14,14,14,14
122033,1,1,0,5,0,0,0,0,0,0,0,0
122034,0,1,26,26,26,26,26,26,26,26,26,26
122034,1,1,0,9,0,0,16,0,0,0,2,0
122035,1,1,0,0,0,0,0,0,0,0,0,0
122035,2,1,0,0,0,0,0,12,0,0,6,0
122036,1,1,0,0,0,0,0,0,0,0,0,0
122036,2,1,0,0,0,0,0,0,0,11,0,0
122037,0,1,35,35,35,35,35,35,35,35,35,35
122037,1,1,0,0,22,0,0,0,0,0,0,12
122038,1,1,0,0,0,0,0,0,0,0,0,0
122039,0,1,0,0,0,0,0,0,0,0,0,0
122039,0,2,0,0,0,0,0,0,0,0,0,0
122039,1,1,0,0,0,0,0,0,0,0,0,0
122040,0,1,0,0,0,0,0,0,0,0,0,0
122040,1,1,0,0,0,0,0,0,0,0,0,0
122041,1,1,6,6,6,6,6,6,6,6,6,6
122042,0,1,4,4,4,4,4,4,4,4,4,4
122042,1,1,0,0,0,0,0,0,0,0,20,0
122043,1,1,0,0,0,0,0,0,0,0,0,0
122043,2,1,0,0,0,0,0,0,0,0,0,0
122045,0,1,0,0,0,0,0,0,0,0,0,0
122045,1,1,0,0,0,0,0,0,0,0,0,0
122046,1,1,29,29,29,29,29,29,29,29,29,29
122046,2,1,0,0,0,0,0,0,0,0,0,0
122046,3,1,0,0,0,0,0,0,0,0,0,0
122047,0,1,0,0,0,0,0,0,0,0,0,0
122047,1,1,0,0,0,0,0,0,0,0,0,0
122047,2,1,0,0,0,0,0,0,0,0,0,0
122048,1,1,0,0,0,0,0,0,0,0,0,0
122048,2,1,0,0,0,0,0,0,0,0,0,0
122049,1,1,0,0,0,0,0,0,0,0,0,0
122050,1,1,15,0,0,0,0,0,20,0,0,0
122050,2,1,0,0,0,0,0,0,0,0,0,0
122051,1,1,0,0,0,0,0,0,0,0,0,0
122052,0,1,19,19,19,19,19,19,19,19,19,19
122052,1,1,0,0,0,0,0,0,0,0,0,0
122052,2,1,0,0,26,0,0,22,0,0,0,0
122053,1,1,16,16,16,16,16,16,16,16,16,16
122054,0,1,0,0,0,0,25,14,15,0,32,0
122054,1,1,4,0,0,0,0,0,0,0,0,0
122055,1,1,0,0,0,0,0,0,0,0,0,0
122055,2,1,0,0,0,0,0,0,0,0,0,0
122057,1,1,24,24,24,24,24,24,24,24,24,24
122057,2,1,0,0,0,0,0,0,0,0,0,0
122058,0,1,0,0,0,0,0,0,0,0,34,0
122058,1,1,0,0,0,0,0,0,0,0,0,12
122058,2,1,24,0,0,0,0,0,0,7,0,0
122059,1,1,0,0,0,0,5,0,0,0,0,0
122059,2,1,0,0,0,0,0,0,0,0,0,0
122060,1,1,0,0,0,23,0,0,0,0,0,0
122061,0,1,10,10,10,10,10,10,10,10,10,10
122061,1,1,0,15,2,0,0,0,11,0,0,0
122062,1,1,0,0,0,0,0,0,0,0,0,0
122062,2,1,0,0,0,0,0,0,0,0,0,0
122063,0,1,0,0,0,0,4,0,0,34,0,0
122063,1,1,0,0,0,0,0,0,0,0,0,0
122064,1,1,0,0,0,0,0,0,0,0,0,0
122064,2,1,0,0,0,0,6,0,0,0,0,0
122065,0,1,34,34,34,34,34,34,34,34,34,34
122065,1,1,0,0,0,0,0,11,0,0,0,0
122066,1,1,19,19,19,19,19,19,19,19,19,19
122067,1,1,0,0,0,0,0,0,0,0,0,0
122067,2,1,0,0,0,0,0,0,0,0,0,0
122068,1,1,22,22,22,22,22,22,22,22,22,22
122068,2,1,0,0,0,0,0,0,0,0,0,0
122071,1,1,10,10,10,10,10,10,10,10,10,10
122072,1,1,32,32,32,32,32,32,32,32,32,32
122073,1,1,13,16,5,18,21,12,21,7,6,12
122073,2,1,15,15,15,15,15,15,15,15,15,15
122074,0,1,0,0,0,0,0,0,0,0,0,0
122074,1,1,6,15,21,0,12,13,3,11,16,12
122074,2,1,0,0,0,0,0,0,0,0,0,0
122074,3,1,0,0,0,0,0,0,0,0,0,0
122075,0,1,37,0,0,21,0,0,25,0,39,0
122075,1,1,0,0,0,0,0,0,0,0,0,0
122076,1,1,0,0,0,0,0,0,0,0,0,0
122076,2,1,0,0,0,0,0,0,0,0,0,0
122077,1,1,0,0,0,0,0,33,0,0,0,0
122078,1,1,14,14,14,14,14,14,14,14,14,14
122078,2,1,0,0,0,0,0,0,0,0,0,0
122079,0,1,34,0,0,13,0,0,0,0,0,0
122079,1,1,0,0,0,0,0,0,0,0,0,0
122080,1,1,16,16,16,16,16,16,16,16,16,16
122080,2,1,0,0,0,0,0,0,0,0,0,0
122081,0,1,0,0,0,0,0,0,0,0,0,0
122081,1,1,0,0,0,0,0,0,0,0,0,0
122082,1,1,27,27,27,27,27,27,27,27,27,27
122083,1,1,0,0,0,0,0,0,0,0,0,0
122083,2,1,0,0,0,0,0,0,0,0,0,0
122085,1,1,0,0,0,0,0,0,0,0,0,0
122085,2,1,0,23,0,0,0,0,0,0,0,0
122086,1,1,0,0,0,0,0,0,0,0,0,0
122086,2,1,0,0,0,12,0,0,0,0,0,0
122087,1,1,0,0,0,0,0,0,0,0,0,0
122087,2,1,0,0,0,0,0,0,0,0,0,0
122087,3,1,0,0,0,0,0,0,0,0,0,0
122087,4,1,0,0,0,0,0,0,0,0,0,0
122088,1,1,0,0,0,0,0,0,0,0,0,0
122088,2,1,0,0,0,0,0,0,0,0,0,0
122089,0,1,5,5,5,5,5,5,5,5,5,5
122089,1,1,17,0,0,13,0,0,0,0,0,0
122090,0,1,23,23,23,23,23,23,23,23,23,23
122090,1,1,0,0,0,0,0,0,0,0,0,8
122091,1,1,16,16,16,16,16,16,16,16,16,16
122093,1,1,0,0,0,0,0,0,0,0,0,0
122093,2,1,5,0,0,0,0,0,0,0,0,0
122094,0,1,25,25,25,25,25,25,25,25,25,25
122094,1,1,13,13,13,13,13,13,13,13,13,13
122095,1,1,0,0,0,0,0,0,0,0,0,0
122096,1,1,0,0,0,0,0,0,0,0,0,0
122096,2,1,0,0,0,0,0,0,0,0,0,0
122096,3,1,0,0,0,0,0,0,0,0,0,0
122097,0,1,0,0,0,0,0,0,0,16,0,0
122097,1,1,0,0,0,0,0,0,0,0,0,0
122098,1,1,0,0,0,0,0,0,0,0,0,0
122098,2,1,0,0,0,0,0,0,0,0,0,0
122099,1,1,0,0,35,0,0,6,26,27,23,36
122099,2,1,0,0,0,0,0,0,0,0,0,15
122100,1,1,27,27,27,27,27,27,27,27,27,27
122101,1,1,34,34,34,34,34,34,34,34,34,34
122101,2,1,13,13,13,13,13,13,13,13,13,13
122102,0,1,12,0,0,0,0,0,36,0,0,14
122102,1,1,0,0,0,0,0,0,0,0,0,0
122103,0,1,5,5,5,5,5,5,5,5,5,5
122103,1,1,0,0,0,0,0,0,0,0,0,0
122104,1,1,0,0,0,0,0,0,0,12,0,0
122105,1,1,11,11,11,11,11,11,11,11,11,11
122105,2,1,0,0,0,0,0,0,0,0,0,0
122106,1,1,0,0,0,0,0,0,0,0,0,0
122106,2,1,2,2,2,2,2,2,2,2,2,2
122109,1,1,0,0,0,0,0,0,0,0,0,0
122109,2,1,0,0,0,0,0,0,13,0,0,0
122110,1,1,17,17,17,17,17,17,17,17,17,17
122111,0,1,39,0,6,0,0,0,0,0,0,0
122111,1,1,19,19,19,19,19,19,19,19,19,19
122112,1,1,0,0,0,0,0,0,0,0,0,0
122112,2,1,0,0,0,0,0,0,0,0,0,0