ST_CASE,VEH_NO,PER_NO,P1,P2,P3,P4,P5,P6,P7,P8,P9,P10
130222,1,1,0,0,0,0,0,0,0,0,0,0
130222,2,1,0,0,0,0,0,0,0,0,0,0
130223,1,1,0,0,0,0,0,0,0,0,0,0
130224,1,1,16,16,16,16,16,16,16,16,16,16
130224,2,1,0,0,0,0,0,0,0,0,0,0
130225,1,1,0,0,0,0,0,0,0,0,0,0
130226,0,1,8,8,8,8,8,8,8,8,8,8
130226,1,1,0,0,0,0,0,0,0,0,0,0
130227,1,1,0,0,0,0,0,0,0,0,0,0
130227,2,1,0,0,0,0,0,0,0,0,0,0
130227,3,1,0,0,0,0,0,0,0,0,0,0
130227,4,1,0,0,0,0,0,0,0,0,0,0
130228,0,1,26,26,26,26,26,26,26,26,26,26
130228,1,1,0,11,22,0,0,0,0,0,0,0
130229,1,1,0,0,0,0,0,0,0,0,0,0
130229,2,1,0,0,0,0,0,0,0,0,0,0
130230,1,1,0,20,0,0,0,0,0,0,0,0
130231,1,1,0,0,0,0,0,0,0,0,0,0
130232,1,1,21,0,0,0,0,0,0,0,0,0
130232,2,1,0,0,0,0,0,10,0,12,0,0
130233,1,1,0,6,0,0,0,0,0,0,0,0
130233,2,1,0,0,0,0,0,0,0,0,0,0
130234,1,1,0,0,0,0,0,0,0,0,0,0
130235,0,1,0,0,0,41,0,0,0,0,15,17
130235,1,1,0,0,0,0,0,0,0,0,0,0
130236,0,1,0,0,0,0,0,0,0,36,0,0
130236,1,1,0,0,0,0,0,0,0,0,0,0
130237,1,1,18,18,18,18,18,18,18,18,18,18
130238,1,1,15,15,15,15,15,15,15,15,15,15
130239,1,1,0,0,0,0,0,0,0,0,0,0
130239,2,1,0,0,0,0,0,0,0,0,0,0
130240,0,1,0,0,0,0,0,0,0,0,0,0
130240,0,2,0,0,0,0,0,0,0,0,0,0
130240,1,1,0,25,34,9,7,0,9,0,14,0
130241,1,1,0,0,0,0,0,0,0,0,0,0
130242,1,1,11,11,11,11,11,11,11,11,11,11
130242,2,1,0,0,0,24,0,0,0,0,0,0
130243,1,1,0,0,0,0,0,0,0,0,0,0
130243,2,1,0,0,0,0,0,0,0,0,0,0
130244,1,1,17,17,17,17,17,17,17,17,17,17
130245,1,1,0,0,0,0,0,0,0,0,0,0
130245,2,1,0,0,0,0,0,0,0,0,0,0
130246,1,1,0,0,0,0,0,0,0,0,0,0
130246,2,1,0,0,0,0,0,0,0,0,0,0
130246,3,1,0,0,0,0,0,0,0,0,0,0
130247,1,1,0,0,0,0,0,0,0,0,0,0
130247,2,1,0,0,0,0,0,0,0,0,0,0
130247,3,1,0,0,0,0,0,0,0,0,0,0
130248,1,1,0,0,0,0,0,0,0,0,0,0
130249,1,1,0,0,0,0,0,0,0,0,0,0
130250,1,1,20,20,20,20,20,20,20,20,20,20
130251,1,1,0,0,0,0,0,0,0,0,0,0
130252,1,1,10,10,10,10,10,10,10,10,10,10
130253,1,1,0,0,0,0,0,0,0,0,0,0
130254,1,1,0,0,0,0,0,0,0,0,0,0
130254,2,1,0,0,0,17,0,0,0,0,15,0
130255,1,1,0,0,0,0,0,0,0,0,0,0
130256,1,1,0,0,0,0,0,0,0,0,0,0
130256,2,1,0,0,0,0,0,0,0,0,0,0
130257,0,1,0,0,0,0,0,0,0,0,0,13
130257,1,1,0,0,0,0,0,0,0,0,0,0
130258,1,1,18,18,18,18,18,18,18,18,18,18
130259,1,1,0,0,9,0,0,0,0,0,0,0
130259,2,1,0,0,0,0,0,0,0,0,0,0
130260,1,1,0,0,0,0,0,0,0,0,0,0
130260,2,1,0,0,0,0,0,0,0,0,0,0
130261,1,1,0,0,0,0,0,0,0,0,0,0
130262,0,1,0,0,0,0,0,0,0,0,0,0
130262,1,1,0,0,0,0,0,0,0,0,0,0
130263,0,1,0,0,0,0,0,0,0,0,0,0
130263,1,1,0,0,0,0,0,0,0,0,0,0
130264,1,1,0,0,0,0,28,0,0,0,0,0
130265,1,1,0,0,0,0,0,0,0,0,0,0
130265,2,1,9,9,9,9,9,9,9,9,9,9
130266,0,1,0,0,0,0,0,0,0,0,0,0
130266,1,1,0,0,0,0,0,0,0,0,0,0
130267,0,1,0,0,0,0,0,0,0,0,0,0
130267,1,1,0,0,0,0,0,0,0,0,0,0
130268,1,1,0,0,0,0,0,0,0,0,0,0
130269,1,1,0,0,0,0,0,0,0,0,0,0
130270,1,1,0,0,0,0,0,0,0,0,0,0
130270,2,1,0,0,0,0,0,0,0,0,0,0
130270,3,1,0,0,0,0,0,0,0,0,0,0
130270,4,1,0,0,0,0,0,0,0,0,0,0
130271,0,1,22,0,17,0,0,0,29,0,23,0
130271,0,2,0,0,0,24,25,28,0,0,0,0
130271,1,1,0,6,18,4,0,0,21,12,9,0
130272,1,1,11,0,18,5,0,0,22,0,0,0
130273,1,1,24,24,24,24,24,24,24,24,24,24
130273,2,1,0,0,0,0,0,0,0,0,0,0
130274,1,1,14,14,14,14,14,14,14,14,14,14
130274,2,1,0,0,0,0,0,0,0,0,0,0
130275,0,1,0,0,0,0,0,0,0,0,0,0
130275,1,1,0,0,0,0,0,0,0,0,0,0
130276,1,1,0,0,0,0,0,0,11,0,0,0
130276,2,1,0,0,0,0,0,0,0,0,0,0
130277,1,1,26,26,26,26,26,26,26,26,26,26
130278,1,1,0,0,0,0,0,0,0,0,0,0
130279,1,1,0,0,0,0,0,0,0,0,0,0
130279,2,1,0,0,0,0,0,0,0,0,0,0
130280,1,1,0,0,0,11,22,42,0,7,0,23
130280,2,1,0,0,0,0,0,0,0,0,0,0
130281,0,1,0,0,0,0,0,0,0,0,0,0
130281,1,1,0,0,0,0,11,0,0,0,0,23
130282,0,1,0,47,0,16,20,0,23,0,33,0
130282,1,1,0,0,0,0,23,0,0,0,13,0
130283,1,1,0,0,0,0,0,0,0,0,0,0
130283,2,1,0,0,0,0,0,0,0,0,0,0
130283,3,1,0,0,0,0,0,0,0,0,0,20
130284,1,1,0,0,0,0,0,0,0,0,0,10
130284,2,1,0,0,0,0,0,0,0,0,0,2
130285,1,1,0,0,0,0,0,0,0,0,0,0
130285,2,1,0,0,0,0,0,0,0,0,0,0
130285,3,1,0,19,0,0,0,0,0,0,0,0
130286,1,1,15,15,15,15,15,15,15,15,15,15
130286,2,1,0,0,0,0,0,0,0,0,0,0
130287,1,1,18,18,18,18,18,18,18,18,18,18
130288,1,1,0,0,0,0,0,26,0,0,0,0
130288,2,1,0,0,0,0,0,0,0,0,0,0
130289,0,1,0,0,0,35,0,0,0,25,0,0
130289,1,1,0,0,0,0,0,0,0,0,0,0
130290,1,1,0,0,0,0,0,0,0,0,0,0
130291,0,1,0,0,0,0,0,0,0,0,0,0
130291,1,1,0,0,0,0,0,0,0,0,0,0
130292,1,1,0,0,0,0,0,0,0,0,0,0
130292,2,1,0,0,0,0,0,0,0,0,0,0
130293,1,1,0,0,0,0,0,0,0,0,0,0
130294,1,1,0,0,0,0,0,14,0,0,0,0
130294,2,1,0,0,0,0,0,0,0,0,0,0
130295,0,1,0,0,0,0,0,0,0,0,0,0
130295,1,1,0,0,0,0,0,0,0,0,0,0
130296,1,1,31,13,5,30,25,33,17,14,19,8
130296,2,1,0,0,0,0,0,0,0,0,0,0
130297,1,1,0,0,0,0,0,0,0,0,0,0
130298,1,1,2,2,2,2,2,2,2,2,2,2
130299,1,1,0,0,0,0,0,0,0,0,0,0
130300,1,1,0,0,0,0,0,0,0,0,0,0
130301,0,1,25,25,25,25,25,25,25,25,25,25
130301,1,1,14,14,14,14,14,14,14,14,14,14
130302,1,1,10,10,10,10,10,10,10,10,10,10
130303,0,1,0,18,0,0,0,0,0,0,0,0
130303,1,1,0,0,30,4,16,0,0,7,9,15
130304,1,1,0,0,0,0,0,20,0,10,0,0
130304,2,1,0,0,0,12,0,0,0,0,0,8
130304,3,1,0,0,0,0,0,0,18,0,0,0
130305,1,1,9,2,0,0,9,7,0,0,0,18
130306,1,1,0,0,0,0,0,0,0,0,0,0
130307,1,1,0,0,0,0,0,0,0,0,0,0
130307,2,1,0,0,0,0,0,0,0,0,0,0
130308,1,1,0,0,0,0,0,0,0,0,0,0
130308,2,1,0,35,0,0,0,0,0,0,0,0
130309,1,1,0,0,0,0,0,0,0,0,0,0
130310,1,1,0,0,0,0,0,0,0,0,0,0
130310,2,1,0,0,0,0,0,0,0,0,0,0
130311,1,1,8,8,8,8,8,8,8,8,8,8
130311,2,1,0,0,0,0,0,0,0,0,0,0
130312,1,1,0,0,0,0,0,0,0,0,0,0
130312,2,1,0,0,0,0,0,0,0,0,0,0
130313,1,1,0,0,0,0,0,0,0,0,0,0
130313,2,1,0,0,0,0,0,0,0,0,0,0
130314,1,1,0,0,0,0,0,0,0,0,0,9
130315,1,1,0,0,0,0,0,0,0,0,0,0
130315,2,1,0,0,0,0,0,0,0,0,0,0
130315,3,1,0,0,0,0,0,0,0,0,0,0
130315,4,1,11,0,0,0,18,0,0,0,0,9
130316,1,1,0,0,0,0,0,0,0,0,0,0
130316,2,1,0,0,0,0,0,0,0,0,0,0
130317,1,1,22,22,22,22,22,22,22,22,22,22
130318,1,1,16,10,16,13,0,16,24,13,12,0
130319,0,1,30,7,29,19,4,23,16,21,17,22
130319,1,1,0,0,0,0,0,0,0,0,0,0
130320,1,1,14,14,14,14,14,14,14,14,14,14
130321,1,1,0,0,12,0,0,0,5,0,0,8
130321,2,1,0,0,0,0,0,0,0,0,0,0
130322,1,1,0,17,0,0,22,0,0,0,0,0
130323,1,1,6,6,6,6,6,6,6,6,6,6
130324,1,1,0,0,0,0,0,0,0,0,0,0
130325,1,1,0,0,0,0,0,0,0,0,0,0
130326,0,1,5,5,5,5,5,5,5,5,5,5
130326,1,1,29,29,29,29,29,29,29,29,29,29
130327,1,1,0,0,0,0,0,0,0,0,0,0
130327,2,1,0,0,0,0,0,0,0,0,0,0
130328,1,1,10,4,0,11,8,0,15,3,12,8
130328,2,1,0,0,0,0,0,0,0,0,0,0
130329,1,1,20,20,20,20,20,20,20,20,20,20
130330,1,1,4,4,4,4,4,4,4,4,4,4
130331,0,1,22,22,22,22,22,22,22,22,22,22
130331,1,1,0,0,0,0,31,0,7,0,0,0
130332,1,1,9,0,8,13,0,7,0,26,15,19
130333,1,1,23,23,23,23,23,23,23,23,23,23
130334,1,1,10,10,10,10,10,10,10,10,10,10
130335,1,1,0,0,0,0,0,26,0,0,0,0
130336,1,1,0,0,0,38,0,0,0,0,0,17
130336,2,1,0,0,0,0,0,0,0,0,11,0
130337,1,1,0,0,0,0,0,0,0,0,0,0
130338,1,1,0,0,0,0,0,0,0,0,0,0
130338,2,1,0,0,0,0,0,0,0,0,0,0
130339,1,1,0,0,0,0,0,0,0,0,0,0
130340,1,1,0,0,0,0,0,0,0,0,0,0
130341,1,1,0,0,0,0,0,0,0,0,0,0
130341,2,1,0,0,0,0,0,0,0,0,0,0
130342,1,1,0,0,0,0,0,0,0,0,0,0
130343,0,1,0,0,0,0,43,0,18,0,0,0
130343,1,1,0,0,0,0,13,0,0,0,0,0
130344,0,1,11,0,0,0,0,12,0,9,14,12
130344,1,1,0,0,0,0,0,0,2,0,0,0
130345,1,1,0,0,0,0,0,0,0,0,0,0
130345,2,1,0,0,0,0,0,0,0,0,0,0
130345,3,1,0,0,0,0,0,0,0,0,0,0
130346,0,1,24,0,0,42,0,0,0,0,0,0
130346,1,1,11,11,11,11,11,11,11,11,11,11
130347,1,1,0,0,0,0,0,0,0,0,21,0
130347,2,1,0,0,0,0,0,0,0,0,0,0
130348,1,1,26,3,16,22,13,7,16,28,8,34
130349,1,1,0,0,0,0,0,0,0,0,0,0
130350,1,1,0,0,0,0,0,0,0,0,0,0
130351,0,1,0,14,8,19,21,0,0,0,0,0
130351,1,1,0,0,0,0,0,0,0,0,20,0
130352,1,1,0,0,0,0,0,0,0,0,0,0
130352,2,1,0,0,0,0,0,0,0,0,0,0
130353,1,2,0,31,24,8,10,0,0,0,33,21
130354,1,1,0,0,0,0,0,0,0,0,0,0
130355,1,1,0,0,0,0,0,0,0,0,0,10
130356,0,1,22,0,0,0,16,15,0,10,0,0
130356,1,1,0,0,0,0,27,0,0,0,7,12
130357,1,1,0,0,0,0,0,0,0,0,0,0
130357,2,1,0,7,0,0,0,0,0,0,0,0
130358,1,1,0,0,0,0,0,0,0,0,0,0
130359,0,1,30,0,0,0,0,0,0,0,0,14
130359,1,1,0,0,0,0,0,0,0,9,0,0
130360,1,1,18,9,17,20,25,17,5,0,22,19
130361,1,1,0,0,0,0,0,0,0,0,0,0
130362,1,1,0,0,0,0,0,0,0,0,0,0
130363,1,1,0,0,0,0,0,0,0,0,0,0
130363,2,1,0,0,0,0,0,0,0,0,0,0
130364,1,1,0,0,0,0,0,0,10,0,0,0
130365,1,1,0,0,0,0,0,0,0,0,0,0
130366,1,1,15,39,22,16,16,14,17,34,19,27
130367,0,1,0,0,0,0,0,0,0,0,0,0
130367,1,1,0,0,0,0,0,0,0,0,0,0
130368,1,1,0,0,0,0,0,0,0,0,0,0
130368,2,1,0,0,0,0,0,0,0,0,0,0
130368,3,1,0,0,0,0,0,0,0,0,0,0
130369,1,1,0,0,0,0,0,0,0,0,0,0
130370,1,1,0,0,0,0,0,0,0,0,0,0
130370,2,1,0,0,0,0,0,0,0,0,0,0
130371,0,1,24,24,24,24,24,24,24,24,24,24
130371,0,2,4,4,4,4,4,4,4,4,4,4
130371,1,1,0,0,0,0,0,0,0,0,0,0
130372,1,1,0,0,0,0,0,0,0,0,0,0
130373,1,1,0,0,0,0,0,0,0,0,0,0
130373,2,1,0,0,0,0,0,0,0,0,0,0
130374,1,1,0,0,0,0,0,0,0,0,0,0
130374,2,1,0,0,0,10,0,0,0,0,0,0
130374,3,1,0,0,0,0,0,0,0,0,0,0
130374,4,1,0,0,0,0,0,0,0,0,0,0
130375,1,1,0,0,0,0,0,0,0,0,0,0
130375,2,1,0,0,0,0,0,0,0,0,0,0
130375,3,1,0,0,0,0,0,0,0,0,0,0
130376,1,1,0,0,0,0,0,0,0,0,0,0
130376,2,1,0,0,0,0,0,0,0,0,0,0
130377,1,1,0,0,0,0,0,0,0,0,0,0
130377,2,1,0,0,0,0,9,0,0,0,0,0
130378,0,1,19,19,19,19,19,19,19,19,19,19
130378,1,1,0,0,0,0,0,0,0,17,13,25
130378,2,1,0,8,0,0,17,0,0,0,0,0
130378,3,1,0,0,0,0,0,0,0,0,0,0
130378,4,1,0,0,0,0,0,0,0,0,11,0
130379,1,1,0,0,0,0,0,14,0,0,0,0
130380,1,1,0,0,0,0,0,0,0,0,0,0
130381,0,1,0,0,13,0,12,16,18,13,28,26
130381,1,1,0,0,0,0,0,0,0,0,0,8
130382,1,1,12,12,0,17,0,19,0,28,7,0
130383,1,1,0,0,0,0,0,0,0,0,0,0
130383,2,1,0,0,0,0,0,0,0,0,0,0
130384,1,1,0,0,0,0,0,0,0,0,0,0
130385,1,1,0,0,0,0,0,0,0,0,0,0
130386,1,1,0,0,0,0,0,0,0,0,0,0
130387,1,1,9,0,0,0,0,0,0,0,0,0
130388,0,1,13,13,13,13,13,13,13,13,13,13
130388,1,1,0,0,0,0,0,0,0,0,0,0
130389,1,1,16,16,16,16,16,16,16,16,16,16
130390,1,1,0,0,0,0,0,0,0,0,0,0
130390,2,1,0,0,18,0,0,0,0,0,0,17
130391,0,1,0,0,0,0,0,0,0,0,0,0
130391,1,1,0,0,0,0,0,0,0,0,0,0
130392,1,1,5,5,5,5,5,5,5,5,5,5
130393,1,1,0,0,0,0,0,0,0,0,0,0
130393,2,1,2,2,2,2,2,2,2,2,2,2
130394,1,1,0,0,0,0,0,0,0,0,0,0
130394,2,1,0,0,0,0,0,0,0,0,0,0
130395,1,1,0,0,0,0,0,0,0,0,0,0
130396,1,1,0,0,0,0,0,0,0,0,0,0
130396,2,1,0,0,0,0,0,0,0,0,0,0
130397,1,1,0,0,0,0,0,0,0,0,0,0
130397,2,1,0,0,0,0,0,0,0,0,0,0
130398,1,1,20,20,20,20,20,20,20,20,20,20
130398,2,1,0,0,0,0,0,0,0,0,0,0
130399,0,1,0,0,0,0,0,0,0,0,0,0
130399,0,2,0,0,0,0,0,0,0,0,0,0
130399,0,3,0,0,0,0,0,29,0,0,0,0
130399,1,1,0,0,0,0,0,0,0,0,0,0
130400,1,1,0,0,0,0,0,0,0,0,0,0
130400,2,1,0,0,0,0,0,0,0,0,14,0
130400,3,1,0,0,0,0,0,0,0,0,0,0
130400,4,1,0,0,0,0,0,0,0,0,0,0
130400,5,1,0,0,0,0,0,0,0,0,0,0
130400,6,1,0,0,0,0,0,0,0,0,0,0
130400,7,1,0,0,0,0,0,0,0,0,0,0
130401,1,1,19,19,19,19,19,19,19,19,19,19
130402,1,1,0,0,0,0,0,0,0,0,0,24
130402,2,1,0,0,0,0,0,0,0,0,0,0
130403,1,1,0,0,0,0,0,0,0,0,0,0
130403,2,1,0,0,0,0,0,0,0,0,0,0
130404,1,1,7,0,0,0,0,0,20,16,0,0
130405,1,1,20,20,20,20,20,20,20,20,20,20
130406,1,1,0,0,0,0,0,0,0,0,0,0
130407,1,1,0,0,0,0,0,0,0,0,0,0
130408,0,1,26,34,0,0,14,24,0,20,0,16
130408,1,1,3,0,0,0,0,0,0,0,0,0
130409,1,1,0,0,0,0,0,0,0,0,0,0
130409,2,1,0,2,0,0,0,0,0,0,0,0
130409,3,1,0,0,0,0,0,0,0,0,0,0
130410,1,1,0,0,0,0,0,0,0,0,0,0
130411,1,1,0,0,0,0,0,0,0,0,0,0
130411,2,1,0,0,0,0,0,0,0,0,0,0
130412,1,1,0,0,16,0,0,0,0,0,0,0
130413,1,1,0,0,0,0,0,0,0,0,0,0
130413,2,1,0,0,0,0,0,0,0,0,0,0
130414,0,1,21,21,21,21,21,21,21,21,21,21
130414,1,1,3,3,3,3,3,3,3,3,3,3
130415,1,1,0,0,0,0,0,0,0,0,0,0
130415,2,1,0,0,0,0,0,0,0,0,0,0
130415,3,1,0,0,0,0,0,0,0,0,0,0
130416,1,1,0,0,0,0,0,0,0,0,0,0
130416,2,1,0,0,0,0,0,0,0,0,0,0
130417,1,1,22,22,22,22,22,22,22,22,22,22
130418,1,1,0,0,0,0,0,0,0,0,0,0
130418,2,1,0,0,0,0,0,0,0,0,0,0
130419,1,1,20,20,20,20,20,20,20,20,20,20
130420,1,1,0,18,0,0,0,0,0,0,0,0
130421,1,1,17,13,20,0,21,15,33,24,24,29
130422,1,1,25,25,25,25,25,25,25,25,25,25
130423,1,1,0,17,0,0,14,11,10,16,0,0
130424,1,1,13,0,0,0,0,13,0,0,6,0
130424,2,1,0,0,22,0,0,0,0,0,0,0
130425,1,1,0,0,0,0,0,0,0,0,0,0
130426,0,1,7,17,0,15,0,0,0,0,0,0
130426,1,1,0,0,0,0,0,0,0,0,0,0
130427,1,1,16,16,16,16,16,16,16,16,16,16
130428,1,1,0,0,0,0,0,0,0,0,0,0
130429,1,1,0,0,0,0,0,0,0,0,18,0
130430,1,1,5,5,5,5,5,5,5,5,5,5
130431,1,1,0,0,7,0,23,0,7,9,8,23
130432,0,1,0,0,0,0,0,0,0,0,0,0
130432,1,1,0,0,0,0,0,0,0,0,0,0
130433,1,1,0,0,0,0,0,0,0,0,0,0
130433,2,1,0,0,0,0,0,0,0,0,0,0
130434,1,1,0,23,0,0,0,0,0,0,0,0
130435,1,1,0,0,0,0,0,0,0,0,0,0
130435,2,1,0,0,0,0,0,0,0,0,0,0
130436,1,1,0,0,0,0,0,0,0,0,0,0
130436,2,1,0,0,0,0,0,0,0,0,0,0
130436,3,1,0,0,0,0,0,0,9,0,0,0
130436,4,1,0,0,0,0,0,4,0,12,0,0
130437,1,1,0,0,0,0,0,16,0,0,0,0
130438,1,1,0,0,0,0,0,0,0,0,0,0
130439,1,1,0,0,0,0,0,0,0,0,0,0
130439,2,1,0,0,0,0,0,0,0,0,0,0
130439,3,1,0,0,0,0,0,0,0,0,0,0
130440,1,1,0,0,0,0,0,0,0,0,0,0
130441,1,1,0,0,0,0,0,0,0,0,0,0
130442,1,1,0,0,0,0,0,0,22,0,0,0
130442,2,1,0,0,0,0,0,0,0,0,0,0
130443,1,1,16,0,0,17,0,25,0,24,0,24
130444,1,1,0,0,0,0,0,0,0,0,0,0
130444,2,1,0,0,0,0,0,0,0,0,0,0
130445,1,1,19,19,19,19,19,19,19,19,19,19
130445,2,1,0,0,0,0,0,0,0,0,0,0
130446,1,1,9,9,9,9,9,9,9,9,9,9
130447,1,1,0,0,0,0,0,0,0,0,0,0
130448,1,1,0,0,0,0,0,0,0,0,0,0
130448,2,1,0,0,0,0,0,0,0,0,0,0
130449,1,1,0,0,0,0,0,0,0,0,0,0
130449,2,1,0,0,0,0,0,0,0,0,0,0
130450,1,1,0,0,0,0,0,0,0,0,0,0
130451,0,1,0,0,0,0,0,0,0,0,0,0
130451,1,1,0,0,0,0,0,0,0,0,0,0
130452,1,1,0,0,0,0,0,0,0,0,0,0
130452,2,1,0,0,0,0,0,0,0,0,0,0
130453,1,1,20,20,20,20,20,20,20,20,20,20
130454,1,1,0,0,0,0,0,0,0,0,0,0
130455,1,1,0,0,0,0,0,0,0,0,0,0
130456,1,1,18,18,18,18,18,18,18,18,18,18
130457,1,1,0,0,0,0,0,0,0,0,0,0
130458,1,1,12,12,12,12,12,12,12,12,12,12
130459,1,1,0,0,0,0,0,0,0,0,0,0
130459,2,1,0,0,0,0,0,0,0,0,0,0
130460,1,1,0,0,0,0,0,0,0,0,0,0
130460,2,1,0,0,0,0,0,0,0,0,0,0
130461,1,1,20,20,20,20,20,20,20,20,20,20
130463,1,1,13,13,13,13,13,13,13,13,13,13
130464,1,1,0,0,0,0,0,0,0,0,0,0
130464,2,1,0,0,0,0,0,0,0,0,0,0
130465,1,1,0,0,0,0,0,0,0,0,0,19
130466,0,1,29,29,29,29,29,29,29,29,29,29
130466,1,1,0,0,0,0,0,0,13,0,0,0
130467,0,1,22,22,22,22,22,22,22,22,22,22
130467,1,1,0,0,0,0,15,0,13,0,0,28
130468,1,1,0,0,0,0,0,0,0,0,24,0
130468,2,1,0,0,0,0,0,0,0,0,0,0
130469,0,1,0,19,27,29,19,0,0,0,0,0
130469,1,1,7,0,0,0,0,0,0,0,0,0
130470,1,1,0,0,0,0,0,0,0,0,0,0
130471,1,1,0,0,0,0,0,0,0,0,0,0
130471,2,1,0,0,0,0,0,0,0,0,0,0
130472,1,1,0,0,0,0,0,0,0,0,0,0
130472,2,1,0,0,0,0,0,0,0,0,0,0
130473,1,1,0,0,0,0,5,0,0,12,0,0
130473,2,1,0,0,0,0,0,0,0,0,0,0
130474,1,1,7,7,7,7,7,7,7,7,7,7
130475,1,1,7,7,7,7,7,7,7,7,7,7
130476,0,1,0,0,0,0,0,0,0,0,0,0
130476,1,1,0,0,0,0,0,0,0,0,0,0
130476,2,1,0,0,0,0,0,0,0,0,0,0
130477,1,1,0,0,0,0,0,0,0,0,0,0
130478,0,1,0,0,0,0,0,0,0,0,0,0
130478,1,1,0,0,0,39,0,0,0,0,0,0
130479,1,1,0,0,0,0,0,0,7,0,0,0
130479,2,1,0,0,0,0,0,0,0,0,0,0
130480,1,1,0,0,0,0,0,0,0,0,0,0
130481,1,1,0,0,0,0,0,0,0,0,0,0
130481,2,1,0,0,0,0,0,0,0,0,0,0
130482,0,1,0,0,0,0,0,0,0,0,0,0
130482,1,1,0,0,0,0,0,0,0,0,0,0
130483,1,1,11,11,11,11,11,11,11,11,11,11
130484,1,1,0,12,0,19,0,0,0,22,0,0
130485,0,1,17,28,17,34,15,17,27,15,37,23
130485,0,2,13,7,11,20,9,19,18,30,25,8
130485,1,1,0,0,0,0,0,0,0,0,0,0
130486,0,1,12,6,13,0,39,10,25,22,12,12
130486,1,1,0,0,0,0,0,0,0,0,0,0
130487,0,1,0,0,0,0,0,0,0,0,0,0
130487,1,1,0,0,0,0,0,0,0,0,0,0
130488,1,1,0,0,0,0,0,0,0,0,0,0
130488,2,1,0,0,17,0,0,19,0,0,0,0
130489,0,1,0,0,0,0,0,0,0,0,0,0
130489,1,1,0,0,0,0,0,0,0,0,0,0
130490,1,1,0,0,0,0,0,0,0,0,0,0
130490,2,1,0,0,0,0,0,0,0,0,0,9
130491,1,1,0,0,0,0,0,0,0,0,0,0
130491,2,1,0,0,0,0,0,0,0,0,0,0
130492,0,1,0,0,0,0,0,0,0,18,26,0
130492,1,1,0,0,0,0,0,0,0,0,0,0
130493,1,1,0,0,0,0,0,0,0,0,0,0
130494,1,1,0,0,0,0,0,0,0,0,0,0
130494,2,1,0,0,0,0,0,0,0,0,0,0
130495,1,1,0,0,0,0,0,0,0,0,0,0
130496,1,1,0,0,0,0,0,0,0,0,0,0
130496,2,1,0,0,0,11,0,0,0,0,0,0
130497,1,1,0,0,0,0,0,0,0,0,0,0
130498,1,1,0,0,0,0,0,0,0,0,0,0
130498,2,1,0,0,0,0,0,0,0,0,0,22
130498,3,1,0,0,0,0,0,0,0,0,0,0
130499,1,1,0,0,0,0,0,0,0,0,0,0
130499,2,1,0,0,0,0,0,0,0,0,0,0
130500,1,1,0,0,0,0,0,0,0,0,0,0
130500,2,1,0,0,0,0,0,0,0,0,0,0
130500,3,1,0,0,0,0,0,0,32,0,0,0
130500,4,1,0,0,0,0,0,0,0,0,0,0
130501,1,1,0,0,0,0,0,0,0,0,0,0
130502,1,1,6,6,6,6,6,6,6,6,6,6
130503,1,1,0,0,0,0,0,0,0,0,0,0
130504,1,1,21,7,17,25,25,15,9,16,25,16
130505,1,1,0,0,0,0,0,0,0,0,0,0
130505,2,1,0,0,0,0,0,0,0,0,0,0
130506,1,1,0,0,0,0,0,0,0,0,0,0
130506,2,1,0,0,0,0,0,0,0,0,0,0
130507,1,1,24,24,24,24,24,24,24,24,24,24
130508,0,1,7,18,11,0,14,10,11,27,0,18
130508,1,1,0,0,0,0,0,0,0,0,0,0
130509,1,1,15,15,27,12,0,14,14,0,13,6
130510,1,1,17,8,38,26,12,38,17,23,15,28
130511,1,1,18,18,18,18,18,18,18,18,18,18
130511,2,1,0,14,14,25,27,0,7,0,0,11
130512,1,1,17,17,17,17,17,17,17,17,17,17
130513,1,1,0,0,0,0,0,0,0,0,0,0
130514,1,1,0,0,0,0,0,0,0,0,0,0
130514,2,1,0,0,0,0,0,0,0,0,0,0
130515,1,1,0,0,0,0,0,0,0,0,0,0
130515,2,1,0,0,0,0,0,0,0,0,0,0
130515,3,1,0,0,0,0,0,0,0,0,0,0
130516,0,1,23,23,23,23,23,23,23,23,23,23
130516,0,2,0,0,0,0,0,0,31,30,0,0
130516,0,3,0,0,0,0,0,5,0,0,13,0
130516,1,1,0,0,0,0,0,0,0,0,13,0
130517,1,1,10,10,10,10,10,10,10,10,10,10
130518,1,1,0,0,0,0,0,0,0,0,0,0
130518,2,1,0,0,0,0,0,0,0,0,0,0
130519,1,1,0,0,0,0,0,0,0,0,0,0
130519,2,1,0,0,0,0,0,0,0,0,0,0
130520,1,1,0,0,0,0,0,0,0,0,0,0
130520,2,1,0,0,0,0,0,0,0,0,0,0
130521,1,1,0,14,8,12,0,0,0,0,21,0
130522,1,1,32,0,0,10,0,10,0,0,9,0
130523,0,1,0,0,12,0,18,0,0,23,15,0
130523,1,1,0,0,0,0,14,0,0,0,0,9
130524,1,1,0,0,0,0,0,0,0,0,0,0
130525,1,1,0,0,0,0,0,0,0,0,20,0
130526,1,1,0,0,0,0,0,0,0,0,0,0
130526,2,1,0,0,0,0,0,0,0,0,0,0
130527,1,1,0,0,0,0,0,0,0,0,0,0
130527,2,1,0,0,0,0,0,0,0,0,0,0
130528,0,1,20,20,20,20,20,20,20,20,20,20
130528,1,1,0,0,0,8,0,14,0,11,0,0
130529,1,1,0,0,0,0,0,0,0,0,0,0
130529,2,1,0,0,0,0,0,0,0,0,0,0
130530,1,1,18,0,0,0,19,0,0,0,0,0
130531,1,1,11,11,11,11,11,11,11,11,11,11
130532,1,1,0,0,0,0,14,0,0,0,0,0