ST_CASE,VEH_NO,PER_NO,P1,P2,P3,P4,P5,P6,P7,P8,P9,P10
130533,1,1,0,0,0,0,0,0,0,0,0,0
130533,2,1,0,0,0,0,0,0,0,0,0,0
130534,1,1,40,40,40,40,40,40,40,40,40,40
130535,1,1,0,0,0,0,0,0,0,0,0,0
130536,1,1,0,0,0,17,0,24,0,0,0,0
130537,0,1,33,33,33,33,33,33,33,33,33,33
130537,1,1,0,0,0,0,0,0,0,0,0,0
130538,0,1,0,0,0,0,0,0,0,0,0,0
130538,1,1,0,0,0,0,0,0,0,0,0,0
130539,1,1,0,0,0,0,0,0,0,0,0,0
130540,1,1,0,0,0,0,0,0,0,0,0,0
130540,2,1,0,0,0,0,0,0,0,0,0,0
130541,1,1,14,14,14,14,14,14,14,14,14,14
130542,1,1,10,0,11,0,7,0,0,3,12,8
130543,1,1,0,0,0,0,0,0,0,0,0,0
130543,2,1,0,0,0,0,0,0,0,0,0,0
130543,3,1,0,0,0,0,0,0,27,0,0,0
130543,4,1,0,0,0,0,0,0,0,0,2,0
130544,1,1,4,4,4,4,4,4,4,4,4,4
130545,1,1,9,9,9,9,9,9,9,9,9,9
130546,1,1,0,0,0,0,0,0,0,0,0,0
130546,2,1,0,0,0,0,0,0,0,0,0,0
130547,1,1,5,5,5,5,5,5,5,5,5,5
130548,1,1,16,16,16,16,16,16,16,16,16,16
130549,1,1,23,23,23,23,23,23,23,23,23,23
130550,1,1,41,0,0,0,0,0,0,0,0,0
130551,1,1,0,0,0,0,0,0,0,0,0,0
130552,1,1,27,27,27,27,27,27,27,27,27,27
130552,2,1,0,0,0,0,0,0,0,0,0,0
130553,1,1,0,0,0,0,0,0,0,0,0,0
130553,2,1,0,0,0,0,0,0,0,0,0,0
130554,1,1,22,22,22,22,22,22,22,22,22,22
130555,1,1,0,0,0,0,0,0,0,0,0,0
130555,2,1,0,0,0,0,0,0,0,0,0,0
130556,0,1,0,0,0,0,0,0,0,0,0,0
130556,1,1,0,0,0,0,0,0,0,9,20,0
130557,1,1,0,0,10,0,0,0,0,0,0,0
130558,1,1,7,7,7,7,7,7,7,7,7,7
130559,1,1,0,0,0,0,0,0,0,0,0,0
130559,2,1,0,0,0,0,0,0,0,0,0,0
130560,1,1,0,0,0,0,0,0,0,0,0,0
130561,1,1,10,10,10,10,10,10,10,10,10,10
130562,0,1,20,10,17,25,10,38,35,16,16,16
130562,1,1,0,0,0,0,0,0,0,0,0,0
130563,1,1,4,0,0,26,11,14,10,13,20,9
130563,2,1,33,33,33,33,33,33,33,33,33,33
130564,1,1,16,16,0,0,0,0,25,15,12,4
130565,1,1,0,0,0,0,0,0,0,0,0,0
130565,2,1,0,0,0,0,0,0,0,0,0,0
130566,1,1,0,0,0,0,0,0,0,0,0,0
130566,2,1,0,0,0,0,13,0,0,0,0,0
130567,1,1,16,16,16,16,16,16,16,16,16,16
130568,0,1,0,0,0,7,0,0,14,0,0,17
130568,1,1,8,0,0,0,0,0,0,0,0,0
130569,1,1,0,0,0,0,0,0,0,0,0,0
130570,1,1,25,22,0,8,16,13,6,17,0,11
130571,1,1,0,0,0,0,0,0,0,0,0,0
130572,1,1,0,0,0,0,0,0,0,0,0,0
130573,0,1,25,25,25,25,25,25,25,25,25,25
130573,1,1,19,0,0,0,11,0,12,0,19,10
130574,1,1,17,17,17,17,17,17,17,17,17,17
130575,0,1,0,0,0,0,0,0,0,0,0,0
130575,1,1,0,0,0,0,0,0,0,8,0,0
130576,1,1,4,4,4,4,4,4,4,4,4,4
130577,1,1,23,23,23,23,23,23,23,23,23,23
130578,1,1,0,0,0,0,0,0,0,0,0,0
130578,2,1,0,0,0,0,0,0,21,0,0,0
130579,1,1,0,0,0,0,0,0,0,0,0,0
130580,0,1,0,0,0,0,0,0,0,0,0,0
130580,1,1,0,0,0,0,0,0,0,0,0,0
130581,1,1,0,0,0,0,0,0,0,0,0,0
130582,1,1,0,0,0,0,0,0,0,0,0,0
130583,1,1,0,0,0,0,0,0,0,0,0,0
130583,2,1,0,0,0,0,0,0,0,0,0,0
130584,1,1,0,0,22,0,0,0,0,0,0,0
130585,1,1,24,24,24,24,24,24,24,24,24,24
130586,1,1,0,0,0,0,23,0,0,0,13,15
130586,2,1,0,0,0,0,0,0,0,0,0,0
130587,1,1,0,0,0,0,0,0,0,0,0,0
130588,1,1,0,0,0,0,0,0,0,0,0,0
130589,1,1,0,0,0,0,0,0,0,0,0,0
130589,2,1,0,0,0,0,0,0,0,0,0,0
130590,1,1,0,0,0,0,12,0,0,0,0,0
130591,1,1,0,0,0,0,0,0,0,0,0,0
130592,1,1,0,0,0,0,15,0,22,0,0,16
130593,0,1,15,0,0,0,0,0,0,0,0,0
130593,1,1,0,0,0,0,0,0,0,0,0,0
130594,0,1,0,0,0,0,0,0,0,0,0,0
130594,1,1,0,0,0,0,0,0,0,0,0,0
130594,2,1,0,0,0,0,0,0,0,0,0,0
130595,1,1,0,0,0,0,0,0,0,0,0,0
130595,2,1,0,0,0,0,0,0,0,0,0,0
130596,1,1,0,0,0,0,0,0,0,0,0,0
130597,1,1,0,0,0,0,14,13,0,0,6,8
130597,2,1,0,0,0,0,0,0,0,0,0,0
130598,0,1,27,27,27,27,27,27,27,27,27,27
130598,1,1,0,0,0,0,0,0,0,0,0,0
130599,0,1,0,14,0,0,0,0,0,0,0,0
130599,1,1,0,0,0,0,0,0,0,0,0,0
130600,1,1,0,0,0,0,0,0,16,0,0,10
130601,1,1,0,10,6,0,0,0,17,0,0,0
130602,1,1,23,23,23,23,23,23,23,23,23,23
130602,2,1,0,0,0,0,0,0,0,0,0,0
130603,1,1,10,10,10,10,10,10,10,10,10,10
130604,1,1,0,0,0,0,0,0,0,0,0,0
130605,1,1,0,0,0,0,0,0,0,0,0,0
130606,2,1,0,0,0,0,0,0,0,0,0,0
130607,1,1,0,0,0,0,0,0,10,0,0,0
130607,2,1,0,0,0,0,0,0,6,11,0,0
130608,0,1,0,0,0,0,0,0,0,0,0,0
130608,1,1,0,0,0,0,0,0,0,0,0,14
130609,0,1,0,0,0,0,0,8,0,0,23,0
130609,1,1,0,0,0,6,19,0,12,0,4,12
130610,1,1,0,0,0,0,0,0,0,0,0,0
130611,1,1,0,0,0,0,0,0,0,0,0,0
130612,1,1,0,0,0,0,12,0,0,0,0,0
130613,1,1,11,11,11,11,11,11,11,11,11,11
130614,1,1,7,7,7,7,7,7,7,7,7,7
130615,1,1,7,7,7,7,7,7,7,7,7,7
130616,1,1,21,4,15,16,4,10,18,18,34,14
130617,0,1,22,22,22,22,22,22,22,22,22,22
130617,1,1,0,0,0,0,0,0,0,0,11,0
130617,2,1,0,17,0,0,0,0,0,0,0,0
130618,0,1,0,0,0,0,0,0,0,0,0,0
130618,1,1,0,0,0,0,0,0,0,0,0,0
130619,1,1,0,0,0,0,0,0,0,0,0,0
130620,1,1,23,0,14,10,12,12,14,27,0,0
130621,1,1,0,0,0,0,0,0,15,0,0,0
130621,2,1,0,0,0,0,0,0,0,0,0,0
130621,3,1,8,8,8,8,8,8,8,8,8,8
130622,1,1,0,0,0,0,0,13,0,14,0,0
130623,1,1,0,0,0,0,0,0,0,0,0,0
130623,2,1,0,0,0,0,0,0,0,0,0,0
130624,1,1,20,20,20,20,20,20,20,20,20,20
130624,2,1,0,0,0,0,0,0,0,0,0,0
130625,1,1,13,13,13,13,13,13,13,13,13,13
130626,0,1,32,32,32,32,32,32,32,32,32,32
130626,1,1,9,0,0,0,8,0,0,0,0,0
130627,1,1,0,0,20,0,0,0,0,16,0,25
130628,1,1,0,0,19,0,0,0,0,0,0,0
130628,2,1,0,0,0,0,0,0,0,0,0,0
130629,1,1,16,0,0,0,0,0,0,0,0,0
130630,1,1,15,15,15,15,15,15,15,15,15,15
130631,1,1,0,0,0,0,0,0,0,0,0,0
130631,2,1,0,0,0,0,0,0,0,0,0,0
130632,0,1,4,18,19,0,22,25,0,19,46,0
130632,1,1,17,17,17,17,17,17,17,17,17,17
130633,1,1,22,0,0,0,15,33,0,13,28,0
130634,1,1,13,11,10,5,13,21,8,18,14,21
130635,1,1,0,0,0,0,0,0,0,0,0,0
130635,2,1,0,0,0,0,0,0,0,0,0,0
130635,3,1,0,0,0,0,0,0,0,0,0,0
130635,4,1,0,0,0,0,0,0,0,0,0,0
130635,5,1,0,0,0,0,0,0,0,0,0,0
130635,6,1,0,0,0,0,0,0,0,0,0,0
130635,7,1,0,0,0,0,0,0,0,0,0,0
130635,8,1,0,0,0,0,0,0,0,0,0,0
130636,1,1,18,18,18,18,18,18,18,18,18,18
130636,2,1,0,0,0,0,0,0,0,0,0,0
130637,0,1,14,14,14,14,14,14,14,14,14,14
130637,1,1,0,0,0,0,0,0,0,0,0,0
130638,1,1,0,0,0,0,0,0,0,0,0,0
130638,2,1,0,0,0,0,0,0,0,0,0,0
130639,1,1,0,0,0,0,0,0,0,0,0,0
130640,1,1,0,0,0,0,0,0,0,0,0,0
130641,1,1,15,0,0,0,0,0,0,0,0,0
130642,1,1,14,21,13,14,0,0,27,15,12,18
130643,0,1,31,31,31,31,31,31,31,31,31,31
130643,1,1,0,0,8,0,15,0,10,0,0,0
130644,0,1,0,0,0,8,16,0,0,0,0,0
130644,1,1,0,0,0,0,0,0,17,5,0,0
130645,1,1,0,0,0,0,0,0,0,0,0,0
130646,0,1,0,0,0,0,0,0,0,0,0,0
130646,1,1,0,0,0,0,0,0,0,0,0,0
130647,1,1,22,22,22,22,22,22,22,22,22,22
130648,1,1,0,0,0,0,0,0,0,5,0,0
130649,1,1,0,0,0,0,0,0,0,0,0,0
130650,1,1,28,18,33,25,11,8,18,18,25,21
130651,1,1,6,0,0,13,0,16,8,0,0,7
130652,1,1,6,6,6,6,6,6,6,6,6,6
130652,2,1,0,0,0,0,0,0,0,0,0,0
130653,1,1,0,25,0,0,0,0,0,0,0,12
130653,2,1,0,0,0,0,0,0,0,0,0,0
130654,1,1,0,0,0,0,22,0,0,0,0,0
130654,2,1,0,15,10,0,20,0,0,0,0,0
130655,1,1,13,13,13,13,13,13,13,13,13,13
130655,2,1,0,0,0,0,0,0,0,0,0,0
130656,1,1,0,0,0,0,0,0,0,0,0,0
130657,1,1,27,27,27,27,27,27,27,27,27,27
130658,1,1,26,26,26,26,26,26,26,26,26,26
130659,1,1,10,10,10,10,10,10,10,10,10,10
130660,0,1,0,0,0,31,0,0,4,0,0,0
130660,1,1,0,0,0,0,0,0,0,0,0,0
130661,1,1,0,0,0,22,0,0,0,21,0,0
130662,1,1,0,0,0,0,0,0,0,0,0,0
130662,2,1,0,0,0,0,0,0,0,0,0,0
130663,1,1,0,0,0,0,0,0,25,0,0,0
130664,1,1,0,0,0,0,0,0,0,0,0,0
130664,2,1,0,0,0,0,0,0,0,0,0,0
130665,1,1,0,0,19,0,0,0,19,27,0,0
130666,1,1,13,13,13,13,13,13,13,13,13,13
130666,2,1,0,0,0,0,0,0,0,0,0,0
130667,1,1,8,0,0,0,28,0,0,41,10,0
130668,1,1,0,0,0,0,0,0,0,0,0,0
130668,2,1,0,0,0,0,0,0,0,0,0,0
130669,1,1,0,0,0,0,0,0,0,0,0,0
130669,2,1,0,0,0,0,0,0,0,0,0,0
130670,1,1,0,24,0,0,0,0,0,15,0,0
130671,1,1,0,0,0,0,0,0,0,0,0,0
130671,2,1,0,0,0,0,0,0,0,0,0,0
130672,0,1,0,0,0,0,0,0,0,0,0,0
130672,1,1,0,0,0,0,0,0,0,7,19,0
130673,1,1,0,0,0,0,19,17,0,0,0,0
130673,2,1,11,11,11,11,11,11,11,11,11,11
130674,1,1,13,0,0,0,0,0,0,0,0,0
130675,1,1,0,0,0,0,0,0,0,0,0,0
130676,1,1,18,18,18,18,18,18,18,18,18,18
130677,0,1,0,0,0,0,0,0,0,0,0,0
130677,1,1,0,0,0,0,0,0,0,0,0,0
130678,0,1,0,0,0,0,0,0,0,0,0,0
130678,1,1,0,0,0,0,0,0,0,0,0,0
130679,0,1,22,22,22,22,22,22,22,22,22,22
130679,1,1,0,0,0,0,0,0,0,0,0,0
130680,1,1,0,0,0,0,0,0,0,0,0,0
130681,1,1,0,0,0,0,0,0,0,0,0,0
130681,2,1,0,0,0,0,0,0,0,0,0,0
130682,1,1,0,0,0,0,0,0,0,0,0,0
130682,2,1,0,0,0,10,0,0,0,0,0,0
130683,1,1,0,0,0,0,0,0,0,0,0,0
130684,1,1,0,11,0,0,13,0,0,0,0,0
130685,1,1,0,0,0,0,0,0,0,0,0,0
130685,2,1,0,0,0,0,0,0,0,0,0,0
130685,3,1,0,0,0,0,0,14,0,0,0,0
130686,1,1,0,17,0,0,16,0,0,10,0,0
130687,1,1,0,0,0,0,0,0,0,0,0,0
130687,2,1,0,0,0,0,0,0,0,0,0,0
130688,1,1,0,0,0,0,0,0,0,0,0,0
130688,2,1,0,0,25,0,0,0,0,0,0,0
130689,1,1,0,0,0,0,0,0,0,0,0,0
130689,2,1,0,0,0,0,0,0,0,0,0,0
130690,0,1,27,27,27,27,27,27,27,27,27,27
130690,1,1,0,0,0,0,0,0,0,0,0,0
130691,0,1,0,0,0,0,0,0,0,0,0,0
130691,1,1,0,0,0,0,0,0,0,0,0,0
130692,1,1,3,3,3,3,3,3,3,3,3,3
130692,2,1,0,0,0,0,0,0,0,0,0,0
130693,1,1,0,0,0,0,15,0,26,0,0,0
130694,1,1,0,0,0,0,0,0,0,0,0,0
130694,2,1,0,0,0,0,0,0,0,0,0,0
130695,2,1,0,0,0,6,0,0,0,0,0,0
130695,3,1,0,0,0,0,0,0,0,0,0,0
130695,4,1,0,0,0,0,0,0,0,0,0,0
130696,1,1,0,0,0,0,0,0,0,0,0,0
130697,1,1,0,0,0,0,0,12,0,0,0,0
130698,1,1,21,21,21,21,21,21,21,21,21,21
130698,2,1,20,20,20,20,20,20,20,20,20,20
130699,1,1,24,0,0,0,0,0,0,0,0,0
130700,1,1,0,20,0,0,9,22,0,0,0,15
130701,0,1,0,7,0,0,0,0,0,0,0,0
130701,1,1,0,0,0,0,0,0,0,0,0,6
130702,1,1,27,0,0,0,0,0,0,10,0,8
130702,2,1,21,0,0,0,0,0,0,0,0,0
130703,1,1,0,0,0,0,0,0,0,0,0,0
130703,2,1,0,0,0,0,0,0,0,0,0,0
130704,1,1,0,0,0,0,0,0,0,0,0,0
130705,1,1,0,0,0,0,0,0,0,0,0,0
130705,2,1,0,0,0,0,0,0,0,0,0,0
130706,1,1,0,0,0,0,0,0,0,0,0,0
130706,2,1,9,0,0,0,0,0,0,0,0,0
130707,1,1,0,0,0,0,0,0,0,0,0,0
130708,1,1,0,0,0,0,0,0,0,0,0,0
130709,1,1,18,18,18,18,18,18,18,18,18,18
130709,2,1,0,0,0,0,0,0,0,0,0,0
130710,1,1,0,0,0,0,0,0,0,0,0,0
130710,2,1,0,0,0,0,0,0,0,0,0,0
130711,1,1,0,0,0,0,0,0,0,0,0,0
130712,0,1,0,0,0,0,0,0,0,0,0,0
130712,1,1,0,0,0,0,0,0,0,0,0,0
130713,1,1,0,0,0,0,0,0,0,0,0,0
130714,1,1,27,27,27,27,27,27,27,27,27,27
130715,1,1,0,0,0,16,0,0,0,0,0,15
130716,0,1,0,0,0,0,0,0,0,0,0,0
130716,1,1,8,0,7,8,16,11,18,20,23,33
130717,1,1,13,13,13,13,13,13,13,13,13,13
130718,1,1,0,0,0,0,0,0,10,0,0,0
130719,1,1,0,6,0,0,0,0,0,0,0,0
130719,2,1,0,0,0,0,0,0,0,0,0,0
130720,1,1,0,0,0,0,0,0,0,0,0,0
130720,2,1,0,0,0,0,0,0,0,0,0,0
130720,3,1,0,0,0,0,0,0,0,0,0,0
130721,1,1,19,19,19,19,19,19,19,19,19,19
130722,0,1,0,0,16,5,0,0,0,0,0,0
130722,1,1,0,0,0,0,0,15,0,0,0,15
130723,1,1,0,0,0,0,0,0,0,0,0,0
130723,2,1,0,0,0,0,0,0,0,0,0,0
130724,1,1,0,0,0,0,0,0,0,0,0,0
130724,2,1,0,0,0,0,0,0,0,0,0,0
130725,1,1,0,0,0,0,0,0,0,0,0,0
130725,2,1,0,0,0,0,0,0,0,0,0,0
130725,3,1,0,0,0,0,0,0,0,0,0,0
130726,1,1,0,0,0,0,0,0,0,0,0,0
130726,2,1,0,0,0,0,0,0,0,0,0,0
130726,3,1,0,0,0,0,0,0,0,0,0,0
130727,1,1,0,24,0,0,0,0,0,0,0,0
130727,2,1,0,11,0,0,0,36,23,0,0,0
130728,1,1,0,0,0,9,0,0,15,22,0,0
130728,2,1,0,0,0,0,0,0,0,0,0,14
130729,1,1,0,0,0,0,0,0,0,0,0,0
130730,1,1,0,0,0,0,0,0,0,0,0,0
130731,1,1,0,12,0,0,0,13,0,29,0,0
130731,2,1,0,0,0,0,0,0,0,0,0,0
130732,1,1,0,0,0,0,0,0,0,0,0,0
130733,1,1,11,11,11,11,11,11,11,11,11,11
130733,2,1,0,0,0,0,13,0,0,0,0,0
130734,1,1,0,0,0,0,0,0,0,0,0,0
130734,2,1,0,0,0,0,0,0,0,0,0,0
130735,1,1,0,0,0,0,0,0,0,0,0,0
130735,2,1,0,0,0,0,0,0,0,0,0,0
130735,3,1,0,0,0,0,0,0,0,0,0,0
130736,1,1,9,9,9,9,9,9,9,9,9,9
130736,2,1,16,16,16,16,16,16,16,16,16,16
130737,1,1,23,23,23,23,23,23,23,23,23,23
130737,2,1,12,12,12,12,12,12,12,12,12,12
130738,0,1,0,0,15,19,36,0,0,13,17,28
130738,1,1,0,0,0,0,0,0,0,0,0,0
130739,1,1,0,0,0,0,0,0,0,0,0,0
130740,1,1,0,0,30,0,0,0,0,0,0,0
130740,2,1,0,0,0,0,0,0,0,0,0,0
130741,1,1,2,2,2,2,2,2,2,2,2,2
130742,1,1,17,0,0,0,16,0,0,0,12,0
130742,2,1,25,10,27,18,24,25,13,3,9,20
130743,1,1,0,0,0,0,0,8,0,0,0,0
130743,2,1,0,0,0,0,0,0,0,0,0,0
130744,1,2,35,0,0,0,0,0,0,0,0,25
130745,1,1,0,0,0,0,0,0,0,0,0,0
130745,2,1,0,0,0,0,0,0,0,0,0,0
130746,1,1,0,0,0,0,0,0,0,0,0,0
130747,0,1,0,0,0,0,0,0,0,0,0,0
130747,1,1,0,0,0,0,0,0,0,0,0,0
130748,1,1,0,0,0,0,0,0,0,0,0,0
130748,2,1,0,0,0,0,0,0,0,0,0,0
130749,1,1,0,0,0,0,0,0,0,0,0,0
130749,2,1,0,0,0,0,0,0,0,0,0,0
130750,1,1,19,19,19,19,19,19,19,19,19,19
130751,1,1,0,0,0,0,0,0,0,0,0,0
130751,2,1,0,0,0,0,0,0,0,0,0,0
130752,1,1,0,0,10,18,0,19,0,0,0,7
130753,0,1,0,0,14,0,0,10,0,11,0,0
130753,1,1,0,0,0,0,0,0,0,0,0,0
130754,0,1,7,7,7,7,7,7,7,7,7,7
130754,1,1,0,0,0,0,0,0,0,0,0,0
130754,2,1,0,0,0,0,0,0,0,0,0,0
130755,0,1,24,24,24,24,24,24,24,24,24,24
130755,1,1,16,0,0,0,11,0,0,0,0,0
130756,1,1,0,0,0,0,0,0,0,0,0,0
130757,1,1,0,0,0,0,0,0,0,0,0,0
130757,2,1,0,0,0,0,0,0,0,0,0,0
130758,1,1,0,0,0,0,0,0,0,0,0,0
130758,2,1,0,0,0,0,0,0,0,0,0,0
130759,1,1,0,0,0,0,0,0,0,17,0,21
130760,1,1,0,0,0,0,0,0,0,0,0,0
130761,0,1,0,0,0,0,0,0,0,0,0,0
130761,1,1,0,0,0,0,0,0,0,0,0,0
130762,1,1,13,13,13,13,13,13,13,13,13,13
130763,1,1,0,0,0,0,0,0,0,27,0,0
130763,2,1,0,0,0,0,0,0,0,0,0,0
130764,1,1,0,0,0,0,0,0,0,0,0,0
130764,2,1,0,0,0,0,0,0,0,0,0,0
130765,0,1,0,0,0,0,0,0,0,0,0,0
130765,1,1,0,0,0,7,11,0,0,9,13,0
130766,1,1,0,0,0,0,0,0,0,0,0,0
130766,2,1,5,29,17,0,0,0,0,0,12,13
130767,1,1,0,0,0,0,0,0,0,0,0,0
130767,2,1,0,0,0,0,0,0,0,0,0,0
130768,1,1,0,0,0,0,0,0,0,25,0,0
130768,2,1,0,0,0,0,0,0,0,0,0,0
130769,1,1,0,0,0,0,0,0,0,0,0,0
130770,1,1,5,5,5,5,5,5,5,5,5,5
130770,2,1,0,0,0,0,0,0,0,0,0,0
130770,3,1,0,0,0,0,0,0,0,0,0,0
130771,1,1,0,11,0,0,0,0,0,4,0,0
130771,2,1,0,12,0,0,0,0,0,0,17,0
130772,1,1,24,24,24,24,24,24,24,24,24,24
130772,2,1,0,0,0,0,0,0,0,0,0,0
130772,3,1,0,0,0,0,0,0,33,0,0,0
130773,1,1,0,0,0,0,0,0,0,0,0,0
130773,2,1,0,0,0,0,0,0,0,0,0,0
130774,1,1,0,0,0,0,0,0,0,0,0,0
130774,2,1,0,0,0,0,0,0,0,0,0,0
130775,0,1,0,0,0,0,0,0,0,0,0,0
130775,1,1,0,0,0,0,0,0,0,0,0,0
130776,1,1,20,10,0,10,0,5,15,10,0,12
130777,0,1,11,25,0,0,0,0,0,9,0,13
130777,1,1,0,0,0,0,0,0,0,0,0,0
130778,0,1,0,0,14,0,0,0,0,25,0,0
130778,1,1,0,0,0,0,0,0,0,0,0,0
130779,0,1,6,6,6,6,6,6,6,6,6,6
130779,1,1,0,0,0,0,0,0,0,0,0,0
130780,1,1,0,0,0,0,0,0,0,0,0,0
130781,1,1,0,0,0,0,0,0,0,0,0,0
130781,2,1,0,0,0,0,0,0,0,0,0,0
130782,1,1,0,0,0,0,0,0,0,0,0,0
130782,2,1,0,0,0,0,0,0,0,0,0,0
130782,3,1,0,0,0,0,6,0,0,21,0,0
130783,1,1,0,0,0,0,0,0,2,0,0,6
130783,2,1,0,0,0,0,0,0,0,0,0,0
130783,3,1,0,0,0,0,0,0,0,0,0,0
130784,1,1,0,0,0,0,0,0,0,0,0,0
130784,2,1,0,0,0,0,0,0,0,0,0,0
130785,1,1,0,0,0,0,0,0,0,0,0,0
130785,2,1,0,39,0,0,0,0,0,0,0,0
130786,1,1,0,0,0,0,0,0,0,0,0,0
130786,2,1,0,0,0,0,0,0,0,0,0,0
130787,1,1,0,0,0,0,0,0,0,0,0,0
130788,1,1,18,21,0,0,0,0,0,0,0,0
130788,2,1,0,0,0,0,0,0,18,0,0,0
130788,3,1,0,0,0,0,0,0,0,0,0,0
130789,1,1,0,0,0,0,0,0,0,0,0,0
130789,2,1,0,0,0,0,0,0,0,0,0,0
130789,3,1,0,9,0,0,0,0,0,0,0,0
130789,4,1,0,0,0,0,0,0,0,27,0,0
130790,1,1,0,0,0,0,0,0,0,0,0,0
130790,2,1,0,0,0,0,0,0,0,0,0,0
130791,1,1,26,0,0,0,0,0,0,0,0,0
130791,2,1,0,0,0,15,14,0,0,21,9,0
130792,1,1,0,0,0,0,0,0,0,0,0,0
130793,1,1,11,11,11,11,11,11,11,11,11,11
130794,1,1,0,0,0,0,0,0,0,0,0,0
130794,2,1,0,0,0,0,0,0,0,0,0,0
130795,1,1,8,8,8,8,8,8,8,8,8,8
130796,1,1,0,0,0,0,0,0,0,0,0,0
130796,2,1,0,0,0,0,0,0,0,0,0,0
130797,1,1,0,0,0,0,0,0,0,0,0,0
130798,0,1,26,0,0,20,0,0,25,27,0,0
130798,1,1,0,9,0,0,0,12,17,0,3,5
130799,0,1,0,0,0,14,0,0,0,8,36,0
130799,1,1,0,0,0,0,0,0,0,0,0,0
130800,1,1,0,0,0,0,0,0,0,0,0,0
130800,2,1,0,0,0,0,0,0,0,0,0,0
130801,1,1,0,0,19,0,0,0,0,0,0,0
130802,0,1,0,8,0,0,0,0,0,0,0,0
130802,1,1,21,21,21,21,21,21,21,21,21,21
130803,1,1,0,0,0,0,0,0,0,0,0,0
130803,2,1,10,10,0,0,0,0,0,0,0,0
130804,0,1,29,29,29,29,29,29,29,29,29,29
130804,1,1,17,0,0,0,0,17,0,0,0,0
130805,1,1,0,0,0,0,0,0,0,0,0,0
130806,1,1,0,0,0,0,0,0,0,0,0,0
130807,1,1,15,15,15,15,15,15,15,15,15,15
130807,2,1,4,13,12,11,14,24,19,37,19,21
130808,1,1,0,0,0,0,0,0,0,0,0,0
130809,1,1,0,0,0,0,0,0,0,0,0,0
130810,1,1,0,0,0,0,0,0,0,0,0,0
130811,1,1,0,0,0,0,0,0,0,0,0,0
130812,1,1,0,0,0,0,0,0,0,0,0,0
130812,2,1,0,0,0,0,0,0,0,0,0,0
130813,0,1,0,0,0,0,0,0,0,0,0,24
130813,0,2,0,0,0,0,0,0,0,0,0,0
130813,1,1,0,0,0,0,0,0,0,0,0,0
130814,1,1,0,0,0,0,0,0,0,0,0,0
130814,2,1,0,0,0,0,0,0,0,0,0,0
130815,1,1,0,0,0,0,0,0,0,0,0,0
130816,1,1,28,28,28,28,28,28,28,28,28,28
130817,1,1,0,0,0,0,0,0,0,8,0,0
130818,1,1,0,0,0,0,0,0,0,0,0,0
130819,1,1,0,0,0,0,0,0,0,0,0,0
130819,2,1,0,0,0,0,0,0,0,0,0,0
130820,1,1,0,0,0,0,0,0,0,0,0,0
130820,2,1,0,0,0,0,0,8,5,0,0,0
130821,1,1,0,0,5,23,0,12,0,0,0,0
130822,1,1,0,0,0,0,0,0,0,0,0,0
130822,2,1,0,0,0,0,0,0,0,0,0,0
130823,1,1,0,0,0,0,0,0,0,0,0,0
130823,2,1,11,0,0,0,0,0,0,0,0,0
130823,3,1,0,0,0,0,0,0,0,0,0,0
130824,1,1,26,26,26,26,26,26,26,26,26,26
130825,1,1,0,0,23,0,0,0,0,0,0,16
130825,2,1,0,0,0,0,0,0,0,0,0,0
130825,3,1,0,0,0,0,0,0,0,0,0,0
130825,4,1,0,0,0,0,0,0,0,0,0,0
130825,5,1,5,0,0,0,0,0,0,0,0,0
130826,1,1,0,0,0,0,0,0,0,0,0,0
130826,2,1,0,0,0,0,0,0,0,0,0,0
130827,1,1,26,26,26,26,26,26,26,26,26,26
130827,2,1,0,0,0,0,0,0,0,0,0,0
130827,3,1,0,8,0,0,0,0,0,0,0,11
130827,4,1,0,0,0,0,0,0,0,0,0,2
130827,5,1,0,0,0,0,25,0,0,0,0,0
130828,0,1,0,0,0,0,0,0,0,0,0,0
130828,1,1,0,0,0,0,0,0,0,0,0,0
130829,1,1,0,0,0,0,0,0,0,0,0,0
130829,2,1,0,0,0,0,0,0,18,0,0,0
130830,1,1,0,0,25,0,0,0,0,0,0,0
130830,2,1,0,0,0,0,0,0,0,0,0,0
130831,0,1,30,30,30,30,30,30,30,30,30,30
130831,1,1,0,0,0,0,0,0,0,0,0,0
130832,0,1,0,0,0,0,0,0,0,0,0,0
130832,1,1,4,0,0,0,0,0,13,0,0,0
130833,1,1,0,0,0,9,0,0,0,0,0,0
130834,1,1,0,0,0,0,0,0,0,0,0,0
130834,2,1,0,0,0,0,0,0,0,0,0,0
130835,1,1,0,0,0,0,0,0,0,0,0,0
130836,1,1,24,24,24,24,24,24,24,24,24,24
130837,1,1,0,0,0,0,0,0,0,0,0,0
130837,2,1,0,0,0,0,0,0,0,0,0,0
130838,0,1,0,0,0,0,0,0,10,0,40,36
130838,1,1,0,0,0,0,0,0,0,0,0,0
130839,1,1,18,18,18,18,18,18,18,18,18,18
130840,0,1,18,18,0,0,0,22,15,0,12,0
130840,1,1,0,9,0,0,0,0,0,0,0,0
130841,1,1,0,17,26,20,0,0,25,0,0,6
130842,1,1,0,0,0,0,0,0,0,0,0,0
130843,1,1,0,0,0,0,0,0,0,0,0,0
130844,1,1,0,0,0,0,0,0,0,0,0,0
130844,2,1,0,0,0,0,0,0,0,0,0,0
130845,1,1,0,0,0,0,0,0,0,0,0,0
130845,2,1,0,0,0,0,0,0,0,0,0,0
130846,1,1,0,0,0,0,0,0,0,0,0,0