ST_CASE,VEH_NO,PER_NO,P1,P2,P3,P4,P5,P6,P7,P8,P9,P10
130847,1,1,0,0,0,0,0,0,0,0,0,0
130847,2,1,0,0,0,0,0,0,0,0,0,0
130848,0,1,29,29,29,29,29,29,29,29,29,29
130848,1,1,4,0,15,0,0,0,0,0,9,0
130849,1,1,0,0,0,0,0,0,0,0,0,0
130849,2,1,0,0,0,0,0,0,0,0,0,0
130850,1,1,0,13,0,16,0,0,0,0,0,0
130851,1,1,0,0,0,0,0,0,0,0,0,0
130851,2,1,0,0,0,0,0,0,0,0,0,0
130852,1,1,0,0,0,0,0,0,0,0,0,0
130852,2,1,0,0,0,0,0,0,0,0,0,0
130852,3,1,0,9,0,0,0,0,0,0,0,0
130852,4,1,0,0,0,0,0,0,0,0,0,0
130853,0,1,0,0,0,0,0,0,0,0,0,0
130853,1,1,0,0,0,0,0,0,0,0,0,8
130854,1,1,0,0,0,0,0,0,0,0,0,0
130854,2,1,0,0,0,0,0,0,0,0,0,0
130855,1,1,0,0,0,0,0,0,0,0,0,0
130855,2,1,0,0,0,0,0,0,0,0,0,0
130856,1,1,8,8,8,8,8,8,8,8,8,8
130857,1,1,0,0,0,0,0,0,0,0,0,0
130858,1,1,0,0,0,0,0,0,0,0,0,0
130858,2,1,0,0,0,0,0,0,0,0,0,0
130858,3,1,0,0,0,0,0,0,0,0,0,0
130859,1,1,0,0,0,0,0,0,0,0,0,0
130859,2,1,0,0,0,0,0,0,0,0,0,0
130860,1,1,0,0,0,0,0,0,0,0,0,0
130860,2,1,0,0,0,0,0,0,0,0,0,0
130860,3,1,0,0,0,0,0,0,0,0,0,0
130861,1,1,0,0,0,0,0,0,0,0,0,9
130862,0,1,0,0,0,0,0,0,0,0,0,29
130862,1,1,0,13,0,0,0,0,0,0,0,0
130863,1,1,0,17,0,0,0,0,0,0,0,0
130864,1,1,18,18,18,18,18,18,18,18,18,18
130865,1,1,0,0,0,0,0,0,0,0,0,0
130865,2,1,0,0,0,0,0,0,0,0,0,0
130866,1,1,8,0,0,0,0,0,0,0,23,0
130866,2,1,0,0,0,0,0,0,0,0,0,0
130867,1,1,3,0,0,0,0,0,0,0,0,0
130867,2,1,0,0,0,0,0,0,0,0,0,0
130868,1,1,0,0,0,0,0,0,0,0,0,0
130868,2,1,0,0,0,0,0,0,0,0,3,0
130869,1,1,0,0,0,0,0,0,0,0,0,0
130869,2,1,0,0,0,0,0,0,0,0,0,0
130870,1,1,0,0,0,0,0,0,0,0,0,0
130871,1,1,0,0,0,0,0,0,0,0,0,0
130871,2,1,0,0,0,6,2,0,18,0,0,0
130871,3,1,0,0,0,0,0,0,0,0,0,0
130872,1,1,0,0,0,0,0,0,0,0,0,0
130873,1,1,0,0,0,0,0,0,0,0,0,0
130874,1,1,8,8,8,8,8,8,8,8,8,8
130874,2,1,0,0,0,0,0,0,0,0,0,17
130875,0,1,0,0,19,0,0,0,0,0,0,9
130875,1,1,0,0,0,0,0,0,0,0,0,0
130876,1,1,0,0,0,0,0,0,0,0,0,0
130876,2,1,0,0,0,0,0,0,0,0,0,0
130877,1,1,0,0,0,0,0,0,0,8,0,0
130877,2,1,0,0,0,0,0,0,0,0,0,0
130878,1,1,17,17,17,17,17,17,17,17,17,17
130878,2,1,0,0,0,0,0,0,0,0,0,0
130878,3,1,18,12,8,0,0,0,0,0,0,0
130878,4,1,0,0,0,0,0,0,0,23,0,0
130879,1,1,0,30,0,0,0,0,0,26,0,0
130880,0,1,0,19,0,0,41,13,0,0,0,5
130880,1,1,0,0,18,3,16,15,0,17,0,14
130881,1,1,0,0,0,0,0,0,0,0,0,0
130882,1,1,17,0,0,0,0,0,0,0,0,0
130882,2,1,0,0,0,0,0,0,0,0,0,0
130883,1,1,0,0,0,0,0,0,0,0,0,0
130883,2,1,0,0,0,0,0,0,0,0,0,0
130884,1,1,0,0,0,0,42,0,0,0,0,0
130885,1,1,0,0,0,0,0,0,0,0,0,0
130886,1,1,0,0,0,0,0,0,0,0,0,0
130887,1,1,12,12,12,12,12,12,12,12,12,12
130888,1,1,0,0,0,0,0,8,0,0,0,0
130888,2,1,0,0,0,0,0,0,0,0,0,0
130889,1,1,0,0,0,0,0,12,0,0,0,0
130889,2,1,0,0,0,0,0,0,0,0,0,0
130890,1,1,16,16,16,16,16,16,16,16,16,16
130890,2,1,0,0,0,0,0,0,0,0,0,0
130891,0,1,30,30,30,30,30,30,30,30,30,30
130891,1,1,0,0,0,0,0,0,0,0,0,0
130892,1,1,0,0,0,0,0,0,0,0,0,0
130892,2,1,0,0,0,0,0,0,0,0,0,0
130893,1,1,16,16,16,16,16,16,16,16,16,16
130894,1,1,14,14,14,14,14,14,14,14,14,14
130895,1,1,24,0,12,9,33,6,0,13,3,26
130896,1,1,26,26,26,26,26,26,26,26,26,26
130898,1,1,17,17,17,17,17,17,17,17,17,17
130898,2,1,0,0,0,0,0,0,0,0,0,0
130898,3,1,0,0,0,0,0,0,0,0,0,0
130899,1,1,15,23,13,20,8,28,20,6,7,8
130900,1,1,0,0,0,0,40,0,0,0,0,0
130900,2,1,0,11,0,0,0,0,0,0,0,0
130901,1,1,0,17,5,0,0,0,0,23,0,9
130901,2,1,0,0,0,0,0,0,17,0,0,0
130901,3,1,8,8,8,8,8,8,8,8,8,8
130902,1,1,12,12,12,12,12,12,12,12,12,12
130903,1,1,0,0,0,0,0,0,0,0,0,0
130904,1,1,0,0,0,0,0,0,0,0,0,0
130904,2,1,0,0,0,0,0,0,0,0,0,0
130905,1,1,0,13,0,19,29,0,0,45,0,0
130905,2,1,0,0,0,0,0,0,0,0,0,0
130906,1,1,0,0,10,5,11,7,0,0,0,0
130907,1,1,0,0,0,0,0,0,0,0,0,0
130907,2,1,0,0,0,9,17,0,0,13,0,0
130907,3,1,0,0,0,0,0,0,0,0,0,0
130908,0,1,0,20,0,0,0,0,0,0,0,0
130908,1,1,0,0,0,0,0,0,0,0,0,0
130909,1,1,0,0,0,0,0,0,0,0,0,0
130909,2,1,0,0,0,0,0,0,0,0,0,0
130910,1,1,0,0,22,0,0,0,0,0,0,0
130910,2,1,0,0,0,0,0,0,0,0,0,0
130911,1,1,19,7,0,0,0,21,0,26,0,25
130911,2,1,0,0,10,0,30,0,11,0,0,9
130912,1,1,0,0,0,0,0,0,0,0,0,0
130912,2,1,0,0,0,0,0,0,0,0,0,0
130912,3,1,0,0,0,0,0,0,0,0,0,0
130913,1,1,10,10,10,10,10,10,10,10,10,10
130914,1,1,0,0,0,0,0,0,0,0,0,0
130914,2,1,0,0,0,0,0,0,0,0,0,0
130915,1,1,0,0,0,0,0,0,0,0,0,0
130915,2,1,0,0,12,0,0,0,0,0,0,0
130916,1,1,35,0,0,0,0,0,0,0,0,0
130917,1,1,0,0,0,0,0,23,0,0,0,0
130918,1,1,19,19,19,19,19,19,19,19,19,19
130919,1,1,0,0,0,0,0,0,18,0,0,0
130919,2,1,0,0,0,0,0,0,0,0,0,0
130920,1,1,0,0,0,0,0,0,0,0,0,0
130921,1,1,0,0,0,0,0,0,0,0,0,0
130921,2,1,0,0,0,0,0,0,0,0,0,0
130922,1,1,0,0,0,0,0,0,0,0,39,0
130923,1,1,0,0,21,0,0,0,0,0,0,0
130924,1,1,14,0,0,0,19,0,0,0,12,0
130925,0,1,0,0,0,0,0,0,0,15,0,0
130925,1,1,0,0,0,0,22,0,0,0,0,0
130926,1,1,0,20,2,0,0,16,14,5,0,14
130927,1,1,0,0,0,0,0,0,0,0,0,0
130927,2,1,0,0,0,0,0,0,0,0,0,0
130928,0,1,0,12,0,0,0,0,0,0,0,0
130928,1,1,0,0,0,0,0,0,0,0,0,0
130929,1,1,0,0,14,0,0,0,0,0,0,0
130929,2,1,0,0,0,0,0,0,0,0,0,0
130930,1,1,0,17,34,23,0,0,24,27,0,6
130931,1,1,20,20,20,20,20,20,20,20,20,20
130931,2,1,0,0,0,0,0,0,0,0,0,0
130932,1,1,0,0,0,0,0,0,0,0,0,0
130933,1,1,0,0,0,0,0,0,0,0,0,0
130934,1,1,0,0,0,0,0,0,0,0,0,0
130935,1,1,0,0,0,0,0,0,0,0,0,0
130935,2,1,0,0,0,0,0,0,0,0,0,0
130936,1,1,18,18,18,18,18,18,18,18,18,18
130937,1,1,0,0,0,0,0,0,0,0,0,0
130938,0,1,0,0,0,0,0,0,0,0,0,0
130938,1,1,0,0,0,0,0,0,0,0,0,0
130939,1,1,0,0,0,0,0,0,0,0,0,0
130939,2,1,0,0,0,0,0,0,0,0,0,0
130940,1,1,0,0,0,0,0,0,0,0,0,0
130940,2,1,0,0,0,0,0,0,0,0,0,0
130941,1,1,0,0,0,16,15,0,0,0,0,0
130941,2,1,0,0,0,0,0,0,0,0,0,0
130942,1,1,0,0,0,0,0,0,0,0,0,0
130942,2,1,0,0,0,0,0,0,0,0,0,0
130942,3,1,0,0,0,0,0,0,0,0,0,0
130942,4,1,0,0,0,0,0,0,0,0,0,0
130943,1,1,17,17,17,17,17,17,17,17,17,17
130944,1,1,18,18,18,18,18,18,18,18,18,18
130945,1,1,0,0,0,0,0,0,0,0,0,0
130946,1,1,0,0,0,0,0,0,0,0,0,0
130947,1,1,0,0,0,0,0,0,0,0,0,0
130948,0,1,0,0,0,0,0,0,0,0,0,0
130948,1,1,0,0,0,0,0,0,0,0,0,0
130949,0,1,0,0,0,0,0,0,0,0,0,0
130949,1,1,0,0,0,0,0,0,0,0,0,0
130950,1,1,0,13,0,0,10,0,0,0,0,0
130950,2,1,0,0,0,0,0,0,0,0,0,0
130951,1,1,0,0,0,0,0,0,0,0,0,0
130951,2,1,0,0,0,0,0,0,0,0,0,0
130951,3,1,0,0,0,0,0,0,0,0,16,0
130951,4,1,0,0,0,0,0,0,0,0,0,0
130951,5,1,0,0,0,11,11,0,0,0,0,0
130952,1,1,0,28,0,14,0,6,39,0,16,0
130952,2,1,0,0,0,0,33,0,0,0,0,0
130953,1,1,0,0,0,0,0,0,0,0,0,0
130954,1,1,25,25,25,25,25,25,25,25,25,25
130955,1,1,0,0,0,0,0,0,0,0,0,0
130956,1,1,17,17,17,17,17,17,17,17,17,17
130957,1,1,0,24,0,0,0,0,0,0,26,0
130958,1,1,0,0,0,0,0,0,0,0,0,0
130959,1,1,0,0,0,0,0,0,0,0,0,0
130959,2,1,0,0,0,0,0,0,0,0,0,0
130960,1,1,2,2,2,2,2,2,2,2,2,2
130961,1,1,0,0,0,0,0,0,0,0,0,0
130962,1,1,11,11,11,11,11,11,11,11,11,11
130963,1,1,0,0,0,0,0,0,0,0,0,0
130964,1,1,0,0,0,0,0,0,0,0,0,0
130965,1,1,0,36,0,0,0,0,0,0,0,0
130966,1,1,0,0,0,0,0,0,0,0,0,0
130966,2,1,0,0,0,0,0,0,0,6,0,0
130967,0,1,0,0,0,0,0,0,0,0,0,0
130967,1,1,0,0,0,0,0,0,0,0,0,0
130968,1,1,0,0,0,0,0,0,0,0,0,0
130968,2,1,0,0,0,0,0,0,0,0,0,0
130969,1,1,0,0,0,0,0,0,0,0,0,0
130970,1,1,0,0,13,18,0,0,0,0,22,0
130971,1,1,10,10,10,10,10,10,10,10,10,10
130972,1,1,0,0,0,0,0,0,39,0,0,0
130972,2,1,0,0,0,0,0,0,0,0,0,0
130973,1,1,0,0,0,0,0,0,0,0,0,0
130973,2,1,0,0,0,0,0,0,0,0,0,0
130974,1,1,22,22,5,16,2,23,41,29,9,12
130974,2,1,0,0,0,0,0,0,0,0,0,0
130975,1,1,11,11,11,11,11,11,11,11,11,11
130976,1,1,0,20,7,16,33,0,0,0,5,0
130977,1,1,0,0,0,0,0,0,0,0,0,0
130978,0,1,25,25,25,25,25,25,25,25,25,25
130978,1,1,0,0,0,0,0,0,0,0,0,0
130979,1,1,20,19,14,29,0,30,20,0,27,21
130980,0,1,0,0,0,0,0,0,0,0,0,0
130980,1,1,0,0,0,0,0,0,0,0,0,0
130981,1,1,0,0,0,0,0,0,0,0,0,0
130982,1,1,0,0,0,0,0,0,0,0,0,0
130983,1,1,0,0,0,0,0,0,0,0,0,0
130983,2,1,0,0,0,0,0,0,0,0,0,0
130984,1,1,17,17,17,17,17,17,17,17,17,17
130985,1,1,0,0,0,0,0,0,0,0,0,0
130985,2,1,0,0,0,0,0,0,0,0,0,0
130986,1,1,30,0,17,14,0,15,0,0,21,0
130987,1,1,0,0,0,11,0,0,0,0,0,0
130988,1,1,5,5,5,5,5,5,5,5,5,5
130988,2,1,0,0,0,0,0,0,0,0,0,0
130989,1,1,0,0,0,0,0,0,0,0,0,0
130990,1,1,15,0,0,0,0,0,0,0,0,0
130991,1,1,0,0,0,0,0,0,0,0,0,0
130992,1,1,0,0,0,0,0,0,0,0,0,0
130993,1,1,0,0,0,0,0,0,0,0,0,0
130993,2,1,22,22,22,22,22,22,22,22,22,22
130994,0,1,0,0,0,0,0,0,0,0,0,0
130994,1,1,0,0,0,0,0,0,0,0,0,0
130995,1,1,0,0,0,0,0,0,0,0,0,0
130996,1,1,0,0,0,0,0,17,0,0,0,0
130996,2,1,0,0,0,0,0,0,0,0,0,0
130997,1,1,0,0,0,0,0,0,0,0,0,0
130997,2,1,0,0,0,0,0,0,0,0,0,0
130997,3,1,0,25,0,0,0,0,0,0,0,0
130998,0,1,26,26,26,26,26,26,26,26,26,26
130998,1,1,0,0,0,0,0,0,0,0,0,0
130999,0,1,0,0,0,0,0,0,0,0,0,0
130999,1,1,0,0,0,27,0,0,0,0,0,0
131000,1,1,0,0,0,0,0,0,0,0,0,0
131001,1,1,0,0,0,0,0,0,0,0,0,0
131002,1,1,5,5,5,5,5,5,5,5,5,5
131003,1,1,0,0,0,0,0,0,0,0,0,0
131004,1,1,0,0,0,0,0,0,0,0,0,0
131005,1,1,0,0,0,0,0,0,0,0,0,0
131005,2,1,0,0,0,0,0,0,0,0,0,0
131006,1,1,10,20,19,18,0,23,0,17,1,14
131006,2,1,0,0,0,0,0,0,0,0,0,11
131007,1,1,19,0,0,0,0,0,0,0,0,0
131007,2,1,0,0,0,0,0,0,0,0,0,0
131007,3,1,0,0,0,0,0,0,0,0,0,0
131008,1,1,0,0,0,0,0,0,0,0,0,0
131008,2,1,0,0,0,0,4,0,0,0,5,0
131009,0,1,6,6,6,6,6,6,6,6,6,6
131009,1,1,0,0,0,18,0,0,0,0,0,0
131010,1,1,26,0,0,13,0,41,0,0,0,0
131011,1,1,0,0,0,0,0,0,0,0,0,0
131012,1,1,0,0,0,0,0,0,0,0,0,0
131012,2,1,0,0,0,0,0,0,0,0,0,0
131013,0,1,0,0,0,0,0,0,0,0,0,0
131013,1,1,0,0,0,0,0,0,0,0,0,0
131014,0,1,0,0,0,0,0,0,0,0,0,0
131014,0,2,0,0,0,0,0,0,0,0,0,0
131014,1,1,0,0,0,0,0,0,0,0,0,0
131015,1,1,0,0,0,0,0,0,0,0,0,0
131016,1,1,0,0,0,0,0,0,0,0,0,0
131016,2,1,0,0,0,0,0,0,0,0,0,0
131017,0,1,0,0,0,0,0,0,0,0,0,0
131017,1,1,0,0,0,0,0,0,0,0,0,0
131018,1,1,0,0,0,0,0,0,0,0,0,0
131018,2,1,0,0,0,0,0,0,0,0,0,0
131019,1,1,0,0,0,0,0,0,0,0,0,0
131019,2,1,0,0,0,0,8,0,0,0,0,0
131020,1,1,0,0,0,7,17,23,7,0,0,0
131021,1,1,0,0,0,0,16,0,0,0,0,0
131021,2,1,0,0,0,0,0,0,0,0,0,0
131021,3,1,0,20,0,0,0,0,0,0,0,0
131022,1,1,23,23,23,23,23,23,23,23,23,23
131023,1,1,0,0,0,0,0,0,0,0,0,0
131023,2,1,0,0,0,0,0,0,0,0,0,0
131024,1,1,25,25,25,25,25,25,25,25,25,25
131024,2,1,0,0,0,0,0,0,0,0,0,0
131025,1,1,0,0,0,0,0,0,0,0,0,0
131025,2,1,0,0,0,0,0,0,0,0,0,0
131025,3,1,0,0,0,0,0,0,0,0,0,0
131026,1,1,0,0,0,0,0,0,0,0,0,0
131027,1,1,0,0,0,0,0,0,0,0,0,0
131027,2,1,33,0,0,0,0,0,0,0,0,0
131028,1,1,0,0,0,0,0,0,0,0,0,0
131028,2,1,0,0,0,0,0,0,0,0,0,0
131029,1,1,0,0,0,0,0,0,0,0,0,0
131029,2,1,0,0,0,0,0,0,0,0,0,0
131029,3,1,0,0,16,0,0,0,17,0,0,0
131030,1,1,0,0,0,0,0,0,0,0,0,30
131030,2,1,0,0,0,0,0,0,0,0,0,0
131031,1,1,0,0,0,0,0,0,0,0,0,0
131031,2,1,6,0,0,0,0,0,0,0,0,0
131032,0,1,0,0,0,0,0,0,0,0,0,0
131032,1,1,0,0,13,0,0,0,11,0,0,0
131033,1,1,0,0,0,0,0,0,0,0,0,0
131033,2,1,0,0,0,0,0,0,0,0,0,0
131034,1,1,0,0,0,0,0,0,0,0,0,0
131035,1,1,0,0,0,0,0,0,0,0,0,0
131035,2,1,0,0,0,0,0,0,0,0,0,0
131036,1,1,0,0,0,0,0,0,0,0,0,0
131036,2,1,0,0,0,0,0,0,0,0,0,0
131036,3,1,0,0,0,0,0,0,0,0,0,0
131037,1,1,0,0,5,0,0,15,0,27,0,34
131038,1,1,0,0,0,0,0,0,0,0,0,0
131038,2,1,0,0,0,0,0,0,0,0,0,0
131039,1,1,22,0,0,0,0,0,19,47,0,0
131039,2,1,0,0,0,0,0,0,0,0,0,0
131040,1,1,0,0,0,0,0,0,0,0,0,0
131040,2,1,0,0,0,0,0,0,0,0,0,0
131040,3,1,0,0,0,0,0,0,11,5,0,0
131041,1,1,0,0,0,0,0,0,0,0,0,0
131041,2,1,0,0,0,0,0,0,0,0,0,0
131042,1,1,0,0,0,0,0,0,0,0,0,0
131043,1,1,0,0,0,0,0,0,0,0,0,0
131043,2,1,0,0,0,0,0,0,0,0,0,0
131044,1,1,0,0,0,0,0,0,0,0,0,0
131044,2,1,0,0,0,0,0,0,0,11,0,0
131044,3,1,26,0,0,0,0,0,0,0,0,0
131045,1,1,0,0,0,0,0,0,0,0,0,0
131045,2,1,0,0,0,0,0,0,0,0,0,0
131046,0,1,28,28,28,28,28,28,28,28,28,28
131046,1,1,0,10,0,0,0,0,0,0,0,0
131047,1,1,0,5,21,15,16,26,13,9,35,22
131048,1,1,14,14,14,14,14,14,14,14,14,14
131049,1,1,13,13,13,13,13,13,13,13,13,13
131050,1,1,0,17,8,18,9,12,0,41,23,0
131051,1,1,26,24,9,13,0,0,15,17,0,19
131052,1,1,0,0,0,0,0,0,0,0,0,0
131052,2,1,0,0,0,0,0,0,0,0,0,0
131053,1,1,0,0,0,0,0,0,0,0,0,0
131053,2,1,0,0,0,0,0,0,0,0,0,20
131054,1,1,16,21,0,0,0,31,5,23,16,21
131055,1,1,17,17,17,17,17,17,17,17,17,17
131056,1,1,0,0,0,0,0,0,0,0,0,0
131056,2,1,0,0,0,17,0,0,0,0,0,0
131057,0,1,0,0,0,0,0,0,0,0,0,0
131057,1,1,0,0,0,0,0,0,0,7,25,0
131058,1,1,0,0,16,0,0,0,0,0,0,0
131059,1,1,0,0,0,0,0,0,23,11,7,0
131060,1,1,18,15,13,19,20,15,15,9,16,26
131061,0,1,31,31,31,31,31,31,31,31,31,31
131061,1,1,0,0,0,0,0,0,0,0,0,0
131062,1,1,16,16,16,16,16,16,16,16,16,16
131063,1,1,0,0,0,0,0,0,0,0,0,0
131064,1,1,0,0,0,0,0,0,0,0,0,0
131064,2,1,0,0,0,0,0,0,0,0,0,0
131065,1,1,0,0,0,0,0,0,0,0,0,0
131065,2,1,0,0,0,0,0,0,0,0,0,0
131066,1,1,16,16,16,16,16,16,16,16,16,16
131067,1,1,0,0,0,0,0,0,0,0,15,0
131068,1,1,0,0,0,0,0,0,0,0,0,0
131069,1,1,0,0,0,0,0,0,0,0,0,0
131070,1,1,0,0,0,0,0,0,0,0,0,0
131071,1,1,28,24,3,0,23,0,13,0,10,20
131072,1,1,0,0,0,0,0,0,0,0,34,0
131072,2,1,0,0,0,0,0,0,0,0,0,0
131073,1,1,17,27,6,14,22,9,28,15,22,20
131074,1,1,11,11,11,11,11,11,11,11,11,11
131075,0,1,0,0,0,0,0,0,0,0,0,0
131075,1,1,0,0,0,0,0,0,0,0,0,0
131076,1,1,0,0,0,0,0,0,0,0,0,0
131077,0,1,0,0,0,0,0,0,0,0,0,0
131077,1,1,0,0,0,0,0,0,0,0,0,0
131078,1,1,0,0,0,0,0,0,23,0,31,0
131079,1,1,0,0,0,0,0,0,0,0,0,0
131079,2,1,0,0,0,0,0,0,0,0,0,0
131080,1,1,6,6,6,6,6,6,6,6,6,6
131081,1,1,0,0,0,0,0,0,0,0,0,0
131082,0,1,31,31,31,31,31,31,31,31,31,31
131082,1,1,0,0,0,0,0,0,0,0,0,0
131083,0,1,0,17,13,17,0,0,0,0,0,14
131083,1,1,0,0,0,0,18,0,0,0,0,0
131084,0,1,0,0,12,6,14,16,0,0,14,0
131084,1,1,0,0,0,0,0,0,0,0,0,0
131085,1,1,0,0,0,0,0,0,0,0,0,0
150001,0,1,0,0,0,0,0,0,0,0,0,0
150001,1,1,0,0,0,0,0,0,0,0,0,0
150002,1,1,0,0,0,0,0,0,0,0,0,0
150002,2,1,0,0,0,0,0,0,0,0,0,0
150003,1,1,0,27,16,25,4,0,0,19,20,0
150004,1,1,24,24,24,24,24,24,24,24,24,24
150005,1,1,0,0,0,0,0,0,0,0,0,0
150006,1,1,0,0,0,0,0,0,0,0,0,0
150006,2,1,0,0,0,0,0,0,0,0,0,0
150007,1,1,0,0,0,0,0,0,0,0,0,0
150008,1,1,19,0,0,0,0,22,0,0,7,19
150008,2,1,0,0,0,0,0,0,0,0,0,0
150009,0,1,12,12,12,12,12,12,12,12,12,12
150009,1,1,0,0,0,0,0,0,0,0,0,0
150011,0,1,24,24,24,24,24,24,24,24,24,24
150011,1,1,0,0,0,0,0,0,0,0,0,0
150012,1,1,0,12,0,0,0,0,0,0,0,0
150012,2,1,0,0,0,0,0,0,0,0,0,0
150013,1,1,22,22,22,22,22,22,22,22,22,22
150014,0,1,0,0,0,0,0,0,0,0,0,0
150014,1,1,13,0,0,0,0,0,0,0,0,12
150015,0,1,0,16,0,0,0,0,0,0,0,0
150015,1,1,0,11,0,0,0,0,0,0,0,0
150016,0,1,18,18,18,18,18,18,18,18,18,18
150016,1,1,0,0,0,0,0,0,0,0,0,0
150017,0,1,0,0,0,0,0,0,0,0,0,0
150017,1,1,0,0,0,0,0,10,0,0,0,0
150018,0,1,0,0,0,0,0,0,0,0,0,0
150018,1,1,0,0,0,0,0,0,0,0,0,0
150019,1,1,0,0,0,0,0,0,0,0,0,0
150019,2,1,0,0,0,0,0,0,0,0,0,0
150020,0,1,0,0,0,0,0,0,0,0,0,0
150020,1,1,0,0,0,0,0,0,0,0,0,0
150021,1,1,32,32,32,32,32,32,32,32,32,32
150021,2,1,0,0,0,0,0,0,0,0,0,0
150021,3,1,0,0,0,0,0,0,0,0,0,0
150022,0,1,16,16,16,16,16,16,16,16,16,16
150022,1,1,0,0,11,0,0,0,0,4,0,8
150023,1,1,18,18,18,18,18,18,18,18,18,18
150024,1,1,0,0,0,0,0,0,0,0,0,0
150024,2,1,0,0,0,0,0,0,0,0,0,0
150024,3,1,0,0,16,0,0,0,0,0,9,0
150025,0,1,0,0,0,0,0,0,0,0,0,0
150025,1,1,0,0,0,0,0,0,0,0,0,0
150026,1,1,0,0,0,0,0,0,0,0,0,0
150027,1,1,0,0,0,0,0,6,2,0,0,0
150028,1,1,0,0,0,0,0,0,0,13,0,0
150029,1,1,0,0,0,0,0,0,0,0,0,0
150030,1,1,6,6,6,6,6,6,6,6,6,6
150030,2,1,14,14,14,14,14,14,14,14,14,14
150031,1,1,6,6,6,6,6,6,6,6,6,6
150032,1,1,0,0,0,0,0,0,0,0,0,0
150033,0,1,0,0,0,0,0,0,0,0,0,0
150033,1,1,0,0,0,0,0,0,0,0,0,0
150034,1,1,0,0,0,0,0,0,0,0,0,0
150034,2,1,0,0,0,0,0,0,0,0,0,0
150035,1,1,0,0,0,0,0,0,0,0,0,0
150035,2,1,2,2,2,2,2,2,2,2,2,2
150036,0,1,0,0,0,0,0,0,0,0,0,0
150036,1,1,0,0,0,0,0,0,0,0,0,0
150037,1,1,0,0,0,0,0,0,0,0,0,0
150038,0,1,0,0,0,0,0,0,0,0,0,0
150038,1,1,0,0,0,16,0,0,0,0,17,0
150040,1,1,0,0,0,0,0,0,0,0,0,0
150041,1,1,0,0,0,0,0,0,0,0,0,0
150041,2,1,0,0,0,0,0,0,0,0,0,0
150042,1,1,0,0,0,0,0,0,0,0,0,0
150042,2,1,0,0,0,0,0,0,0,0,0,0
150043,1,1,5,0,21,21,0,21,0,2,0,0
150044,1,1,21,21,21,21,21,21,21,21,21,21
150045,1,1,18,18,18,18,18,18,18,18,18,18
150046,1,1,0,0,0,0,0,0,0,0,0,0
150046,2,1,0,0,0,0,0,0,0,0,0,0
150047,0,1,26,26,26,26,26,26,26,26,26,26
150047,1,1,13,13,13,13,13,13,13,13,13,13
150048,1,1,11,11,11,11,11,11,11,11,11,11
150050,1,1,22,22,22,22,22,22,22,22,22,22
150050,2,1,0,0,0,0,0,0,0,0,0,0
150051,1,1,0,0,0,0,0,0,0,0,0,0
150051,2,1,0,0,0,0,0,0,0,0,0,0
150052,0,1,0,0,0,0,0,0,0,0,0,0
150052,1,1,0,0,0,0,0,0,0,0,0,0
150053,1,1,12,12,12,12,12,12,12,12,12,12
150054,1,1,12,12,12,12,12,12,12,12,12,12
150055,0,1,0,26,0,0,0,21,0,0,0,17
150055,0,2,0,0,0,0,0,0,0,0,28,0
150055,0,3,0,0,0,0,0,27,0,0,0,0
150055,1,1,0,0,0,0,0,0,0,0,0,0
150056,0,1,0,0,0,0,0,0,0,0,0,0
150056,1,1,0,0,0,0,11,0,0,11,0,0
150057,0,1,0,0,0,0,0,0,0,0,0,0
150057,1,1,0,0,0,0,0,0,0,0,0,0
150058,0,1,0,0,0,0,0,0,0,0,0,0
150058,1,1,0,18,0,0,0,0,0,0,0,0
150059,1,1,28,28,28,28,28,28,28,28,28,28
150060,0,1,0,0,0,0,0,0,0,0,0,0
150060,1,1,16,16,16,16,16,16,16,16,16,16
150061,1,1,20,0,0,0,0,0,16,0,0,0
150062,1,1,0,12,11,0,6,0,7,0,12,0
150062,2,1,0,0,0,0,0,0,0,0,0,0
150063,1,1,15,15,15,15,15,15,15,15,15,15
150064,1,1,7,7,7,7,7,7,7,7,7,7
150065,0,1,29,29,29,29,29,29,29,29,29,29
150065,1,1,10,0,0,20,0,0,0,24,0,17
150066,1,1,0,0,0,0,0,0,0,0,0,0
150066,2,1,0,0,0,0,0,0,0,0,0,0
150067,0,1,0,0,0,0,0,13,0,0,0,0
150067,1,1,0,0,0,0,0,0,0,0,0,0
150068,1,1,0,0,0,0,0,0,0,0,0,0
150069,1,1,0,0,0,0,0,0,0,0,0,0
150070,1,1,23,23,23,23,23,23,23,23,23,23
150071,0,1,0,0,0,0,0,0,0,0,0,0
150071,1,1,0,0,0,9,18,0,0,26,0,0
150072,0,1,31,31,31,31,31,31,31,31,31,31
150072,1,1,0,0,0,0,0,0,0,0,0,0
150074,0,1,0,0,0,0,0,0,0,0,0,0
150074,1,1,0,0,0,0,0,0,0,0,0,0
150075,1,1,19,19,19,19,19,19,19,19,19,19
150076,1,1,11,11,11,11,11,11,11,11,11,11
150077,0,1,0,0,0,0,0,0,0,0,0,0
150077,1,1,0,0,20,0,11,0,0,0,18,0
150078,1,1,0,0,0,0,0,0,0,0,0,0
150078,2,1,0,0,0,0,0,0,0,0,0,0
150078,3,1,0,0,0,0,0,0,0,0,0,0
150079,1,1,34,34,34,34,34,34,34,34,34,34
150080,1,1,12,12,12,12,12,12,12,12,12,12
150081,0,1,0,0,0,0,0,0,0,0,0,0
150081,1,1,0,25,7,0,0,0,13,0,0,0