ST_CASE,VEH_NO,PER_NO,P1,P2,P3,P4,P5,P6,P7,P8,P9,P10
150082,1,1,0,0,0,0,0,0,0,0,0,0
150082,2,1,0,0,0,0,0,0,0,0,0,0
150083,1,1,0,0,0,0,0,0,0,0,0,0
150083,2,1,0,0,0,0,0,0,0,0,0,0
150083,3,1,0,0,0,0,0,0,0,0,0,0
150083,4,1,0,0,0,0,0,0,0,0,0,0
150084,0,1,0,0,0,0,0,0,0,0,0,0
150084,1,1,0,0,0,0,0,0,0,0,0,0
150085,1,1,0,0,0,0,0,0,0,0,0,0
150086,1,1,0,0,0,0,0,0,0,0,0,0
150087,0,1,0,0,0,0,0,0,0,0,0,0
150087,1,1,0,0,0,0,0,0,0,0,0,0
150088,1,1,15,15,15,15,15,15,15,15,15,15
150089,0,1,0,0,0,0,22,0,0,0,0,0
150089,1,1,11,0,0,0,0,0,0,0,0,0
150090,1,1,0,0,11,8,0,0,0,0,0,0
150091,1,1,0,0,0,0,0,0,0,0,0,0
150091,2,1,0,0,0,0,0,0,0,0,0,0
150092,1,1,13,13,13,13,13,13,13,13,13,13
150092,2,1,0,15,0,0,0,0,0,0,6,0
150092,3,1,17,0,30,0,0,0,0,0,0,0
150092,4,1,0,0,0,0,0,0,0,0,0,0
150093,1,1,0,0,0,0,0,0,0,0,0,0
150093,2,1,0,0,0,0,0,0,0,0,0,0
150094,1,1,17,17,17,17,17,17,17,17,17,17
150094,2,1,26,26,26,26,26,26,26,26,26,26
150095,0,1,0,0,0,0,0,0,0,0,0,0
150095,1,1,0,0,0,0,0,0,0,0,0,0
150096,1,1,0,0,0,0,0,0,0,0,0,0
150096,2,1,0,0,0,0,0,0,0,0,0,0
150096,3,1,0,0,0,0,0,0,0,0,0,0
150097,1,1,16,16,16,16,16,16,16,16,16,16
150098,1,1,14,14,14,14,14,14,14,14,14,14
150098,2,1,0,0,0,0,18,10,13,14,0,0
160002,1,1,0,0,0,0,0,0,0,0,0,0
160002,2,1,0,0,0,0,0,0,0,0,0,0
160003,1,1,0,0,0,0,0,0,0,0,0,0
160003,2,1,0,0,0,0,0,0,0,0,0,0
160004,1,1,0,0,0,0,0,0,0,0,0,0
160004,2,1,0,0,0,0,0,0,0,0,0,0
160005,1,1,9,9,9,9,9,9,9,9,9,9
160006,1,1,0,0,0,0,0,0,0,0,0,0
160006,2,1,0,0,0,0,0,0,0,0,0,0
160007,1,2,5,13,0,20,16,20,0,0,0,0
160008,1,1,0,0,0,0,0,0,0,0,0,0
160009,1,1,25,25,25,25,25,25,25,25,25,25
160009,2,1,0,0,0,0,0,0,0,0,0,0
160010,1,1,0,0,0,0,0,0,0,0,0,0
160010,2,1,0,13,0,0,0,0,12,0,0,0
160010,3,1,0,0,0,0,0,0,13,0,0,0
160011,1,1,24,24,24,24,24,24,24,24,24,24
160012,1,1,0,0,0,0,0,0,0,0,0,0
160012,2,1,0,15,8,62,8,0,43,0,0,0
160013,1,1,0,0,0,0,0,0,0,0,0,0
160013,2,1,0,0,0,0,0,0,0,0,0,0
160014,1,1,0,0,0,0,0,0,0,0,0,0
160015,0,1,0,0,0,0,0,0,0,0,0,0
160015,1,1,0,0,0,0,0,0,0,0,0,0
160016,1,1,0,0,0,0,0,0,0,0,0,0
160016,2,1,0,0,0,0,0,0,0,0,0,0
160016,3,1,0,0,0,0,0,0,0,0,0,0
160017,1,1,0,0,0,0,0,0,0,0,0,0
160018,1,1,0,0,0,0,0,0,0,0,0,0
160018,2,1,0,0,0,0,0,0,0,0,0,0
160018,3,1,0,0,0,0,0,0,0,0,0,0
160019,0,1,27,27,27,27,27,27,27,27,27,27
160019,1,1,0,0,0,0,0,0,0,0,0,0
160020,1,1,18,18,18,18,18,18,18,18,18,18
160021,1,1,0,0,0,0,0,0,0,0,0,0
160022,1,1,31,31,31,31,31,31,31,31,31,31
160023,1,1,0,0,0,0,0,0,0,0,0,0
160023,2,1,0,0,0,0,0,0,0,0,0,0
160024,1,1,0,0,0,0,0,0,0,0,0,0
160025,1,1,0,0,0,0,0,0,0,0,0,0
160026,1,1,18,18,18,18,18,18,18,18,18,18
160027,1,1,0,0,0,0,0,0,0,0,0,0
160027,2,1,0,0,0,0,0,0,0,0,0,0
160028,1,1,29,23,0,26,26,17,37,22,19,21
160029,1,1,10,10,10,10,10,10,10,10,10,10
160030,1,1,0,0,0,0,0,0,0,0,0,0
160031,1,1,0,0,0,14,0,0,0,0,0,43
160032,1,1,0,0,0,0,0,0,0,0,0,0
160032,2,1,0,0,0,0,0,0,0,0,0,0
160033,1,1,18,21,19,13,22,15,22,23,14,9
160034,1,1,0,0,0,0,0,0,0,0,0,0
160035,1,1,34,26,0,6,26,5,14,20,15,11
160036,0,1,0,0,0,0,0,0,0,0,0,0
160036,1,1,0,0,0,0,0,0,0,0,0,0
160037,1,1,0,0,0,0,0,0,0,0,0,0
160038,1,1,0,0,0,0,0,0,0,0,0,0
160038,2,1,0,0,0,0,0,0,0,0,0,0
160039,0,1,17,17,17,17,17,17,17,17,17,17
160039,1,1,0,0,0,0,0,0,0,0,0,0
160040,1,1,0,0,0,0,0,0,0,0,0,0
160040,2,1,0,0,0,0,0,0,0,0,0,0
160041,0,1,14,14,14,14,14,14,14,14,14,14
160041,1,1,14,14,14,14,14,14,14,14,14,14
160042,1,1,0,0,0,0,0,0,0,0,0,0
160042,2,1,0,0,0,0,0,0,0,0,0,0
160043,1,1,15,15,15,15,15,15,15,15,15,15
160044,1,1,0,14,0,0,0,0,0,0,0,0
160045,1,1,19,19,19,19,19,19,19,19,19,19
160046,1,1,0,0,0,0,0,0,0,0,0,0
160047,1,1,4,4,4,4,4,4,4,4,4,4
160048,1,1,0,0,0,0,0,0,0,0,0,0
160048,2,1,0,0,0,0,0,0,0,0,0,0
160049,1,1,16,0,0,48,0,28,0,21,21,0
160050,1,1,0,22,0,0,0,0,0,0,0,0
160051,1,1,0,0,0,0,0,0,0,0,0,0
160051,2,1,0,0,0,0,0,0,0,0,0,0
160052,1,1,23,23,23,23,23,23,23,23,23,23
160053,1,1,23,23,23,23,23,23,23,23,23,23
160054,1,1,0,0,0,0,0,0,0,0,0,0
160054,2,1,0,0,0,0,19,0,0,0,0,0
160055,1,1,9,9,9,9,9,9,9,9,9,9
160056,1,1,0,0,0,0,0,0,0,0,0,0
160057,1,1,0,10,9,4,18,17,5,15,37,19
160057,2,1,0,5,0,0,0,25,0,0,0,0
160058,1,1,34,34,34,34,34,34,34,34,34,34
160059,1,1,7,7,7,7,7,7,7,7,7,7
160060,1,1,0,0,0,0,0,0,0,0,0,0
160060,2,1,0,0,0,0,0,0,0,0,0,0
160062,1,1,11,0,0,19,0,0,0,0,0,17
160063,1,1,14,14,14,14,14,14,14,14,14,14
160064,1,1,0,0,0,0,0,0,0,0,0,0
160065,0,1,0,0,0,0,0,0,0,0,0,0
160065,1,1,0,0,0,0,0,0,0,0,0,0
160066,1,1,0,0,0,0,0,0,0,0,0,0
160066,2,1,0,0,0,0,0,0,0,0,0,0
160067,1,1,19,0,22,17,0,24,15,0,9,0
160068,1,1,0,0,0,0,0,0,0,0,0,0
160068,2,1,0,0,0,0,0,0,0,0,0,0
160069,1,1,0,0,0,0,0,0,0,0,0,0
160069,2,1,0,0,0,0,0,0,0,0,0,0
160070,1,1,0,0,0,0,0,0,0,0,0,0
160071,1,1,0,0,0,0,0,0,0,0,0,0
160071,2,1,0,0,0,0,0,0,0,0,0,0
160072,1,1,0,0,0,0,19,0,13,0,0,0
160073,1,1,0,0,0,0,0,0,0,0,0,0
160074,1,1,16,16,16,16,16,16,16,16,16,16
160075,1,1,0,0,0,20,0,0,0,0,0,0
160076,0,1,0,0,0,0,0,0,0,0,0,0
160076,1,1,0,0,0,0,0,0,0,0,0,0
160077,1,1,0,0,0,0,0,0,0,0,0,0
160077,2,1,0,0,0,0,0,0,0,0,0,0
160077,3,1,0,0,0,0,0,6,0,0,0,0
160078,1,1,0,0,0,0,0,0,0,0,0,0
160078,2,1,0,0,0,0,0,0,0,0,0,0
160079,0,1,20,20,20,20,20,20,20,20,20,20
160079,1,1,7,7,7,7,7,7,7,7,7,7
160080,1,1,0,26,0,0,0,12,0,0,0,0
160081,1,1,14,14,14,14,14,14,14,14,14,14
160082,1,1,9,19,29,12,11,0,13,16,29,18
160083,1,1,0,0,0,0,0,0,0,0,0,0
160083,2,1,0,0,0,0,0,0,0,0,0,0
160084,1,1,20,20,20,20,20,20,20,20,20,20
160085,1,1,0,0,0,0,0,0,0,0,0,0
160086,0,1,0,0,15,30,0,0,0,0,0,0
160086,1,1,0,0,0,0,0,0,0,0,0,0
160087,1,1,8,8,8,8,8,8,8,8,8,8
160088,1,1,0,0,0,0,0,0,0,0,0,19
160089,1,1,0,0,0,0,0,0,20,0,0,0
160090,1,1,0,0,0,0,0,0,0,0,0,0
160091,0,1,0,0,0,0,0,0,0,0,0,0
160091,1,1,0,0,0,0,0,0,0,0,0,0
160092,1,1,0,0,0,0,0,0,0,0,0,0
160092,2,1,0,0,0,0,0,0,0,0,0,0
160093,1,1,10,10,10,10,10,10,10,10,10,10
160094,1,1,0,0,0,0,0,0,0,0,0,0
160094,2,1,0,0,0,0,0,0,0,0,0,0
160095,0,1,0,0,0,0,0,0,0,0,0,0
160095,1,1,0,0,0,0,0,0,0,0,0,0
160096,1,1,0,0,0,0,0,0,0,0,0,0
160097,1,1,0,0,19,0,0,0,0,0,0,0
160098,1,1,0,0,0,0,0,0,0,0,0,0
160098,2,1,0,0,0,0,0,0,0,0,0,0
160099,1,1,0,7,0,0,0,0,0,0,0,0
160101,1,1,0,0,0,0,0,0,0,0,0,0
160102,1,1,0,0,0,0,0,0,10,0,0,0
160103,1,1,21,21,21,21,21,21,21,21,21,21
160104,1,1,0,0,0,0,0,0,0,7,0,0
160105,1,1,0,0,0,0,0,0,0,0,0,0
160106,1,1,22,17,18,9,13,31,25,22,0,30
160107,1,1,2,2,2,2,2,2,2,2,2,2
160108,1,1,12,12,12,12,12,12,12,12,12,12
160109,1,1,5,5,5,5,5,5,5,5,5,5
160109,2,1,0,0,7,0,0,0,0,0,0,22
160110,1,1,0,0,0,0,0,0,0,0,0,0
160111,1,1,0,0,0,21,0,0,0,0,0,0
160112,1,1,0,0,0,0,0,0,0,0,0,0
160113,1,1,0,41,19,22,29,18,4,3,12,11
160114,1,1,0,0,0,0,0,0,0,0,0,0
160115,1,1,0,0,0,0,0,0,0,0,0,0
160116,1,1,0,0,0,0,0,0,0,0,0,0
160116,2,1,0,0,0,0,0,0,0,0,0,0
160117,1,1,0,0,0,0,0,0,0,0,0,0
160117,2,1,0,0,0,0,0,0,0,0,0,0
160118,1,1,9,9,9,9,9,9,9,9,9,9
160118,2,1,0,3,0,0,0,0,0,0,0,0
160119,1,1,15,17,17,20,10,20,17,9,8,2
160120,1,1,25,25,25,25,25,25,25,25,25,25
160121,0,1,0,0,0,0,0,0,0,0,0,0
160122,1,1,0,0,0,0,0,0,0,0,0,0
160123,1,1,23,23,23,23,23,23,23,23,23,23
160124,1,1,9,19,17,17,9,13,5,8,28,16
160125,1,1,0,0,0,0,0,0,0,0,0,0
160125,2,1,0,0,0,0,0,17,7,0,0,0
160126,1,1,6,0,0,0,36,0,0,0,0,0
160127,1,1,0,0,0,0,0,0,0,0,0,0
160127,2,1,0,0,8,24,0,0,0,0,0,0
160128,1,1,0,0,0,0,0,0,0,0,0,0
160128,2,1,0,0,0,0,0,0,0,0,0,0
160129,1,1,0,0,0,22,0,0,0,0,0,11
160129,2,1,0,0,0,0,0,0,0,0,0,0
160130,1,1,0,0,0,0,0,0,0,0,0,0
160131,1,1,0,0,0,0,0,0,0,0,0,0
160132,1,1,0,0,0,0,0,0,0,0,0,0
160133,1,1,0,0,0,0,0,0,0,0,0,0
160133,2,1,0,0,0,0,0,0,0,0,0,0
160134,1,1,20,20,20,20,20,20,20,20,20,20
160135,1,1,0,0,0,0,0,0,0,0,0,0
160135,2,1,0,0,0,0,0,0,0,0,0,0
160136,1,1,0,0,0,0,0,0,0,0,0,0
160136,2,1,0,0,0,0,0,0,0,0,0,0
160137,0,1,0,0,0,0,0,0,0,0,0,0
160137,1,1,0,0,0,0,0,0,0,0,0,0
160138,1,1,0,0,0,0,0,0,0,0,0,0
160138,2,1,0,0,0,0,0,0,0,0,0,0
160138,3,1,0,0,0,0,0,0,0,0,0,0
160139,1,1,0,0,0,0,0,0,0,0,0,0
160139,2,1,0,0,11,0,0,0,0,0,0,0
160140,1,1,0,0,0,0,10,0,0,0,0,0
160141,1,1,0,0,0,0,0,0,0,0,0,0
160141,2,1,0,0,0,12,0,0,0,0,0,0
160142,1,1,19,19,19,19,19,19,19,19,19,19
160143,1,1,0,0,0,0,0,0,0,0,0,0
160144,1,1,0,0,0,4,17,13,0,0,0,0
160145,1,1,15,15,15,15,15,15,15,15,15,15
160146,1,1,0,0,0,0,0,0,0,0,0,0
160147,1,1,0,8,0,21,0,19,0,0,0,0
160148,1,1,0,0,0,0,0,0,0,0,0,0
160149,1,1,18,18,18,18,18,18,18,18,18,18
160150,1,1,0,0,0,0,0,4,37,0,0,0
160151,1,1,0,0,4,0,0,0,0,0,0,0
160152,1,1,0,0,0,0,0,0,0,0,0,0
160152,2,1,0,0,0,0,0,0,0,0,0,0
160152,3,1,0,0,18,7,0,0,0,0,0,0
160153,1,1,25,25,25,25,25,25,25,25,25,25
160154,1,1,9,9,9,9,9,9,9,9,9,9
160155,1,1,0,0,0,0,0,0,0,0,0,0
160155,2,1,0,0,0,0,0,0,0,0,0,0
160156,1,1,0,0,0,0,0,0,0,0,11,0
160156,2,1,0,0,0,0,0,0,0,0,0,0
160157,1,1,19,19,19,19,19,19,19,19,19,19
160158,1,1,24,24,24,24,24,24,24,24,24,24
160158,2,1,0,0,0,0,0,0,0,0,0,0
160159,1,1,0,0,0,0,0,0,0,0,0,0
160160,1,1,9,9,9,9,9,9,9,9,9,9
160161,1,1,0,0,0,0,0,0,0,0,0,0
160162,1,1,0,0,0,0,0,0,0,0,0,0
160163,0,1,0,0,30,15,0,0,0,27,0,0
160163,1,1,0,0,0,0,0,0,0,0,0,0
160164,1,1,0,0,0,0,0,0,0,0,0,0
160165,1,1,20,20,20,20,20,20,20,20,20,20
160166,1,1,0,0,0,0,0,0,0,0,0,0
160167,1,1,9,9,9,9,9,9,9,9,9,9
160168,0,1,0,0,0,0,0,0,0,0,0,0
160168,1,1,0,0,0,0,0,0,0,0,0,9
160169,1,1,0,0,32,0,0,0,0,0,0,0
160170,1,1,0,15,13,0,0,0,0,0,0,0
160171,1,1,0,0,0,0,0,0,0,0,0,0
160172,0,1,0,0,0,0,0,0,0,0,0,0
160172,1,1,0,0,0,0,0,0,20,0,0,0
160173,1,1,0,0,0,0,0,0,0,0,0,0
160174,1,1,11,11,11,11,11,11,11,11,11,11
160175,1,1,0,0,0,0,0,0,0,0,0,0
160176,1,1,0,0,0,0,0,0,0,0,16,0
160176,2,1,0,0,0,4,0,0,0,0,0,0
160177,1,1,0,0,0,0,0,0,0,0,0,0
160177,2,1,0,0,0,0,0,0,0,0,0,0
160178,1,1,0,0,0,0,0,0,0,0,0,0
160178,2,1,0,0,0,0,0,0,0,0,0,0
170001,1,1,0,0,0,0,0,0,0,0,0,0
170002,0,1,15,15,15,15,15,15,15,15,15,15
170002,1,1,0,0,0,0,0,0,0,0,0,0
170003,1,1,0,0,0,0,0,0,0,0,0,0
170003,2,1,0,0,0,0,0,0,0,0,0,0
170004,1,1,0,0,0,0,0,0,0,0,0,0
170004,2,1,0,0,0,0,0,0,0,0,0,0
170005,1,1,0,0,0,0,0,0,0,0,0,0
170006,1,1,5,5,5,5,5,5,5,5,5,5
170006,2,1,2,2,2,2,2,2,2,2,2,2
170006,3,1,0,0,0,10,0,0,0,0,0,13
170007,1,1,0,0,0,0,0,0,0,0,0,0
170008,1,1,22,22,22,22,22,22,22,22,22,22
170009,1,1,0,0,0,0,0,0,0,0,0,0
170009,2,1,0,0,0,0,0,0,0,0,0,0
170010,0,1,0,0,0,0,0,0,0,0,0,0
170010,1,1,0,0,0,0,0,0,0,0,0,0
170011,1,1,0,17,0,11,15,0,0,0,0,6
170012,0,1,0,0,0,0,0,0,0,0,0,0
170012,1,1,0,0,0,0,0,0,0,0,7,0
170013,1,1,13,0,0,0,0,0,13,0,0,13
170014,1,1,33,33,33,33,33,33,33,33,33,33
170015,1,1,32,32,32,32,32,32,32,32,32,32
170016,1,1,13,13,13,13,13,13,13,13,13,13
170017,1,1,0,0,0,0,0,0,0,0,0,0
170017,2,1,0,0,0,0,0,0,0,0,0,0
170019,1,1,0,0,0,0,0,0,22,0,0,0
170019,2,1,0,0,0,0,0,0,0,0,0,0
170019,3,1,0,0,0,16,0,0,0,0,0,0
170020,1,1,9,0,28,10,18,16,0,0,0,21
170020,2,1,0,0,0,0,0,0,0,0,0,0
170021,0,1,26,26,26,26,26,26,26,26,26,26
170021,1,1,0,0,0,0,0,0,0,0,0,0
170022,1,1,0,0,0,0,0,0,0,0,0,0
170022,2,1,0,0,0,0,27,0,3,0,0,0
170023,1,1,0,0,0,0,0,0,0,0,0,0
170023,2,1,0,0,0,0,0,0,0,9,12,0
170024,1,1,3,3,3,3,3,3,3,3,3,3
170025,1,1,6,6,6,6,6,6,6,6,6,6
170026,1,1,0,0,0,0,0,0,0,0,0,0
170026,2,1,0,0,0,0,0,0,0,0,0,0
170027,1,1,0,0,0,0,0,0,0,0,0,0
170028,1,1,0,0,0,0,0,0,0,0,0,0
170028,2,1,0,0,0,0,3,0,0,14,0,0
170029,1,1,0,0,0,0,0,0,0,0,0,0
170029,2,1,0,0,0,0,0,0,0,0,0,0
170030,0,1,20,20,20,20,20,20,20,20,20,20
170030,1,1,15,15,15,15,15,15,15,15,15,15
170031,1,1,12,8,9,9,9,15,19,14,10,12
170032,1,1,0,0,0,0,0,0,14,0,0,0
170032,2,1,0,0,0,6,0,0,0,0,0,0
170033,1,1,0,0,0,0,0,0,0,0,0,0
170033,2,1,0,0,0,0,0,0,0,0,0,0
170034,1,1,21,21,21,21,21,21,21,21,21,21
170034,2,1,0,0,0,0,0,15,0,0,0,0
170035,1,1,0,0,0,0,0,0,0,0,0,0
170035,2,1,0,0,0,0,12,0,0,0,0,0
170036,1,1,0,0,0,0,0,0,0,0,0,0
170036,2,1,0,0,0,0,0,0,0,0,0,16
170036,3,1,0,0,0,0,0,0,0,0,0,3
170037,1,1,0,0,14,0,0,0,0,0,0,0
170038,1,1,0,0,0,0,0,0,0,0,0,0
170039,1,1,0,0,0,0,0,0,0,0,0,0
170039,2,1,0,0,0,20,0,0,0,0,0,0
170039,3,1,0,0,0,0,0,0,0,0,0,0
170040,1,1,0,0,25,0,22,0,0,0,27,0
170041,0,1,0,0,0,0,0,0,0,0,0,0
170041,1,1,0,0,0,0,0,0,0,0,0,0
170042,0,1,19,19,19,19,19,19,19,19,19,19
170042,1,1,10,5,10,17,10,29,14,17,8,20
170043,1,1,0,0,0,0,0,0,0,0,0,0
170043,2,1,0,0,0,0,0,0,0,0,0,0
170044,1,1,0,0,0,0,0,0,0,0,0,0
170044,2,1,0,4,0,0,0,0,0,0,0,6
170045,0,1,0,0,0,0,0,0,0,0,0,0
170045,1,1,0,0,0,0,0,0,0,0,0,0
170046,1,1,5,5,5,5,5,5,5,5,5,5
170046,2,1,0,0,0,0,0,0,0,0,0,0
170047,0,1,26,26,26,26,26,26,26,26,26,26
170047,1,1,10,0,9,0,0,13,0,0,12,0
170048,0,1,0,0,0,0,0,0,0,0,0,0
170048,1,1,0,0,0,0,0,0,0,0,0,0
170049,1,1,5,5,5,5,5,5,5,5,5,5
170049,2,1,0,0,0,0,0,0,0,0,0,0
170050,1,1,0,0,0,0,0,0,0,0,0,0
170051,1,1,26,26,26,26,26,26,26,26,26,26
170052,1,1,0,0,0,0,0,0,0,0,0,0
170052,2,1,0,0,0,0,0,0,0,0,0,0
170052,3,1,0,0,0,0,0,0,0,0,0,0
170053,1,1,0,0,0,0,0,0,0,0,0,0
170054,1,1,0,0,0,0,0,0,0,0,0,0
170055,1,1,0,0,0,9,0,0,0,0,0,0
170055,2,1,4,0,25,0,0,0,0,4,0,0
170056,1,1,0,0,0,0,0,0,0,0,0,0
170057,1,1,0,0,0,0,0,0,0,0,0,0
170058,1,1,46,0,0,0,0,0,15,0,0,26
170058,2,1,0,0,0,0,0,0,8,0,0,0
170058,3,1,0,0,0,0,0,0,0,0,0,0
170059,1,1,0,0,0,0,0,0,0,3,0,0
170059,2,1,0,0,0,0,0,0,0,0,0,0
170060,1,1,30,30,30,30,30,30,30,30,30,30
170061,0,1,0,0,0,0,0,0,0,0,0,0
170061,1,1,0,0,0,0,0,0,12,7,0,0
170062,1,1,0,0,0,0,0,0,0,0,0,0
170062,2,1,0,0,0,0,0,0,0,0,0,0
170063,0,1,23,23,23,23,23,23,23,23,23,23
170063,1,1,0,0,0,0,0,0,0,0,0,0
170064,1,1,0,0,0,0,0,0,0,0,0,0
170065,1,1,10,10,10,10,10,10,10,10,10,10
170066,1,1,0,0,0,0,0,0,0,0,0,0
170066,2,1,0,0,0,0,0,0,0,0,0,0
170067,1,1,0,0,0,0,0,0,0,0,0,0
170068,1,1,10,10,10,10,10,10,10,10,10,10
170070,0,1,22,22,22,22,22,22,22,22,22,22
170070,1,1,0,0,0,0,0,0,0,0,0,0
170071,1,1,36,36,36,36,36,36,36,36,36,36
170072,1,1,0,0,0,0,0,0,0,0,0,0
170072,2,1,0,0,0,0,0,0,0,0,0,0
170073,0,1,0,0,0,0,0,0,0,0,0,0
170073,1,1,0,25,0,16,0,0,0,0,0,16
170074,0,1,0,0,0,0,0,0,0,0,0,0
170074,1,1,0,0,0,0,0,0,9,0,0,0
170075,1,1,23,23,23,23,23,23,23,23,23,23
170076,1,1,0,0,0,0,0,0,0,0,0,0
170076,2,1,0,0,0,0,0,0,0,0,0,0
170077,1,1,19,19,19,19,19,19,19,19,19,19
170077,2,1,0,26,0,0,13,0,12,7,0,0
170078,1,1,0,0,0,0,0,0,0,0,0,0
170079,1,1,0,0,0,0,0,0,0,0,0,0
170079,2,1,0,0,21,13,0,21,0,0,0,0
170080,1,1,25,25,25,25,25,25,25,25,25,25
170081,1,1,0,0,13,0,0,0,0,0,15,9
170082,1,1,21,21,21,21,21,21,21,21,21,21
170083,1,1,13,13,13,13,13,13,13,13,13,13
170084,1,1,7,7,7,7,7,7,7,7,7,7
170085,1,1,0,0,0,0,0,0,0,0,0,0
170085,2,1,0,0,0,0,0,0,0,0,0,0
170086,1,1,14,14,14,14,14,14,14,14,14,14
170086,2,1,0,0,0,0,0,0,0,0,0,0
170087,1,1,0,0,0,0,0,0,0,0,0,0
170087,2,1,0,0,0,9,6,0,0,0,0,0
170087,3,1,0,0,0,0,0,0,0,0,0,0
170088,1,1,0,0,0,0,0,0,0,0,0,0
170088,2,1,0,0,0,0,0,0,0,0,0,0
170089,1,1,0,0,0,0,0,0,0,0,0,0
170089,2,1,0,0,0,0,0,0,0,0,0,0
170090,1,1,0,0,0,0,0,0,0,0,0,0
170090,2,1,0,0,0,0,0,0,0,0,0,0
170091,1,1,8,8,8,8,8,8,8,8,8,8
170092,1,1,0,0,0,0,0,0,0,0,0,0
170092,2,1,0,0,0,0,0,0,0,0,0,0
170093,1,1,12,12,12,12,12,12,12,12,12,12
170093,3,1,0,0,0,0,0,0,0,0,0,0
170094,1,1,0,0,0,0,0,0,0,0,0,0
170094,2,1,0,0,0,0,0,0,0,0,0,0
170095,1,1,32,32,32,32,32,32,32,32,32,32
170095,2,1,0,0,0,0,0,0,9,0,0,0
170096,0,1,0,0,0,0,0,0,0,0,0,0
170096,1,1,0,0,0,0,0,0,0,0,0,0
170097,0,1,0,0,0,0,0,0,0,0,0,0
170097,1,1,7,0,0,0,0,0,0,0,0,0
170098,1,1,0,0,0,0,0,27,0,0,0,20
170098,2,1,0,0,0,0,0,0,0,0,0,0
170099,1,1,13,0,0,0,0,26,0,0,0,0
170099,2,1,0,0,0,0,0,0,0,0,0,0
170099,3,1,0,0,0,0,0,0,0,0,0,0
170100,0,1,0,0,0,0,0,0,0,0,0,0
170100,1,1,0,0,0,0,0,0,0,0,0,0
170101,1,1,5,18,4,12,7,16,20,13,20,20
170101,2,1,0,16,0,0,0,0,0,0,0,0
170102,0,1,27,27,27,27,27,27,27,27,27,27
170102,1,1,0,13,17,9,9,7,0,0,13,7
170103,1,1,25,22,12,9,0,29,12,24,0,27
170103,2,1,0,0,0,0,0,0,0,0,0,0
170104,1,1,0,0,0,0,0,0,0,0,0,0
170105,1,1,0,0,0,0,0,0,0,0,0,0
170105,2,1,0,0,0,0,0,0,0,0,0,0
170106,0,1,0,0,0,0,0,0,0,0,0,0
170106,1,1,0,0,0,0,0,0,0,0,0,0
170106,2,1,0,0,0,0,0,0,0,0,0,0
170107,0,1,21,0,0,0,0,0,0,0,0,27
170107,1,1,0,12,0,19,0,4,16,0,0,0
170108,0,1,32,32,32,32,32,32,32,32,32,32
170108,1,1,0,0,0,0,0,0,0,0,0,0
170109,1,1,28,28,28,28,28,28,28,28,28,28
170109,2,1,0,0,0,0,0,0,0,0,0,0
170110,1,1,0,0,0,0,0,0,0,0,0,0
170110,2,1,0,0,0,0,0,0,0,0,0,0
170111,1,1,17,17,17,17,17,17,17,17,17,17
170112,0,1,30,30,30,30,30,30,30,30,30,30
170112,1,1,0,0,0,0,0,0,0,0,0,0
170113,1,1,0,0,0,4,0,23,0,0,0,0
170113,2,1,0,0,0,0,0,0,0,0,0,0
170114,0,1,0,0,0,0,0,0,0,0,0,0
170114,1,1,0,0,0,0,0,0,0,0,0,0
170115,1,1,0,0,0,0,0,0,0,0,0,0
170116,0,1,6,6,6,6,6,6,6,6,6,6
170116,1,1,23,9,0,5,0,0,0,0,0,0
170117,1,1,0,0,0,0,0,0,0,0,0,0
170117,2,1,0,0,0,0,0,0,0,0,0,0
170118,1,1,14,14,14,14,14,14,14,14,14,14
170119,1,1,0,0,0,0,0,0,0,0,0,0
170119,2,1,0,0,0,0,0,0,0,0,0,0
170119,3,1,0,0,16,0,9,0,9,0,0,0
170121,1,1,0,0,0,0,0,0,0,0,0,0
170121,2,1,0,22,0,0,0,0,0,0,0,15
170121,3,1,0,0,0,0,0,5,0,0,6,0
170121,4,1,0,0,0,39,0,0,0,10,0,0
170121,5,1,0,0,8,0,0,0,0,0,0,0
170122,1,1,1,1,1,1,1,1,1,1,1,1
170122,2,1,0,0,0,0,0,0,0,0,0,10
170123,1,1,0,0,0,0,0,0,0,0,0,0
170123,2,1,0,0,0,0,0,0,0,0,0,0
170124,1,1,12,12,12,12,12,12,12,12,12,12
170124,2,1,26,15,6,0,0,0,9,9,20,0
170125,1,1,16,16,16,16,16,16,16,16,16,16
170126,1,1,0,0,0,0,0,0,0,0,0,0
170127,1,1,0,0,0,0,0,0,0,0,0,0
170127,2,1,0,0,0,0,0,0,0,0,0,0
170128,1,1,22,22,22,22,22,22,22,22,22,22
170129,1,1,0,0,0,0,0,0,0,0,0,0
170130,1,1,6,6,6,6,6,6,6,6,6,6
170130,2,1,0,0,0,0,0,0,0,0,0,0
170131,1,1,0,0,0,0,0,0,0,0,0,0
170133,0,1,26,26,26,26,26,26,26,26,26,26
170133,1,1,3,13,0,0,0,0,0,0,0,0
170134,1,1,0,9,9,20,7,17,18,17,26,15
170134,2,1,10,0,0,0,8,0,0,0,0,0
170135,1,1,11,11,11,11,11,11,11,11,11,11
170136,1,1,26,26,26,26,26,26,26,26,26,26
170136,2,1,0,0,0,0,0,0,0,0,0,0
170137,1,1,14,13,15,45,21,0,18,30,21,42