ST_CASE,VEH_NO,PER_NO,P1,P2,P3,P4,P5,P6,P7,P8,P9,P10
170138,1,1,25,25,25,25,25,25,25,25,25,25
170139,1,1,11,11,11,11,11,11,11,11,11,11
170140,1,1,0,0,0,0,0,0,0,0,0,0
170140,2,1,17,17,17,17,17,17,17,17,17,17
170141,1,1,7,7,7,7,7,7,7,7,7,7
170142,1,1,22,22,22,22,22,22,22,22,22,22
170143,1,1,20,20,20,20,20,20,20,20,20,20
170145,0,1,25,25,25,25,25,25,25,25,25,25
170145,1,1,6,0,5,9,0,0,0,0,0,11
170146,1,1,0,0,0,20,27,13,0,0,0,0
170147,1,1,0,0,0,0,0,0,0,0,0,0
170147,2,1,0,0,0,0,0,0,0,0,0,0
170148,1,1,0,0,0,0,0,0,0,0,0,0
170148,2,1,0,0,0,0,0,0,0,0,0,0
170149,1,1,0,0,0,0,0,0,0,0,0,0
170149,2,1,0,0,0,0,0,0,0,0,0,0
170150,1,1,23,23,23,23,23,23,23,23,23,23
170151,0,1,0,0,0,0,0,0,0,0,0,0
170151,1,1,0,0,0,0,0,0,0,0,0,0
170152,1,1,0,0,0,0,0,0,0,0,0,0
170152,2,1,0,0,0,0,0,0,0,0,0,0
170154,1,1,0,0,0,0,0,0,0,0,0,0
170155,1,1,0,0,0,0,0,0,0,0,0,0
170155,2,1,0,0,0,0,0,0,0,0,0,0
170155,3,1,0,0,0,0,0,0,0,0,0,0
170155,4,1,0,19,0,0,0,0,0,0,0,0
170156,1,1,16,16,16,16,16,16,16,16,16,16
170157,1,1,16,9,15,20,25,18,13,15,9,22
170158,0,1,26,26,26,26,26,26,26,26,26,26
170158,1,1,11,11,11,11,11,11,11,11,11,11
170159,1,1,0,0,0,0,0,0,13,0,0,0
170159,2,1,0,0,0,0,0,0,0,0,0,0
170160,1,1,23,23,23,23,23,23,23,23,23,23
170160,2,1,0,0,0,0,0,0,0,0,0,0
170161,1,1,21,21,21,21,21,21,21,21,21,21
170162,1,1,0,0,0,0,0,0,0,0,0,0
170163,1,1,0,0,0,0,0,0,0,0,0,0
170163,2,1,0,0,0,0,0,0,0,0,0,0
170164,1,1,20,20,20,20,20,20,20,20,20,20
170165,1,1,0,0,0,0,0,0,0,0,0,0
170166,1,1,0,0,0,0,0,0,0,0,0,0
170166,2,1,0,0,0,0,0,0,0,0,0,0
170167,0,1,0,0,0,0,0,0,0,0,0,0
170167,1,1,0,0,0,0,8,0,0,0,0,0
170167,2,1,0,0,0,0,0,0,0,0,0,0
170168,1,1,2,2,2,2,2,2,2,2,2,2
170168,2,1,0,0,0,0,0,0,0,0,0,0
170168,3,1,0,0,20,14,14,19,25,0,7,0
170169,1,1,0,0,0,0,0,0,0,0,0,0
170169,2,1,0,0,0,0,0,0,0,0,0,0
170170,1,1,0,0,0,0,0,0,0,0,0,0
170171,1,1,0,0,0,0,0,0,0,0,0,0
170172,1,1,22,22,22,22,22,22,22,22,22,22
170173,1,1,0,0,0,0,0,0,0,0,0,0
170173,2,1,0,0,0,0,0,0,0,0,0,23
170173,3,1,0,0,0,0,0,0,0,0,0,0
170174,1,1,0,0,0,0,0,0,0,0,0,0
170174,2,1,0,0,0,0,0,0,0,0,0,0
170174,3,1,0,0,0,0,0,0,0,0,0,0
170175,1,1,0,0,0,0,0,0,0,0,0,0
170176,1,1,0,0,0,0,0,0,0,0,0,0
170176,2,1,6,6,6,6,6,6,6,6,6,6
170177,1,1,0,0,0,0,0,0,0,0,0,0
170177,2,1,0,0,0,15,0,0,0,0,0,0
170178,1,1,0,0,0,0,0,0,0,0,0,0
170178,2,1,0,0,0,0,0,0,0,0,0,0
170179,1,1,0,0,0,0,0,0,0,0,0,0
170180,1,1,0,0,0,0,0,0,0,0,0,0
170181,1,1,0,0,0,0,0,0,0,0,0,0
170182,1,1,10,4,11,17,19,4,32,5,15,16
170182,2,1,0,3,0,6,4,17,11,21,8,18
170183,1,1,27,27,27,27,27,27,27,27,27,27
170183,2,1,0,0,0,0,0,0,0,0,0,0
170184,1,1,0,0,0,0,0,0,0,0,0,0
170184,2,1,0,0,0,0,0,0,0,0,0,0
170185,1,1,13,0,0,0,0,3,17,0,29,0
170186,1,1,0,0,0,0,0,0,0,0,0,0
170186,2,1,0,0,0,0,0,0,0,0,0,0
170187,1,1,20,10,15,15,15,14,20,14,13,14
170188,1,1,0,0,0,0,0,0,0,0,0,0
170188,2,1,0,0,0,0,0,0,0,0,0,0
170188,3,1,0,0,0,0,0,0,0,0,0,0
170189,1,1,0,0,0,0,0,0,0,0,0,0
170190,1,1,0,0,0,0,0,0,0,0,0,0
170190,2,1,0,0,0,0,0,0,0,0,0,0
170191,1,1,29,29,29,29,29,29,29,29,29,29
170192,1,1,0,0,0,0,0,0,0,0,0,0
170192,2,1,0,0,24,0,0,0,0,0,0,0
170193,1,1,0,0,0,0,0,0,0,0,0,0
170194,1,1,26,26,26,26,26,26,26,26,26,26
170196,1,1,25,25,25,25,25,25,25,25,25,25
170197,0,1,11,11,11,11,11,11,11,11,11,11
170197,1,1,0,0,0,0,0,0,0,0,0,0
170198,0,1,0,0,0,0,0,0,0,0,0,0
170198,1,1,0,0,0,0,0,0,0,26,0,0
170199,1,1,0,0,0,0,0,0,0,0,0,0
170199,2,1,31,16,5,8,0,9,22,18,8,19
170200,1,1,13,13,13,13,13,13,13,13,13,13
170201,1,1,0,0,0,0,0,0,0,0,0,0
170201,2,1,0,0,0,0,0,0,0,0,0,0
170202,1,1,10,10,10,10,10,10,10,10,10,10
170203,1,1,26,26,26,26,26,26,26,26,26,26
170204,1,1,15,15,15,15,15,15,15,15,15,15
170205,1,1,0,0,0,0,0,0,0,0,0,0
170206,1,1,0,0,0,0,0,0,0,0,0,0
170206,2,1,0,0,0,0,0,0,0,0,0,0
170206,3,1,0,0,0,0,0,0,0,0,0,0
170207,1,1,1,1,1,1,1,1,1,1,1,1
170208,1,1,0,0,0,0,0,0,0,0,0,0
170209,1,1,12,12,12,12,12,12,12,12,12,12
170209,2,1,0,0,0,0,0,0,0,0,0,0
170210,1,1,0,0,0,0,0,0,0,0,3,0
170210,2,1,0,0,0,0,0,0,0,0,0,0
170211,0,1,9,9,9,9,9,9,9,9,9,9
170211,1,1,0,0,0,0,0,0,0,0,0,0
170212,1,1,19,19,19,19,19,19,19,19,19,19
170213,1,1,0,0,0,0,0,0,0,0,0,0
170213,2,1,0,0,0,0,0,0,0,0,0,0
170214,1,1,0,0,0,0,0,0,0,0,0,0
170215,1,1,15,15,15,15,15,15,15,15,15,15
170216,1,1,0,0,0,0,0,0,0,0,0,0
170216,2,1,0,0,0,0,0,0,0,0,0,0
170216,3,1,0,17,0,0,0,0,0,0,0,0
170217,1,1,0,0,0,0,0,0,0,0,0,0
170218,1,1,13,13,13,13,13,13,13,13,13,13
170218,2,1,0,0,0,0,0,0,0,0,0,0
170219,1,1,0,0,0,0,0,0,0,0,0,0
170219,2,1,0,0,0,0,0,0,0,0,0,0
170220,1,1,13,13,13,13,13,13,13,13,13,13
170221,1,1,0,0,0,0,0,0,0,0,0,0
170222,1,1,0,0,0,0,0,0,0,0,0,0
170223,1,1,19,19,19,19,19,19,19,19,19,19
170224,1,1,0,0,0,0,0,0,0,0,0,0
170225,1,1,24,24,24,24,24,24,24,24,24,24
170226,1,1,0,0,0,0,0,0,0,0,0,0
170227,1,1,0,0,0,0,0,0,0,0,0,0
170227,2,1,0,0,0,0,0,0,0,0,0,0
170227,3,1,0,0,0,0,0,0,0,0,0,0
170227,4,1,0,0,0,0,0,0,0,0,0,0
170228,1,1,0,0,0,0,0,14,0,0,0,0
170228,2,1,0,0,0,0,0,0,0,0,0,0
170229,1,1,15,15,15,15,15,15,15,15,15,15
170230,0,1,0,0,0,0,0,0,0,0,34,0
170230,1,1,0,0,0,0,0,0,0,0,0,0
170231,1,1,0,0,0,0,0,0,0,0,0,0
170232,1,1,3,3,3,3,3,3,3,3,3,3
170232,2,1,0,0,0,0,0,0,0,0,0,0
170233,1,1,8,8,8,8,8,8,8,8,8,8
170234,1,1,0,0,16,0,0,0,0,0,0,0
170234,2,1,0,0,0,0,0,0,5,0,0,0
170236,1,1,0,0,0,8,0,9,14,0,0,13
170236,2,1,0,0,0,0,18,0,0,0,22,0
170237,1,1,0,0,0,0,0,0,0,0,0,0
170238,1,1,0,0,0,0,0,0,0,0,0,0
170239,1,1,11,11,11,11,11,11,11,11,11,11
170239,2,1,0,0,0,0,0,0,0,0,0,0
170240,1,1,0,0,0,0,0,0,0,0,0,0
170242,1,1,24,24,24,24,24,24,24,24,24,24
170243,1,1,0,0,0,0,0,0,0,0,0,0
170244,1,1,17,17,17,17,17,17,17,17,17,17
170245,1,1,0,0,0,0,0,0,0,0,0,0
170245,2,1,0,0,0,0,0,0,0,0,0,0
170246,0,1,19,19,19,19,19,19,19,19,19,19
170246,1,1,0,0,0,0,0,0,0,0,0,0
170247,1,1,16,13,12,6,12,21,5,14,8,13
170247,2,1,0,0,0,0,0,0,0,0,0,0
170248,1,1,0,0,0,0,0,0,0,0,0,0
170248,2,1,0,0,0,0,0,0,0,0,0,0
170249,1,1,0,0,0,0,0,0,0,0,0,0
170250,1,1,5,5,5,5,5,5,5,5,5,5
170250,2,1,3,3,3,3,3,3,3,3,3,3
170251,1,1,0,0,0,0,0,0,0,0,0,0
170252,1,1,7,7,7,7,7,7,7,7,7,7
170252,2,1,0,0,0,0,0,0,0,0,0,0
170253,1,1,0,0,0,0,0,0,0,0,0,0
170253,2,1,0,0,0,0,0,0,0,0,0,0
170253,3,1,0,0,0,0,0,0,0,0,0,37
170254,1,1,0,0,0,0,0,0,0,0,0,0
170254,2,1,1,1,1,1,1,1,1,1,1,1
170255,1,1,18,18,18,18,18,18,18,18,18,18
170256,1,1,10,10,10,10,10,10,10,10,10,10
170257,1,1,0,0,0,0,0,0,0,0,0,0
170258,0,1,0,0,0,0,0,0,0,0,0,0
170258,1,1,8,8,8,8,8,8,8,8,8,8
170259,1,1,9,9,9,9,9,9,9,9,9,9
170260,1,1,0,0,0,0,0,0,0,0,0,0
170261,1,1,0,0,0,0,0,0,0,0,0,0
170261,2,1,0,0,0,0,0,0,0,0,0,0
170262,1,1,0,0,0,0,0,0,0,0,0,0
170262,2,1,0,0,0,0,0,0,0,0,0,0
170263,1,1,35,35,35,35,35,35,35,35,35,35
170264,1,1,16,9,21,15,8,7,13,13,20,19
170265,1,1,16,16,16,16,16,16,16,16,16,16
170265,2,1,0,0,0,0,0,0,0,0,0,0
170265,3,1,0,11,0,0,0,0,0,0,0,0
170266,1,1,0,0,0,0,0,0,0,0,0,0
170266,2,1,0,0,0,0,0,0,0,0,0,0
170267,1,1,5,0,0,0,0,0,0,0,0,0
170267,2,1,0,0,0,0,0,0,0,0,0,0
170268,1,1,0,0,0,0,0,0,0,0,0,0
170269,1,1,0,0,0,0,0,0,0,0,0,0
170269,2,1,0,0,0,0,0,0,0,0,0,0
170270,0,1,26,26,26,26,26,26,26,26,26,26
170270,1,1,0,0,0,0,0,0,0,0,0,0
170271,0,1,31,31,31,31,31,31,31,31,31,31
170271,1,1,0,0,0,0,0,0,0,0,0,0
170272,0,1,0,0,0,0,0,0,0,0,0,0
170272,1,1,0,0,0,0,0,0,0,0,0,0
170273,1,1,0,0,0,0,0,0,0,0,0,0
170273,2,1,0,0,0,0,0,0,0,0,0,0
170273,3,1,0,0,0,0,0,0,0,0,0,0
170275,1,1,0,0,0,0,0,0,0,0,0,0
170275,2,1,0,0,0,0,0,0,0,0,0,0
170276,1,1,15,15,15,15,15,15,15,15,15,15
170276,2,1,0,0,0,0,0,0,0,0,0,0
170277,1,1,9,9,9,9,9,9,9,9,9,9
170278,1,1,7,0,0,0,0,0,0,0,0,0
170278,2,1,4,4,4,4,4,4,4,4,4,4
170279,1,1,0,0,0,0,0,0,0,0,0,0
170280,1,1,0,0,0,0,0,0,0,0,0,0
170280,2,1,0,21,0,0,0,0,0,0,0,0
170281,1,1,0,0,0,0,0,0,0,0,0,0
170281,2,1,0,0,0,0,0,0,0,0,0,0
170283,1,1,26,26,26,26,26,26,26,26,26,26
170284,1,1,0,0,0,0,0,0,0,0,0,0
170284,2,1,0,0,0,0,0,0,0,0,0,21
170285,1,1,0,0,0,0,0,0,0,0,0,0
170285,2,1,0,0,0,0,0,0,0,0,0,0
170285,3,1,0,0,0,0,0,0,0,0,2,0
170285,4,1,0,0,0,0,0,0,10,0,0,0
170285,5,1,0,0,0,0,0,0,0,0,0,0
170286,1,1,22,22,22,22,22,22,22,22,22,22
170287,0,1,0,0,0,0,0,0,0,0,0,0
170287,1,1,4,4,4,4,4,4,4,4,4,4
170288,1,1,0,0,0,0,0,0,0,0,0,0
170288,2,1,0,0,0,0,0,0,0,0,0,0
170289,1,1,8,8,8,8,8,8,8,8,8,8
170290,1,1,23,23,23,23,23,23,23,23,23,23
170291,1,1,0,0,0,0,0,0,0,0,0,0
170292,1,1,11,11,11,11,11,11,11,11,11,11
170293,1,1,0,0,0,0,0,0,0,0,0,0
170293,2,1,0,0,0,0,0,0,0,0,0,0
170294,1,1,0,0,0,7,0,0,0,0,0,0
170294,2,1,0,0,0,0,0,0,0,0,0,0
170295,1,1,0,0,0,0,0,0,0,0,0,0
170296,0,1,26,26,26,26,26,26,26,26,26,26
170296,1,1,0,6,0,18,0,6,9,0,0,0
170297,1,1,10,10,10,10,10,10,10,10,10,10
170298,0,1,16,16,16,16,16,16,16,16,16,16
170298,1,1,0,0,0,0,0,0,0,0,0,0
170299,1,1,29,29,29,29,29,29,29,29,29,29
170300,1,1,0,0,0,0,0,0,0,0,0,0
170300,2,1,0,0,0,0,0,0,0,0,0,0
170302,1,1,0,0,0,0,0,0,0,0,0,0
170302,2,1,1,1,1,1,1,1,1,1,1,1
170302,3,1,0,0,0,0,0,0,0,0,0,0
170303,1,1,0,0,0,0,0,0,0,0,0,0
170303,2,1,0,0,0,0,0,0,0,0,0,0
170304,1,1,0,0,0,0,0,0,0,0,0,0
170304,2,1,0,0,0,0,0,0,0,0,0,0
170306,1,1,0,0,0,0,0,0,0,0,0,0
170307,1,1,0,0,0,16,0,0,0,0,0,0
170307,2,1,0,0,0,0,0,0,0,0,0,0
170308,1,1,0,0,0,0,0,0,0,0,0,0
170309,1,1,0,0,0,0,0,0,0,0,0,0
170309,2,1,0,0,0,0,0,0,0,0,0,0
170310,1,1,0,0,0,0,0,0,0,0,0,0
170310,2,1,0,0,0,0,0,0,0,0,0,0
170310,3,1,0,0,0,0,0,0,0,0,0,0
170311,1,1,0,0,0,0,0,0,0,0,0,0
170311,2,1,0,0,0,0,0,0,0,0,0,0
170311,3,1,0,0,0,0,0,0,0,0,0,0
170311,4,1,0,0,0,0,0,0,0,0,0,0
170311,5,1,0,0,0,0,0,0,0,0,0,0
170312,1,1,33,33,33,33,33,33,33,33,33,33
170313,1,1,0,0,0,0,0,0,0,0,0,0
170313,2,1,0,0,0,0,0,27,0,8,0,0
170314,1,1,0,0,0,0,0,0,0,0,0,0
170315,1,1,0,0,0,0,0,0,0,0,0,0
170316,0,1,7,7,7,7,7,7,7,7,7,7
170316,1,1,0,0,23,0,0,0,0,0,0,0
170317,0,1,10,10,10,10,10,10,10,10,10,10
170317,1,1,17,0,0,4,0,0,0,0,0,0
170318,1,1,11,11,11,11,11,11,11,11,11,11
170319,1,1,0,0,0,0,0,0,0,0,0,0
170319,2,1,0,0,0,0,0,0,0,0,0,0
170320,1,1,11,11,11,11,11,11,11,11,11,11
170320,2,1,0,0,11,12,0,4,0,0,0,0
170321,1,1,0,0,0,0,0,0,0,0,0,0
170321,2,1,0,0,0,0,0,0,0,0,0,0
170321,3,1,0,0,0,0,0,0,0,0,0,0
170322,1,1,20,20,20,20,20,20,20,20,20,20
170323,1,1,14,14,14,14,14,14,14,14,14,14
170323,2,1,0,0,0,0,0,0,0,0,0,0
170323,3,1,0,0,0,0,0,0,0,3,0,0
170324,1,1,22,22,22,22,22,22,22,22,22,22
170325,1,1,0,0,0,0,0,0,0,0,0,25
170325,2,1,0,0,0,0,0,0,0,0,0,0
170326,1,1,0,0,0,0,0,0,0,0,0,0
170327,1,1,0,0,0,0,0,0,19,0,0,0
170327,2,1,0,0,0,0,0,0,0,0,0,0
170328,1,1,32,0,0,0,0,0,11,24,0,0
170329,0,1,0,0,0,0,0,0,0,0,0,0
170329,1,1,18,0,0,14,28,8,10,0,0,0
170330,1,1,0,0,0,0,0,0,0,0,0,0
170330,2,1,0,0,0,0,0,0,0,0,0,0
170332,0,1,0,0,0,0,0,0,0,0,0,0
170332,1,1,0,0,0,0,0,0,0,0,0,0
170333,1,1,7,7,7,7,7,7,7,7,7,7
170334,1,1,0,0,0,0,0,0,0,0,0,0
170334,2,1,0,0,0,0,0,0,0,0,0,0
170335,0,1,0,0,0,0,0,0,0,0,0,0
170335,1,1,12,0,0,0,0,9,0,0,11,0
170336,1,1,5,5,5,5,5,5,5,5,5,5
170337,1,1,0,0,0,0,0,0,0,0,0,0
170338,1,1,12,12,12,12,12,12,12,12,12,12
170339,1,1,0,0,0,0,0,0,0,22,16,0
170339,2,1,0,0,0,0,3,0,0,0,0,0
170340,1,1,0,0,0,0,0,0,0,0,0,0
170341,1,1,0,0,0,0,0,0,0,0,0,0
170342,1,1,0,0,0,0,0,0,0,0,0,0
170343,0,1,23,23,23,23,23,23,23,23,23,23
170343,1,1,0,0,0,0,0,0,0,0,0,0
170344,1,1,28,28,28,28,28,28,28,28,28,28
170345,1,1,38,38,38,38,38,38,38,38,38,38
170346,1,1,0,0,0,0,0,0,0,0,0,0
170346,2,1,0,0,0,0,0,0,0,0,0,0
170347,1,1,0,23,0,0,0,0,20,4,0,10
170347,2,1,0,0,0,0,0,0,0,0,0,0
170348,1,1,6,11,0,17,10,0,19,15,14,21
170348,2,1,0,0,0,0,0,0,0,0,0,0
170349,1,1,0,0,0,0,0,0,0,0,0,0
170349,2,1,0,0,0,0,0,0,0,0,0,0
170350,0,1,0,0,0,0,0,0,0,0,0,0
170350,1,1,0,0,0,0,0,0,0,0,0,0
170351,1,1,0,0,0,0,0,0,0,0,0,0
170352,1,1,0,0,0,0,0,0,0,0,0,0
170353,1,1,0,0,0,0,0,0,0,0,0,0
170354,1,1,0,0,0,0,0,0,0,0,0,0
170354,2,1,0,0,0,0,0,0,0,0,0,0
170355,0,1,0,0,0,0,0,0,0,0,0,0
170355,1,1,0,0,0,0,0,0,0,0,0,0
170356,0,1,0,0,0,0,0,0,0,0,0,0
170356,1,1,10,31,17,0,0,11,0,0,13,0
170357,1,1,0,0,0,0,0,0,0,0,0,0
170358,1,1,0,0,0,0,0,0,0,0,0,0
170358,2,1,8,0,11,0,0,14,0,0,16,0
170358,3,1,0,23,26,0,0,24,0,0,0,0
170359,1,1,0,0,0,0,0,0,0,0,0,0
170359,2,1,0,0,0,0,0,0,0,0,0,0
170360,1,1,12,12,12,12,12,12,12,12,12,12
170361,1,1,23,23,23,23,23,23,23,23,23,23
170362,1,1,0,0,0,0,0,0,0,0,0,0
170363,1,1,0,0,0,0,0,0,0,0,0,0
170363,2,1,0,0,0,0,0,0,0,0,0,0
170363,3,1,0,0,10,0,8,0,0,0,0,0
170363,4,1,0,0,0,0,0,0,0,0,0,17
170364,1,1,0,0,0,0,0,0,0,0,0,0
170364,2,1,0,0,0,0,0,0,0,0,0,0
170365,1,1,0,0,0,0,0,0,0,0,0,0
170366,1,1,22,22,22,22,22,22,22,22,22,22
170367,1,1,0,0,0,0,0,0,0,0,0,0
170367,2,1,0,0,0,8,13,0,8,0,12,0
170368,1,1,0,0,0,0,0,0,0,0,0,0
170368,2,1,0,0,0,0,0,0,0,0,0,0
170369,1,1,9,0,0,0,0,0,0,0,0,0
170369,2,1,0,0,0,0,0,0,0,0,0,0
170370,1,1,0,0,0,0,0,0,0,0,0,0
170371,1,1,21,21,21,21,21,21,21,21,21,21
170372,1,1,1,1,1,1,1,1,1,1,1,1
170372,2,1,0,0,0,0,0,0,0,0,0,0
170373,1,1,0,0,0,0,0,0,0,0,0,0
170373,2,1,0,0,0,0,0,0,0,0,0,0
170373,3,1,0,8,0,0,0,0,0,0,0,0
170373,4,1,0,0,0,0,0,0,0,0,0,0
170373,5,1,0,0,0,0,0,0,0,0,0,0
170374,1,1,15,0,0,0,0,0,0,0,0,0
170374,2,1,0,0,0,0,0,0,0,0,0,0
170375,1,1,0,18,42,16,0,17,0,0,28,8
170376,1,1,0,0,0,0,14,0,0,0,0,0
170376,2,1,0,0,0,0,0,0,0,0,0,0
170377,1,1,18,18,18,18,18,18,18,18,18,18
170378,0,1,0,0,23,0,0,0,0,0,0,0
170378,1,1,0,0,0,0,0,0,0,0,0,0
170379,0,1,0,0,0,0,0,0,0,0,0,0
170379,1,1,0,0,0,0,3,0,0,0,0,0
170380,1,1,0,0,0,0,0,0,0,0,0,0
170381,1,1,0,0,0,0,0,0,0,0,0,0
170382,1,1,0,0,0,0,0,0,0,0,0,0
170383,1,1,0,0,0,0,0,0,0,0,0,0
170383,2,1,11,0,0,0,0,0,21,0,0,0
170384,1,1,0,0,0,0,0,0,0,0,0,0
170385,0,1,0,0,0,0,0,0,0,0,0,0
170385,1,1,18,19,0,0,14,0,0,7,0,0
170386,0,1,0,0,0,0,0,0,0,0,0,0
170386,1,1,0,0,0,0,0,0,0,0,0,0
170387,1,1,0,0,0,0,0,0,0,0,25,0
170387,2,1,0,0,0,0,0,0,0,0,12,0
170388,1,1,23,23,23,23,23,23,23,23,23,23
170388,2,1,0,0,0,0,0,18,19,0,0,5
170389,0,1,0,14,0,18,11,17,0,0,18,0
170389,1,1,0,0,0,0,0,0,0,0,0,0
170390,1,1,0,0,0,0,0,0,0,0,0,0
170391,0,1,16,16,16,16,16,16,16,16,16,16
170391,1,1,21,0,0,23,0,0,20,0,16,0
170392,0,1,0,0,0,0,0,0,0,0,0,0
170392,1,1,16,16,16,16,16,16,16,16,16,16
170392,2,1,0,0,19,0,0,0,9,0,0,0
170393,1,1,16,16,16,16,16,16,16,16,16,16
170394,1,1,20,20,20,20,20,20,20,20,20,20
170395,0,1,15,15,15,15,15,15,15,15,15,15
170395,1,1,0,24,26,10,3,0,20,6,19,8
170396,0,1,0,0,11,25,19,11,0,32,24,11
170396,1,1,0,0,0,0,0,0,0,0,0,0
170397,1,1,13,13,13,13,13,13,13,13,13,13
170398,1,1,19,19,19,19,19,19,19,19,19,19
170399,0,1,0,0,0,0,0,0,0,0,0,0
170399,1,1,0,0,0,0,0,12,18,6,0,9
170400,1,1,0,0,0,0,0,0,0,0,0,0
170401,0,1,0,0,0,0,0,0,0,0,0,0
170401,1,1,0,0,0,0,0,0,0,0,0,0
170402,1,1,26,26,26,26,26,26,26,26,26,26
170402,2,1,0,0,0,0,0,0,0,0,0,0
170403,1,1,0,0,0,0,0,0,0,0,0,0
170404,1,1,0,0,0,0,0,0,0,0,0,19
170405,1,1,0,0,0,0,0,0,0,0,0,0
170406,1,1,0,0,0,0,0,0,0,0,0,0
170406,2,1,0,0,0,0,0,0,0,0,0,0
170407,0,1,0,0,0,0,0,0,0,0,0,0
170407,1,1,0,0,0,0,0,0,0,0,0,0
170408,0,1,0,0,0,0,0,0,0,0,0,0
170408,1,1,0,0,0,0,0,0,0,0,0,0
170409,1,1,0,0,0,0,0,0,0,0,0,0
170409,2,1,0,0,0,0,12,0,0,23,12,0
170410,1,1,0,0,0,0,0,0,0,0,0,0
170411,1,1,0,0,0,0,0,0,0,0,0,0
170411,2,1,0,0,0,0,0,0,0,0,0,0
170412,1,1,0,0,0,0,0,0,0,0,0,0
170412,2,1,0,0,0,0,0,0,0,0,0,0
170413,1,1,12,12,12,12,12,12,12,12,12,12
170413,2,1,0,0,0,0,0,0,0,0,0,0
170414,1,1,19,19,19,19,19,19,19,19,19,19
170415,1,1,0,0,0,0,0,0,0,0,0,0
170415,2,1,0,0,0,0,0,0,0,0,0,0
170415,3,1,0,0,0,0,0,0,0,0,0,0
170416,1,1,6,6,6,6,6,6,6,6,6,6
170416,2,1,0,0,0,0,0,0,12,0,0,0
170417,0,1,15,15,15,15,15,15,15,15,15,15
170417,1,1,0,0,0,0,0,0,0,0,0,0
170418,1,1,0,0,0,0,0,15,0,0,0,0
170418,2,1,0,0,0,0,0,0,0,0,0,0
170419,1,1,0,0,0,0,0,0,0,0,0,0
170419,2,1,0,0,0,0,0,0,0,0,0,0
170420,0,1,0,0,0,0,0,0,0,0,0,0
170420,1,1,19,19,19,19,19,19,19,19,19,19
170421,0,1,0,0,31,25,0,0,0,0,0,0
170421,1,1,0,0,0,0,0,0,0,0,0,0
170422,1,1,14,14,14,14,14,14,14,14,14,14
170423,0,1,16,16,16,16,16,16,16,16,16,16
170423,1,1,0,0,0,0,0,0,0,0,0,0
170424,0,1,36,36,36,36,36,36,36,36,36,36
170424,1,1,0,0,0,0,0,0,0,0,0,0
170425,1,1,0,0,0,0,0,0,0,0,0,0
170425,2,1,0,0,0,0,0,0,0,0,0,0
170426,1,1,22,22,22,22,22,22,22,22,22,22
170427,1,1,0,0,0,0,0,0,0,0,0,0
170429,1,1,0,0,0,0,0,0,0,0,0,0
170429,2,1,0,0,0,0,0,0,0,0,0,0
170430,1,1,22,22,22,22,22,22,22,22,22,22
170430,2,1,0,0,0,0,12,0,0,0,0,0
170431,1,1,15,15,15,15,15,15,15,15,15,15
170432,1,1,11,11,11,11,11,11,11,11,11,11
170433,1,1,0,0,0,0,0,0,0,0,0,0
170433,2,1,0,0,0,0,0,0,0,0,0,0
170434,1,1,0,0,0,0,0,0,0,0,0,0
170434,2,1,0,0,0,0,0,0,0,0,0,0
170435,1,1,18,18,18,18,18,18,18,18,18,18
170435,2,1,0,0,8,0,0,0,0,0,0,0
170435,3,1,0,0,0,0,0,0,0,0,0,9
170435,4,1,0,0,0,0,0,0,0,0,0,0
170436,1,1,5,5,5,5,5,5,5,5,5,5
170437,1,1,0,0,0,0,0,0,0,3,0,0
170438,1,1,0,0,0,0,0,0,0,0,0,0
170438,2,1,0,0,0,0,0,0,0,0,0,0
170438,3,1,0,0,0,0,0,0,0,0,0,0
170439,0,1,0,0,0,0,0,0,0,0,19,0
170439,0,2,0,0,0,20,0,0,0,18,0,0
170439,1,1,0,0,0,0,0,0,0,11,0,20
170439,5,1,0,6,0,0,0,0,0,0,0,0
170440,1,1,16,16,16,16,16,16,16,16,16,16
170441,1,1,0,0,0,0,0,0,0,0,0,0
170442,1,1,23,23,23,23,23,23,23,23,23,23
170443,1,1,0,0,0,0,0,0,0,0,0,0
170443,2,1,26,0,0,0,0,0,0,9,0,0
170443,3,1,16,15,0,0,0,0,0,0,0,0
170444,1,1,10,10,10,10,10,10,10,10,10,10
170444,2,1,0,0,0,0,0,0,0,0,0,0
170445,0,1,23,23,23,23,23,23,23,23,23,23
170445,1,1,0,0,0,0,0,0,0,0,0,0
170446,1,1,0,0,0,0,0,0,0,0,0,0
170446,2,1,0,0,0,0,0,0,0,0,0,0
170448,1,1,14,0,0,0,13,0,15,15,0,19
170449,1,1,0,22,0,0,0,0,0,0,0,0
170451,1,1,8,8,8,8,8,8,8,8,8,8
170451,2,1,13,13,13,13,13,13,13,13,13,13
170452,1,1,23,23,23,23,23,23,23,23,23,23
170452,2,1,0,0,0,0,0,0,0,0,0,0
170453,0,1,25,25,25,25,25,25,25,25,25,25
170453,1,1,0,17,16,11,0,0,7,0,0,0
170454,1,1,0,0,0,0,0,0,0,0,0,0
170455,1,1,8,8,8,8,8,8,8,8,8,8