ST_CASE,VEH_NO,PER_NO,P1,P2,P3,P4,P5,P6,P7,P8,P9,P10
170456,1,1,0,0,0,0,0,0,0,5,0,0
170456,2,1,0,0,0,0,0,0,0,0,0,0
170457,1,1,6,6,6,6,6,6,6,6,6,6
170457,2,1,0,0,0,0,0,0,0,0,0,0
170457,3,1,0,0,0,0,0,0,0,0,0,0
170458,1,1,19,19,19,19,19,19,19,19,19,19
170458,2,1,1,1,1,1,1,1,1,1,1,1
170459,1,1,2,2,2,2,2,2,2,2,2,2
170459,2,1,25,0,10,0,0,0,0,0,0,0
170460,0,1,0,0,0,0,0,0,0,0,0,0
170460,1,1,0,0,0,11,0,0,0,39,12,0
170461,1,1,8,8,8,8,8,8,8,8,8,8
170462,1,1,15,15,15,15,15,15,15,15,15,15
170462,2,1,0,0,0,0,0,0,0,0,0,0
170463,1,1,0,0,0,0,0,0,0,0,0,0
170464,1,1,0,0,0,0,0,0,0,0,0,0
170465,1,1,2,2,2,2,2,2,2,2,2,2
170465,2,1,2,2,2,2,2,2,2,2,2,2
170466,1,1,0,0,0,0,0,0,0,0,0,0
170466,2,1,0,0,0,0,0,0,0,0,0,0
170467,1,1,0,0,0,0,0,0,0,0,0,0
170467,2,1,13,13,13,13,13,13,13,13,13,13
170468,1,1,28,28,28,28,28,28,28,28,28,28
170469,0,1,0,0,0,0,0,0,0,0,0,0
170469,1,1,0,0,0,0,0,0,0,0,0,0
170470,0,1,10,10,10,10,10,10,10,10,10,10
170470,1,1,0,0,0,0,0,0,0,0,0,0
170471,1,1,13,13,13,13,13,13,13,13,13,13
170472,1,1,0,23,9,0,0,0,0,0,0,0
170473,0,1,34,34,34,34,34,34,34,34,34,34
170473,1,1,0,0,20,0,0,0,0,0,0,0
170474,1,1,0,0,0,0,0,0,0,0,0,0
170474,2,1,0,0,0,0,0,0,0,0,0,0
170474,3,1,0,0,0,0,0,0,0,0,0,0
170475,1,1,16,16,16,16,16,16,16,16,16,16
170475,2,1,0,0,0,0,0,11,8,0,0,0
170476,1,1,0,0,0,0,0,0,0,0,0,0
170477,1,1,0,0,0,0,0,0,0,0,0,0
170478,1,1,11,11,11,11,11,11,11,11,11,11
170479,1,1,0,0,0,0,0,0,0,0,0,0
170480,1,1,0,0,0,0,0,0,0,0,0,0
170480,2,1,0,0,0,0,0,0,0,6,0,20
170481,1,1,0,0,0,0,0,11,0,0,0,0
170481,2,1,0,0,0,0,0,0,0,0,0,0
170482,1,1,0,0,0,0,0,0,0,0,0,0
170483,1,1,0,22,0,6,0,14,10,0,0,27
170483,2,1,0,0,0,0,0,0,0,0,0,0
170484,1,1,22,22,22,22,22,22,22,22,22,22
170485,0,1,24,24,24,24,24,24,24,24,24,24
170485,1,1,1,1,1,1,1,1,1,1,1,1
170486,1,1,12,19,0,19,29,5,14,18,13,23
170487,1,1,0,0,0,0,0,0,0,0,0,0
170487,2,1,0,0,0,0,0,0,0,0,0,0
170488,1,1,18,18,18,18,18,18,18,18,18,18
170489,1,1,0,0,0,0,0,0,0,0,3,0
170490,1,1,0,23,12,0,0,9,0,0,0,3
170491,1,1,0,0,0,0,0,0,0,0,0,0
170491,2,1,0,0,0,0,0,0,0,0,0,0
170492,0,1,0,19,8,0,0,14,0,0,27,19
170492,1,1,11,27,9,0,14,6,0,0,0,15
170493,1,1,0,0,0,0,0,0,0,0,0,0
170494,1,1,0,0,0,0,0,0,0,0,0,0
170495,0,1,22,22,22,22,22,22,22,22,22,22
170495,1,1,16,16,16,16,16,16,16,16,16,16
170496,0,1,0,0,0,0,0,0,0,0,0,0
170496,1,1,0,0,0,0,0,0,0,0,0,0
170497,1,1,0,0,0,0,0,0,0,0,0,0
170498,1,1,0,0,0,0,0,0,0,0,0,0
170498,2,1,0,0,0,0,0,0,17,0,0,0
170499,1,1,13,13,13,13,13,13,13,13,13,13
170500,1,1,0,0,0,0,0,0,0,0,0,0
170500,2,1,0,0,0,0,0,0,0,0,0,0
170501,0,1,3,3,3,3,3,3,3,3,3,3
170501,1,1,29,0,6,6,12,0,19,0,0,0
170502,1,1,16,16,16,16,16,16,16,16,16,16
170502,2,1,0,0,0,0,0,0,0,0,0,0
170503,1,1,0,0,0,0,0,0,0,0,0,0
170503,2,1,0,0,23,0,0,0,0,0,13,0
170504,1,1,0,0,0,0,0,0,0,0,0,0
170504,2,1,0,0,0,0,0,0,27,14,0,11
170504,3,1,0,0,0,0,0,0,0,0,0,0
170505,1,1,0,0,0,0,0,0,0,0,0,0
170505,2,1,6,6,6,6,6,6,6,6,6,6
170506,1,1,14,14,14,14,14,14,14,14,14,14
170506,2,1,0,0,0,0,0,0,0,0,0,0
170506,3,1,0,0,0,0,0,0,0,0,0,0
170507,0,1,0,0,0,0,0,0,0,0,0,0
170507,1,1,0,0,0,0,0,0,0,0,0,0
170508,0,1,0,0,0,0,0,0,0,0,0,0
170508,1,1,0,0,0,0,0,0,0,0,0,0
170509,1,1,0,0,0,0,0,0,0,0,0,0
170509,2,1,0,0,0,0,0,0,0,0,0,34
170510,0,1,0,0,0,0,0,0,0,0,0,0
170510,1,1,0,0,0,0,0,0,0,0,0,0
170511,1,1,0,0,0,0,0,0,0,0,0,0
170511,2,1,0,0,0,0,0,0,0,0,0,0
170512,1,1,0,0,0,0,0,0,0,0,0,0
170512,2,1,0,0,0,0,0,0,0,0,0,0
170513,1,1,0,0,0,20,0,0,0,0,0,0
170514,1,1,1,1,1,1,1,1,1,1,1,1
170514,2,1,0,0,0,0,0,0,10,0,0,0
170515,1,6,0,15,18,19,0,0,28,2,0,0
170516,1,1,0,0,0,0,0,0,0,10,0,17
170517,1,1,9,9,9,9,9,9,9,9,9,9
170518,1,1,6,7,19,29,19,13,0,28,25,23
170519,1,1,18,18,18,18,18,18,18,18,18,18
170520,0,1,0,0,0,0,0,0,0,0,0,0
170520,1,1,0,0,0,0,0,0,0,0,0,0
170521,1,1,23,23,23,23,23,23,23,23,23,23
170522,0,1,2,2,2,2,2,2,2,2,2,2
170522,1,1,0,0,0,0,0,0,0,0,21,0
170523,1,1,0,0,0,0,0,0,0,0,0,0
170523,2,1,0,0,0,0,0,0,0,0,0,0
170524,1,1,0,0,0,0,0,0,0,0,0,0
170524,2,1,11,11,11,11,11,11,11,11,11,11
170525,1,1,13,13,13,13,13,13,13,13,13,13
170527,1,1,0,0,0,6,0,0,0,0,16,14
170528,1,1,0,0,0,0,0,0,0,0,0,0
170528,2,1,0,0,0,0,0,0,0,0,0,0
170529,1,1,36,36,36,36,36,36,36,36,36,36
170529,2,1,0,0,0,0,0,0,0,0,0,0
170530,1,1,7,7,7,7,7,7,7,7,7,7
170531,1,1,8,8,8,8,8,8,8,8,8,8
170531,2,1,0,0,0,0,0,0,0,0,0,0
170533,1,1,22,22,22,22,22,22,22,22,22,22
170534,1,1,9,9,9,9,9,9,9,9,9,9
170535,1,1,21,21,21,21,21,21,21,21,21,21
170536,1,1,0,0,0,0,0,0,0,0,0,0
170537,1,1,12,12,12,12,12,12,12,12,12,12
170538,1,1,0,0,0,0,0,0,0,0,0,0
170539,1,1,34,34,34,34,34,34,34,34,34,34
170539,2,1,8,18,0,0,0,3,18,14,0,14
170540,1,1,19,19,19,19,19,19,19,19,19,19
170540,2,1,0,0,0,0,0,0,0,0,0,0
170541,1,1,17,17,17,17,17,17,17,17,17,17
170542,1,1,20,20,20,20,20,20,20,20,20,20
170542,2,1,11,11,11,11,11,11,11,11,11,11
170543,1,1,27,27,27,27,27,27,27,27,27,27
170544,0,1,17,17,17,17,17,17,17,17,17,17
170544,1,1,0,0,0,19,24,33,0,0,6,0
170545,1,1,37,37,37,37,37,37,37,37,37,37
170546,1,1,16,16,16,16,16,16,16,16,16,16
170547,1,1,15,15,15,15,15,15,15,15,15,15
170548,0,1,21,21,21,21,21,21,21,21,21,21
170548,1,1,0,0,9,0,14,0,0,0,7,0
170549,1,1,3,3,3,3,3,3,3,3,3,3
170550,0,1,0,0,0,0,0,0,0,0,0,0
170550,1,1,1,1,1,1,1,1,1,1,1,1
170551,1,1,0,0,0,0,0,0,0,0,0,0
170551,2,1,0,0,0,0,0,15,0,0,0,11
170552,1,1,30,22,0,30,0,9,4,22,21,0
170553,1,1,0,0,0,0,0,0,0,0,0,0
170553,2,1,0,0,0,0,0,0,0,0,0,0
170554,1,1,0,0,0,0,0,0,0,0,0,0
170554,2,1,0,0,0,0,0,0,0,0,2,0
170554,3,1,0,0,0,0,0,0,0,0,0,0
170555,1,1,11,11,11,11,11,11,11,11,11,11
170556,0,1,0,0,0,0,0,0,0,0,0,0
170556,1,1,0,0,0,0,0,0,0,0,0,0
170557,1,1,20,20,20,20,20,20,20,20,20,20
170558,0,1,0,0,19,0,28,0,12,0,0,0
170558,1,1,0,0,0,0,0,0,0,0,0,0
170559,1,1,0,0,0,0,0,0,0,0,0,0
170559,2,1,0,0,0,0,0,0,0,0,0,0
170560,1,1,29,29,29,29,29,29,29,29,29,29
170561,1,1,0,0,0,0,0,0,0,0,0,0
170561,2,1,0,0,0,0,0,0,0,0,0,0
170562,0,1,7,7,7,7,7,7,7,7,7,7
170562,1,1,0,0,0,0,0,0,0,0,0,0
170563,1,1,0,0,0,0,0,0,0,0,0,0
170563,2,1,0,0,0,0,0,0,0,0,0,0
170564,1,1,16,16,16,16,16,16,16,16,16,16
170565,1,1,0,0,0,0,0,0,0,0,0,0
170565,2,1,0,0,0,0,0,0,0,0,0,0
170566,1,1,6,0,0,0,0,0,0,0,0,0
170566,2,1,0,0,0,0,0,0,0,0,0,0
170567,1,1,25,25,25,25,25,25,25,25,25,25
170568,1,1,0,0,0,0,0,0,0,0,0,0
170568,2,1,0,0,0,0,0,0,0,0,0,0
170569,1,1,13,13,13,13,13,13,13,13,13,13
170570,1,1,0,0,0,0,0,0,0,0,0,0
170571,1,1,0,0,0,0,0,0,0,0,0,0
170572,1,1,0,0,13,0,0,0,0,0,0,11
170573,1,1,7,0,5,0,9,10,0,9,0,0
170574,1,1,0,23,0,0,20,25,0,13,3,8
170575,1,1,0,0,0,0,0,0,0,0,0,0
170576,1,1,0,0,0,0,0,0,0,0,0,0
170577,1,1,0,0,0,0,0,0,24,0,0,0
170578,1,1,21,21,21,21,21,21,21,21,21,21
170579,1,1,28,28,28,28,28,28,28,28,28,28
170579,2,1,0,0,29,0,0,0,0,9,0,0
170581,1,1,20,20,20,20,20,20,20,20,20,20
170582,0,1,16,16,16,16,16,16,16,16,16,16
170582,1,1,0,0,0,0,0,0,0,0,0,0
170583,1,1,0,0,0,0,0,0,0,0,0,0
170583,2,1,0,0,0,0,14,0,0,0,0,0
170585,1,1,0,0,0,0,0,0,0,0,0,0
170585,2,1,0,0,0,0,0,0,0,0,0,0
170586,1,1,0,0,0,0,0,0,0,0,0,0
170587,1,1,0,0,0,0,0,0,0,0,0,0
170588,1,1,13,13,13,13,13,13,13,13,13,13
170589,1,1,4,4,4,4,4,4,4,4,4,4
170590,1,1,17,17,17,17,17,17,17,17,17,17
170590,2,1,0,0,14,0,0,40,0,0,0,0
170591,1,1,0,0,0,0,0,0,0,0,0,0
170591,2,1,0,0,0,0,0,4,28,0,0,0
170592,1,1,0,0,0,0,0,0,0,0,0,0
170592,2,1,0,0,0,0,0,0,0,0,0,0
170593,1,1,0,0,0,0,0,0,0,0,0,0
170593,2,1,0,0,0,0,0,0,0,0,0,0
170593,3,1,0,0,0,0,0,0,0,0,0,0
170594,1,1,17,17,17,17,17,17,17,17,17,17
170594,2,1,0,0,0,0,0,0,0,0,0,16
170594,3,1,0,0,0,0,0,0,0,0,0,0
170594,4,1,0,0,16,0,0,0,0,0,0,0
170594,5,1,0,0,0,0,0,0,23,0,0,0
170594,6,1,0,0,0,0,0,0,0,0,0,0
170594,7,1,0,0,0,0,0,0,0,0,0,0
170594,8,1,0,0,0,0,0,0,0,0,0,0
170594,9,1,0,0,0,0,0,0,0,0,0,0
170594,10,1,0,0,0,0,0,0,0,0,0,0
170594,11,1,0,0,0,0,0,0,0,0,0,0
170595,1,1,25,25,25,25,25,25,25,25,25,25
170595,2,1,0,0,0,0,0,14,0,0,16,0
170596,1,1,0,0,0,0,0,0,0,0,0,0
170596,2,1,0,0,0,0,0,0,0,0,0,0
170596,3,1,0,0,0,0,0,0,0,0,0,0
170597,1,1,0,0,0,0,0,0,0,0,0,0
170597,2,1,0,21,18,0,5,16,0,14,11,0
170598,0,1,17,17,17,17,17,17,17,17,17,17
170598,1,1,0,0,0,0,0,0,0,13,0,10
170600,1,1,0,0,0,0,0,0,0,0,0,0
170601,0,1,0,36,24,38,0,0,16,27,20,15
170601,1,1,0,0,0,0,0,0,0,0,0,0
170602,1,1,0,0,0,0,0,0,0,0,0,0
170602,2,1,0,0,0,0,0,0,0,0,0,0
170602,3,1,0,0,0,0,0,0,0,0,0,0
170603,1,1,1,1,1,1,1,1,1,1,1,1
170603,2,1,0,0,6,0,0,11,0,13,0,7
170604,1,1,0,0,0,0,0,0,0,0,0,0
170604,2,1,0,0,0,0,0,0,0,0,0,0
170605,1,1,14,14,14,14,14,14,14,14,14,14
170605,2,1,0,0,0,0,0,0,0,0,0,0
170606,1,1,11,11,11,11,11,11,11,11,11,11
170607,1,1,0,0,0,0,0,0,0,0,0,0
170607,2,1,0,0,0,0,0,0,0,0,0,0
170608,1,1,39,39,39,39,39,39,39,39,39,39
170609,1,1,26,26,26,26,26,26,26,26,26,26
170609,2,1,0,0,0,0,0,0,0,0,0,0
170610,1,1,16,21,9,16,2,21,8,11,26,25
170611,1,1,0,0,0,0,0,0,0,0,0,0
170612,0,1,10,10,10,10,10,10,10,10,10,10
170612,1,1,0,0,28,19,7,0,13,7,0,0
170613,1,1,0,0,0,0,0,0,0,0,0,0
170613,2,1,0,0,0,0,27,0,6,0,0,0
170614,1,1,20,20,20,20,20,20,20,20,20,20
170614,2,1,0,0,0,0,0,0,0,0,0,0
170615,1,1,21,21,21,21,21,21,21,21,21,21
170615,2,1,0,0,0,0,0,0,0,0,0,0
170616,1,1,0,0,6,0,0,0,0,0,0,0
170616,2,1,0,0,0,0,0,0,0,0,0,0
170617,0,1,0,0,0,0,0,0,0,0,0,0
170617,0,2,0,0,0,0,0,0,0,0,0,0
170617,0,3,0,0,21,13,0,0,0,0,0,0
170617,0,4,27,0,0,26,0,0,0,0,24,0
170617,1,1,0,0,0,0,0,0,0,0,0,0
170618,1,1,0,0,0,0,0,0,0,0,0,0
170618,2,1,0,0,0,0,0,0,0,0,0,0
170619,0,1,0,0,0,0,0,0,0,0,0,0
170619,0,2,0,0,14,28,0,0,0,0,0,0
170619,1,1,0,0,0,0,0,0,0,0,22,15
170620,1,1,25,25,25,25,25,25,25,25,25,25
170621,0,1,0,0,0,0,0,0,0,0,0,0
170621,1,1,0,0,0,0,0,0,0,0,0,0
170622,0,1,0,10,0,0,0,0,0,0,0,0
170622,1,1,0,0,8,0,0,0,0,0,0,0
170622,2,1,0,0,0,31,0,0,0,0,0,0
170623,1,1,0,0,0,0,0,0,0,0,0,0
170624,1,1,0,0,0,0,0,0,0,0,0,0
170624,2,1,0,0,0,0,0,0,0,0,0,0
170625,1,1,0,0,0,0,0,0,0,0,0,0
170625,2,1,0,0,0,0,0,0,0,0,0,17
170625,3,1,0,0,0,0,0,0,0,0,0,0
170626,1,1,0,29,0,0,0,9,0,0,3,18
170627,1,1,0,0,0,0,0,0,0,0,0,0
170628,0,1,0,0,0,0,0,0,0,0,0,0
170628,1,1,0,0,0,0,0,0,0,0,0,0
170629,0,1,33,33,33,33,33,33,33,33,33,33
170629,1,1,0,0,0,0,0,0,0,0,0,0
170629,2,1,0,0,0,0,0,0,0,0,0,0
170630,0,1,0,0,0,0,0,0,0,0,0,0
170630,1,1,0,5,13,0,9,0,0,0,0,0
170631,0,1,27,27,27,27,27,27,27,27,27,27
170631,1,1,0,0,0,0,0,0,0,0,0,0
170632,1,1,24,24,24,24,24,24,24,24,24,24
170633,1,1,0,0,0,0,0,0,0,0,0,0
170634,1,1,0,0,0,0,0,0,0,0,0,0
170635,1,1,0,0,0,0,0,0,0,0,0,0
170636,1,1,2,2,2,2,2,2,2,2,2,2
170637,0,1,0,0,0,0,0,0,0,0,0,0
170637,1,1,0,0,0,0,0,0,0,0,0,0
170638,1,1,0,0,0,0,0,0,0,0,0,0
170638,2,1,0,0,0,0,0,0,0,0,0,0
170639,1,1,0,0,0,0,0,0,0,0,0,0
170640,1,1,17,17,17,17,17,17,17,17,17,17
170641,0,1,0,0,0,0,0,0,0,0,0,0
170641,0,2,0,0,0,0,0,0,0,0,0,0
170641,1,1,0,0,0,0,0,0,0,0,0,0
170642,1,1,19,19,19,19,19,19,19,19,19,19
170643,0,1,0,0,0,0,0,0,0,0,0,0
170643,1,1,0,0,0,0,0,0,0,0,0,0
170644,1,1,0,0,0,0,0,0,0,0,0,0
170645,1,1,0,0,0,0,0,0,0,0,0,0
170645,2,1,0,0,0,0,0,0,0,0,0,0
170646,1,1,0,0,0,0,0,0,0,0,0,0
170646,2,1,0,0,0,0,0,0,0,0,0,0
170647,1,1,0,0,0,0,0,0,0,0,0,22
170647,2,1,0,0,0,0,0,0,0,0,0,0
170649,1,1,0,0,0,0,0,0,0,0,0,0
170650,1,1,0,0,0,0,0,0,0,0,0,0
170652,1,1,0,0,0,0,0,0,0,0,0,0
170652,2,1,0,0,0,0,0,0,0,0,0,0
170653,0,1,23,23,23,23,23,23,23,23,23,23
170653,1,1,0,0,0,0,0,0,0,0,0,0
170654,1,1,0,0,0,0,0,0,0,0,0,0
170655,1,1,0,0,0,0,0,0,0,0,0,0
170655,2,1,0,0,0,0,0,0,0,0,0,0
170655,3,1,0,0,0,0,0,0,0,0,0,0
170656,1,1,32,32,32,32,32,32,32,32,32,32
170656,2,1,0,0,0,0,0,0,0,0,0,0
170656,3,1,0,0,0,0,0,0,0,0,0,0
170657,1,1,14,14,14,14,14,14,14,14,14,14
170658,1,1,0,0,0,0,0,0,0,0,0,0
170659,1,1,0,0,0,0,0,0,0,0,0,0
170659,2,1,0,0,0,0,0,0,0,0,0,0
170659,3,1,0,0,0,0,0,0,0,0,0,0
170659,4,1,0,0,0,0,0,0,0,0,0,0
170660,1,1,0,0,0,0,0,0,0,0,0,0
170660,2,1,0,0,0,0,0,0,0,0,0,0
170661,1,1,0,0,0,0,0,0,0,0,0,0
170661,2,1,0,0,0,0,0,0,0,0,0,0
170662,1,1,0,0,0,0,0,0,0,0,0,0
170663,0,1,20,20,20,20,20,20,20,20,20,20
170663,1,1,21,10,8,0,25,24,9,0,0,0
170664,1,1,0,0,0,0,0,0,0,0,0,0
170664,2,1,0,0,0,0,0,0,13,0,0,0
170665,0,1,26,26,26,26,26,26,26,26,26,26
170665,1,1,0,0,0,0,0,0,0,0,0,0
170666,1,1,0,0,0,0,0,0,0,25,0,0
170666,2,1,0,0,0,0,0,0,0,0,0,0
170667,1,1,18,18,18,18,18,18,18,18,18,18
170668,0,1,1,1,1,1,1,1,1,1,1,1
170668,1,1,0,15,4,26,6,0,0,0,0,0
170669,0,1,0,0,0,0,0,0,0,0,0,0
170669,1,1,0,0,0,0,0,0,0,0,0,0
170670,1,1,9,0,0,13,0,10,0,26,0,0
170671,1,1,0,0,0,0,0,0,0,0,0,0
170671,2,1,0,0,19,14,0,0,0,0,0,0
170672,0,1,0,0,21,0,0,23,0,0,0,0
170672,1,1,0,0,0,0,0,0,0,0,0,4
170673,0,1,0,0,11,0,0,0,0,0,23,0
170673,1,1,0,0,0,0,0,0,0,0,0,0
170674,0,1,0,0,0,0,0,0,23,0,0,0
170674,1,1,0,0,0,0,0,0,0,0,0,0
170675,0,1,0,0,0,0,0,0,0,0,0,0
170675,1,1,0,0,0,0,0,0,0,0,0,0
170676,1,1,0,0,0,0,0,0,0,0,0,0
170676,2,1,0,0,0,0,0,0,0,0,0,0
170677,1,1,0,0,0,0,0,0,0,0,0,0
170678,1,1,19,19,19,19,19,19,19,19,19,19
170678,2,1,0,0,0,0,0,0,0,0,0,0
170679,1,1,29,29,29,29,29,29,29,29,29,29
170680,1,1,0,0,0,0,0,0,0,0,0,0
170680,2,1,0,0,0,0,0,0,0,0,0,0
170681,1,1,17,17,17,17,17,17,17,17,17,17
170682,1,1,0,0,0,0,0,0,0,0,0,0
170682,2,1,0,0,0,0,0,0,0,0,0,0
170683,0,1,0,0,0,0,0,0,0,0,0,0
170683,1,1,0,0,0,0,0,0,0,0,0,0
170684,0,1,0,0,0,0,0,0,0,0,0,0
170684,1,1,0,0,0,0,0,0,0,0,0,0
170685,0,1,2,2,2,2,2,2,2,2,2,2
170685,1,1,0,0,0,0,0,0,0,0,0,0
170685,2,1,0,0,0,0,0,0,0,0,0,0
170686,1,1,0,0,0,0,0,0,0,0,0,0
170687,1,1,0,0,0,0,0,0,0,0,0,0
170687,2,1,0,0,0,0,0,0,0,0,0,0
170688,1,1,29,29,29,29,29,29,29,29,29,29
170689,1,1,0,0,0,0,0,0,0,0,0,0
170689,2,1,0,0,0,14,0,0,0,0,0,0
170690,1,1,0,0,0,0,0,0,0,0,0,0
170691,1,1,0,0,0,0,0,0,0,28,0,0
170691,2,1,0,0,0,0,0,0,0,0,0,0
170692,1,1,0,0,0,0,0,0,0,0,0,0
170692,2,1,0,0,0,0,0,0,0,0,0,0
170693,1,1,16,16,16,16,16,16,16,16,16,16
170694,0,1,0,0,0,0,0,0,0,0,0,0
170694,1,1,22,22,22,22,22,22,22,22,22,22
170695,1,1,0,0,0,0,0,0,0,0,0,0
170696,1,1,18,18,18,18,18,18,18,18,18,18
170697,1,1,14,14,14,14,14,14,14,14,14,14
170698,1,1,0,0,0,0,0,0,0,0,0,0
170699,1,1,0,0,0,0,0,0,0,0,0,0
170699,2,1,0,0,0,0,0,0,0,0,0,0
170700,1,1,0,12,0,0,0,9,0,0,0,0
170700,2,1,8,0,9,0,0,0,0,0,0,0
170701,0,1,0,0,0,0,0,0,0,0,0,0
170701,1,1,0,0,0,0,0,0,0,0,0,0
170702,1,1,0,0,0,0,0,0,0,0,0,0
170702,2,1,0,0,0,0,0,0,0,0,0,0
170703,1,1,0,0,0,0,0,0,0,27,0,0
170703,2,1,0,0,0,0,0,0,0,0,0,0
170704,1,1,14,14,14,14,14,14,14,14,14,14
170705,1,1,15,15,15,15,15,15,15,15,15,15
170706,1,1,0,0,0,0,0,0,0,0,0,10
170707,1,1,0,0,0,0,0,0,0,0,0,0
170707,2,1,0,0,0,0,0,0,0,0,0,0
170708,1,1,7,7,7,7,7,7,7,7,7,7
170708,2,1,0,0,0,0,0,0,0,0,2,0
170709,1,1,22,22,22,22,22,22,22,22,22,22
170711,1,1,0,0,0,0,0,0,0,0,0,0
170711,2,1,0,0,0,0,0,0,0,0,0,0
170711,3,1,0,0,0,0,0,0,0,0,0,0
170712,1,1,14,14,14,14,14,14,14,14,14,14
170712,2,1,0,0,0,0,0,0,0,0,0,0
170713,1,1,9,9,9,9,9,9,9,9,9,9
170713,2,1,0,0,33,0,0,0,0,11,12,0
170714,1,1,9,9,9,9,9,9,9,9,9,9
170715,1,1,0,0,0,0,0,0,0,0,0,0
170717,1,1,0,0,34,0,0,16,0,0,0,0
170718,1,1,10,10,0,16,0,6,15,0,0,18
170719,1,1,0,0,0,0,0,0,0,0,0,0
170720,1,1,0,0,0,0,0,0,0,0,0,0
170720,2,1,0,0,0,0,0,0,0,9,0,0
170720,3,1,0,0,0,0,0,0,0,0,0,0
170721,1,1,0,0,0,0,0,0,0,0,0,0
170721,2,1,0,0,0,0,0,0,0,0,0,0
170722,0,1,0,15,0,48,0,15,0,0,0,16
170722,1,1,17,17,17,17,17,17,17,17,17,17
170723,1,1,21,21,21,21,21,21,21,21,21,21
170724,0,1,3,3,3,3,3,3,3,3,3,3
170724,1,1,0,0,0,0,21,0,0,0,16,0
170725,0,1,0,0,0,0,0,0,0,0,0,0
170725,1,1,0,0,0,0,0,0,0,0,2,0
170726,1,1,0,0,0,0,0,0,0,0,0,0
170727,1,1,0,0,0,0,0,0,0,0,0,0
170727,2,1,0,0,0,0,0,0,0,0,0,0
170728,1,1,19,19,19,19,19,19,19,19,19,19
170729,1,1,0,0,0,0,0,0,0,0,0,0
170730,1,1,0,0,0,0,0,0,0,0,0,0
170730,2,1,0,0,13,0,0,0,0,0,0,0
170731,1,1,0,0,0,0,0,0,0,0,0,0
170731,2,1,0,0,0,0,0,0,0,0,0,0
170732,1,1,0,0,0,0,0,0,0,0,0,0
170733,1,1,0,0,0,0,0,27,0,0,16,0
170734,1,1,0,18,0,0,0,0,0,0,0,0
170734,2,1,0,0,0,0,0,0,0,0,0,0
170735,0,1,4,0,0,0,15,27,49,0,0,23
170735,1,1,0,0,0,0,0,0,0,0,0,0
170736,0,1,0,0,0,0,0,0,0,0,0,0
170736,1,1,0,0,0,0,0,0,0,0,0,0
170737,1,1,21,21,21,21,21,21,21,21,21,21
170739,1,1,0,0,0,0,0,0,0,0,0,0
170739,2,1,0,0,0,0,0,0,0,0,0,0
170740,1,1,4,22,0,0,0,0,0,0,0,0
170742,1,1,27,27,27,27,27,27,27,27,27,27
170742,2,1,19,19,19,19,19,19,19,19,19,19
170743,1,1,15,15,15,15,15,15,15,15,15,15
170745,0,1,41,41,41,41,41,41,41,41,41,41
170745,1,1,1,1,1,1,1,1,1,1,1,1
170746,1,1,0,0,0,0,0,0,0,0,0,0
170746,2,1,0,8,0,0,0,0,0,0,0,0
170747,1,1,0,0,0,0,0,0,0,0,0,0
170748,1,1,0,0,0,0,0,0,0,0,0,0
170748,2,1,0,0,0,0,0,0,0,0,0,0
170749,1,1,0,0,0,0,0,0,0,0,0,0
170749,2,1,0,0,0,0,0,0,0,0,0,0
170750,1,1,23,23,23,23,23,23,23,23,23,23
170751,1,1,0,0,0,0,0,0,0,0,0,0
170751,2,1,0,0,0,0,0,0,0,0,0,0
170752,1,1,0,0,0,0,17,13,28,0,0,0
170753,1,1,26,26,26,26,26,26,26,26,26,26
170754,1,1,0,0,0,0,0,0,0,0,0,0
170754,2,1,0,0,0,0,0,0,0,0,0,0
170755,1,1,20,20,20,20,20,20,20,20,20,20
170755,2,1,0,0,0,0,0,0,0,0,0,0
170756,0,1,0,0,0,0,0,0,0,0,0,0
170756,0,2,0,0,0,0,0,0,0,0,0,0
170756,1,1,0,0,0,0,0,0,0,0,0,0
170757,1,1,0,0,0,3,0,0,0,0,0,0
170757,2,1,0,0,0,0,0,0,0,0,20,0
170758,1,1,4,4,4,4,4,4,4,4,4,4
170758,2,1,0,0,0,0,0,0,0,0,0,0
170759,0,1,0,0,0,0,0,0,0,0,0,0
170759,1,1,0,0,0,0,0,0,0,0,0,0
170760,1,1,0,27,19,29,14,0,0,13,0,21
170761,1,1,0,0,0,0,0,0,0,0,0,0
170761,2,1,0,0,0,0,0,0,0,2,0,0
170762,1,1,0,0,0,0,0,0,0,0,0,0
170762,2,1,21,0,0,0,0,0,0,0,0,0
170763,0,1,29,29,29,29,29,29,29,29,29,29
170763,1,1,0,5,0,0,0,0,18,0,0,0
170764,1,1,9,0,0,0,0,0,19,0,0,0
170764,2,1,26,0,18,0,0,0,0,0,0,0
170764,3,1,0,0,0,0,0,0,0,0,0,0
170765,1,1,0,0,0,0,0,0,0,0,0,0
170766,1,1,0,0,0,0,0,0,0,0,0,0
170767,1,1,0,0,0,0,0,0,0,0,0,0
170768,0,1,0,0,0,0,0,0,0,0,0,0
170768,1,1,0,0,0,0,0,0,0,0,0,0