ST_CASE,VEH_NO,PER_NO,P1,P2,P3,P4,P5,P6,P7,P8,P9,P10
170769,1,1,0,0,0,0,0,0,0,0,0,0
170769,2,1,0,0,0,0,0,0,0,0,0,0
170769,3,1,13,0,0,0,0,0,0,0,0,0
170770,1,1,5,5,5,5,5,5,5,5,5,5
170771,0,1,3,3,3,3,3,3,3,3,3,3
170771,1,1,0,0,0,0,0,0,0,0,0,0
170772,1,1,0,0,0,0,0,0,0,0,0,0
170772,2,1,0,0,0,0,0,0,0,0,0,0
170773,1,1,15,15,15,15,15,15,15,15,15,15
170775,0,1,0,0,0,0,0,0,0,0,0,0
170775,1,1,0,0,0,0,0,0,0,0,0,0
170776,1,1,0,0,0,0,0,0,0,0,0,0
170776,2,1,0,0,0,0,0,0,0,0,0,0
170777,1,1,0,0,0,0,0,0,0,0,0,0
170777,2,1,0,0,0,0,0,0,0,0,0,0
170778,1,1,19,0,0,0,0,0,0,19,0,3
170778,2,1,0,18,20,3,0,0,18,0,0,10
170779,0,1,0,0,0,0,0,0,0,0,0,0
170779,1,1,0,0,0,0,0,0,0,0,0,0
170780,1,1,0,0,0,5,0,0,0,7,0,0
170780,2,1,0,0,0,0,0,19,0,21,0,0
170780,3,1,12,0,0,14,0,0,0,0,0,0
170781,1,1,0,0,0,0,0,0,0,0,0,0
170781,2,1,0,0,0,0,0,0,0,0,0,0
170782,0,1,15,15,15,15,15,15,15,15,15,15
170782,1,1,0,21,0,32,0,19,0,4,0,0
170783,0,1,0,0,0,0,0,0,0,0,0,0
170783,1,1,0,0,0,0,0,0,0,0,0,0
170783,2,1,0,0,0,0,0,0,0,0,0,0
170784,1,1,0,0,0,0,0,0,0,0,0,0
170784,2,1,0,0,0,0,0,0,0,0,0,0
170785,1,1,0,0,0,0,0,0,0,0,0,0
170785,2,1,0,0,0,0,5,0,0,0,0,0
170786,1,1,14,14,14,14,14,14,14,14,14,14
170786,2,1,0,0,0,0,0,0,0,0,0,0
170788,1,1,0,0,0,0,0,0,0,0,0,0
170790,1,1,0,0,0,0,0,0,0,0,0,0
170790,2,1,0,0,0,0,0,0,0,0,0,0
170791,1,1,0,0,0,0,0,0,0,0,0,0
170792,1,1,0,0,0,0,0,0,0,0,0,0
170793,0,1,0,0,0,0,0,0,0,0,0,11
170793,1,1,0,0,0,0,0,0,0,0,0,0
170794,1,1,0,0,0,0,0,0,0,0,0,0
170794,2,1,0,0,0,0,0,0,0,0,0,0
170795,1,1,0,0,0,0,0,0,0,0,0,0
170795,2,1,0,0,0,16,0,0,0,0,0,0
170796,1,1,0,0,0,0,0,0,0,0,0,0
170798,1,1,0,0,0,0,0,0,0,16,28,28
170799,1,1,12,12,12,12,12,12,12,12,12,12
170799,2,1,0,0,0,27,0,0,0,0,0,0
170800,0,1,24,22,28,10,17,13,24,38,20,24
170800,1,1,5,5,5,5,5,5,5,5,5,5
170801,1,1,0,0,0,0,0,0,11,0,15,42
170802,1,1,0,0,0,0,0,0,0,0,0,0
170802,2,1,0,0,0,0,0,0,0,0,0,0
170803,0,1,0,0,0,0,0,0,0,0,0,0
170803,1,1,0,0,0,0,0,0,0,0,0,0
170804,1,1,0,0,0,0,0,0,0,0,14,0
170805,1,1,0,0,0,0,0,0,0,0,0,0
170806,1,1,0,0,0,0,0,0,0,0,0,0
170806,2,1,0,0,0,0,0,0,0,0,0,0
170806,3,1,0,0,0,0,0,0,0,0,0,0
170807,1,1,0,0,0,0,0,0,0,0,0,0
170807,2,1,0,0,0,0,0,0,0,0,0,0
170809,1,1,0,0,0,0,0,0,0,0,0,0
170809,2,1,0,0,0,0,0,0,0,0,0,0
170810,0,1,0,0,0,0,0,0,0,0,0,0
170810,1,1,29,15,7,0,0,0,0,0,0,0
170811,1,1,0,0,0,0,0,0,0,0,0,0
170811,2,1,0,0,0,0,0,10,0,13,0,0
170812,1,1,8,8,8,8,8,8,8,8,8,8
170813,1,1,0,0,0,0,0,0,0,0,0,0
170814,1,1,16,16,16,16,16,16,16,16,16,16
170815,1,1,23,23,23,23,23,23,23,23,23,23
170816,1,1,0,0,0,0,0,0,0,0,0,0
170817,1,1,17,17,17,17,17,17,17,17,17,17
170818,1,1,0,0,0,0,9,0,8,11,0,0
170819,1,1,0,15,0,0,0,0,0,0,0,0
170820,1,1,29,29,29,29,29,29,29,29,29,29
170821,1,1,0,0,0,0,0,0,0,0,0,0
170822,0,1,0,0,22,17,0,37,0,0,27,36
170822,1,1,0,0,0,0,0,0,0,0,0,0
170823,1,1,0,11,0,0,16,0,0,0,0,0
170823,2,1,0,0,0,0,0,0,0,0,0,0
170824,1,1,0,0,0,0,0,0,0,0,0,20
170824,2,1,0,0,0,14,0,0,0,0,0,0
170825,1,1,18,18,18,18,18,18,18,18,18,18
170826,1,1,23,23,23,23,23,23,23,23,23,23
170826,2,1,0,0,0,0,0,0,0,0,0,0
170827,1,1,0,0,0,0,0,0,0,0,0,0
170829,1,1,0,0,0,0,0,0,0,0,0,0
170830,0,1,0,0,0,0,0,0,0,0,0,0
170830,1,1,0,0,0,0,0,0,0,0,0,0
170830,2,1,0,0,0,0,0,0,0,0,0,0
170831,0,1,0,0,16,0,0,0,0,31,26,0
170831,1,1,0,0,13,0,0,0,0,0,0,0
170832,1,1,0,0,0,0,0,0,0,0,0,0
170833,0,1,0,0,0,0,0,0,0,0,0,0
170833,0,2,0,0,0,0,0,0,0,0,14,0
170833,0,3,0,0,0,0,0,0,0,0,0,0
170833,1,1,0,0,0,0,0,0,0,0,0,0
170834,1,1,0,0,0,0,0,0,0,0,0,0
170834,2,1,0,0,0,0,0,0,0,0,0,0
170834,3,1,0,0,0,0,0,0,0,0,0,0
170835,0,1,21,21,21,21,21,21,21,21,21,21
170835,1,1,0,3,0,9,0,0,0,10,25,16
170836,1,1,0,0,0,0,0,0,0,0,0,0
170836,2,1,0,0,0,0,0,0,0,0,0,0
170837,1,1,0,0,0,0,0,0,0,0,0,0
170837,2,1,0,0,0,0,0,0,0,0,0,0
170838,1,1,0,0,0,0,0,0,0,0,0,0
170838,2,1,21,21,21,21,21,21,21,21,21,21
170838,3,1,23,0,0,0,0,0,0,0,0,0
170839,1,1,0,0,0,0,0,0,0,0,15,0
170839,2,1,12,0,0,0,0,0,0,6,0,0
170840,1,1,0,0,0,0,0,0,0,0,0,0
170840,2,1,0,0,0,0,0,0,28,0,0,0
170841,1,1,17,17,17,17,17,17,17,17,17,17
170842,1,1,18,18,18,18,18,18,18,18,18,18
170842,2,1,0,23,16,13,17,38,15,0,3,11
170842,3,1,0,0,0,8,0,0,0,5,9,0
170843,1,1,25,25,25,25,25,25,25,25,25,25
170843,2,1,0,0,0,0,0,0,0,0,0,0
170844,1,1,0,0,0,0,0,0,19,0,0,0
170844,2,1,0,0,12,0,0,0,24,0,0,0
170845,1,1,19,19,19,19,19,19,19,19,19,19
170846,0,1,14,22,4,19,25,28,10,28,22,27
170846,1,1,0,0,0,0,0,0,0,0,0,0
170847,1,1,0,30,0,15,24,0,8,0,14,0
170848,1,1,30,30,30,30,30,30,30,30,30,30
170848,2,1,0,0,0,0,0,0,0,0,0,0
170849,1,1,11,11,11,11,11,11,11,11,11,11
170850,1,1,9,9,9,9,9,9,9,9,9,9
170850,2,1,0,0,0,0,0,0,0,0,0,0
170851,1,1,0,0,0,0,0,0,0,0,0,0
170851,2,1,0,0,0,0,0,0,0,0,0,0
170852,1,1,9,9,9,9,9,9,9,9,9,9
170853,0,1,3,3,3,3,3,3,3,3,3,3
170853,1,1,0,0,0,0,0,0,0,0,0,0
170854,1,1,0,0,0,0,0,0,0,0,0,0
170854,2,1,0,0,0,0,0,0,0,0,0,0
170855,1,1,17,13,0,0,8,9,0,8,0,20
170856,0,1,0,0,0,0,0,0,0,0,0,0
170856,1,1,0,0,0,9,0,0,0,12,0,0
170857,1,1,0,0,0,0,0,0,0,0,0,0
170857,2,1,0,0,0,0,0,0,0,0,0,0
170858,0,1,0,34,0,0,0,0,0,0,0,0
170858,1,1,0,0,0,0,0,0,0,0,0,0
170859,0,1,15,15,15,15,15,15,15,15,15,15
170859,1,1,0,0,0,0,0,0,0,0,0,0
170860,0,1,0,0,0,12,0,0,0,0,10,0
170860,1,1,0,0,0,0,0,0,0,0,0,0
170861,1,1,0,0,0,0,0,0,0,0,0,0
170862,1,1,15,7,0,0,0,0,15,0,11,0
170862,2,1,0,0,0,0,0,21,0,0,0,0
170863,0,1,0,0,0,0,0,0,0,0,0,0
170863,1,1,0,0,0,0,0,0,0,0,0,0
170864,1,1,31,31,31,31,31,31,31,31,31,31
170865,1,1,0,0,0,0,0,7,0,0,0,0
170865,2,1,0,0,0,0,0,0,0,0,0,0
170866,0,1,0,0,0,0,0,0,0,0,0,0
170866,1,1,12,17,10,0,10,21,3,13,23,14
170866,2,1,0,0,0,0,0,0,0,0,0,0
170866,3,1,0,0,0,0,0,0,0,0,0,0
170867,1,1,0,0,0,0,0,0,0,0,0,0
170868,1,1,0,0,0,10,14,0,0,0,0,0
170868,2,1,0,0,0,0,0,0,0,0,0,0
170869,0,1,8,8,8,8,8,8,8,8,8,8
170869,1,1,22,25,13,8,5,0,28,7,8,16
170870,1,1,0,0,0,0,0,0,0,0,0,0
170871,1,1,18,18,18,18,18,18,18,18,18,18
170871,2,1,0,0,0,0,0,0,0,0,14,0
170872,1,1,0,0,0,0,0,9,0,0,0,0
170873,1,1,21,21,21,21,21,21,21,21,21,21
170874,1,1,15,15,15,15,15,15,15,15,15,15
170875,1,1,0,0,0,0,0,0,0,0,0,0
170875,2,1,0,0,0,0,0,0,0,0,0,0
170876,1,1,0,0,0,0,0,0,0,0,16,0
170876,2,1,0,0,0,0,0,0,0,0,0,0
170878,1,1,0,0,0,0,0,0,0,0,0,0
170879,1,1,0,0,0,0,0,0,0,0,0,0
170879,2,1,0,0,0,0,0,0,0,0,0,0
170880,2,1,0,0,0,0,0,0,0,15,0,0
170881,1,1,26,26,26,26,26,26,26,26,26,26
170881,2,1,0,0,0,0,0,0,0,0,0,0
180001,1,1,25,25,25,25,25,25,25,25,25,25
180002,1,1,0,0,0,0,0,0,0,0,0,0
180003,1,1,0,0,0,0,0,0,0,0,0,0
180003,2,1,0,0,0,0,0,0,0,0,0,0
180004,1,1,2,2,2,2,2,2,2,2,2,2
180004,2,1,0,0,0,0,0,0,0,0,0,0
180005,1,1,0,0,0,0,0,25,0,0,0,0
180006,1,1,0,0,0,0,0,0,0,0,0,0
180006,2,1,0,0,0,0,0,0,0,0,0,0
180007,1,1,0,0,0,12,0,0,0,0,0,0
180008,1,1,29,29,29,29,29,29,29,29,29,29
180009,1,1,0,24,0,0,22,0,0,0,0,0
180010,1,1,0,0,0,0,0,0,0,0,0,0
180010,2,1,0,0,0,0,0,0,0,0,0,0
180011,1,1,0,0,0,0,0,0,0,0,0,0
180011,2,1,0,0,0,0,0,0,0,0,0,0
180013,1,1,0,0,0,0,0,0,5,16,0,0
180014,1,1,14,14,14,14,14,14,14,14,14,14
180015,0,1,0,0,0,0,0,0,0,0,0,0
180015,1,1,0,0,0,0,0,0,0,0,0,0
180016,1,1,0,0,0,0,0,0,0,0,0,0
180016,2,1,0,0,0,0,0,0,0,0,0,0
180017,0,1,0,0,23,0,0,0,0,0,0,0
180017,1,1,0,0,0,0,0,0,0,0,0,0
180018,1,1,28,28,28,28,28,28,28,28,28,28
180018,2,1,0,0,0,0,0,0,0,0,0,0
180019,1,1,0,0,0,0,0,0,0,0,0,0
180019,2,1,0,0,0,0,0,0,0,0,0,0
180020,1,1,0,0,0,0,0,0,0,0,0,0
180021,1,1,0,0,0,0,0,0,0,0,0,0
180021,2,1,0,0,0,0,0,0,0,0,0,0
180021,3,1,0,0,0,0,0,0,0,0,0,0
180022,1,1,0,0,0,0,0,0,0,0,0,0
180022,2,1,0,0,0,0,0,0,0,0,0,0
180023,1,1,19,19,19,19,19,19,19,19,19,19
180023,2,1,0,0,0,0,0,0,0,0,0,0
180023,3,1,0,0,0,0,0,0,0,0,0,0
180024,1,1,0,0,0,0,0,0,0,0,0,0
180024,2,1,0,0,0,0,0,0,0,0,0,0
180025,0,1,0,0,0,0,0,0,0,0,0,0
180025,1,1,0,0,0,0,0,0,0,0,0,0
180025,2,1,19,0,0,0,0,0,0,0,0,0
180025,4,1,0,0,0,0,0,0,0,0,0,0
180025,5,1,0,0,0,0,0,0,0,0,0,0
180025,6,1,0,0,0,0,0,0,0,0,0,0
180026,1,1,0,0,0,0,0,0,0,0,0,0
180027,1,1,0,0,0,0,0,0,0,0,0,0
180028,1,1,0,0,0,0,0,0,0,0,0,0
180028,2,1,0,0,0,0,0,0,0,0,0,0
180029,1,1,15,15,15,15,15,15,15,15,15,15
180030,1,1,0,0,0,0,0,0,0,0,0,0
180030,2,1,0,0,0,0,7,0,0,0,0,0
180031,1,1,25,25,25,25,25,25,25,25,25,25
180032,1,1,0,0,0,0,0,0,0,0,0,0
180032,2,1,0,0,0,0,0,0,0,0,0,13
180033,1,1,20,20,20,20,20,20,20,20,20,20
180034,1,1,0,0,0,0,0,0,0,0,0,0
180034,2,1,0,0,0,0,0,0,0,0,0,0
180035,1,1,0,0,0,0,0,0,0,0,0,0
180035,2,1,0,0,0,0,0,0,0,0,0,0
180036,1,1,15,15,15,15,15,15,15,15,15,15
180036,2,1,0,0,0,0,0,0,0,0,0,0
180037,1,1,0,0,0,0,0,0,0,0,0,0
180037,2,1,0,0,0,0,0,0,0,0,0,0
180038,1,1,0,0,0,0,0,0,0,0,0,0
180038,2,1,0,0,0,0,0,0,0,0,0,0
180039,0,1,15,0,18,0,20,0,22,0,8,0
180039,1,1,0,0,0,0,0,0,0,0,0,0
180040,1,1,0,0,0,0,0,0,0,0,0,0
180041,1,1,0,0,0,0,0,0,0,0,0,0
180041,2,1,0,0,0,0,0,0,0,0,0,0
180042,1,1,0,0,0,0,0,0,0,0,0,0
180043,1,1,0,0,0,0,0,0,0,0,0,0
180043,2,1,0,0,0,0,0,0,0,0,0,0
180044,1,1,0,0,0,0,0,0,0,0,0,0
180044,2,1,0,0,0,0,0,0,0,0,0,0
180044,3,1,0,0,0,0,0,0,0,0,0,0
180044,4,1,0,0,0,0,0,0,0,0,0,0
180044,5,1,0,0,0,0,0,0,0,0,0,0
180044,6,1,0,0,0,0,0,0,0,0,0,0
180044,7,1,0,0,0,0,0,0,0,0,0,0
180044,8,1,0,0,0,0,0,0,0,0,0,0
180044,9,1,0,0,0,0,0,0,0,0,0,0
180044,10,1,0,0,0,0,0,0,0,0,0,0
180044,11,1,0,0,0,0,0,0,0,0,0,0
180044,12,1,0,0,0,0,0,0,0,0,0,0
180044,13,1,0,0,0,0,0,0,0,0,0,0
180044,14,1,0,0,0,0,0,0,0,0,0,0
180044,15,1,0,0,0,0,0,0,0,0,0,0
180044,16,1,0,0,0,0,0,0,0,0,0,0
180044,17,1,0,0,0,0,0,0,0,0,0,0
180044,18,1,0,0,0,0,0,0,0,0,0,0
180044,19,1,0,0,0,0,0,0,0,0,0,0
180044,20,1,0,0,0,0,0,0,0,0,0,0
180044,21,1,0,0,0,0,0,0,0,0,0,0
180044,22,1,0,0,0,0,0,0,0,0,0,0
180044,23,1,0,0,0,0,0,0,0,0,0,0
180044,24,1,0,0,0,0,0,0,0,0,0,0
180044,25,1,0,0,0,0,0,0,0,0,0,0
180044,26,1,0,0,0,0,0,0,0,0,0,0
180044,27,1,0,0,0,0,0,0,0,0,0,0
180044,28,1,0,0,0,0,0,0,0,0,0,0
180044,29,1,0,0,0,0,0,0,0,0,0,0
180044,30,1,0,0,0,0,0,0,0,0,0,0
180044,31,1,0,0,0,0,0,0,0,0,0,0
180044,32,1,0,0,0,0,0,0,0,0,0,0
180044,33,1,0,0,0,0,0,0,0,0,0,3
180044,34,1,0,0,0,0,0,0,0,0,0,0
180044,35,1,0,0,0,0,0,0,0,0,0,0
180044,36,1,0,0,0,0,0,0,0,0,0,0
180044,37,1,0,0,0,0,0,0,0,0,0,0
180044,38,1,0,0,0,0,0,0,0,0,0,0
180044,39,1,0,0,0,0,0,0,0,0,0,0
180044,40,1,0,0,0,0,0,0,0,0,0,0
180045,1,1,3,3,3,3,3,3,3,3,3,3
180046,1,1,0,0,0,0,0,0,0,0,0,0
180046,2,1,0,0,0,0,0,0,0,0,0,0
180047,1,1,0,0,0,0,0,0,0,0,0,0
180047,2,1,0,0,0,0,0,0,0,0,0,0
180048,1,1,0,0,0,0,0,0,0,0,0,0
180048,2,1,0,0,0,0,0,0,0,0,0,0
180049,1,1,23,23,23,23,23,23,23,23,23,23
180049,2,1,0,0,0,0,0,0,0,0,0,0
180050,1,1,19,19,19,19,19,19,19,19,19,19
180050,2,1,0,0,0,0,0,0,0,0,0,0
180051,0,1,0,0,0,0,0,0,0,0,0,0
180051,1,1,0,0,0,0,0,0,0,0,0,0
180052,1,1,0,0,0,5,0,0,0,0,0,0
180053,1,1,11,11,11,11,11,11,11,11,11,11
180054,1,1,0,0,0,0,0,0,0,0,0,0
180054,2,1,0,0,0,0,29,0,14,0,0,0
180055,1,1,0,0,0,0,0,0,0,0,0,0
180055,2,1,0,0,0,0,0,0,0,0,0,0
180056,0,1,0,28,17,19,0,0,22,22,0,15
180056,1,1,0,14,0,0,0,0,0,0,8,3
180057,1,1,0,0,0,0,0,0,0,0,0,0
180058,1,1,0,19,0,30,0,19,0,17,0,17
180059,1,1,0,0,0,0,0,0,0,0,0,0
180059,2,1,0,0,0,0,0,0,0,0,0,0
180060,1,1,0,0,0,0,0,0,0,0,0,0
180061,1,1,20,20,20,20,20,20,20,20,20,20
180062,1,1,0,0,0,0,0,0,0,0,0,0
180062,2,1,0,0,0,0,0,0,0,0,0,0
180064,1,1,0,0,0,0,0,0,0,0,0,0
180064,2,1,0,0,0,0,0,0,0,0,0,0
180065,1,1,18,18,18,18,18,18,18,18,18,18
180066,1,1,0,0,28,0,0,0,0,7,0,0
180067,1,1,0,0,0,0,17,0,0,0,0,0
180067,2,1,0,0,0,0,0,0,0,0,0,0
180068,1,1,0,0,0,0,0,0,0,0,0,0
180068,2,1,0,0,0,0,0,0,0,0,0,0
180069,0,1,0,0,0,0,0,0,0,0,0,0
180069,1,1,0,0,0,0,0,0,0,0,0,0
180070,0,1,0,0,0,0,0,0,0,0,0,0
180070,1,1,0,0,0,0,0,0,0,0,0,0
180071,1,1,0,0,0,0,0,0,0,0,0,0
180071,2,1,0,0,0,0,0,0,0,0,0,0
180071,3,1,0,0,0,0,0,0,0,0,0,0
180072,1,1,0,0,0,0,0,0,0,0,0,0
180073,1,1,0,0,0,0,0,7,0,5,0,0
180074,1,1,0,0,0,0,0,0,0,0,0,0
180074,2,1,0,0,0,0,0,0,0,0,0,0
180075,1,1,0,0,0,0,0,0,0,0,0,0
180076,1,1,0,0,0,0,6,0,0,0,0,0
180076,2,1,0,0,0,0,0,0,0,0,0,0
180077,1,1,0,0,0,0,0,0,0,14,0,0
180078,1,1,0,0,0,0,0,0,0,0,0,0
180078,2,1,0,0,0,0,0,0,0,0,0,0
180079,0,1,0,0,0,0,0,0,0,0,0,0
180079,1,1,0,0,0,0,0,0,0,0,0,0
180080,1,1,0,0,0,0,0,0,0,0,0,0
180080,2,1,0,0,0,0,0,0,0,0,0,0
180081,1,1,0,0,0,0,0,19,0,0,0,0
180082,1,1,0,0,0,0,0,0,0,0,0,0
180083,1,1,28,28,28,28,28,28,28,28,28,28
180083,2,1,0,0,0,0,0,0,0,0,0,0
180084,1,1,0,0,0,0,0,0,0,0,0,0
180085,1,1,0,0,0,0,22,8,0,0,0,0
180085,2,1,0,0,0,0,0,0,0,0,0,0
180086,1,1,2,2,2,2,2,2,2,2,2,2
180087,1,1,0,0,0,0,0,0,0,0,0,0
180089,1,1,0,0,0,0,0,0,0,0,0,0
180089,2,1,0,0,0,0,0,0,0,0,0,0
180090,1,1,29,29,29,29,29,29,29,29,29,29
180090,2,1,0,0,0,0,0,0,0,0,0,0
180091,1,1,0,0,0,0,0,0,0,0,0,0
180091,2,1,0,0,0,0,0,0,0,0,0,0
180092,0,1,0,0,0,0,0,0,0,0,0,0
180092,1,1,0,0,0,0,0,0,0,0,0,0
180093,1,1,31,31,31,31,31,31,31,31,31,31
180093,2,1,0,14,0,0,0,0,0,0,0,0
180094,1,1,0,0,23,0,0,0,0,0,0,0
180095,0,1,18,18,18,18,18,18,18,18,18,18
180095,1,1,0,0,0,0,0,0,0,0,0,0
180096,0,1,31,31,31,31,31,31,31,31,31,31
180096,1,1,0,0,15,0,0,0,0,0,0,0
180097,1,1,0,0,0,0,0,0,0,0,0,0
180098,1,1,0,0,0,0,0,0,0,0,0,0
180098,2,1,0,0,0,0,0,0,0,0,0,0
180099,1,1,11,11,11,11,11,11,11,11,11,11
180099,2,1,0,0,0,0,0,0,0,0,0,0
180100,0,1,0,0,0,0,0,0,0,0,0,0
180100,1,1,0,0,0,0,0,0,0,0,0,0
180100,2,1,14,14,14,14,14,14,14,14,14,14
180101,1,1,0,0,0,0,0,0,0,0,0,0
180101,2,1,0,0,0,0,0,0,0,0,0,0
180102,1,1,0,0,0,0,0,0,0,0,0,0
180103,1,1,0,0,0,0,0,0,0,0,0,0
180104,0,1,0,0,0,0,0,0,0,0,0,0
180104,1,1,0,0,0,0,0,0,0,0,0,0
180105,1,1,0,0,0,0,0,0,0,0,0,0
180105,2,1,0,0,0,0,0,0,0,0,0,0
180106,1,1,0,0,0,0,0,0,0,0,0,0
180106,2,1,0,0,0,0,0,0,0,0,0,0
180106,3,1,0,0,0,0,0,0,0,0,0,0
180107,0,1,0,0,0,0,0,0,0,0,0,0
180107,1,1,0,0,0,0,0,0,0,0,0,0
180108,1,1,0,0,0,0,0,0,0,0,0,0
180109,1,1,22,22,22,22,22,22,22,22,22,22
180110,1,1,0,0,0,0,0,0,0,0,0,0
180110,2,1,0,0,0,0,0,0,0,0,0,0
180111,1,1,0,0,0,0,0,0,0,0,0,0
180112,1,1,0,0,0,0,0,0,0,0,0,0
180112,2,1,0,22,0,0,0,0,0,17,0,0
180113,1,1,16,16,16,16,16,16,16,16,16,16
180113,2,1,0,0,0,0,0,0,0,0,0,0
180114,1,1,0,42,0,0,0,0,0,0,0,0
180114,3,1,0,0,0,0,0,0,0,0,0,0
180115,1,1,0,0,0,0,0,0,0,0,0,0
180115,2,1,0,0,0,0,0,0,0,0,0,0
180115,3,1,0,0,0,0,0,0,0,0,0,0
180116,1,1,0,0,0,0,0,0,0,0,0,0
180116,2,1,0,0,0,0,0,0,0,0,0,0
180116,3,1,0,0,0,0,0,0,0,0,0,0
180116,4,1,0,0,0,0,0,0,0,5,0,0
180117,1,1,0,0,0,0,0,0,0,0,0,0
180117,2,1,0,0,0,0,0,0,0,0,0,0
180118,1,1,0,19,0,0,0,10,0,0,0,0
180119,1,1,0,0,0,0,0,0,0,0,0,0
180120,1,1,11,11,11,11,11,11,11,11,11,11
180121,1,1,0,0,0,0,0,0,0,0,0,0
180121,2,1,0,0,0,0,0,0,0,0,0,0
180122,1,1,0,0,0,0,0,0,0,0,0,0
180123,1,1,16,16,16,16,16,16,16,16,16,16
180124,1,1,0,0,0,0,0,0,5,0,0,0
180124,2,1,0,0,0,0,0,0,0,0,0,0
180125,1,1,0,0,13,0,0,0,0,0,12,0
180125,2,1,0,0,0,0,0,0,0,0,0,0
180126,1,1,0,10,0,0,0,0,0,0,0,0
180126,2,1,0,0,0,0,0,0,0,20,0,0
180127,1,1,0,0,0,0,0,0,0,16,0,0
180127,2,1,0,0,0,0,0,0,0,0,0,0
180128,0,1,0,0,24,10,0,0,0,0,0,0
180128,1,1,0,0,0,0,0,0,0,0,0,0
180129,1,1,18,18,18,18,18,18,18,18,18,18
180130,1,1,0,0,0,0,0,0,0,0,0,0
180130,2,1,0,0,0,0,0,0,0,0,0,0
180131,1,1,0,0,0,0,0,0,0,0,0,0
180131,2,1,0,0,0,0,0,0,0,0,0,0
180132,1,1,18,18,18,18,18,18,18,18,18,18
180133,1,1,0,0,0,0,0,0,0,0,0,0
180134,1,1,0,0,0,0,0,0,0,0,0,0
180134,2,1,0,0,0,0,0,0,0,0,0,0
180135,1,1,0,0,0,0,0,0,0,0,0,0
180136,1,1,0,0,0,0,0,0,0,0,0,0
180137,0,1,0,0,0,0,0,0,0,0,0,0
180137,1,1,0,0,0,0,0,0,0,0,0,0
180138,1,1,0,0,0,0,0,0,0,0,0,0
180138,2,1,0,0,0,0,0,0,0,0,0,0
180139,1,1,7,7,7,7,7,7,7,7,7,7
180140,1,1,15,15,15,15,15,15,15,15,15,15
180141,1,1,24,24,24,24,24,24,24,24,24,24
180143,1,1,0,0,0,0,0,0,0,0,0,0
180144,1,1,0,0,0,0,0,0,0,0,0,0
180145,1,1,18,18,18,18,18,18,18,18,18,18
180146,1,1,6,6,6,6,6,6,6,6,6,6
180148,1,1,0,0,0,0,0,0,0,0,0,0
180148,2,1,0,0,0,0,0,0,0,0,0,0
180149,1,1,0,0,0,0,0,0,0,0,0,0
180149,2,1,0,0,0,0,0,0,0,0,0,0
180149,3,1,0,0,0,0,0,0,0,0,0,0
180150,1,1,0,0,0,0,0,0,0,0,0,0
180150,2,1,0,0,0,0,0,0,0,0,0,0
180150,3,1,0,0,0,0,0,0,0,0,20,0
180151,0,1,0,0,0,0,0,0,0,0,0,0
180151,0,2,0,0,0,15,0,0,0,0,0,0
180151,1,1,0,0,0,0,0,9,0,0,0,0
180152,0,1,0,0,0,0,0,0,0,0,0,0
180152,1,1,0,0,0,0,0,0,0,0,0,0
180153,1,1,22,22,22,22,22,22,22,22,22,22
180154,1,1,0,0,0,0,0,0,0,0,0,0
180155,1,1,0,0,0,0,0,0,0,0,0,0
180155,2,1,0,21,0,0,0,0,0,0,0,0
180157,1,1,0,0,0,0,0,0,0,0,0,0
180157,2,1,0,0,0,0,0,15,0,0,0,0
180157,3,1,0,0,0,0,0,0,0,0,0,7
180158,1,3,12,41,15,0,7,0,31,11,16,24
180159,1,1,0,0,0,0,0,0,0,0,0,0
180159,2,1,0,0,0,0,0,0,0,0,0,0
180159,3,1,0,0,0,0,0,0,0,0,0,0
180160,1,1,0,0,0,0,0,0,0,0,0,0
180161,1,1,0,31,0,19,0,0,7,0,0,0
180162,1,1,0,0,0,13,17,0,0,0,0,0
180162,2,1,0,0,0,0,0,0,0,0,0,0
180163,1,1,0,0,0,0,0,0,0,0,0,0
180163,2,1,0,0,0,0,18,0,0,0,0,15
180164,1,1,0,0,0,0,0,0,0,0,0,0
180165,1,1,0,0,0,0,0,0,0,0,17,0
180166,0,1,0,0,0,0,0,0,0,0,0,0
180166,1,1,0,0,0,0,0,0,0,0,0,0
180167,1,1,0,0,0,0,0,0,0,0,0,0
180168,1,1,0,0,0,0,0,0,0,0,0,0
180169,0,1,1,1,1,1,1,1,1,1,1,1
180169,1,1,1,1,1,1,1,1,1,1,1,1
180170,1,1,0,0,0,0,0,0,0,0,10,0
180171,1,1,14,14,14,14,14,14,14,14,14,14
180171,2,1,4,4,4,4,4,4,4,4,4,4
180172,1,1,0,0,0,0,0,0,0,6,0,0
180172,2,1,0,0,9,0,0,0,0,0,0,0
180173,1,1,0,0,0,0,0,0,0,0,0,0
180173,2,1,0,0,0,0,0,0,0,0,0,0
180174,1,1,10,10,10,10,10,10,10,10,10,10
180175,1,1,0,0,0,0,0,0,0,0,0,0
180175,2,1,0,0,0,0,0,0,0,0,0,0
180176,1,1,0,0,0,0,0,0,0,0,0,0
180176,2,1,0,0,0,0,0,0,0,0,0,0
180177,0,1,0,0,6,0,0,0,0,0,0,0
180177,1,1,5,5,5,5,5,5,5,5,5,5
180178,1,1,0,0,0,0,0,0,0,0,0,0
180178,2,1,0,0,0,0,0,0,0,0,0,0
180178,3,1,0,0,0,0,0,0,0,0,0,0
180178,4,1,0,0,0,0,0,0,0,0,0,0
180179,1,1,0,0,0,0,0,0,0,0,0,0
180179,2,1,0,0,0,0,0,0,0,0,0,0
180181,1,1,0,0,0,0,0,0,0,0,0,0
180182,1,1,0,0,0,0,0,0,0,0,0,0
180183,1,1,27,0,0,0,3,0,0,0,0,0