ST_CASE,VEH_NO,PER_NO,P1,P2,P3,P4,P5,P6,P7,P8,P9,P10
180183,2,1,15,0,0,0,0,0,11,0,0,0
180184,1,1,0,0,0,0,0,0,0,0,0,0
180184,2,1,0,0,0,0,0,0,0,0,0,0
180185,1,1,0,0,0,0,0,0,0,0,0,0
180185,2,1,0,0,0,0,0,0,0,0,0,0
180186,1,1,0,0,0,0,0,0,0,0,9,0
180187,1,1,0,0,0,0,0,0,0,0,0,0
180187,2,1,0,0,0,0,0,0,0,0,0,0
180188,0,1,0,19,20,0,0,23,0,20,0,0
180188,0,2,0,0,0,0,0,0,0,19,0,13
180188,1,1,0,0,0,0,0,0,0,0,0,0
180189,1,1,0,0,0,0,0,0,0,0,0,0
180190,1,1,0,0,0,0,0,0,0,0,0,0
180190,2,1,0,0,0,0,0,0,0,0,0,0
180191,0,1,0,0,0,0,0,0,0,0,21,0
180191,1,1,0,0,0,0,0,0,0,0,0,0
180192,1,1,22,22,22,22,22,22,22,22,22,22
180193,1,1,0,0,0,0,0,0,0,0,0,0
180193,2,1,0,0,0,0,0,0,0,0,0,0
180194,1,1,0,0,0,0,0,0,0,0,0,0
180195,1,1,0,0,0,0,0,0,0,0,0,0
180195,2,1,0,0,0,0,0,0,0,0,0,0
180196,1,1,8,9,25,20,14,4,18,21,35,23
180197,1,1,0,0,0,0,0,0,0,0,0,0
180197,2,1,0,0,0,0,0,0,0,0,0,0
180198,1,1,0,0,0,0,0,0,0,0,0,0
180198,2,1,0,0,0,0,0,0,0,0,0,0
180198,3,1,0,0,0,0,0,0,0,0,0,0
180199,1,1,0,0,0,0,0,0,0,0,0,0
180199,2,1,0,0,0,0,0,0,0,0,0,0
180200,1,1,27,27,27,27,27,27,27,27,27,27
180201,0,1,15,9,0,9,23,23,0,0,0,19
180201,1,1,0,0,0,0,0,0,0,0,0,0
180202,1,1,0,0,0,0,0,0,0,0,0,0
180203,1,1,0,0,0,0,0,0,0,0,0,0
180204,1,1,0,0,0,0,0,0,0,0,0,0
180204,2,1,0,0,0,0,0,0,0,0,0,0
180205,1,1,0,0,0,0,0,0,0,0,0,0
180206,1,1,0,0,0,0,0,0,0,0,0,0
180206,2,1,0,0,0,0,0,0,0,0,0,0
180207,0,1,0,0,0,0,0,0,0,0,0,0
180207,1,1,0,0,0,0,0,0,0,0,0,0
180208,1,1,0,19,0,0,0,0,0,0,0,0
180209,1,1,0,0,0,0,0,0,0,0,0,0
180210,0,1,11,0,0,25,0,0,18,0,8,0
180210,1,1,0,0,0,0,0,0,0,0,0,0
180211,1,1,0,0,0,0,0,0,0,0,0,0
180212,1,1,0,0,0,0,0,0,0,0,0,0
180213,1,1,0,0,0,15,0,0,0,0,0,0
180213,2,1,0,0,0,0,0,0,0,0,0,0
180214,1,1,0,0,0,0,0,0,0,0,0,0
180215,1,1,0,0,0,0,0,0,0,0,0,0
180216,1,1,3,3,3,3,3,3,3,3,3,3
180216,2,1,0,0,0,0,0,0,0,0,0,0
180217,1,1,0,0,0,0,0,0,0,0,0,0
180218,1,1,0,0,0,0,0,0,0,0,0,0
180218,2,1,0,0,0,0,0,0,0,0,0,0
180218,3,1,0,0,0,0,0,0,0,0,0,0
180219,1,1,10,10,10,10,10,10,10,10,10,10
180221,1,1,0,0,0,0,0,0,0,0,0,0
180221,2,1,0,0,0,0,0,0,0,0,0,0
180222,1,1,25,25,25,25,25,25,25,25,25,25
180222,2,1,0,0,0,0,0,0,0,0,0,0
180223,1,1,4,4,4,4,4,4,4,4,4,4
180223,2,1,0,0,0,0,0,0,0,0,0,0
180224,1,1,0,0,0,0,0,0,0,0,0,0
180225,0,1,23,23,23,23,23,23,23,23,23,23
180225,1,1,0,0,0,0,0,0,0,0,0,0
180226,1,1,16,16,16,16,16,16,16,16,16,16
180227,1,1,0,0,0,0,0,0,0,0,0,0
180227,2,1,0,0,0,0,0,0,0,0,0,0
180228,1,1,0,0,0,0,0,0,0,0,0,0
180228,2,1,0,0,0,0,0,0,0,0,0,0
180229,1,1,0,0,0,0,0,0,0,0,0,0
180230,1,1,5,0,24,0,0,11,6,0,0,0
180231,1,1,0,0,0,0,0,0,0,0,0,0
180231,2,1,0,0,0,0,0,0,0,0,0,0
180232,1,1,0,0,0,0,0,0,0,0,0,0
180233,1,1,6,6,6,6,6,6,6,6,6,6
180233,2,1,8,0,0,0,0,0,0,0,0,0
180234,1,1,0,0,24,0,0,32,0,0,0,0
180235,1,1,0,0,0,0,0,0,0,0,0,0
180236,1,1,15,15,15,15,15,15,15,15,15,15
180236,2,1,0,0,0,0,0,0,0,0,0,0
180237,1,1,0,0,0,0,0,0,0,0,0,0
180237,2,1,4,4,4,4,4,4,4,4,4,4
180237,3,1,0,0,0,0,0,0,0,0,0,0
180237,4,1,0,0,0,0,0,0,0,0,0,0
180238,1,1,0,0,0,0,0,0,0,0,0,0
180238,2,1,0,0,0,0,0,0,0,0,0,0
180238,3,1,0,0,0,0,0,0,0,0,0,0
180239,1,1,25,25,25,25,25,25,25,25,25,25
180240,1,1,0,0,0,0,0,0,0,0,0,0
180240,2,1,0,0,0,0,0,0,0,0,0,0
180241,1,1,10,10,10,10,10,10,10,10,10,10
180242,1,1,0,0,0,0,0,0,0,0,0,0
180242,2,1,0,0,0,0,0,0,0,0,0,0
180243,1,1,16,16,16,16,16,16,16,16,16,16
180244,1,1,0,0,0,0,0,0,0,0,0,0
180244,2,1,0,0,0,0,0,0,0,0,0,0
180245,0,1,0,0,0,0,0,0,0,0,0,0
180245,1,1,0,0,0,0,0,0,0,0,0,0
180246,1,1,0,0,0,0,0,0,0,0,0,0
180246,2,1,0,0,0,0,0,0,0,0,0,0
180247,0,1,0,0,0,0,0,0,0,0,0,0
180247,1,1,0,0,0,0,0,0,0,0,0,0
180248,1,1,11,11,11,11,11,11,11,11,11,11
180249,1,1,0,0,0,0,0,0,0,0,0,0
180249,2,1,0,0,0,0,0,0,0,0,0,0
180250,1,1,0,0,0,0,0,0,0,0,0,0
180250,2,1,0,0,0,0,0,0,0,0,0,0
180250,3,1,0,0,0,0,0,0,0,0,0,0
180250,4,1,0,0,0,0,0,0,0,0,0,0
180251,1,1,32,32,32,32,32,32,32,32,32,32
180252,1,1,0,0,0,0,0,0,0,0,0,0
180252,2,1,0,0,0,0,0,0,0,0,0,0
180253,1,1,0,0,0,0,0,0,0,0,0,0
180253,2,1,0,0,0,0,0,0,0,0,0,0
180254,1,1,0,0,0,0,0,0,0,0,0,0
180254,2,1,0,0,0,0,0,0,0,0,0,0
180255,1,1,0,0,0,0,0,0,0,0,0,0
180255,2,1,0,0,0,0,0,0,0,0,0,0
180256,1,1,0,0,0,0,0,0,0,0,0,0
180256,2,1,0,0,0,0,0,0,0,0,0,0
180257,1,1,18,29,31,10,25,9,0,14,16,11
180258,1,1,12,12,12,12,12,12,12,12,12,12
180259,0,1,0,0,0,0,0,0,0,0,0,0
180259,1,1,0,0,0,0,0,0,21,0,0,18
180260,0,1,18,18,18,18,18,18,18,18,18,18
180260,1,1,0,0,0,0,0,0,0,0,0,0
180261,1,1,20,20,20,20,20,20,20,20,20,20
180262,1,1,0,0,0,0,0,0,0,0,0,0
180262,2,1,0,0,0,0,0,0,0,0,0,0
180262,3,1,0,0,0,0,0,0,0,0,0,10
180263,1,1,0,0,0,0,0,0,0,0,0,0
180263,2,1,0,0,0,0,0,0,0,0,0,0
180264,1,1,0,0,0,0,0,0,0,0,0,26
180264,2,1,0,0,0,0,0,0,0,0,0,0
180265,1,1,0,0,0,14,12,0,0,21,0,0
180266,1,1,0,0,0,0,0,0,0,0,0,0
180267,1,1,0,0,0,0,0,0,0,0,0,0
180267,2,1,0,0,0,0,0,0,0,0,0,0
180268,1,1,0,0,0,0,0,0,0,0,0,0
180268,2,1,0,0,0,0,0,0,0,0,0,0
180268,3,1,0,0,0,0,0,0,0,0,0,0
180268,4,1,0,0,0,0,0,0,0,0,0,0
180269,1,1,0,0,11,14,9,12,15,0,18,0
180269,2,1,0,0,0,0,0,0,0,0,0,0
180270,1,1,13,12,14,16,10,13,17,6,8,10
180271,1,1,0,0,0,0,0,0,0,0,0,0
180271,2,1,0,0,0,0,0,0,0,0,0,0
180272,1,1,0,0,0,0,0,0,0,0,0,0
180272,2,1,0,14,0,13,0,0,0,21,0,0
180273,1,1,0,0,0,0,0,0,0,0,0,0
180273,2,1,0,0,0,0,0,0,0,0,0,0
180274,1,1,16,16,16,16,16,16,16,16,16,16
180275,1,1,0,0,0,0,0,0,0,0,0,0
180276,0,1,0,0,28,40,0,16,0,0,0,0
180276,1,1,0,0,0,0,0,0,0,7,0,0
180277,1,1,0,0,0,0,0,0,0,0,0,0
180278,1,1,0,0,0,0,0,0,0,0,0,0
180279,0,1,0,0,0,33,0,0,0,0,0,0
180279,1,1,0,0,0,0,0,0,0,0,0,0
180280,1,1,0,0,0,11,0,0,0,0,0,0
180281,1,1,3,3,3,3,3,3,3,3,3,3
180282,1,1,0,30,0,0,33,14,10,0,29,0
180283,1,1,14,14,14,14,14,14,14,14,14,14
180284,1,1,12,12,12,12,12,12,12,12,12,12
180285,1,1,0,0,0,0,0,0,0,0,0,0
180285,2,1,0,0,0,0,0,0,0,0,0,0
180286,1,1,0,0,0,0,0,0,0,0,0,0
180286,2,1,0,0,0,0,0,0,0,0,0,0
180286,3,1,0,0,0,0,0,0,0,0,0,0
180287,1,1,20,20,20,20,20,20,20,20,20,20
180288,1,1,15,15,15,15,15,15,15,15,15,15
180288,2,1,0,0,0,0,0,0,0,0,0,0
180289,1,1,19,0,0,18,14,13,0,0,7,0
180290,0,1,33,33,33,33,33,33,33,33,33,33
180290,1,1,0,0,0,0,0,0,0,0,0,0
180291,1,1,0,0,0,0,0,0,0,0,0,0
180291,2,1,0,0,0,0,0,0,0,0,0,0
180292,1,1,0,0,0,0,0,0,0,0,0,0
180293,1,1,0,0,0,0,0,0,0,0,0,0
180293,2,1,0,0,0,0,0,0,0,0,0,0
180294,1,1,0,0,0,0,0,0,0,0,0,0
180294,2,1,0,0,0,0,0,0,0,0,0,0
180295,1,1,0,0,0,0,0,0,0,0,0,0
180295,2,1,0,0,0,0,0,0,0,0,0,0
180296,1,1,26,26,26,26,26,26,26,26,26,26
180296,2,1,0,0,0,0,0,0,0,0,0,0
180298,1,1,17,17,17,17,17,17,17,17,17,17
180298,2,1,0,0,0,0,0,0,0,0,0,0
180299,1,1,0,0,0,0,0,0,0,0,0,0
180300,1,1,0,0,0,0,0,0,0,0,0,0
180300,2,1,0,0,0,0,0,0,0,0,0,0
180301,1,1,0,0,0,0,0,16,0,10,0,0
180302,1,1,0,0,0,0,0,0,0,0,0,0
180303,0,1,18,0,0,0,0,0,32,33,0,12
180303,1,1,0,0,0,0,0,0,19,0,0,11
180304,1,1,27,27,27,27,27,27,27,27,27,27
180305,1,1,0,0,0,0,0,0,0,0,0,0
180305,2,1,0,0,0,0,0,0,0,0,0,0
180306,1,1,0,0,0,0,0,5,24,0,0,0
180307,0,1,31,0,27,0,0,11,31,22,36,0
180307,1,1,0,0,0,0,0,0,0,0,0,0
180308,1,1,6,0,0,0,14,0,12,0,0,0
180309,1,1,31,31,31,31,31,31,31,31,31,31
180310,1,1,0,0,0,0,0,0,0,16,0,0
180311,1,1,0,0,0,0,0,0,0,0,0,0
180312,1,1,0,0,0,0,0,0,0,0,0,0
180313,1,1,12,12,12,12,12,12,12,12,12,12
180314,1,1,0,0,0,0,0,0,0,0,0,0
180314,2,1,0,0,0,0,0,0,0,0,0,0
180315,1,1,0,0,0,0,0,0,0,0,0,0
180315,2,1,0,0,0,0,0,0,0,0,0,0
180316,1,1,0,0,0,0,0,0,0,0,0,0
180317,0,1,0,0,0,0,12,0,22,10,0,0
180317,1,1,0,0,0,0,0,0,0,0,0,0
180318,1,1,17,17,17,17,17,17,17,17,17,17
180319,1,1,0,0,0,0,0,0,0,0,0,0
180320,0,1,0,0,0,0,0,0,0,0,0,0
180320,1,1,0,0,0,0,0,0,0,0,0,0
180321,1,1,0,0,0,0,0,0,0,0,0,0
180321,2,1,0,0,0,0,0,0,0,0,0,0
180322,1,1,0,0,0,0,0,0,0,0,0,0
180323,0,1,12,19,7,14,27,11,23,17,21,17
180323,1,1,0,0,0,0,0,0,0,0,0,0
180324,1,1,0,0,10,47,0,0,0,0,0,0
180324,2,1,0,0,0,0,0,0,0,0,0,0
180325,1,1,0,0,0,0,0,0,0,0,0,0
180325,2,1,0,0,0,0,0,0,0,0,0,0
180326,0,1,14,16,0,14,20,21,24,14,0,0
180326,1,1,9,4,25,15,10,9,5,12,5,15
180327,1,1,0,0,0,0,0,0,0,0,0,0
180327,2,1,0,0,0,0,0,0,0,0,0,0
180328,1,1,0,0,0,0,0,0,0,0,0,0
180328,2,1,0,0,0,0,0,0,0,0,0,0
180329,1,1,0,0,0,0,0,0,0,0,0,0
180330,1,1,0,0,15,0,0,0,0,0,0,0
180330,2,1,0,0,0,0,0,0,0,0,0,0
180331,1,1,0,0,0,0,0,0,0,0,0,0
180332,0,1,0,0,0,0,0,0,0,0,7,0
180332,1,1,0,0,17,0,0,3,0,0,0,6
180333,1,1,0,0,0,11,0,0,0,0,0,0
180333,2,1,0,0,0,0,0,0,0,0,0,0
180334,1,1,0,0,0,0,0,0,0,0,0,0
180334,2,1,0,0,0,0,0,0,0,0,0,0
180335,1,1,13,13,13,13,13,13,13,13,13,13
180335,2,1,0,0,0,0,0,0,0,0,0,0
180336,1,1,0,0,0,0,0,0,0,0,0,0
180336,2,1,0,0,0,0,0,0,0,0,4,0
180337,0,1,0,0,0,0,0,20,0,0,19,0
180338,1,1,0,0,0,0,0,0,0,0,0,0
180338,2,1,0,0,0,0,0,0,0,0,0,0
180339,1,1,0,0,0,0,0,0,0,0,0,0
180339,2,1,0,0,0,0,0,0,0,0,0,0
180340,1,1,0,0,0,0,0,0,0,0,0,0
180341,1,1,0,0,0,0,0,0,0,0,0,0
180341,2,1,0,0,0,0,0,0,0,0,0,0
180342,1,1,0,0,0,0,0,0,0,0,0,0
180342,2,1,0,0,0,0,0,0,0,0,0,0
180343,1,1,2,2,2,2,2,2,2,2,2,2
180343,2,1,0,0,0,0,0,0,0,0,0,0
180344,1,1,0,0,0,0,0,0,0,0,0,0
180345,1,1,9,9,9,9,9,9,9,9,9,9
180346,1,1,0,0,0,0,0,0,0,0,0,0
180346,2,1,0,0,0,0,0,0,0,0,0,0
180346,3,1,0,0,0,0,0,0,0,0,0,0
180348,1,1,0,0,0,0,0,0,0,0,0,0
180348,2,1,0,0,0,0,0,0,0,0,0,0
180348,3,1,0,0,0,0,0,0,0,0,0,0
180349,1,1,20,20,20,20,20,20,20,20,20,20
180350,1,1,0,0,0,0,0,0,0,0,0,0
180351,0,1,0,0,0,0,0,0,0,0,0,0
180351,1,1,0,0,0,0,0,0,0,0,0,0
180352,1,1,0,0,28,0,0,0,16,12,26,0
180352,2,1,0,0,0,0,0,0,0,0,0,0
180353,1,1,0,0,0,0,0,0,0,0,0,0
180353,2,1,0,0,0,0,0,0,0,0,0,0
180354,1,1,8,8,8,8,8,8,8,8,8,8
180354,2,1,0,0,0,0,0,28,0,0,0,0
180355,1,1,0,0,0,9,0,0,0,0,0,0
180356,1,1,0,0,0,0,0,0,0,0,0,0
180356,2,1,0,0,0,0,0,0,0,0,0,0
180358,1,1,0,0,0,0,0,0,0,0,0,0
180358,2,1,0,0,0,0,0,0,0,0,0,0
180359,1,1,0,0,22,0,0,0,0,0,0,0
180360,1,1,0,0,0,0,0,0,0,0,0,0
180360,2,1,0,0,0,0,0,0,0,0,0,0
180361,0,1,14,20,21,10,26,19,6,0,0,18
180361,0,2,24,0,0,32,17,0,25,28,0,0
180361,1,1,0,0,0,0,0,0,0,0,0,0
180362,1,1,0,0,0,0,0,0,0,0,0,0
180362,2,1,0,0,0,0,0,0,0,0,0,0
180363,1,1,0,0,0,0,0,0,0,0,0,0
180364,1,1,0,0,0,0,0,0,0,0,0,0
180364,2,1,0,0,0,0,0,0,0,0,0,0
180365,1,1,0,0,0,0,0,0,0,0,0,0
180365,2,1,0,0,0,0,0,0,0,0,0,0
180366,1,1,0,0,0,0,0,0,0,0,0,0
180366,2,1,0,0,0,0,0,0,0,0,0,0
180367,1,1,30,15,0,0,0,0,0,0,0,0
180368,0,1,0,0,0,0,0,0,0,0,0,0
180368,1,1,2,2,2,2,2,2,2,2,2,2
180369,1,1,0,0,31,0,0,0,0,0,0,0
180370,1,1,20,20,20,20,20,20,20,20,20,20
180371,1,1,0,0,0,0,0,0,0,0,0,0
180371,2,1,0,0,0,0,0,0,0,0,0,0
180372,1,1,0,0,0,0,0,0,0,0,0,0
180373,1,1,0,0,0,0,0,0,0,0,0,0
180373,2,1,0,0,0,0,0,0,0,0,0,0
180375,1,1,0,0,0,0,0,0,0,0,0,0
180375,2,1,0,0,0,0,0,0,0,0,0,0
180376,1,1,19,19,19,19,19,19,19,19,19,19
180377,1,1,0,0,0,0,0,0,0,0,0,0
180377,2,1,0,0,0,0,0,0,0,0,0,0
180378,1,1,0,0,0,0,0,0,0,0,0,0
180378,2,1,0,0,0,0,0,0,0,0,0,0
180379,1,1,0,0,0,0,0,0,0,0,0,0
180379,2,1,0,0,0,0,0,0,0,0,0,0
180380,1,1,0,0,0,0,0,0,0,0,0,0
180380,2,1,0,0,0,0,0,0,0,0,0,0
180381,1,1,0,0,0,0,0,0,0,0,0,0
180381,2,1,0,0,0,0,0,0,0,0,0,0
180382,1,1,16,16,16,16,16,16,16,16,16,16
180383,1,1,0,0,0,0,0,0,0,0,0,0
180384,1,1,21,7,23,0,23,0,0,0,0,2
180385,1,1,0,0,0,0,0,0,0,0,0,0
180386,1,1,0,0,0,7,0,0,0,9,0,23
180387,1,1,0,0,0,0,0,0,0,0,0,0
180387,2,1,0,0,0,0,0,0,0,0,0,0
180388,1,1,19,19,19,19,19,19,19,19,19,19
180388,2,1,0,0,0,0,0,0,0,0,0,0
180389,1,1,0,0,9,17,0,20,0,18,6,0
180390,1,1,0,0,0,0,0,0,0,0,0,0
180390,2,1,0,0,0,0,0,0,0,0,0,0
180391,1,1,19,19,19,19,19,19,19,19,19,19
180391,2,1,0,0,0,0,0,0,0,0,0,0
180392,1,1,0,0,0,0,0,0,0,0,0,0
180393,1,1,24,24,24,24,24,24,24,24,24,24
180394,1,1,0,0,0,0,0,0,0,0,0,0
180395,1,1,0,24,11,20,25,0,29,18,0,18
180396,1,1,0,0,0,0,0,0,0,0,0,0
180396,2,1,0,9,0,0,0,0,0,0,0,0
180396,3,1,0,0,0,0,0,0,0,0,0,0
180397,1,1,0,11,0,0,0,0,0,0,0,18
180398,1,1,0,0,0,0,0,0,0,0,0,0
180398,2,1,0,0,0,0,0,0,0,0,0,0
180399,1,1,0,0,0,0,0,0,0,0,0,0
180399,2,1,0,7,0,19,16,0,0,0,0,13
180400,1,1,0,0,0,0,0,0,0,0,0,0
180401,1,1,12,12,12,12,12,12,12,12,12,12
180401,2,1,19,19,19,19,19,19,19,19,19,19
180402,1,1,25,25,25,25,25,25,25,25,25,25
180403,1,1,0,0,6,0,0,0,0,0,0,0
180403,2,1,0,0,0,0,0,0,0,0,0,0
180404,1,1,0,0,0,11,0,0,0,0,0,0
180405,0,1,0,0,0,0,0,0,16,0,0,0
180405,0,2,0,4,0,0,22,0,0,0,0,0
180405,1,1,0,0,13,0,0,0,0,0,0,0
180406,1,1,13,0,0,12,0,0,0,0,0,0
180407,1,1,0,0,0,0,0,0,0,0,0,0
180407,2,1,0,0,0,0,0,0,0,0,0,0
180407,3,1,0,0,0,0,0,0,0,0,0,0
180408,1,1,0,0,0,22,0,8,0,0,19,0
180409,0,1,0,0,21,0,0,0,0,0,0,0
180409,1,1,0,0,0,0,0,0,0,0,0,0
180410,1,1,0,0,0,0,0,0,0,0,0,0
180410,2,1,0,0,0,0,0,0,0,0,3,9
180411,1,1,0,0,0,0,0,0,0,0,0,0
180411,2,1,0,0,0,0,0,0,0,0,0,0
180412,1,1,0,0,0,0,0,0,0,0,0,0
180413,1,1,0,0,0,0,0,0,0,0,0,0
180413,2,1,24,24,24,24,24,24,24,24,24,24
180414,1,1,27,27,27,27,27,27,27,27,27,27
180414,2,1,23,23,23,23,23,23,23,23,23,23
180415,1,1,0,0,0,0,0,0,0,0,0,0
180416,1,1,0,0,0,0,0,0,0,0,0,0
180417,1,1,0,0,0,0,0,0,0,0,0,0
180417,2,1,0,0,0,17,0,0,0,0,0,0
180418,1,1,29,29,29,29,29,29,29,29,29,29
180418,2,1,0,0,0,0,0,0,0,0,0,0
180419,0,1,0,0,0,0,0,0,0,0,0,0
180419,1,1,0,0,0,0,0,0,0,0,0,0
180420,1,1,0,0,0,0,0,0,0,0,0,0
180420,2,1,0,0,0,0,0,0,0,0,0,0
180421,1,1,9,9,9,9,9,9,9,9,9,9
180422,1,1,0,0,0,0,0,0,0,0,0,0
180422,2,1,0,0,0,0,0,0,0,0,8,0
180422,3,1,0,0,0,0,0,0,0,0,0,0
180423,1,1,0,0,0,0,0,0,0,0,0,0
180423,2,1,0,0,0,0,0,0,0,0,0,0
180423,3,1,0,0,0,0,0,0,0,0,0,0
180424,1,1,0,0,0,0,0,0,0,0,0,0
180424,2,1,0,0,0,0,0,0,0,0,0,0
180425,1,1,0,0,0,0,0,0,0,0,0,0
180425,2,1,0,0,0,0,0,0,0,0,0,0
180426,1,1,0,0,0,0,0,0,0,0,0,0
180427,1,1,23,23,23,23,23,23,23,23,23,23
180428,1,1,0,0,0,0,0,0,0,0,0,0
180429,1,1,15,15,15,15,15,15,15,15,15,15
180430,1,1,0,0,0,0,0,0,29,0,0,0
180431,1,1,0,0,0,0,0,0,0,0,0,0
180431,2,1,0,0,0,0,0,0,0,0,0,0
180432,0,1,25,25,25,25,25,25,25,25,25,25
180432,1,1,0,0,0,0,0,0,0,0,0,0
180433,1,1,0,0,0,0,0,0,0,0,0,0
180433,2,1,0,0,0,0,0,0,0,0,0,0
180434,1,1,16,16,16,16,16,16,16,16,16,16
180434,2,1,0,0,0,0,0,0,0,0,0,0
180434,3,1,0,0,0,0,0,0,0,0,0,0
180435,1,1,0,0,0,0,0,0,0,0,0,0
180436,1,1,0,0,0,0,0,0,0,0,0,0
180437,1,1,0,0,0,0,0,0,0,0,0,0
180437,2,1,0,0,0,0,0,0,0,0,0,0
180438,0,1,0,0,0,0,0,0,0,0,0,0
180438,1,1,0,0,0,0,0,0,0,0,0,0
180439,1,1,16,16,16,16,16,16,16,16,16,16
180440,0,1,0,0,0,0,0,0,0,0,0,0
180441,1,1,0,0,0,0,0,0,0,0,0,0
180441,2,1,0,25,0,0,0,0,0,0,0,0
180442,0,1,20,33,19,22,31,22,21,13,26,32
180442,1,1,0,0,0,0,0,0,0,0,0,0
180443,1,1,0,0,0,0,0,0,0,0,0,0
180443,2,1,0,15,0,0,0,0,4,0,0,0
180444,1,1,0,0,0,0,0,0,0,0,0,0
180445,1,1,0,0,0,0,0,0,0,0,0,0
180446,1,1,0,0,0,0,0,0,0,0,0,0
180447,1,1,18,18,18,18,18,18,18,18,18,18
180448,1,1,25,25,25,25,25,25,25,25,25,25
180449,1,1,0,0,0,0,0,0,0,0,0,0
180449,2,1,0,0,0,0,0,0,0,0,0,0
180450,1,1,0,0,0,0,0,0,0,0,0,0
180450,2,1,0,0,0,0,0,0,0,0,0,0
180451,1,1,21,21,21,21,21,21,21,21,21,21
180452,1,1,25,25,25,25,25,25,25,25,25,25
180453,1,1,0,0,0,6,0,0,0,0,0,0
180454,1,1,0,0,0,0,0,0,0,0,0,0
180454,2,1,0,0,0,0,0,8,0,0,0,0
180455,1,1,0,0,0,0,0,0,16,0,0,0
180456,0,1,11,20,34,7,0,25,0,71,0,0
180456,1,1,24,16,19,12,20,9,16,3,14,7
180457,1,1,22,22,22,22,22,22,22,22,22,22
180458,1,1,0,11,0,0,13,0,0,0,0,15
180459,1,1,11,11,11,11,11,11,11,11,11,11
180460,1,1,0,0,0,0,0,0,0,0,0,0
180460,2,1,0,0,0,0,0,0,0,0,0,0
180461,1,1,5,5,5,5,5,5,5,5,5,5
180461,2,1,0,0,8,0,0,0,31,0,0,0
180462,1,1,13,13,13,13,13,13,13,13,13,13
180463,1,1,0,0,0,0,0,0,0,0,0,0
180463,2,1,0,0,0,0,20,0,0,0,0,0
180464,1,1,0,0,0,0,0,18,0,0,0,0
180464,2,1,0,0,0,0,0,0,0,3,6,0
180465,1,1,0,0,0,0,0,0,0,0,0,0
180465,2,1,0,0,0,0,0,0,0,0,0,0
180466,1,1,0,0,0,0,0,0,0,0,0,0
180466,2,1,0,0,0,0,0,0,0,0,0,0
180467,1,1,0,0,0,0,0,0,0,0,0,0
180468,0,1,22,0,2,0,15,0,0,36,25,0
180468,1,1,0,0,0,0,0,0,0,0,0,0
180469,1,1,0,0,0,0,0,0,0,0,0,0
180469,2,1,0,0,0,0,0,0,0,0,0,0
180470,1,1,28,28,28,28,28,28,28,28,28,28
180471,0,1,0,0,29,0,0,28,0,0,0,0
180471,1,1,9,9,9,9,9,9,9,9,9,9
180472,0,1,0,0,0,0,0,0,0,0,0,0
180472,0,2,0,0,0,0,0,0,0,0,0,0
180472,1,1,0,0,0,0,0,0,0,0,0,0
180473,1,1,11,11,11,11,11,11,11,11,11,11
180474,1,1,0,0,0,0,0,0,0,0,0,0
180474,2,1,0,0,0,0,0,0,0,0,0,0
180474,3,1,0,0,0,0,0,0,0,0,0,0
180475,1,1,0,0,0,0,0,0,0,0,0,26
180475,2,1,0,0,0,0,0,0,0,0,0,0
180476,1,1,26,26,26,26,26,26,26,26,26,26
180477,1,1,0,0,0,0,0,0,0,0,0,0
180477,2,1,0,0,0,0,0,0,0,0,0,0
180477,3,1,0,0,0,0,0,0,0,0,0,0
180478,0,1,24,24,24,24,24,24,24,24,24,24
180478,1,1,0,0,0,0,0,0,0,0,0,0
180479,1,1,0,0,0,0,0,9,0,0,0,0
180479,2,1,0,0,0,0,0,0,0,0,0,0
180480,1,1,0,0,0,0,0,0,0,0,0,0
180480,2,1,0,0,0,0,0,0,0,0,0,0
180481,1,1,0,0,0,0,0,0,0,0,0,0
180481,2,1,0,18,0,0,0,0,0,0,0,0
180482,1,1,0,0,0,0,0,0,0,0,0,0
180482,2,1,0,0,0,0,0,0,0,0,0,0
180482,3,1,0,0,0,0,0,0,0,0,0,0
180483,1,1,0,0,0,0,0,22,0,0,0,0
180483,2,1,0,0,0,0,0,0,0,0,16,0
180483,3,1,0,20,0,0,0,0,0,0,0,0
180484,1,1,18,18,18,18,18,18,18,18,18,18
180485,1,1,35,35,35,35,35,35,35,35,35,35
180486,1,1,0,0,0,0,0,0,0,0,0,0
180486,2,1,0,0,0,0,0,0,0,0,0,0
180487,1,1,0,0,0,0,0,0,0,0,0,0
180487,2,1,0,0,0,0,0,0,0,0,0,0
180488,0,1,24,0,5,0,8,20,5,6,13,33
180488,1,1,0,0,0,0,0,0,0,0,0,0
180489,1,1,0,0,0,0,0,0,0,0,0,0
180490,1,1,10,10,10,10,10,10,10,10,10,10
180490,2,1,13,0,0,0,0,0,0,0,0,0
180491,1,1,17,17,17,17,17,17,17,17,17,17
180492,1,1,0,0,0,0,0,0,0,0,0,0
180493,0,1,0,0,0,0,0,0,0,0,0,0
180493,1,1,8,0,0,24,0,10,0,0,0,0
180493,2,1,0,0,0,0,0,0,0,0,16,0
180493,3,1,0,0,0,0,0,0,0,0,0,0
180494,1,1,0,0,0,0,0,0,0,0,0,0
180494,2,1,0,0,0,0,0,0,0,0,0,0
180495,1,1,10,0,0,0,0,0,0,0,0,0
180496,1,1,0,0,0,0,0,0,0,0,0,0
180496,2,1,0,0,0,0,0,0,0,0,0,0
180497,1,1,0,0,0,0,0,0,0,0,0,0
180497,2,1,0,0,0,0,0,0,0,0,0,0
180498,1,1,0,0,0,0,0,0,0,0,0,0
180499,1,1,0,0,0,0,0,0,0,0,0,0
180499,2,1,0,0,0,0,0,0,0,0,0,0