ST_CASE,VEH_NO,PER_NO,P1,P2,P3,P4,P5,P6,P7,P8,P9,P10
180500,1,1,31,31,31,31,31,31,31,31,31,31
180501,1,1,0,0,0,0,0,0,0,0,0,0
180501,2,1,0,0,0,0,0,0,0,0,0,0
180502,1,1,0,0,0,0,0,0,0,0,0,0
180503,1,1,0,0,0,0,0,0,0,0,0,0
180503,2,1,0,0,17,0,0,0,22,0,0,0
180504,1,1,18,0,19,0,21,0,8,17,10,14
180505,0,1,0,0,0,0,0,0,0,0,0,0
180505,0,2,0,0,0,0,0,32,0,0,0,17
180505,1,1,0,0,0,0,0,0,0,0,0,0
180506,1,1,0,0,0,0,0,0,0,0,0,0
180507,0,1,2,2,2,2,2,2,2,2,2,2
180507,1,1,0,11,0,0,0,0,0,0,0,0
180507,2,1,0,0,0,0,0,0,0,0,0,0
180508,1,1,0,0,0,0,0,0,0,0,0,0
180508,2,1,0,0,0,0,0,0,0,0,0,0
180509,1,1,0,0,3,0,0,0,0,0,0,13
180510,1,1,0,0,0,5,0,0,0,0,0,6
180511,1,1,0,0,0,0,9,0,0,0,0,0
180512,0,1,0,0,0,0,0,0,0,0,0,0
180512,1,1,0,0,0,0,0,0,0,0,0,0
180513,1,1,0,0,0,0,0,0,0,0,0,0
180513,2,1,0,0,0,0,0,0,11,0,0,0
180513,3,1,0,0,0,0,0,0,0,0,0,0
180515,1,1,0,13,20,0,18,0,16,11,0,30
180517,1,1,0,0,0,0,0,0,0,0,0,0
180518,1,1,0,0,29,3,0,0,33,0,17,13
180520,0,1,0,0,0,0,0,0,0,0,0,0
180520,1,1,0,0,0,0,0,0,0,0,0,0
180521,1,1,0,12,0,0,0,0,0,0,0,0
180522,1,1,0,0,0,0,0,0,0,0,0,0
180523,1,1,0,0,0,0,0,0,0,0,0,0
180524,0,1,0,0,0,0,0,0,0,0,0,0
180524,1,1,0,0,0,0,0,0,0,0,0,0
180525,0,1,20,20,20,20,20,20,20,20,20,20
180525,1,1,0,0,0,0,16,0,0,0,0,0
180526,1,1,17,17,17,17,17,17,17,17,17,17
180527,1,1,5,13,7,0,0,6,12,8,51,8
180527,2,1,0,0,0,0,0,0,0,0,0,0
180528,1,1,0,0,0,0,0,0,0,0,0,0
180528,2,1,0,0,0,0,0,0,0,0,0,0
180529,1,1,0,0,0,0,0,0,0,0,0,0
180530,1,1,24,24,24,24,24,24,24,24,24,24
180530,2,1,0,0,0,0,0,0,0,0,0,0
180530,3,1,0,0,0,0,0,0,0,0,0,0
180531,1,1,0,0,0,0,0,0,0,0,0,0
180531,2,1,0,0,0,0,0,0,0,0,0,0
180532,1,1,19,19,19,19,19,19,19,19,19,19
180534,1,1,0,0,0,0,0,0,0,0,0,0
180534,2,1,0,0,0,0,0,0,0,0,0,0
180534,3,1,0,0,0,0,0,0,0,0,0,0
180535,1,1,35,35,35,35,35,35,35,35,35,35
180535,2,1,0,0,0,0,0,0,0,0,0,0
180536,0,1,0,23,13,18,0,0,0,5,9,0
180536,1,1,0,0,0,0,0,0,0,0,0,0
180537,1,1,0,0,0,0,0,0,0,0,0,0
180537,2,1,0,0,0,0,0,0,0,13,0,0
180538,1,1,0,0,0,26,12,7,0,0,0,19
180539,1,1,23,23,23,23,23,23,23,23,23,23
180541,1,1,33,33,33,33,33,33,33,33,33,33
180542,1,1,0,0,0,0,0,0,0,0,0,0
180543,1,1,0,0,0,0,0,0,0,0,0,0
180543,2,1,0,0,0,0,0,0,0,0,0,0
180544,1,1,0,0,0,0,0,0,0,0,0,0
180544,2,1,0,0,0,0,0,0,0,0,0,0
180544,3,1,0,0,0,0,0,0,0,0,0,0
180545,1,1,0,0,0,0,0,0,0,0,0,0
180545,2,1,0,0,0,0,0,0,0,0,0,0
180546,1,1,15,15,15,15,15,15,15,15,15,15
180546,2,1,0,0,0,0,0,0,0,0,0,0
180547,1,1,0,21,0,0,0,0,0,16,12,0
180548,1,1,0,0,0,0,0,0,0,0,0,0
180548,2,1,0,0,0,0,0,0,0,0,0,0
180548,3,1,0,0,0,0,0,0,0,0,0,0
180549,1,1,0,19,0,0,0,0,19,0,18,0
180550,1,1,12,12,12,12,12,12,12,12,12,12
180551,1,1,0,0,0,0,0,0,0,0,0,0
180552,1,1,0,0,0,0,0,0,0,0,0,0
180552,2,1,0,0,0,0,0,0,0,0,0,0
180554,1,1,0,0,0,0,0,0,0,0,0,0
180555,1,1,0,0,0,0,0,0,0,0,0,0
180555,2,1,0,0,0,0,0,0,0,0,0,0
180556,1,1,0,0,0,0,0,0,0,0,0,0
180556,2,1,0,0,0,0,0,0,0,0,0,0
180557,1,1,0,0,0,0,0,0,0,0,0,0
180558,1,1,0,38,0,0,11,0,0,16,0,0
180559,1,1,0,0,0,0,0,0,0,0,26,0
180560,1,1,20,20,20,20,20,20,20,20,20,20
180561,1,1,0,0,0,0,0,0,0,0,0,0
180561,2,1,0,0,0,0,0,0,0,0,0,0
180562,1,1,0,0,0,0,0,0,0,0,0,0
180562,2,1,0,0,0,0,0,0,0,0,0,0
180563,1,1,13,13,13,13,13,13,13,13,13,13
180564,1,1,0,0,0,0,0,0,0,0,0,0
180564,2,1,0,0,0,0,0,0,0,0,0,0
180564,3,1,0,0,0,0,0,0,0,0,0,0
180565,1,1,15,15,15,15,15,15,15,15,15,15
180566,1,1,0,0,0,0,0,0,0,0,0,0
180566,2,1,0,0,0,0,0,0,0,0,0,0
180567,1,1,5,5,5,5,5,5,5,5,5,5
180567,2,1,0,0,0,0,0,0,0,0,0,0
180568,0,1,0,0,0,0,0,0,0,0,0,0
180568,1,1,0,0,0,0,0,0,0,0,0,0
180569,1,1,0,0,0,0,0,0,0,0,0,0
180570,1,1,0,0,0,0,0,0,0,0,0,0
180570,2,1,0,0,0,0,0,0,0,0,0,0
180571,1,1,0,0,0,0,0,0,0,0,0,0
180571,2,1,0,0,0,0,0,0,0,0,0,0
180572,0,1,29,29,29,29,29,29,29,29,29,29
180572,1,1,0,0,0,0,0,0,0,0,0,0
180573,0,1,0,0,0,0,0,0,0,0,0,0
180573,1,1,0,0,0,0,0,0,0,0,0,0
180574,1,1,0,0,0,0,0,0,0,0,0,4
180575,1,1,0,0,0,0,0,0,0,0,3,0
180576,1,1,0,0,0,0,0,0,0,0,0,0
180576,2,1,12,0,0,0,0,0,0,0,0,0
180577,1,1,0,0,0,0,0,0,0,0,0,0
180577,2,1,15,15,15,15,15,15,15,15,15,15
180578,1,1,0,0,0,0,0,0,0,0,16,0
180581,1,1,0,0,0,0,0,0,0,0,0,0
180581,2,1,0,0,0,0,0,0,0,0,0,10
180581,3,1,0,0,0,0,0,0,0,0,0,0
180583,1,1,0,0,0,0,0,0,0,0,0,0
180584,1,1,0,0,0,0,0,0,0,0,0,0
180584,2,1,0,0,0,0,0,0,0,0,0,0
180585,1,1,0,0,18,0,0,16,0,0,0,0
180586,1,1,0,0,0,0,0,0,0,0,0,0
180586,2,1,0,0,0,0,0,0,0,0,0,0
180587,1,1,0,0,0,0,0,0,0,0,0,0
180587,2,1,0,0,0,0,0,0,0,0,0,0
180588,1,1,11,11,11,11,11,11,11,11,11,11
180589,1,1,0,0,0,0,0,0,12,0,0,0
180589,2,1,0,0,0,0,0,0,0,0,0,0
180590,1,1,0,0,0,0,0,0,0,0,0,0
180591,0,1,0,0,0,0,29,0,0,25,0,0
180591,1,1,0,0,0,0,0,0,0,0,0,0
180592,1,1,7,7,7,7,7,7,7,7,7,7
180593,1,1,0,0,0,0,0,0,0,0,0,0
180594,1,1,0,16,0,0,0,0,0,0,0,0
180595,1,1,0,0,0,0,0,0,0,0,0,0
180596,0,1,23,23,23,23,23,23,23,23,23,23
180596,1,1,0,0,0,0,7,0,5,9,0,8
180597,1,1,0,0,0,0,0,0,0,0,0,0
180597,2,1,0,0,0,0,0,0,0,0,0,0
180597,3,1,0,0,0,0,0,0,0,0,0,0
180598,1,1,0,0,0,0,0,0,0,0,0,0
180598,2,1,0,0,0,0,0,0,0,0,0,0
180598,3,1,0,0,0,0,0,12,0,0,0,0
180598,4,1,0,0,0,0,0,0,0,0,0,0
180599,1,1,0,0,0,0,0,0,0,0,0,0
180599,2,1,0,0,0,0,0,0,0,0,0,0
180600,1,1,0,0,0,0,0,0,0,0,0,0
180600,2,1,0,0,0,0,0,0,0,0,0,0
180601,1,1,0,0,0,0,0,0,0,0,0,0
180601,2,1,0,0,0,0,0,0,0,0,0,0
180602,0,1,0,0,0,0,0,0,23,0,0,0
180602,1,1,0,0,17,0,0,0,0,0,0,0
180603,1,1,11,11,11,11,11,11,11,11,11,11
180604,1,1,0,0,0,0,0,0,0,0,0,0
180605,1,1,0,0,0,0,0,0,0,0,0,0
180605,2,1,0,0,0,0,0,0,0,0,0,0
180606,0,1,0,0,0,0,0,0,0,0,0,0
180606,1,1,0,0,0,0,0,0,0,0,0,0
180607,1,1,0,0,0,0,0,0,0,0,0,0
180608,0,1,25,0,0,0,0,0,11,0,0,0
180608,1,1,0,0,0,0,0,0,0,0,0,0
180609,1,1,0,0,0,0,0,0,0,0,0,0
180610,1,1,0,0,0,0,0,0,0,0,0,0
180611,1,1,0,0,0,0,0,0,0,0,0,0
180612,1,1,0,0,0,0,0,0,0,0,0,0
180613,1,1,0,0,0,0,0,0,0,0,0,0
180614,1,1,10,10,10,10,10,10,10,10,10,10
180615,1,1,0,0,0,0,0,0,0,0,0,0
180615,2,1,0,0,0,0,0,0,0,0,0,0
180616,1,1,0,0,0,0,0,0,0,0,23,0
180617,1,1,0,27,0,0,0,0,0,0,0,0
180617,2,1,0,0,0,0,0,0,0,0,0,0
180618,1,1,0,16,0,0,0,0,0,0,0,0
180618,2,1,3,3,3,3,3,3,3,3,3,3
180620,1,1,0,0,0,0,0,0,0,0,0,0
180621,1,1,0,0,0,0,0,0,0,0,0,5
180621,2,1,0,0,0,0,0,0,0,0,0,0
180622,0,1,66,66,66,66,66,66,66,66,66,66
180622,1,1,1,1,1,1,1,1,1,1,1,1
180623,1,1,0,0,0,0,0,0,0,0,0,0
180624,1,1,0,0,0,0,0,0,0,0,0,0
180625,1,1,0,0,0,0,0,0,0,0,0,0
180626,1,1,7,7,7,7,7,7,7,7,7,7
180626,2,1,0,0,0,0,0,0,0,0,0,0
180627,1,1,0,0,0,0,0,0,0,0,0,0
180627,2,1,0,0,0,0,0,0,0,0,0,0
180628,1,1,0,0,0,0,0,0,0,0,0,0
180628,2,1,0,0,0,0,0,0,0,0,0,0
180629,1,1,20,20,20,20,20,20,20,20,20,20
180629,2,1,0,0,0,0,0,0,0,0,0,0
180630,0,1,0,0,0,0,0,0,16,0,0,0
180630,0,2,0,0,0,0,0,0,0,0,14,0
180630,1,1,26,0,0,0,0,0,0,0,0,0
180631,1,1,0,0,0,0,12,0,0,0,0,0
180631,2,1,0,0,0,0,0,0,0,0,0,0
180632,0,1,0,0,0,15,7,0,0,0,0,0
180632,1,1,0,0,0,0,0,0,0,0,0,0
180633,1,1,0,0,0,0,0,0,0,0,0,0
180633,2,1,0,0,0,0,0,0,0,0,0,0
180634,1,1,0,0,0,0,0,0,0,0,0,0
180635,1,1,0,0,0,0,0,0,0,0,0,0
180635,2,1,0,0,0,0,0,0,0,0,0,0
180635,3,1,0,0,0,0,0,0,0,0,0,0
180636,1,1,0,0,0,0,0,0,0,0,0,0
180637,0,1,0,0,0,0,0,0,0,0,0,0
180637,1,1,11,11,11,11,11,11,11,11,11,11
180638,1,1,18,18,18,18,18,18,18,18,18,18
180638,2,1,0,0,0,0,0,0,0,0,0,31
180639,1,1,0,0,0,0,0,0,0,0,0,0
180639,2,1,0,0,0,0,0,0,0,0,0,0
180640,1,1,30,0,0,12,0,0,0,0,0,0
180641,1,1,0,0,44,0,0,27,0,0,0,0
180642,1,1,0,0,0,0,0,0,0,0,0,0
180643,1,1,15,15,15,15,15,15,15,15,15,15
180644,1,1,0,0,0,0,0,0,0,0,0,0
180644,2,1,0,0,0,0,0,0,0,0,0,0
180645,1,1,25,25,25,25,25,25,25,25,25,25
180646,1,1,0,0,0,0,0,0,0,0,0,0
180647,1,1,24,24,24,24,24,24,24,24,24,24
180648,1,1,0,25,0,0,0,0,0,16,0,0
180649,1,1,0,0,0,0,0,0,0,0,0,0
180649,2,1,0,0,0,0,0,0,0,0,0,0
180649,3,1,0,0,0,0,0,0,0,0,0,0
180650,1,1,0,0,0,0,0,0,0,0,0,0
180651,1,1,2,2,2,2,2,2,2,2,2,2
180651,2,1,0,0,0,0,0,0,0,0,0,0
180652,1,1,0,0,0,0,0,0,0,0,0,0
180652,2,1,0,0,0,0,0,0,0,0,0,0
180652,3,1,0,0,0,0,0,0,0,0,0,0
180653,1,1,0,0,0,0,0,0,0,20,0,0
180653,2,1,0,0,0,0,0,0,0,0,0,0
180654,1,1,27,0,0,0,0,0,0,14,0,0
180655,1,1,0,0,0,0,0,0,0,0,0,0
180655,2,1,0,0,0,0,0,0,0,0,0,0
180655,3,1,0,0,0,0,0,14,0,0,0,0
180655,4,1,0,0,0,0,0,0,0,0,0,0
180656,1,1,0,0,0,0,18,0,0,0,0,0
180657,1,1,27,27,27,27,27,27,27,27,27,27
180658,1,1,0,0,0,0,0,0,0,0,0,0
180658,2,1,0,0,0,0,0,0,0,0,0,0
180659,1,1,0,0,0,0,0,0,16,0,0,0
180659,2,1,0,0,0,0,0,0,0,0,0,0
180660,1,1,0,0,0,0,0,0,0,0,0,0
180660,2,1,0,0,0,0,0,0,0,0,0,0
180661,0,1,0,0,0,0,0,0,0,0,0,0
180661,1,1,0,0,0,0,4,0,0,0,0,0
180662,0,1,14,14,14,14,14,14,14,14,14,14
180662,1,1,0,0,0,0,0,0,10,0,0,0
180663,1,1,0,0,0,0,0,0,0,0,0,0
180663,2,1,0,0,0,0,0,0,0,0,0,0
180664,1,1,0,0,0,0,0,0,0,0,0,0
180664,2,1,0,0,0,0,0,0,0,0,0,0
180665,1,1,0,0,0,0,0,0,0,0,0,0
180666,1,1,0,0,0,0,0,0,0,0,17,0
180668,0,1,27,0,0,0,0,0,0,0,0,0
180668,1,1,0,0,0,0,0,0,0,0,0,0
180669,1,1,0,0,0,0,25,0,0,0,0,0
180669,2,1,0,0,0,0,0,0,0,0,0,0
180670,1,1,0,0,0,0,0,0,0,0,0,0
180670,2,1,0,0,0,0,0,0,0,0,0,0
180671,1,1,0,0,0,0,0,0,0,0,0,0
180671,2,1,0,0,0,0,0,0,0,12,0,0
180672,1,1,0,0,0,0,0,0,0,0,0,0
180672,2,1,0,0,0,0,0,0,0,0,0,0
180673,1,1,14,14,14,14,14,14,14,14,14,14
180674,1,1,0,0,0,0,0,14,0,14,0,0
180675,1,1,0,0,0,16,10,0,0,0,0,7
180676,0,1,13,13,13,13,13,13,13,13,13,13
180676,1,1,0,0,0,0,0,0,9,0,0,0
180677,1,1,0,0,0,0,0,13,0,0,0,0
180677,2,1,0,0,0,0,0,0,0,0,0,0
180678,1,1,0,0,0,0,0,0,0,0,0,0
180679,1,1,0,0,0,0,0,0,0,0,0,0
180679,2,1,5,0,0,0,0,0,0,0,0,0
180679,3,1,0,0,0,0,0,0,0,0,0,0
180679,4,1,0,0,0,0,0,0,0,0,0,0
180680,1,1,0,0,0,0,0,0,0,0,0,0
180680,2,1,0,0,0,0,0,0,0,0,0,0
180681,0,1,0,22,0,0,0,0,0,0,0,28
180681,1,1,0,0,0,0,0,0,0,0,0,0
180682,1,1,0,30,0,0,0,0,0,0,0,0
180683,0,1,0,0,0,22,0,20,0,0,21,7
180683,1,1,20,0,0,14,0,3,0,0,5,0
180684,1,1,30,30,30,30,30,30,30,30,30,30
180685,1,1,27,27,27,27,27,27,27,27,27,27
180686,1,1,0,0,0,0,0,7,0,0,0,0
180687,1,1,0,0,0,0,0,0,0,0,0,0
180688,1,1,0,0,0,0,0,0,0,0,0,0
180689,1,1,0,0,0,0,0,0,0,0,0,0
180689,2,1,0,0,0,0,0,0,0,0,0,0
180690,0,1,0,0,0,0,20,0,0,0,0,26
180690,1,1,0,0,4,0,0,0,0,0,0,0
180690,2,1,0,0,31,0,0,0,0,0,0,8
180691,0,1,0,28,0,0,0,0,0,0,0,57
180691,1,1,0,0,0,0,0,0,0,0,0,0
180691,2,1,0,0,0,0,0,0,0,0,0,0
180692,1,1,0,0,0,0,0,0,0,0,0,0
180692,2,1,0,0,0,0,0,0,0,0,0,0
180693,1,1,4,22,10,0,0,0,14,7,10,19
180693,2,1,0,0,0,0,0,0,0,0,0,0
180695,0,1,24,0,0,0,0,9,22,0,0,0
180695,1,1,0,0,0,0,0,0,0,0,0,0
180696,1,1,0,0,0,0,0,0,0,0,12,0
180697,1,1,0,0,0,0,0,0,0,0,0,0
180697,2,1,0,0,0,0,0,0,0,0,0,0
180698,0,1,0,0,0,0,0,0,0,0,0,0
180698,1,1,0,0,0,0,0,0,0,0,0,0
180699,1,1,0,0,0,0,0,0,0,0,0,0
180700,1,1,0,0,0,0,16,23,13,0,0,0
180700,2,1,0,28,0,0,0,0,0,0,0,0
180701,1,1,0,0,0,0,0,0,0,0,0,0
180702,1,1,0,0,0,0,0,0,0,0,15,0
180703,0,1,0,0,21,10,37,23,0,0,0,22
180703,1,1,0,0,0,0,0,0,0,0,0,0
180704,0,1,0,24,0,0,0,19,0,28,0,0
180704,1,1,9,6,0,0,0,9,0,0,0,0
180705,1,1,21,21,21,21,21,21,21,21,21,21
180706,1,1,0,0,0,0,0,0,0,0,0,0
180706,2,1,0,0,0,0,0,0,0,0,0,0
180707,1,1,0,0,13,0,0,0,0,0,0,0
180707,2,1,0,0,0,0,0,0,0,0,0,0
180708,1,1,0,0,0,0,0,0,0,0,0,0
180708,2,1,0,0,0,0,0,0,0,0,0,0
180709,1,1,0,0,0,0,0,0,0,0,0,0
180709,2,1,0,0,0,0,0,0,0,0,0,0
180710,1,1,0,0,0,0,0,0,0,0,0,0
180711,1,1,0,0,0,0,0,22,0,0,0,0
180711,2,1,0,0,0,0,0,0,23,0,0,21
180712,1,1,5,11,12,13,25,8,8,15,11,10
180713,1,1,0,0,0,0,0,0,0,0,0,0
180713,2,1,0,0,0,0,0,0,0,0,0,0
180714,1,1,21,0,13,27,35,0,22,0,21,9
180714,2,1,0,0,0,0,0,0,0,0,0,0
180714,3,1,0,0,0,0,0,0,19,0,0,0
180715,1,1,0,0,0,0,0,0,0,0,0,0
180716,1,1,11,0,0,0,0,0,17,0,0,0
180717,1,1,0,0,0,0,0,0,0,21,0,0
180717,2,1,0,0,0,0,0,0,0,0,9,0
180718,1,1,0,0,0,0,0,0,0,15,0,0
180718,2,1,0,0,0,0,0,0,0,0,0,0
180718,3,1,0,0,0,0,0,0,0,0,0,0
180719,1,1,0,0,0,0,0,0,0,0,12,20
180720,1,1,0,0,0,0,0,0,0,0,0,0
180721,1,1,0,0,0,0,0,0,0,0,0,0
180721,2,1,0,0,0,0,0,0,0,0,0,0
180721,3,1,0,0,0,0,0,0,0,0,0,0
180722,1,1,0,0,0,0,0,0,0,0,0,0
180723,1,1,0,0,0,0,0,0,0,0,0,0
180724,1,1,0,0,0,0,0,0,0,0,0,0
180724,2,1,0,0,0,0,0,0,0,12,0,0
180725,1,1,0,0,0,0,0,0,0,0,0,0
180725,2,1,0,0,0,0,0,0,0,0,0,0
180726,0,1,17,17,17,17,17,17,17,17,17,17
180726,1,1,0,0,0,0,0,0,0,0,0,0
180727,1,1,0,0,0,0,0,0,0,0,0,0
180727,2,1,0,0,0,0,0,0,0,0,0,0
180727,3,1,0,0,0,0,0,0,0,0,0,0
180728,0,1,0,0,0,0,0,0,0,0,0,0
180728,1,1,0,0,0,0,0,0,0,0,0,0
190001,1,1,0,0,0,9,0,0,0,0,0,0
190002,1,1,0,0,0,0,0,0,0,0,0,0
190002,2,1,0,0,0,0,0,0,0,0,0,0
190003,1,1,0,0,0,0,0,0,3,19,0,0
190003,2,1,0,21,0,0,0,0,0,0,0,0
190004,1,1,0,0,0,0,25,10,0,0,0,0
190004,2,1,0,0,0,0,0,0,0,0,0,0
190005,1,1,0,0,0,0,0,0,0,0,0,0
190006,1,1,15,15,15,15,15,15,15,15,15,15
190007,1,1,0,0,0,0,0,0,0,0,0,0
190007,2,1,0,0,0,0,0,0,0,0,0,0
190008,1,1,24,24,24,24,24,24,24,24,24,24
190009,1,1,0,0,0,0,0,0,0,0,0,0
190010,1,1,26,26,26,26,26,26,26,26,26,26
190010,2,1,0,0,0,0,0,0,0,0,0,0
190011,1,1,20,20,20,20,20,20,20,20,20,20
190012,1,1,20,19,13,13,21,18,5,10,18,25
190013,1,1,0,0,0,0,0,0,0,0,0,0
190014,1,1,0,0,20,0,12,0,0,0,0,0
190014,2,1,0,0,0,3,0,0,0,0,0,0
190014,3,1,0,0,0,0,0,0,0,0,0,0
190015,1,1,0,0,0,0,0,0,0,0,0,0
190015,2,1,0,0,0,0,0,0,0,0,0,0
190016,1,1,0,0,0,0,0,0,0,0,0,0
190017,1,1,0,0,0,0,0,0,0,0,0,0
190017,2,1,0,0,0,0,0,0,0,0,0,0
190018,1,1,0,0,0,0,0,0,0,0,0,0
190018,2,1,0,0,0,0,0,0,0,0,0,0
190019,1,1,23,23,23,23,23,23,23,23,23,23
190020,1,1,0,0,0,0,0,0,0,0,0,16
190021,1,1,0,0,0,0,0,0,0,0,0,0
190021,2,1,0,0,0,0,17,0,0,0,0,0
190022,1,1,17,0,14,12,12,17,0,0,10,11
190023,1,1,0,0,0,0,0,0,0,0,0,0
190023,2,1,0,0,0,0,0,0,0,0,0,0
190024,1,1,0,0,0,0,0,0,0,0,0,0
190025,0,1,0,0,0,0,0,0,22,10,20,0
190025,1,1,2,0,16,18,17,10,16,0,0,17
190026,0,1,0,0,8,0,0,0,0,10,0,0
190026,1,1,0,0,0,0,0,11,0,0,0,0
190028,1,1,31,31,31,31,31,31,31,31,31,31
190029,1,1,0,0,0,0,0,0,0,0,0,0
190030,1,1,21,21,21,21,21,21,21,21,21,21
190031,1,1,27,30,17,0,0,0,0,0,14,0
190033,1,1,0,0,0,0,0,0,0,0,0,0
190033,2,1,0,0,0,0,0,0,0,0,0,0
190034,1,1,20,20,20,20,20,20,20,20,20,20
190034,2,1,0,0,0,0,0,0,0,0,7,0
190035,1,1,0,0,0,0,0,0,0,0,0,0
190036,1,1,0,0,0,0,0,0,0,0,0,0
190036,2,1,0,0,0,0,0,0,0,0,0,0
190037,1,1,0,0,0,0,0,0,0,0,0,0
190037,2,1,0,0,0,0,0,0,0,0,0,0
190038,1,1,0,0,0,0,0,0,0,0,0,0
190038,2,1,0,0,0,0,0,0,0,0,0,0
190039,1,1,0,0,0,0,0,0,0,0,0,0
190039,2,1,0,12,0,21,0,0,0,0,0,0
190040,1,1,10,10,10,10,10,10,10,10,10,10
190040,2,1,0,0,0,0,0,0,0,0,0,0
190041,1,1,0,0,0,0,0,0,0,0,0,0
190042,1,1,0,0,0,0,0,0,0,0,0,0
190043,1,1,0,0,0,0,0,0,0,0,0,0
190044,1,1,0,0,0,0,0,0,0,0,0,0
190044,2,1,0,0,0,0,0,0,0,0,0,0
190044,3,1,0,0,0,0,0,0,0,0,0,0
190045,1,1,0,0,0,0,0,0,0,0,0,0
190046,0,1,0,0,0,0,0,0,0,0,0,0
190046,1,1,0,9,0,0,0,0,0,0,0,0
190047,1,2,0,0,0,0,0,0,0,0,0,0
190047,2,1,0,0,0,0,0,0,0,0,0,0
190047,3,1,0,0,0,0,0,0,0,0,0,12
190048,1,1,21,21,21,21,21,21,21,21,21,21
190049,1,1,18,18,18,18,18,18,18,18,18,18
190049,2,1,0,0,11,0,0,0,0,0,0,16
190050,1,1,0,0,13,28,0,0,0,0,0,0
190051,0,1,0,0,0,23,0,0,24,0,0,0
190051,1,1,10,10,10,10,10,10,10,10,10,10
190052,1,1,22,22,22,22,22,22,22,22,22,22
190053,1,1,0,0,0,0,0,0,0,0,0,0
190053,2,1,0,0,0,0,0,0,0,0,0,0
190054,1,1,0,0,0,0,0,0,0,0,0,0
190054,2,1,0,0,0,0,0,0,0,0,0,0
190055,1,1,0,0,0,0,0,0,0,0,0,0
190056,1,1,25,0,0,0,0,0,0,0,0,0
190056,2,1,0,0,0,0,0,0,0,0,0,0
190057,1,1,13,13,13,13,13,13,13,13,13,13
190058,0,1,0,0,0,0,0,0,0,0,0,0
190058,1,1,0,0,0,0,0,0,0,0,0,0
190059,1,1,15,0,0,0,0,21,0,0,0,19
190060,1,1,0,0,0,0,0,0,0,0,0,0
190061,1,1,0,0,0,0,16,0,0,28,21,0
190061,2,1,0,0,0,0,0,0,0,0,0,0
190062,1,1,0,0,0,0,0,0,0,0,0,0
190063,1,1,0,0,0,0,0,0,0,0,0,0
190064,0,1,0,0,0,0,0,0,0,0,0,0
190064,1,1,0,0,0,0,0,0,0,0,0,0
190065,1,1,0,0,0,0,0,0,0,0,0,0
190065,2,1,0,0,0,0,0,0,0,0,0,0
190066,1,1,0,0,0,0,0,0,0,0,0,0
190067,0,1,0,29,0,25,0,27,0,0,0,17
190067,1,1,0,0,0,0,0,0,0,0,0,0
190068,1,1,12,12,12,12,12,12,12,12,12,12
190069,1,1,0,0,0,0,0,0,0,0,0,0
190069,2,1,0,0,0,0,0,0,0,0,0,0
190070,1,1,0,0,0,20,6,0,0,0,0,12
190071,1,1,0,0,0,0,0,0,0,0,0,0
190072,1,1,0,0,0,0,0,0,0,0,0,0
190073,1,1,0,0,0,0,0,0,0,0,0,0
190073,2,1,0,0,0,0,0,0,0,0,0,0
190074,1,1,0,0,0,0,0,0,0,0,0,0
190075,1,1,0,0,0,0,0,0,0,0,0,0
190075,2,1,0,0,0,0,0,0,0,0,0,0
190076,1,1,17,17,17,17,17,17,17,17,17,17
190077,1,1,0,0,0,0,0,0,0,0,0,0
190077,2,1,0,0,0,0,0,0,0,0,0,0
190078,1,1,0,0,0,0,0,0,0,0,0,0
190079,1,1,19,19,19,19,19,19,19,19,19,19
190080,1,1,0,0,0,0,0,0,0,0,0,0
190080,2,1,17,17,17,17,17,17,17,17,17,17
190081,0,1,0,6,0,17,0,25,0,0,0,2
190081,1,1,0,0,0,0,0,0,0,0,0,0
190082,1,1,22,22,22,22,22,22,22,22,22,22
190083,1,1,0,0,0,0,0,0,0,0,0,0
190084,1,1,0,0,5,0,0,0,11,18,17,0
190085,1,1,0,0,0,0,0,0,0,0,0,0
190085,2,1,0,0,0,0,0,0,0,0,0,0
190086,1,1,0,0,0,0,0,0,0,0,0,0
190086,2,1,0,0,0,0,0,0,0,0,0,0
190087,1,1,0,0,0,0,0,0,0,0,0,0
190087,2,1,0,0,0,0,0,13,0,0,0,15
190088,1,1,0,0,0,0,0,0,0,0,0,0
190088,2,1,0,0,0,0,0,0,0,0,0,0
190089,1,1,0,0,0,0,0,0,0,0,0,0
190089,2,1,0,0,0,0,0,0,0,0,0,0
190090,1,1,0,0,0,0,0,0,0,0,0,0
190090,2,1,10,10,10,10,10,10,10,10,10,10
190091,1,1,0,0,0,0,36,0,0,0,0,0
190092,1,1,13,13,13,13,13,13,13,13,13,13
190092,2,1,0,0,0,0,0,0,0,0,0,0
190093,1,1,0,0,0,0,16,0,0,0,6,0
190093,2,1,0,0,0,0,0,0,0,0,0,0
190094,1,1,0,0,0,0,0,0,0,0,0,0
190094,2,1,0,0,0,0,0,0,0,0,0,0
190095,1,1,0,0,0,21,0,0,13,0,0,0
190096,1,1,13,13,13,13,13,13,13,13,13,13
190097,1,1,0,0,0,0,0,0,0,0,0,0
190098,1,1,0,7,0,0,0,0,0,0,0,0
190099,1,1,20,20,20,20,20,20,20,20,20,20
190100,1,1,8,8,8,8,8,8,8,8,8,8
190101,1,1,0,0,0,0,0,0,0,0,10,0
190101,2,1,0,0,0,0,0,0,0,0,0,0
190102,1,1,0,0,0,0,0,0,0,0,0,0
190102,2,1,0,0,0,0,0,0,0,0,0,0
190102,3,1,0,0,0,0,0,27,0,0,0,0
190102,4,1,0,0,0,0,0,0,0,0,0,0
190103,1,1,6,6,6,6,6,6,6,6,6,6
190104,1,1,23,23,23,23,23,23,23,23,23,23
190105,1,1,0,0,0,0,0,0,0,0,0,0