ST_CASE,VEH_NO,PER_NO,P1,P2,P3,P4,P5,P6,P7,P8,P9,P10
190106,0,1,0,0,0,0,0,0,0,0,0,0
190106,1,1,0,0,0,0,0,0,0,0,0,0
190107,1,1,0,0,0,0,0,0,0,0,0,0
190107,2,1,16,16,16,16,16,16,16,16,16,16
190108,0,1,7,0,17,0,0,13,0,23,0,0
190108,0,2,0,0,0,0,0,0,0,0,0,31
190108,1,1,0,0,0,0,0,0,0,0,0,0
190109,1,1,0,0,0,0,0,0,0,0,0,0
190109,2,1,0,0,0,0,0,0,0,0,0,0
190110,0,1,0,0,0,0,0,0,12,0,0,0
190110,1,1,0,0,0,0,0,0,0,0,0,0
190111,1,1,27,27,27,27,27,27,27,27,27,27
190112,0,1,11,0,0,0,0,0,0,0,0,0
190112,1,1,0,0,0,0,0,0,0,0,0,0
190113,1,1,25,25,25,25,25,25,25,25,25,25
190114,1,1,0,0,0,0,0,0,0,0,0,0
190114,2,1,0,0,0,0,0,0,0,0,0,0
190115,1,1,0,0,0,0,0,0,0,0,30,0
190115,2,1,0,0,0,0,0,0,0,0,0,0
190116,1,1,0,0,0,0,0,0,0,0,0,0
190116,2,1,0,0,0,0,0,0,0,0,0,0
190117,1,1,0,0,0,0,0,0,0,0,0,0
190117,2,1,0,0,0,0,0,0,0,0,0,0
190118,0,1,10,36,0,23,32,21,17,0,0,35
190118,1,1,0,0,0,0,0,0,0,0,0,0
190119,0,1,0,0,14,0,0,0,0,0,0,21
190119,1,1,0,0,0,0,0,0,0,0,0,0
190120,1,1,0,0,0,0,0,0,0,0,0,0
190120,2,1,0,0,0,0,0,0,0,0,0,0
190120,3,1,0,0,14,0,0,0,0,0,0,0
190121,1,1,0,0,0,0,0,0,0,0,0,0
190121,2,1,0,0,0,0,0,0,0,0,0,0
190122,1,1,7,7,7,7,7,7,7,7,7,7
190122,2,1,0,0,0,0,0,0,0,10,0,0
190123,1,1,0,0,0,0,0,0,0,0,0,0
190123,2,1,0,0,0,0,0,0,0,0,0,0
190123,3,1,0,0,0,0,0,0,0,0,0,3
190124,1,1,0,0,0,0,0,0,0,0,0,0
190124,2,1,0,0,0,0,0,0,0,0,0,0
190125,1,1,0,0,0,0,0,0,0,0,0,0
190125,2,1,0,0,0,0,0,0,0,0,0,0
190126,1,1,0,0,0,0,0,0,0,0,0,0
190126,2,1,18,0,0,22,0,0,16,0,0,0
190127,1,1,16,16,16,16,16,16,16,16,16,16
190128,1,1,0,0,0,0,0,0,0,0,0,0
190128,2,1,0,0,0,0,0,0,0,0,0,0
190129,1,1,23,23,23,23,23,23,23,23,23,23
190130,1,1,0,0,0,19,17,0,0,0,0,0
190131,1,1,0,0,0,0,0,0,0,0,0,0
190131,2,1,0,0,0,0,0,0,0,0,0,0
190132,1,1,0,0,0,0,0,0,0,0,0,0
190132,2,1,0,0,0,0,0,0,0,0,0,0
190133,1,1,26,26,26,26,26,26,26,26,26,26
190134,1,1,0,0,0,0,0,0,0,0,0,0
190134,2,1,0,0,0,0,0,0,0,0,0,0
190135,1,1,0,0,0,0,0,0,0,0,0,0
190135,2,1,16,16,16,16,16,16,16,16,16,16
190136,1,1,28,18,14,6,8,6,0,34,0,12
190137,1,1,18,0,11,0,0,7,17,19,0,0
190138,1,1,15,15,15,15,15,15,15,15,15,15
190139,1,1,0,0,0,22,0,40,0,0,0,0
190139,2,1,0,0,0,0,0,0,0,0,0,0
190139,3,1,0,0,0,0,0,0,0,0,0,0
190139,4,1,0,0,0,0,0,0,0,0,0,0
190140,1,1,0,0,0,0,0,0,0,0,0,0
190141,1,1,0,0,0,0,0,0,0,0,0,0
190141,2,1,14,14,14,14,14,14,14,14,14,14
190142,1,1,0,0,0,0,0,0,0,0,0,0
190143,1,1,0,0,0,0,0,0,0,0,0,0
190143,2,1,0,0,0,0,0,0,0,0,0,0
190145,1,1,0,0,0,0,0,0,0,0,0,0
190146,1,1,23,23,23,23,23,23,23,23,23,23
190146,2,1,0,0,0,0,0,0,0,0,0,0
190147,1,1,0,0,0,0,0,0,0,0,0,0
190147,2,1,0,30,0,0,0,0,0,0,0,0
190148,1,1,0,0,0,0,0,0,0,0,0,0
190148,2,1,0,0,0,0,0,0,0,0,0,0
190148,3,1,0,0,0,0,0,0,0,0,0,0
190148,4,1,0,0,0,0,0,0,20,0,0,0
190149,1,1,0,0,0,0,0,0,7,9,0,0
190150,1,1,0,0,0,0,0,0,0,15,0,0
190150,2,1,0,0,0,0,0,0,0,0,0,0
190151,1,1,2,2,2,2,2,2,2,2,2,2
190152,1,1,25,25,25,25,25,25,25,25,25,25
190153,1,1,27,27,27,27,27,27,27,27,27,27
190153,2,1,0,0,0,0,0,0,0,0,0,0
190154,1,1,0,0,0,0,0,0,0,0,0,0
190155,1,1,21,0,0,0,0,0,0,0,0,10
190155,2,1,0,0,0,0,0,0,0,0,0,0
190156,1,1,17,17,17,17,17,17,17,17,17,17
190157,1,1,0,0,0,0,0,24,0,0,0,0
190158,1,1,22,22,22,22,22,22,22,22,22,22
190159,1,1,0,0,0,0,0,0,0,0,0,0
190159,2,1,0,0,0,0,0,0,0,0,0,0
190160,1,1,0,0,0,0,0,0,0,0,0,0
190160,2,1,0,0,0,10,0,0,0,0,0,0
190161,1,1,0,0,0,0,0,0,0,0,0,0
190162,1,1,0,0,0,31,10,0,0,0,0,0
190163,1,1,0,0,0,0,0,0,0,0,0,0
190163,2,1,0,0,0,0,0,0,0,0,0,0
190164,1,1,16,16,16,16,16,16,16,16,16,16
190164,2,1,0,0,0,0,0,0,0,0,0,0
190165,1,1,0,0,0,0,0,0,0,0,0,0
190166,1,1,0,0,0,0,0,0,0,0,0,0
190167,1,1,0,0,0,0,0,0,0,0,0,0
190167,2,1,0,0,0,0,0,0,0,0,0,0
190168,1,1,17,10,20,0,0,0,0,22,0,0
190169,1,1,19,19,19,19,19,19,19,19,19,19
190170,1,1,0,0,0,0,0,0,0,0,0,0
190171,1,1,3,3,3,3,3,3,3,3,3,3
190172,1,1,13,13,13,13,13,13,13,13,13,13
190172,2,1,5,5,5,5,5,5,5,5,5,5
190173,0,1,0,22,18,12,21,0,30,0,20,0
190173,1,1,0,0,0,0,0,0,0,0,0,0
190174,1,1,0,0,0,0,0,12,0,0,0,0
190175,1,1,0,0,0,0,0,0,0,0,0,0
190175,2,1,0,0,0,0,0,0,0,0,0,0
190176,1,1,0,0,7,0,0,0,0,0,0,0
190177,1,1,0,0,0,0,0,0,0,0,0,0
190177,2,1,0,0,0,0,0,0,0,0,14,0
190178,1,1,0,0,0,0,0,0,0,0,0,0
190179,1,1,16,16,16,16,16,16,16,16,16,16
190180,1,1,0,0,0,0,0,0,0,0,0,0
190180,2,1,0,0,0,0,0,0,0,0,0,0
190181,1,1,0,0,29,0,0,21,0,0,0,0
190181,2,1,0,0,0,0,0,0,0,0,0,0
190182,1,1,5,5,5,5,5,5,5,5,5,5
190182,2,1,2,2,2,2,2,2,2,2,2,2
190183,1,1,0,0,0,0,0,0,0,0,0,0
190183,2,1,20,20,20,20,20,20,20,20,20,20
190184,1,1,0,0,0,0,0,0,0,0,0,0
190184,2,1,0,0,0,0,0,0,0,0,0,0
190185,1,1,0,0,0,0,0,0,0,0,0,0
190186,1,1,0,0,0,0,0,0,0,0,0,0
190187,1,1,0,0,0,0,0,0,0,0,0,0
190188,1,1,0,0,0,0,0,0,0,0,0,0
190188,2,1,0,0,0,0,0,0,0,0,0,0
190189,1,1,12,12,12,12,12,12,12,12,12,12
190190,1,1,5,5,5,5,5,5,5,5,5,5
190191,0,1,27,0,23,26,0,2,19,0,27,0
190191,1,1,0,0,24,0,0,15,0,0,13,0
190192,1,1,0,0,0,0,0,35,0,0,0,0
190192,2,1,0,0,0,0,0,0,0,0,8,0
190193,1,1,0,0,0,0,0,0,0,0,0,0
190193,2,1,0,0,0,0,0,0,0,0,0,0
190194,1,1,0,0,23,11,0,10,0,10,0,0
190195,1,1,23,23,23,23,23,23,23,23,23,23
190195,2,1,0,6,0,0,0,0,0,0,0,22
190196,1,1,0,0,0,0,0,0,0,0,0,0
190196,2,1,0,0,0,0,0,0,0,0,0,0
190196,3,1,0,0,0,0,0,0,0,0,0,0
190197,1,1,0,0,0,0,0,0,0,0,21,0
190198,1,1,0,0,0,0,0,0,0,0,0,0
190198,2,1,0,0,0,0,0,0,0,0,0,0
190199,1,1,0,0,0,0,0,0,0,0,0,0
190199,2,1,0,9,0,0,0,0,0,0,0,0
190200,1,1,0,0,0,0,0,0,0,0,0,0
190201,1,1,0,0,0,0,0,0,0,0,0,0
190201,2,1,0,0,0,0,0,0,0,0,0,0
190202,1,1,0,0,0,0,0,0,13,0,0,0
190203,1,1,0,0,0,0,0,0,0,0,0,0
190203,2,1,0,0,0,0,0,0,0,0,0,0
190204,1,1,0,0,0,0,0,0,0,0,0,0
190204,2,1,0,0,0,0,0,0,0,0,0,0
190205,1,1,0,0,0,0,0,0,0,0,0,0
190206,0,1,0,0,0,0,0,0,0,0,47,0
190206,1,1,0,0,0,0,0,0,0,0,0,0
190207,1,1,0,0,0,26,0,0,0,0,0,0
190208,1,1,14,14,14,14,14,14,14,14,14,14
190209,1,1,0,0,0,0,0,0,0,0,0,0
190210,1,1,19,19,19,19,19,19,19,19,19,19
190212,1,1,0,0,0,0,0,0,0,0,0,0
190212,2,1,0,0,0,0,0,0,0,0,0,0
190213,1,1,16,0,0,0,0,0,0,0,0,0
190214,1,1,0,0,0,0,0,0,0,0,0,0
190215,1,1,0,0,0,0,0,0,0,0,0,0
190215,2,1,0,0,0,0,0,5,0,5,0,0
190216,1,1,0,0,0,0,0,0,0,0,0,0
190217,0,1,11,12,0,0,0,0,0,0,0,0
190217,1,1,0,0,0,0,0,0,0,0,0,0
190218,1,1,0,19,0,18,0,0,0,11,10,0
190219,1,1,0,0,0,0,0,0,0,0,0,0
190219,2,1,0,0,0,0,0,0,0,0,0,0
190220,1,1,0,0,0,0,0,0,0,0,0,0
190221,1,1,0,0,0,0,0,0,0,0,0,0
190222,1,1,0,0,0,0,0,0,0,0,0,0
190222,2,1,0,0,0,0,0,0,0,0,0,0
190223,0,1,0,0,0,0,0,0,0,0,0,0
190223,1,1,0,0,0,0,0,0,0,0,0,0
190224,1,1,22,22,22,22,22,22,22,22,22,22
190225,1,1,0,0,0,0,0,0,0,0,0,0
190225,2,1,0,0,19,0,0,17,0,0,0,0
190227,1,1,0,0,0,0,0,0,0,0,0,0
190228,1,1,0,0,0,0,0,0,18,0,0,0
190228,2,1,0,0,0,0,0,0,0,0,0,0
190230,1,1,0,0,0,0,0,0,0,0,0,0
190230,2,1,0,0,0,0,0,0,0,0,0,0
190231,1,1,0,0,0,0,0,0,0,0,0,0
190232,1,1,0,0,0,0,0,0,0,0,0,0
190232,2,1,0,0,0,0,0,0,0,0,0,0
190233,1,1,0,0,0,0,0,0,0,0,0,0
190233,2,1,0,0,0,0,5,0,0,0,0,0
190234,1,1,0,0,0,0,2,0,0,0,0,0
190234,2,1,0,0,0,0,0,0,0,0,0,0
190235,1,1,0,0,0,0,0,0,0,0,0,0
190235,2,1,0,0,0,0,0,0,0,0,0,0
190236,1,1,0,0,0,0,0,0,0,0,0,0
190236,2,1,0,0,0,0,0,0,0,0,0,0
190237,1,1,16,16,16,16,16,16,16,16,16,16
190238,1,1,16,16,16,16,16,16,16,16,16,16
190238,2,1,11,11,11,11,11,11,11,11,11,11
190239,1,1,0,0,0,0,0,0,0,0,0,0
190239,2,1,7,7,7,7,7,7,7,7,7,7
190240,1,1,0,0,0,0,0,0,0,0,0,0
190240,2,1,0,0,0,0,0,0,0,0,0,0
190241,1,1,0,0,0,0,0,0,0,0,0,0
190241,2,1,0,0,0,0,0,0,0,0,0,0
190242,1,1,0,0,0,0,0,0,0,0,0,0
190242,2,1,0,0,0,0,0,0,0,0,0,0
190243,1,1,23,23,23,23,23,23,23,23,23,23
190244,1,1,0,0,28,0,0,0,0,14,8,8
190245,1,1,0,0,0,0,0,0,0,0,0,0
190245,2,1,0,0,0,0,0,0,0,0,0,0
190245,3,1,0,0,0,0,0,0,0,0,0,0
190246,0,1,17,17,17,17,17,17,17,17,17,17
190246,1,1,0,0,0,0,0,0,0,0,0,0
190247,1,1,0,0,0,0,0,0,0,0,0,0
190247,2,1,0,0,0,0,0,0,0,0,0,0
190248,1,1,6,14,18,10,0,4,0,14,7,24
190248,2,1,0,0,0,0,0,0,0,0,0,0
190249,1,1,16,16,16,16,16,16,16,16,16,16
190250,1,1,0,0,0,13,0,0,0,0,0,18
190251,1,1,0,0,0,0,0,0,22,0,0,0
190252,1,1,0,0,0,0,0,0,0,0,0,0
190252,2,1,0,0,0,0,0,0,0,0,0,0
190253,1,1,0,0,0,0,0,0,0,0,0,0
190254,1,1,30,30,30,30,30,30,30,30,30,30
190255,0,1,0,0,0,35,10,17,32,16,0,0
190255,1,1,18,18,18,18,18,18,18,18,18,18
190256,1,1,0,0,0,0,0,0,0,0,0,0
190256,2,1,0,0,0,0,0,0,0,0,0,0
190257,1,1,0,0,0,0,0,0,0,0,0,0
190258,1,1,0,0,0,0,0,0,0,0,0,0
190258,2,1,0,0,0,0,0,0,0,0,0,0
190258,3,1,0,0,0,0,0,0,0,0,0,0
190259,0,1,0,0,0,16,0,0,0,7,0,0
190259,1,1,0,0,0,0,0,29,0,0,0,10
190260,1,1,36,36,36,36,36,36,36,36,36,36
190261,1,1,0,0,0,0,0,0,0,0,0,0
190261,2,1,0,0,0,0,0,0,0,0,0,0
190262,1,1,0,0,0,0,0,0,0,0,0,0
190263,1,1,0,0,0,0,0,0,0,0,0,0
190264,1,1,0,0,6,0,0,0,0,0,0,0
190264,2,1,0,0,0,0,0,0,0,0,0,0
190265,0,1,0,0,0,0,0,0,0,0,0,0
190265,1,1,0,0,0,0,0,0,0,0,0,0
190266,1,1,20,20,20,20,20,20,20,20,20,20
190267,1,1,26,26,26,26,26,26,26,26,26,26
190268,0,1,0,0,0,0,0,0,0,0,0,0
190268,1,1,0,0,0,0,0,0,0,0,0,0
190269,1,1,19,19,19,19,19,19,19,19,19,19
190269,2,1,0,0,12,0,0,0,0,0,0,0
190270,1,1,0,0,7,0,0,0,12,0,0,0
190270,2,1,19,19,19,19,19,19,19,19,19,19
190271,1,1,0,0,0,0,0,0,0,0,0,0
190271,2,1,0,0,0,0,0,0,0,0,0,0
190272,1,1,0,0,0,0,0,0,0,0,0,0
190272,2,1,0,0,0,0,0,0,0,0,0,0
190273,1,1,25,25,25,25,25,25,25,25,25,25
190274,1,1,15,15,15,15,15,15,15,15,15,15
190275,1,1,0,0,0,0,0,0,0,0,0,0
190275,2,1,0,0,0,0,0,0,0,0,0,0
190276,1,1,13,13,13,13,13,13,13,13,13,13
190276,2,1,0,0,0,0,0,0,0,0,0,0
190277,1,1,0,0,0,0,0,0,0,0,0,0
190277,2,1,0,0,0,0,0,0,0,0,0,0
190278,1,2,36,0,0,14,0,0,0,0,0,0
190279,1,1,14,14,14,14,14,14,14,14,14,14
190280,1,1,8,8,8,8,8,8,8,8,8,8
190281,1,1,0,0,0,0,0,0,0,0,0,0
190281,2,1,0,0,17,0,0,0,0,0,8,0
190282,1,1,18,18,18,18,18,18,18,18,18,18
190283,1,1,26,26,26,26,26,26,26,26,26,26
190284,1,1,0,0,0,0,0,0,0,0,0,0
190284,2,1,0,0,0,0,0,0,0,0,0,0
190285,1,1,0,0,0,0,0,0,0,0,0,5
190286,1,1,0,0,0,0,0,0,0,0,0,0
190287,1,1,0,0,0,0,0,0,0,0,0,0
190287,2,1,0,0,0,0,0,0,0,0,0,0
190288,1,1,0,0,0,0,0,0,0,0,0,0
190288,2,1,0,0,17,0,0,0,0,0,0,0
190289,1,1,0,0,0,0,0,0,0,0,0,0
190289,2,1,0,0,0,0,0,0,0,0,0,0
190290,1,1,23,23,23,23,23,23,23,23,23,23
190291,1,1,25,25,25,25,25,25,25,25,25,25
190293,1,1,0,0,0,0,0,0,0,0,0,0
190293,2,1,0,0,0,0,0,0,0,0,0,0
190294,1,1,0,0,0,0,0,0,0,0,0,0
190294,2,1,0,0,0,0,0,0,0,0,0,0
190295,1,1,0,0,0,0,0,0,0,0,32,0
200001,1,1,0,0,0,0,0,0,0,0,0,0
200002,1,1,17,17,17,17,17,17,17,17,17,17
200003,1,1,0,0,0,0,0,0,0,0,0,0
200003,2,1,0,0,0,0,0,0,0,0,0,0
200004,1,1,0,0,0,0,0,0,0,0,0,0
200005,0,1,0,0,0,0,0,0,0,0,0,0
200005,1,1,24,24,24,24,24,24,24,24,24,24
200006,1,1,8,8,8,8,8,8,8,8,8,8
200007,1,1,0,0,0,0,0,0,0,0,0,0
200008,1,1,8,8,8,8,8,8,8,8,8,8
200009,1,1,25,25,25,25,25,25,25,25,25,25
200010,1,1,0,0,0,0,0,0,0,0,0,0
200011,1,1,0,0,0,0,0,0,0,0,0,0
200011,2,1,0,0,0,0,0,0,0,0,0,0
200011,3,1,0,0,0,0,0,0,0,0,0,0
200012,1,1,0,0,0,0,0,0,0,0,0,0
200012,2,1,0,0,0,0,0,0,0,0,0,0
200012,3,1,0,0,0,0,0,0,0,0,0,0
200012,4,1,0,0,0,0,0,0,0,0,0,8
200013,1,1,0,0,0,0,0,0,0,0,0,0
200013,2,1,0,0,0,0,0,0,0,0,0,0
200014,1,1,0,0,0,21,0,0,0,29,17,0
200014,2,1,0,0,0,0,0,0,0,0,0,0
200015,1,1,22,22,22,22,22,22,22,22,22,22
200016,0,1,29,29,29,29,29,29,29,29,29,29
200016,1,1,0,0,0,0,0,0,0,0,0,0
200017,0,1,0,0,0,0,0,0,0,0,0,0
200017,1,1,0,0,0,0,0,0,0,0,0,0
200018,1,1,0,0,0,0,0,0,0,0,0,24
200018,2,1,0,9,18,0,0,0,0,0,0,0
200019,1,1,21,21,21,21,21,21,21,21,21,21
200020,1,1,0,11,0,17,0,37,0,0,0,8
200021,1,1,24,24,24,24,24,24,24,24,24,24
200022,1,1,0,0,0,0,0,0,0,0,0,0
200022,2,1,0,0,0,0,0,0,0,0,0,0
200023,1,1,0,0,0,0,0,0,0,0,0,0
200023,2,1,0,0,0,0,0,0,0,0,0,0
200024,1,1,0,0,0,0,0,0,0,0,0,0
200024,2,1,0,0,0,0,0,0,0,0,0,0
200025,1,1,2,2,2,2,2,2,2,2,2,2
200025,2,1,0,0,0,0,0,0,0,0,0,0
200026,1,1,3,3,3,3,3,3,3,3,3,3
200027,1,1,0,0,0,0,0,0,0,0,0,0
200028,1,1,0,0,0,0,0,0,0,0,0,0
200028,2,1,0,0,0,0,0,0,0,0,0,0
200029,1,1,0,0,16,9,9,0,0,0,0,0
200029,2,1,0,0,0,0,18,0,0,0,0,0
200030,1,1,54,54,54,54,54,54,54,54,54,54
200031,1,1,0,0,0,0,0,0,0,0,0,0
200032,1,1,0,0,0,0,0,0,0,0,0,0
200032,2,1,14,0,0,0,0,0,0,0,0,0
200033,1,1,0,0,0,0,0,0,0,0,0,0
200034,1,1,0,0,0,0,0,19,0,8,0,0
200035,1,1,2,2,2,2,2,2,2,2,2,2
200036,1,1,15,15,15,15,15,15,15,15,15,15
200036,2,1,15,15,15,15,15,15,15,15,15,15
200037,1,1,0,0,0,0,0,0,0,0,0,0
200037,2,1,0,0,0,0,0,0,0,0,0,0
200038,1,1,0,0,0,0,0,0,0,0,0,0
200039,1,1,0,0,0,0,0,0,0,0,0,0
200039,2,1,0,0,0,0,0,0,0,0,0,0
200040,0,1,23,23,23,23,23,23,23,23,23,23
200040,0,2,22,22,22,22,22,22,22,22,22,22
200040,1,1,0,0,0,5,0,0,0,0,0,0
200041,1,1,0,0,0,0,0,0,0,0,0,0
200041,2,1,0,0,0,0,0,0,0,0,0,0
200041,3,1,0,0,0,0,0,0,0,0,0,0
200043,1,1,0,0,0,0,0,0,0,0,0,0
200043,2,1,0,0,0,0,0,0,0,0,0,0
200043,3,1,0,0,0,0,0,0,0,0,0,0
200044,1,1,0,0,0,0,0,0,0,0,0,0
200044,2,1,0,0,0,0,0,0,0,0,0,0
200045,1,1,27,27,27,27,27,27,27,27,27,27
200046,1,1,0,0,0,0,0,0,0,0,0,0
200046,2,1,23,23,23,23,23,23,23,23,23,23
200047,1,1,0,0,0,0,0,0,0,0,0,0
200048,1,1,4,4,4,4,4,4,4,4,4,4
200049,1,1,9,9,9,9,9,9,9,9,9,9
200050,1,1,14,14,14,14,14,14,14,14,14,14
200050,2,1,0,0,0,0,0,0,0,0,0,0
200051,1,1,0,0,0,0,0,0,0,0,0,0
200052,1,1,0,0,0,0,0,0,0,0,0,0
200053,1,1,0,0,0,0,0,0,0,0,0,0
200053,2,1,0,0,0,0,0,0,0,0,0,0
200054,1,1,0,0,0,0,0,0,0,0,0,0
200055,1,1,18,18,18,18,18,18,18,18,18,18
200056,1,1,5,5,5,5,5,5,5,5,5,5
200057,1,1,0,0,0,0,0,0,0,0,0,0
200057,2,1,0,0,0,0,0,0,0,0,0,0
200058,0,1,18,18,18,18,18,18,18,18,18,18
200058,1,1,0,0,0,0,15,0,21,0,7,12
200059,0,1,0,0,0,0,0,0,0,0,0,0
200059,1,1,0,0,0,0,0,0,0,0,0,0
200060,1,1,0,0,0,0,0,0,0,0,0,0
200060,2,1,0,0,0,0,0,0,0,0,0,0
200061,1,1,16,16,16,16,16,16,16,16,16,16
200062,1,1,0,0,0,0,0,0,0,0,0,0
200062,2,1,0,0,0,0,0,0,0,0,0,0
200063,1,1,0,0,0,0,0,0,0,0,0,0
200064,1,1,0,0,0,0,0,0,0,0,0,0
200065,1,1,0,0,0,0,0,0,0,0,0,0
200065,2,1,0,0,0,0,0,0,0,0,0,0
200066,1,1,0,0,0,0,0,0,0,0,0,0
200066,2,1,0,0,0,0,0,0,0,0,0,0
200067,1,1,17,17,17,17,17,17,17,17,17,17
200068,1,1,8,8,8,8,8,8,8,8,8,8
200068,2,1,0,0,0,0,0,0,0,0,0,0
200069,1,1,0,0,0,0,0,0,0,0,0,0
200069,2,1,0,0,0,0,0,0,0,0,0,0
200070,1,1,0,0,0,0,0,0,0,0,0,0
200070,2,1,0,0,0,0,0,0,0,0,0,0
200071,1,1,0,0,0,0,0,0,0,0,0,0
200071,2,1,0,0,0,0,0,0,0,0,0,0
200072,1,1,30,30,30,30,30,30,30,30,30,30
200073,1,1,0,0,0,0,0,0,0,0,0,0
200073,2,1,0,0,0,0,0,0,0,0,0,0
200074,1,1,0,0,0,0,0,0,0,0,0,0
200074,2,1,0,0,0,0,0,0,0,0,0,0
200075,1,1,0,0,0,0,0,0,0,0,0,0
200076,1,1,0,0,0,0,0,0,0,0,0,0
200077,0,1,0,0,0,0,0,0,0,0,0,0
200077,1,1,0,0,0,0,0,0,0,0,0,0
200077,2,1,0,0,0,0,0,0,0,0,0,0
200078,1,1,2,2,2,2,2,2,2,2,2,2
200079,1,1,0,0,24,0,22,0,0,0,0,0
200080,1,1,0,0,0,0,0,0,0,0,0,0
200080,2,1,9,9,9,9,9,9,9,9,9,9
200081,1,1,0,0,0,0,0,0,0,0,0,0
200082,1,1,0,0,0,0,0,0,0,0,0,0
200082,2,1,0,0,0,0,0,0,0,0,0,0
200083,1,1,19,19,19,19,19,19,19,19,19,19
200083,2,1,0,0,0,0,0,0,0,0,0,0
200084,1,1,0,0,0,22,0,0,0,0,2,0
200085,1,1,0,0,0,0,0,0,0,0,5,0
200085,2,1,0,0,0,0,0,0,0,0,0,0
200086,1,1,14,14,14,14,14,14,14,14,14,14
200087,1,1,10,10,10,10,10,10,10,10,10,10
200087,2,1,0,0,0,0,0,0,0,0,0,0
200088,1,1,0,0,0,0,0,0,0,0,0,0
200088,2,1,0,0,0,0,0,0,0,0,0,0
200089,1,1,19,19,19,19,19,19,19,19,19,19
200090,1,1,0,0,0,0,0,0,0,0,0,0
200090,2,1,0,0,0,0,0,0,0,0,0,0
200091,1,1,12,12,12,12,12,12,12,12,12,12
200091,2,1,0,0,0,0,0,0,0,0,0,0
200092,1,1,0,0,0,0,0,0,0,0,0,0
200092,2,1,0,0,0,0,0,0,0,0,0,0
200093,1,1,0,0,0,0,0,0,0,0,0,0
200093,2,1,0,0,0,0,0,0,0,0,0,0
200093,3,1,0,0,0,0,0,0,0,0,0,0
200094,1,1,0,0,0,0,0,0,0,0,0,0
200095,1,1,0,0,0,0,0,0,0,0,0,0
200095,2,1,0,0,0,0,0,0,0,0,0,0
200096,1,1,10,10,10,10,10,10,10,10,10,10
200096,2,1,0,0,0,0,0,0,0,0,0,0
200097,1,1,0,18,0,0,0,0,0,0,0,15
200097,2,1,0,0,0,0,0,0,0,0,0,0
200098,1,1,0,0,0,0,0,0,0,0,0,0
200098,2,1,0,0,0,0,0,0,0,0,0,0
200099,1,1,0,18,13,0,14,0,0,16,18,0
200100,0,1,21,21,21,21,21,21,21,21,21,21
200100,1,1,9,0,0,0,0,0,0,0,0,0
200101,1,1,0,0,0,0,0,0,0,0,0,0
200101,2,1,0,0,0,0,0,0,9,0,0,0
200101,3,1,0,0,0,0,0,0,0,0,0,0
200102,1,1,0,0,0,0,0,0,0,0,0,0
200103,1,1,0,0,0,0,0,0,0,0,0,0
200104,1,1,0,0,0,0,0,0,0,0,0,0
200105,1,1,0,0,0,0,0,0,0,0,0,0
200105,2,1,0,0,0,0,0,0,0,0,0,0
200106,1,1,38,38,38,38,38,38,38,38,38,38
200107,1,1,0,0,0,0,0,0,0,0,0,0
200107,2,1,0,0,0,0,0,0,0,0,0,0
200108,1,1,38,38,38,38,38,38,38,38,38,38
200109,1,1,0,0,0,0,0,0,0,0,0,0
200110,1,1,13,13,13,13,13,13,13,13,13,13
200111,1,1,0,0,0,0,0,0,0,0,0,0
200112,1,1,0,0,0,0,0,0,0,0,0,0
200112,2,1,0,0,0,0,0,0,0,0,0,0
200113,1,1,11,11,11,11,11,11,11,11,11,11
200113,2,1,13,13,13,13,13,13,13,13,13,13
200114,1,1,0,0,0,0,0,0,0,0,0,0
200114,2,1,0,0,0,0,0,0,0,0,0,0
200114,3,1,0,0,0,0,0,0,0,0,0,0
200115,1,1,0,0,0,0,0,0,0,0,0,0
200115,2,1,0,0,0,0,0,0,0,0,0,0
200116,1,1,25,25,25,25,25,25,25,25,25,25
200117,1,1,6,6,6,6,6,6,6,6,6,6
200118,1,1,0,0,0,0,0,0,0,0,0,0
200119,0,1,30,30,30,30,30,30,30,30,30,30
200119,1,1,0,0,0,0,0,0,0,0,0,0
200120,1,1,0,0,0,0,0,0,0,0,0,0
200121,1,1,15,15,15,15,15,15,15,15,15,15
200122,1,1,10,20,15,10,24,34,0,11,23,5
200123,1,1,4,4,4,4,4,4,4,4,4,4
200123,2,1,0,0,0,0,0,0,0,0,21,0
200124,1,1,20,20,20,20,20,20,20,20,20,20
200124,2,1,0,0,6,0,0,0,0,0,0,0
200125,1,1,0,0,0,0,0,0,0,0,0,0
200126,1,1,21,7,14,4,10,15,18,33,21,2
200126,2,1,0,0,0,0,0,0,0,0,0,0
200126,3,1,0,0,0,0,0,0,12,19,9,0
200127,1,1,0,0,0,0,0,0,0,0,0,0
200128,1,1,14,14,14,14,14,14,14,14,14,14
200129,1,1,0,17,0,0,0,0,19,0,0,0
200130,1,1,0,0,0,0,0,0,0,0,0,0
200131,1,1,0,0,0,0,0,0,0,0,0,0
200131,2,1,0,0,0,0,0,0,0,0,0,0
200132,0,1,0,11,11,0,21,0,0,0,0,0
200132,1,1,0,0,0,0,0,0,0,0,0,0
200133,0,1,0,0,0,0,0,0,0,0,10,0
200133,1,1,0,0,0,0,0,0,0,0,0,0
200134,0,1,0,0,0,0,0,0,0,0,0,0
200134,1,1,0,0,0,0,0,0,0,0,0,0
200135,1,1,0,0,0,0,0,0,0,0,0,0
200135,2,1,0,0,0,0,0,0,0,0,0,0