ST_CASE,VEH_NO,PER_NO,P1,P2,P3,P4,P5,P6,P7,P8,P9,P10
200136,1,1,0,0,0,0,0,0,0,0,0,0
200137,1,1,0,0,0,0,0,0,0,0,0,0
200137,2,1,0,0,0,0,0,0,0,0,0,0
200138,1,1,0,0,0,0,0,0,0,0,0,0
200138,2,1,0,0,0,0,0,0,0,0,0,0
200139,1,1,37,30,27,11,16,12,22,21,32,20
200140,1,1,21,21,21,21,21,21,21,21,21,21
200140,2,1,0,0,0,21,0,0,0,0,0,0
200141,1,1,0,0,0,0,0,21,0,0,0,0
200142,1,1,24,24,24,24,24,24,24,24,24,24
200143,1,1,0,0,0,0,0,0,0,0,0,0
200143,2,1,0,0,0,0,0,0,0,0,0,0
200143,3,1,0,0,0,0,0,0,0,0,0,0
200144,1,1,6,6,6,6,6,6,6,6,6,6
200145,1,1,0,0,0,0,0,0,0,0,0,0
200145,2,1,0,0,0,0,0,0,0,0,0,0
200146,1,1,0,0,0,0,0,0,0,0,0,0
200146,2,1,0,0,0,0,0,0,0,0,0,0
200147,1,1,0,0,0,0,0,0,0,0,0,0
200148,1,1,0,0,0,0,0,0,0,0,0,0
200149,1,1,0,0,0,0,0,0,0,0,0,0
200149,2,1,0,0,0,0,0,0,0,0,0,0
200150,1,1,2,2,2,2,2,2,2,2,2,2
200150,2,1,0,0,0,0,0,0,0,0,0,0
200151,1,1,0,0,0,0,0,0,0,0,0,0
200151,2,1,0,0,0,0,0,0,0,0,0,0
200152,1,1,3,3,3,3,3,3,3,3,3,3
200153,1,1,0,0,0,0,0,0,0,0,0,0
200153,2,1,0,0,0,0,0,0,0,0,0,0
200154,1,1,0,0,0,0,0,0,0,0,0,0
200154,2,1,2,2,2,2,2,2,2,2,2,2
200155,1,1,14,14,14,14,14,14,14,14,14,14
200156,1,1,34,34,34,34,34,34,34,34,34,34
200156,2,1,1,1,1,1,1,1,1,1,1,1
200157,1,1,7,0,0,17,14,0,0,25,10,0
200158,1,1,0,0,0,0,0,0,0,0,12,0
200158,2,1,0,0,0,0,0,0,0,0,0,0
200159,1,1,0,0,0,0,0,0,0,0,0,0
200160,1,1,0,0,0,0,0,0,0,0,0,0
200160,2,1,0,0,0,0,0,0,0,0,0,0
200161,1,1,0,0,0,0,0,0,0,0,0,0
200162,0,1,0,0,0,0,0,0,14,7,0,0
200162,1,1,0,0,0,0,0,0,0,0,0,0
200163,1,1,0,0,0,0,0,0,0,0,0,0
200163,2,1,16,0,0,0,0,0,0,0,42,0
200164,1,1,20,6,28,29,15,16,28,21,23,23
200165,1,1,0,0,0,0,0,0,0,0,0,0
200165,2,1,0,0,0,0,0,0,0,0,0,0
200166,1,1,0,0,0,0,0,0,0,0,0,0
200167,1,1,21,21,21,21,21,21,21,21,21,21
200167,2,1,0,0,0,0,0,0,0,0,2,0
200168,1,1,0,0,0,0,0,0,0,0,0,0
200169,1,1,0,0,0,0,0,21,0,0,0,0
200170,1,1,0,0,0,0,0,0,0,0,0,0
200171,1,1,21,0,21,17,0,0,0,0,0,0
200171,2,1,0,0,0,0,0,0,0,0,0,0
200172,1,1,0,0,0,0,0,0,0,0,0,0
200172,2,1,0,0,0,0,0,0,0,0,0,0
200173,1,1,0,0,0,0,0,0,0,0,0,0
200173,2,1,0,0,0,0,0,0,0,0,0,0
200174,1,1,28,28,28,28,28,28,28,28,28,28
200175,0,1,0,0,0,0,0,0,0,0,0,0
200175,1,1,0,0,0,0,0,0,0,0,0,0
200176,1,1,0,0,0,0,0,17,0,0,0,0
200177,1,1,27,0,0,0,0,0,0,30,0,0
200177,2,1,0,0,0,21,0,0,0,0,0,0
200178,1,1,12,0,17,6,13,0,0,34,21,0
200179,1,1,53,53,53,53,53,53,53,53,53,53
200180,1,1,0,0,0,0,0,0,0,0,0,0
200180,2,1,0,0,0,0,0,0,0,0,0,0
200180,3,1,25,0,0,0,0,0,0,0,0,0
200181,0,1,0,0,0,0,0,0,0,0,0,0
200181,1,1,0,0,0,0,0,0,0,0,0,0
200181,2,1,0,0,0,0,0,0,0,0,0,0
200181,5,1,0,0,0,0,0,0,0,0,0,0
200182,1,1,0,0,0,0,0,0,0,0,0,0
200182,2,1,0,0,0,0,0,0,0,0,0,0
200183,1,1,26,26,26,26,26,26,26,26,26,26
200184,1,1,21,21,21,21,21,21,21,21,21,21
200185,1,1,0,0,0,0,0,0,0,0,0,0
200185,2,1,0,0,0,0,0,0,0,0,0,0
200186,1,1,0,0,0,0,0,0,0,0,0,0
200187,1,1,0,0,0,0,0,0,0,0,0,0
200187,2,1,0,0,0,0,0,0,0,0,0,0
200188,1,1,0,0,0,0,0,0,0,0,0,0
200188,2,1,0,0,0,0,0,0,0,0,0,0
200189,1,1,1,1,1,1,1,1,1,1,1,1
200189,2,1,0,0,0,0,0,0,0,0,0,0
200190,1,1,0,0,0,0,0,0,0,0,0,0
200191,1,1,0,0,0,0,0,0,0,0,0,0
200191,2,1,0,0,0,0,0,0,10,0,21,0
200192,1,1,0,0,0,0,0,0,0,0,0,0
200192,2,1,0,0,0,0,0,0,0,0,0,0
200193,1,1,0,8,0,0,0,0,0,0,0,0
200193,2,1,23,0,0,27,0,12,0,0,11,0
200194,1,1,15,15,15,15,15,15,15,15,15,15
200194,2,1,2,2,2,2,2,2,2,2,2,2
200195,1,1,0,9,12,0,19,0,14,0,0,25
200196,1,1,17,17,17,17,17,17,17,17,17,17
200197,1,1,3,3,3,3,3,3,3,3,3,3
200197,2,1,13,13,13,13,13,13,13,13,13,13
200198,0,1,0,0,0,0,0,0,0,0,0,0
200198,1,1,0,0,0,0,0,0,0,0,0,0
200198,2,1,0,0,8,0,0,0,0,0,0,0
200199,1,1,0,24,0,0,0,10,0,0,0,0
200199,2,1,0,0,0,0,0,0,0,0,0,0
200200,1,1,0,0,0,0,0,0,0,0,0,0
200201,1,1,8,8,8,8,8,8,8,8,8,8
200202,1,1,17,17,17,17,17,17,17,17,17,17
200203,0,1,9,9,9,9,9,9,9,9,9,9
200203,0,2,28,0,0,0,0,5,0,16,0,37
200203,1,1,18,18,18,18,18,18,18,18,18,18
200204,1,1,0,0,0,0,0,0,0,0,0,0
200205,1,1,0,0,0,0,0,0,0,0,0,0
200205,2,1,0,0,0,0,0,0,0,0,0,0
200206,0,1,0,0,0,0,0,0,0,0,0,0
200206,1,1,0,0,0,0,0,0,0,0,0,0
200207,1,1,0,0,0,0,0,0,0,0,0,0
200207,2,1,0,0,0,0,0,0,0,0,0,0
200207,3,1,0,0,0,0,0,0,0,0,0,0
200208,1,1,0,0,0,0,0,0,0,0,0,0
200209,1,1,0,0,0,0,0,0,0,0,0,0
200209,2,1,0,0,0,0,0,0,0,0,0,0
200209,3,1,0,0,0,0,0,0,0,0,0,0
200209,4,1,0,0,0,0,0,0,0,0,0,0
200210,1,1,0,18,14,0,0,0,0,0,0,0
200210,2,1,0,0,0,0,0,0,0,0,0,0
200211,1,1,0,16,0,0,0,0,0,0,13,0
200211,2,1,0,0,0,0,0,0,0,0,0,0
200212,1,1,0,0,0,0,0,0,0,0,0,14
200212,2,1,0,0,0,13,0,0,0,0,0,0
200213,1,1,0,0,0,0,0,0,0,0,0,0
200213,2,1,0,0,0,0,0,0,0,0,0,0
200214,1,1,0,0,0,0,0,0,0,11,0,0
200215,1,1,0,7,0,0,0,0,0,0,0,0
200216,0,1,0,0,0,0,0,0,0,0,0,0
200216,1,1,0,0,0,0,0,0,0,0,0,0
200217,1,1,0,0,0,0,0,0,0,0,0,0
200217,2,1,3,3,3,3,3,3,3,3,3,3
200218,1,1,12,3,38,16,0,0,0,14,17,0
200219,0,1,0,0,0,0,0,0,0,0,0,0
200219,1,1,0,0,0,0,0,0,0,0,0,0
200220,1,1,13,13,13,13,13,13,13,13,13,13
200221,1,1,0,0,0,0,0,0,0,0,0,0
200221,2,1,0,0,0,0,0,0,0,0,0,0
200222,1,1,24,24,24,24,24,24,24,24,24,24
200223,1,1,0,0,0,0,0,0,0,0,0,0
200223,2,1,20,0,0,0,0,0,0,0,0,0
200225,1,1,24,24,24,24,24,24,24,24,24,24
200226,1,1,0,0,0,0,0,0,0,0,0,0
200226,2,1,0,0,0,0,0,0,0,0,0,0
200227,1,1,0,0,0,0,0,0,0,0,0,0
200228,1,1,0,0,0,0,0,0,16,0,0,0
200228,2,1,0,0,0,0,0,0,0,0,0,0
200229,0,1,19,19,19,19,19,19,19,19,19,19
200229,1,1,0,0,0,10,0,10,0,0,12,11
200230,1,1,7,7,7,7,7,7,7,7,7,7
200231,1,1,30,30,30,30,30,30,30,30,30,30
200232,1,1,0,0,0,0,0,0,0,0,0,0
200233,1,1,0,0,0,0,0,0,0,0,0,0
200234,1,1,0,0,0,14,0,0,0,0,0,0
200235,1,1,0,0,0,0,0,0,0,0,0,0
200235,2,1,0,0,0,0,0,0,0,0,0,0
200235,3,1,0,0,0,0,0,0,0,0,0,0
200236,1,1,17,17,17,17,17,17,17,17,17,17
200236,2,1,9,9,9,9,9,9,9,9,9,9
200237,1,1,20,20,20,20,20,20,20,20,20,20
200238,0,1,5,5,5,5,5,5,5,5,5,5
200238,1,1,0,0,0,14,0,0,0,0,0,2
200238,3,1,0,0,0,0,0,0,0,0,0,0
200240,1,1,0,0,0,0,0,0,0,0,0,0
200240,2,1,0,0,0,0,0,0,0,0,0,0
200241,1,1,26,26,26,26,26,26,26,26,26,26
200242,1,1,0,0,0,0,0,0,0,20,0,0
200242,2,1,0,0,0,0,0,0,0,0,0,0
200243,1,1,0,0,0,0,0,0,0,0,0,0
200243,2,1,0,0,0,0,0,0,0,0,0,0
200244,1,1,0,0,0,0,0,0,0,0,0,0
200245,1,1,0,0,0,0,0,0,0,0,0,0
200245,2,1,0,0,0,0,0,0,0,0,0,0
200246,1,1,0,0,0,0,0,0,0,0,0,0
200246,2,1,0,0,0,0,0,0,0,0,0,0
200247,1,1,0,0,0,0,0,0,0,0,0,0
200247,2,1,0,0,0,0,0,0,0,0,0,0
200248,1,1,0,0,0,0,0,0,0,0,0,0
200248,2,1,0,0,0,0,0,0,0,0,0,0
200249,1,1,0,0,0,0,0,0,0,0,13,0
200249,2,1,0,0,0,0,0,0,0,0,0,0
200250,1,1,0,0,0,0,0,0,0,0,0,0
200251,1,1,0,19,0,0,0,0,0,0,0,0
200252,1,1,0,0,17,0,32,0,0,23,0,0
200253,1,1,0,0,0,0,0,0,0,0,0,0
200254,1,1,26,26,26,26,26,26,26,26,26,26
200255,1,1,0,0,0,0,0,0,0,0,0,0
200255,2,1,0,0,0,0,0,0,0,0,0,0
200256,1,2,30,0,0,0,27,0,27,0,0,24
200257,1,1,0,0,0,15,0,0,13,19,23,0
200258,1,1,0,0,0,0,0,0,0,0,0,0
200258,2,1,0,0,0,0,0,0,0,0,0,0
200259,1,1,0,0,0,0,0,0,0,0,0,0
200260,1,1,1,1,1,1,1,1,1,1,1,1
200260,2,1,4,4,4,4,4,4,4,4,4,4
200261,1,1,0,0,0,0,0,0,0,0,0,0
200261,2,1,0,0,0,0,0,0,0,0,0,0
200262,1,1,0,0,0,0,0,0,0,0,0,0
200262,2,1,0,0,0,0,0,0,0,0,0,0
200263,1,1,23,23,23,23,23,23,23,23,23,23
200264,1,1,0,0,0,0,0,0,0,0,0,0
200264,2,1,0,0,0,0,0,0,0,0,8,0
200265,1,1,0,0,0,0,0,14,0,0,0,0
200266,1,1,21,21,21,21,21,21,21,21,21,21
200267,1,1,0,0,0,0,0,0,0,0,0,0
200267,2,1,0,0,0,0,0,0,0,0,0,0
200268,1,1,22,14,38,17,13,17,42,10,0,17
200269,0,1,0,0,0,0,0,0,0,0,0,0
200269,1,1,0,0,0,0,0,0,0,0,0,0
200270,1,1,0,0,0,0,0,16,0,0,0,0
200271,1,1,0,0,0,0,0,0,0,0,0,0
200271,2,1,0,0,0,0,0,0,0,0,0,0
200272,0,1,7,7,7,7,7,7,7,7,7,7
200272,1,1,9,15,0,11,0,9,22,27,17,13
200273,1,1,29,29,29,29,29,29,29,29,29,29
200274,1,1,0,0,0,0,0,0,0,0,0,2
200275,1,1,13,0,0,0,0,0,0,0,0,0
200276,1,1,14,14,14,14,14,14,14,14,14,14
200277,1,1,10,10,10,10,10,10,10,10,10,10
200277,2,1,0,0,0,0,0,0,0,0,0,0
200278,1,1,0,0,0,0,0,0,0,0,0,0
200278,2,1,0,0,0,0,0,0,0,0,0,0
200279,1,1,0,0,0,0,0,0,0,0,0,0
200280,1,1,0,0,0,0,0,0,0,0,0,0
200280,2,1,0,20,0,0,0,0,0,0,0,0
200281,1,1,0,0,0,0,0,0,0,0,0,0
200281,2,1,0,0,0,0,0,0,0,0,0,0
200282,1,1,0,0,0,0,0,0,0,0,0,0
200283,1,1,16,16,16,16,16,16,16,16,16,16
200284,1,1,0,0,0,0,0,0,0,0,0,0
200285,1,1,18,18,18,18,18,18,18,18,18,18
200285,2,1,0,0,0,0,0,0,0,0,0,0
200286,1,1,0,13,6,0,0,0,0,0,0,0
200287,1,1,0,0,0,0,0,0,0,0,0,0
200287,2,1,0,0,0,0,0,0,0,0,0,0
200288,1,1,0,0,0,0,0,0,0,0,0,0
200289,1,1,15,0,24,9,25,9,23,14,16,9
200290,1,1,0,0,0,0,0,0,0,0,0,0
200291,1,1,0,0,0,0,0,0,0,0,0,0
200291,2,1,0,0,0,0,0,0,0,0,0,0
200292,1,1,0,0,0,0,0,0,0,0,0,0
200293,1,1,13,13,3,39,16,25,16,29,39,20
200294,1,1,19,19,19,19,19,19,19,19,19,19
200295,1,1,0,0,0,0,0,8,0,0,0,13
200295,2,1,0,0,0,0,0,0,0,0,0,0
200295,3,1,0,0,0,0,0,0,0,0,0,0
200296,1,1,17,17,17,17,17,17,17,17,17,17
200296,2,1,0,0,0,0,0,0,0,0,0,0
200296,3,1,19,0,0,0,0,0,0,0,0,0
200297,1,1,34,34,34,34,34,34,34,34,34,34
200298,1,1,0,0,0,0,0,0,0,0,0,0
200299,1,1,0,0,0,0,0,0,0,0,0,0
200300,0,1,0,0,0,0,0,0,0,0,0,0
200300,1,1,0,0,0,0,0,0,0,0,0,0
200301,1,1,25,0,0,0,0,0,0,0,0,0
200302,1,1,0,0,0,0,0,0,0,0,0,0
200302,2,1,0,0,0,0,0,0,0,0,0,0
200303,1,1,21,21,21,21,21,21,21,21,21,21
200303,2,1,0,0,0,0,0,0,0,0,0,0
200304,1,1,0,0,0,0,0,0,0,0,0,34
200304,2,1,0,0,0,0,0,0,0,0,0,0
200305,1,1,0,0,14,0,0,9,0,17,14,5
200306,1,1,0,0,0,0,0,0,0,0,0,0
200307,1,1,0,0,0,0,0,0,0,12,0,0
200307,2,1,0,0,0,0,0,0,0,0,0,0
200308,1,1,0,0,0,0,0,0,0,0,0,0
200308,2,1,0,0,0,0,0,0,0,0,0,0
200310,1,1,0,0,0,0,0,0,0,0,0,0
200310,2,1,0,0,0,0,0,0,0,0,0,0
200311,1,1,35,35,35,35,35,35,35,35,35,35
200312,1,1,31,31,31,31,31,31,31,31,31,31
200313,1,1,0,0,0,0,0,0,0,0,0,0
200313,2,1,0,0,0,0,0,0,0,0,0,0
200314,1,1,0,0,0,0,0,0,0,0,0,0
200314,2,1,0,0,0,0,7,0,0,0,0,0
200315,1,1,0,0,0,0,0,0,0,0,0,0
200316,1,1,0,14,0,20,0,17,10,0,20,0
200317,1,1,15,0,0,0,0,0,0,0,0,0
200317,2,1,11,11,11,11,11,11,11,11,11,11
200318,1,1,0,0,0,0,0,0,0,0,0,0
200319,1,1,0,0,0,0,0,0,0,0,0,0
200320,0,1,0,0,0,0,0,0,0,0,0,0
200320,1,1,0,0,0,0,0,0,0,0,0,0
200321,1,1,12,12,12,12,12,12,12,12,12,12
200322,1,1,0,0,0,0,0,0,0,0,0,0
200323,1,1,0,0,0,0,0,0,0,0,0,0
200323,2,1,0,0,0,0,0,0,0,0,0,0
200324,1,1,0,0,0,0,0,0,0,0,0,0
200324,2,1,0,0,0,0,0,0,0,0,0,0
200325,1,1,0,0,0,0,0,0,0,0,0,0
200326,1,1,0,0,0,0,0,0,0,0,0,0
200326,2,1,0,0,0,0,0,0,0,0,0,0
200327,1,1,19,19,19,19,19,19,19,19,19,19
200328,1,1,0,0,0,0,0,0,0,0,0,0
200329,1,1,0,0,0,0,0,0,0,0,0,0
200329,2,1,0,0,0,0,0,0,0,0,0,0
200330,1,1,0,0,0,0,0,0,0,0,0,0
200330,2,1,0,0,0,0,0,0,0,0,0,0
200331,0,1,21,21,21,21,21,21,21,21,21,21
200331,1,1,0,0,0,0,0,0,0,0,0,0
200332,1,1,0,0,0,0,0,0,0,0,0,0
200333,1,1,0,0,0,0,0,0,0,0,0,0
200333,2,1,0,0,0,0,0,0,0,0,0,0
200334,1,1,22,22,22,22,22,22,22,22,22,22
200335,1,1,0,0,0,0,0,0,0,0,0,0
200335,2,1,0,0,0,0,0,0,0,0,0,0
200336,1,1,0,0,0,0,0,0,0,0,0,0
200337,1,1,0,0,0,0,0,0,0,0,0,0
200337,2,1,0,0,0,0,0,0,0,0,0,0
200338,1,1,38,20,33,36,26,23,17,13,22,33
200339,1,1,30,30,30,30,30,30,30,30,30,30
200340,1,1,0,0,0,0,0,0,0,0,0,0
200340,2,1,0,0,0,0,0,0,0,0,0,0
200341,0,1,23,23,23,23,23,23,23,23,23,23
200341,1,1,0,0,0,0,0,0,0,0,0,0
200342,0,1,0,0,0,0,0,0,0,0,0,0
200342,1,1,0,0,0,0,0,0,0,0,0,0
200343,1,1,0,0,0,0,0,0,0,0,0,0
200343,2,1,0,12,0,0,0,0,0,0,0,0
200343,3,1,0,0,0,0,0,0,0,0,0,0
200344,1,1,0,25,0,0,0,9,0,16,0,0
200344,2,1,0,0,0,0,0,0,0,0,0,0
200345,1,1,0,0,0,0,0,0,0,17,0,0
210001,0,1,0,0,0,0,0,0,0,0,0,0
210001,1,1,0,0,0,0,0,0,0,0,0,0
210002,0,1,47,0,0,0,0,0,0,0,0,0
210002,1,1,0,0,0,0,0,0,0,0,0,0
210002,3,1,0,0,0,0,0,0,0,0,0,0
210002,4,1,0,0,0,8,0,0,0,0,0,0
210003,1,1,0,0,0,0,0,0,0,0,0,0
210003,2,1,0,0,0,0,0,0,0,0,0,0
210004,1,1,0,0,0,0,0,0,0,0,0,0
210005,1,1,0,0,0,0,0,0,0,0,0,0
210005,2,1,0,0,0,0,0,0,0,0,0,0
210006,1,1,0,0,0,0,0,0,0,0,0,0
210007,1,1,6,6,6,6,6,6,6,6,6,6
210007,2,1,0,0,0,0,0,0,0,0,0,0
210008,1,1,0,37,0,0,0,0,0,0,0,0
210008,2,1,0,0,0,0,0,0,0,0,0,0
210009,1,1,0,0,0,0,0,0,0,0,0,0
210010,0,1,22,22,22,22,22,22,22,22,22,22
210010,1,1,0,0,0,0,0,0,0,0,0,0
210011,1,1,27,27,27,27,27,27,27,27,27,27
210012,1,1,0,0,0,0,0,0,0,0,0,0
210012,2,1,0,0,0,0,0,0,0,0,0,0
210012,3,1,0,0,25,0,0,0,0,0,0,0
210013,1,1,0,0,0,0,0,0,0,0,0,0
210013,2,1,0,0,0,0,0,0,0,0,0,0
210014,1,1,0,0,0,0,0,0,0,0,0,0
210015,1,1,0,0,0,0,0,0,0,0,0,0
210015,2,1,0,0,0,0,0,0,0,0,0,0
210016,1,1,0,0,0,0,0,0,0,0,0,0
210016,2,1,0,0,12,0,0,0,0,0,0,0
210017,1,1,26,26,26,26,26,26,26,26,26,26
210018,1,1,0,0,0,0,0,0,0,0,0,0
210018,2,1,13,13,13,13,13,13,13,13,13,13
210019,1,1,0,0,0,0,0,0,0,0,0,0
210019,2,1,0,0,0,0,0,0,0,0,0,0
210020,1,1,0,0,0,0,0,0,0,0,0,0
210021,1,1,0,0,0,0,0,0,0,0,0,0
210021,2,1,0,0,0,0,0,0,0,0,0,0
210022,1,1,0,0,0,0,0,11,0,0,0,0
210022,2,1,0,0,0,3,17,0,0,0,0,0
210023,1,1,0,0,0,0,0,0,0,0,0,0
210024,1,1,16,0,15,14,0,0,0,0,0,0
210025,1,1,0,0,0,0,0,0,0,0,0,0
210026,0,1,0,0,0,0,0,0,0,0,0,0
210026,1,1,0,0,0,0,0,0,0,0,0,0
210026,2,1,0,0,0,0,0,0,0,0,11,0
210027,1,1,0,0,0,0,0,0,0,0,0,0
210028,1,1,0,0,0,0,0,0,0,0,0,0
210029,1,1,0,0,0,0,0,0,0,0,0,0
210030,1,1,0,0,0,0,0,0,0,0,0,0
210030,2,1,0,0,0,0,0,0,0,0,0,0
210031,1,1,0,0,0,0,0,0,0,0,0,0
210031,2,1,0,0,0,0,0,0,0,0,0,0
210032,1,1,0,0,0,0,0,0,0,0,0,0
210032,2,1,0,0,0,0,0,0,0,0,0,0
210033,0,1,0,0,0,0,0,0,0,0,0,0
210033,1,1,0,0,0,0,0,0,0,0,0,0
210034,1,1,10,0,0,0,4,0,0,12,0,10
210035,1,1,0,0,0,0,0,0,0,0,0,0
210036,1,1,18,18,18,18,18,18,18,18,18,18
210037,1,1,0,0,0,0,0,0,0,0,0,0
210037,2,1,0,0,0,0,0,0,0,0,0,0
210038,0,1,0,0,0,0,0,0,0,0,0,0
210038,1,1,0,0,0,0,0,0,0,0,0,0
210039,1,1,10,18,24,19,11,23,8,17,19,20
210040,1,1,16,16,16,16,16,16,16,16,16,16
210041,1,1,0,0,0,0,0,0,0,0,0,0
210041,2,1,0,0,0,0,0,0,0,0,0,0
210042,1,1,0,0,0,0,0,0,0,0,0,0
210042,2,1,0,0,39,0,0,0,0,0,0,0
210042,3,1,0,0,0,0,0,0,0,0,0,0
210042,4,1,0,0,0,0,0,0,0,0,0,0
210043,1,1,33,33,33,33,33,33,33,33,33,33
210044,1,1,11,21,8,27,9,0,20,19,16,20
210045,1,1,0,0,0,0,0,0,0,0,0,0
210045,2,1,0,0,0,0,0,0,0,0,0,0
210046,1,1,0,0,0,0,0,0,0,0,0,0
210047,1,1,0,0,0,0,0,0,0,0,0,0
210048,1,1,0,0,0,0,0,0,0,0,0,0
210049,1,1,0,0,0,0,0,0,0,0,0,0
210049,2,1,0,0,0,0,0,0,0,0,0,0
210050,1,1,0,0,0,0,0,0,0,0,0,0
210050,2,1,0,0,0,0,0,0,0,0,0,0
210050,3,1,0,0,0,0,0,0,0,0,0,0
210051,1,1,0,0,0,0,0,0,0,0,0,0
210052,0,1,0,0,0,0,0,0,0,0,0,0
210052,0,2,0,0,0,0,0,0,0,0,0,0
210052,1,1,0,0,0,9,0,0,0,0,0,0
210053,1,1,0,0,0,0,0,0,0,0,0,0
210054,1,1,0,0,0,0,0,0,0,0,0,0
210055,0,1,0,0,0,0,0,0,0,0,0,0
210055,1,1,0,0,0,0,0,0,0,0,0,0
210056,1,1,0,0,0,0,0,0,0,0,0,0
210057,1,1,0,0,0,0,0,0,0,0,0,0
210058,1,1,25,25,25,25,25,25,25,25,25,25
210059,1,1,0,0,0,0,0,0,0,0,0,0
210060,1,1,0,0,0,0,0,0,0,0,0,0
210061,1,1,0,0,22,0,0,40,0,0,0,45
210062,1,1,2,2,2,2,2,2,2,2,2,2
210063,0,1,0,0,0,0,0,0,0,0,0,0
210063,1,1,0,0,0,0,0,0,0,0,0,0
210064,1,1,0,0,0,0,0,20,0,0,0,0
210064,2,1,0,0,0,0,0,0,0,0,0,0
210065,1,1,0,0,0,0,0,0,0,0,0,0
210065,2,1,0,0,0,0,0,0,0,0,0,0
210066,1,1,35,15,17,13,21,20,21,12,7,28
210067,1,1,0,0,0,0,0,0,0,0,0,0
210068,0,1,14,0,0,0,35,0,0,23,0,0
210068,1,1,0,0,0,0,0,0,0,0,0,19
210069,1,1,0,12,0,0,0,0,0,0,0,0
210070,1,1,0,0,0,13,0,0,0,0,0,0
210070,2,1,0,0,0,0,0,0,0,0,0,0
210071,1,1,0,0,0,0,0,0,0,0,0,0
210072,0,1,0,0,0,0,0,0,0,0,0,0
210072,1,1,0,0,0,0,0,0,0,0,0,0
210073,1,1,0,0,0,0,0,0,0,0,0,0
210073,2,1,0,0,0,0,0,0,0,0,0,0
210074,1,1,0,0,0,0,0,0,15,0,0,19
210074,2,1,23,0,0,0,0,0,0,0,0,0
210075,1,1,7,7,7,7,7,7,7,7,7,7
210075,2,1,0,0,0,0,0,0,0,0,0,0
210075,3,1,0,0,6,0,0,0,0,0,24,0
210076,1,1,0,0,0,0,0,0,0,0,0,0
210076,2,1,0,0,0,0,0,0,0,0,0,0
210077,1,1,0,0,0,0,0,0,0,0,0,0
210077,2,1,0,0,0,0,0,0,0,0,0,0
210078,1,1,0,0,0,0,0,0,0,0,0,0
210079,1,1,25,25,25,25,25,25,25,25,25,25
210080,1,1,0,0,0,0,0,0,0,0,0,0
210081,1,1,0,0,0,0,0,0,0,0,0,0
210082,1,1,0,0,0,0,0,0,0,0,0,0
210082,2,1,0,0,0,0,0,0,0,0,0,0
210082,3,1,0,0,0,0,0,0,0,0,0,0
210083,1,1,0,0,0,0,0,0,0,0,0,0
210083,2,1,0,0,0,0,0,0,0,0,0,0
210083,3,1,0,0,0,0,0,0,0,0,0,0
210084,1,1,0,0,0,0,0,0,0,0,0,0
210084,2,1,0,0,0,0,0,0,0,0,0,0
210085,1,1,0,0,0,0,0,0,0,0,0,0
210085,2,1,0,0,0,0,0,0,0,0,0,0
210086,1,1,12,12,12,12,12,12,12,12,12,12
210087,1,1,8,8,8,8,8,8,8,8,8,8
210088,1,1,3,3,3,3,3,3,3,3,3,3
210088,2,1,0,0,0,0,0,0,0,0,0,0
210089,1,1,0,0,0,0,0,0,0,0,0,0
210089,2,1,0,0,0,0,0,0,0,0,8,0
210090,0,1,20,20,20,20,20,20,20,20,20,20
210090,1,1,0,0,0,0,0,0,0,0,0,0
210091,1,1,0,0,0,0,0,0,0,0,0,0
210092,1,1,42,42,42,42,42,42,42,42,42,42
210092,2,1,0,0,0,0,0,0,0,0,0,0
210093,1,1,0,0,0,0,0,0,0,0,0,0
210093,2,1,0,0,0,0,0,0,0,0,0,0
210094,1,1,29,29,29,29,29,29,29,29,29,29
210095,1,1,31,31,31,31,31,31,31,31,31,31
210096,1,1,0,0,0,0,0,0,0,0,0,0
210096,2,1,0,0,0,0,0,0,0,0,0,0
210097,1,1,0,0,0,0,0,0,0,0,0,0
210097,2,1,0,0,0,0,0,0,20,0,37,14
210098,1,1,0,0,0,0,0,0,0,0,0,0
210099,1,1,18,13,14,19,21,6,18,34,14,25
210100,1,1,0,9,15,0,0,15,9,0,0,0
210101,1,1,0,0,0,0,0,0,0,0,0,0
210102,1,1,0,0,0,0,0,0,0,0,0,0
210103,0,1,0,0,0,0,0,0,0,0,0,0
210103,1,1,0,0,0,0,0,0,0,0,0,0
210104,1,1,0,0,0,0,0,0,0,0,0,0
210104,2,1,0,0,0,0,0,0,0,0,0,0
210105,1,1,0,0,0,0,0,0,0,0,0,0
210105,2,1,0,0,0,0,0,0,0,0,0,11
210105,3,1,0,0,0,0,0,0,0,0,0,0
210106,1,1,0,0,0,0,0,0,0,0,0,0
210106,2,1,0,0,0,0,0,0,0,0,0,0
210106,3,1,0,0,0,0,0,0,0,0,0,0
210106,4,1,0,0,17,0,0,0,0,0,0,0
210106,5,1,0,0,0,0,0,0,0,0,0,0
210107,1,1,20,20,20,20,20,20,20,20,20,20
210108,1,1,0,0,0,0,0,0,0,0,0,0
210109,1,1,0,0,0,0,0,0,0,0,0,0
210110,1,1,0,0,0,0,0,0,0,0,0,0
210110,2,1,0,0,0,0,0,0,0,0,0,0
210111,1,1,0,0,0,0,0,0,0,17,0,0
210111,2,1,0,0,0,0,0,0,0,0,0,0
210111,3,1,0,0,0,0,0,0,0,0,0,0
210112,1,1,0,0,0,0,0,0,0,0,0,0
210112,2,1,0,0,0,0,0,0,0,0,0,0
210113,1,1,0,0,0,0,0,0,0,0,0,0
210114,1,1,21,21,21,21,21,21,21,21,21,21
210115,1,1,0,0,0,0,0,0,0,0,0,0
210115,2,1,0,0,0,0,0,0,0,0,0,0
210116,1,1,22,9,0,0,16,42,0,0,0,0