ST_CASE,VEH_NO,PER_NO,P1,P2,P3,P4,P5,P6,P7,P8,P9,P10
210117,1,1,33,0,0,0,0,0,0,0,0,0
210118,1,1,0,0,0,0,0,0,0,0,0,0
210118,2,1,0,0,0,0,0,0,0,0,0,0
210119,1,1,0,0,0,0,0,0,0,0,0,0
210119,2,1,0,0,0,0,0,0,0,0,0,0
210120,1,1,0,0,0,0,0,0,22,0,0,0
210120,2,1,0,0,0,0,0,0,0,0,0,0
210120,3,1,0,0,0,0,17,0,0,0,0,0
210121,1,1,0,0,0,0,0,0,0,0,0,0
210121,2,1,0,0,0,0,0,0,0,0,0,0
210122,1,1,0,0,0,0,0,0,0,0,0,0
210122,2,1,0,0,0,0,0,0,0,0,0,0
210123,1,1,0,0,0,0,0,0,0,0,0,0
210124,1,1,11,8,3,10,3,28,7,16,0,13
210124,2,1,0,0,0,0,0,0,0,0,0,0
210125,1,1,0,0,0,0,0,0,0,0,0,0
210125,2,1,0,0,0,0,0,0,0,0,0,0
210126,0,1,26,26,26,26,26,26,26,26,26,26
210126,1,1,0,0,0,0,0,0,0,29,0,0
210127,1,1,0,0,0,0,0,0,0,0,0,0
210127,2,1,26,0,0,0,0,0,0,0,0,0
210128,1,1,11,11,0,19,16,30,14,21,31,11
210129,1,1,11,11,11,11,11,11,11,11,11,11
210129,2,1,7,0,0,0,0,0,0,31,0,0
210130,1,1,0,0,0,0,0,0,0,0,0,0
210131,1,1,16,16,16,16,16,16,16,16,16,16
210131,2,1,29,0,0,0,0,0,0,0,8,0
210132,1,1,0,0,0,0,0,0,0,0,0,0
210133,1,1,15,15,15,15,15,15,15,15,15,15
210134,1,1,18,18,18,18,18,18,18,18,18,18
210135,1,1,17,17,17,17,17,17,17,17,17,17
210136,0,1,0,0,0,0,0,0,0,0,0,0
210136,1,1,0,0,0,0,0,0,0,0,0,0
210137,1,1,0,0,0,14,5,6,6,0,0,3
210138,1,1,0,0,0,0,0,0,0,0,0,0
210138,2,1,0,0,0,0,0,0,0,0,0,0
210139,1,1,8,8,8,8,8,8,8,8,8,8
210140,1,1,0,0,0,0,0,0,0,0,0,0
210140,2,1,0,0,0,0,0,0,0,0,13,0
210141,1,1,0,0,0,0,0,0,0,0,0,0
210141,2,1,0,0,0,0,0,0,0,0,0,0
210141,3,1,27,0,0,0,19,0,0,0,0,0
210142,1,1,23,23,23,23,23,23,23,23,23,23
210142,2,1,0,0,0,0,0,0,0,0,0,0
210143,0,1,0,0,0,0,0,0,0,0,0,0
210143,1,1,0,0,0,0,0,0,0,0,0,0
210143,2,1,0,0,0,0,0,0,0,0,0,0
210144,1,1,8,0,0,0,0,0,0,0,0,0
210145,1,1,20,20,20,20,20,20,20,20,20,20
210146,0,1,0,0,0,0,0,0,0,0,0,0
210146,1,1,0,0,0,0,0,0,0,0,0,0
210147,1,1,0,0,0,0,0,0,0,0,0,0
210148,1,1,0,0,0,0,0,0,0,0,0,0
210148,2,1,0,0,0,0,0,0,0,0,0,0
210149,1,1,0,0,0,0,0,0,0,0,0,0
210149,2,1,0,0,0,0,0,0,0,0,0,0
210150,0,1,0,0,0,0,0,0,0,0,0,0
210150,1,1,0,0,0,0,0,0,0,0,0,0
210151,1,1,21,21,21,21,21,21,21,21,21,21
210151,2,1,0,0,0,0,0,0,0,0,0,0
210152,1,1,0,0,11,0,9,14,0,0,0,0
210153,1,1,12,12,12,12,12,12,12,12,12,12
210154,1,1,16,16,16,16,16,16,16,16,16,16
210155,1,1,0,0,0,0,0,0,0,0,0,0
210156,1,1,19,19,19,19,19,19,19,19,19,19
210157,1,1,11,11,11,11,11,11,11,11,11,11
210158,1,1,0,0,0,0,0,0,0,0,0,0
210159,0,1,22,22,22,22,22,22,22,22,22,22
210159,1,1,0,0,0,0,0,0,0,0,0,0
210160,0,1,19,19,19,19,19,19,19,19,19,19
210160,1,1,0,0,0,0,0,0,0,9,17,0
210161,1,1,0,0,0,0,0,0,0,0,0,0
210161,2,1,0,0,0,19,0,0,0,0,0,0
210162,1,1,0,0,0,0,10,0,0,0,0,0
210163,1,1,7,12,0,0,0,0,0,0,0,0
210164,1,1,0,0,0,0,0,0,0,0,0,20
210164,2,1,0,0,0,0,0,0,0,0,0,0
210165,1,1,0,0,0,0,0,0,0,0,0,0
210166,1,1,0,0,0,0,0,0,0,0,0,0
210166,2,1,0,0,0,0,0,0,0,0,0,0
210167,1,1,0,0,0,0,0,0,0,0,0,0
210167,2,1,0,0,0,0,0,0,0,0,0,0
210168,1,1,26,0,0,0,0,18,18,0,0,0
210169,1,1,10,10,10,10,10,10,10,10,10,10
210170,1,1,0,0,0,0,0,0,0,0,0,0
210170,2,1,0,0,0,0,0,0,0,0,0,0
210171,1,1,0,0,0,0,0,0,0,0,0,0
210171,2,1,0,0,0,0,0,0,0,0,0,0
210172,1,1,0,0,0,0,0,0,0,0,0,0
210172,2,1,0,0,0,22,0,0,0,0,0,0
210173,1,1,0,0,0,0,0,0,0,0,0,0
210174,1,1,0,0,0,0,0,0,0,0,0,0
210174,2,1,0,0,0,0,0,0,0,21,0,0
210175,1,1,0,24,20,15,16,4,16,6,27,17
210176,1,1,0,0,0,0,0,0,0,0,0,0
210177,1,1,0,0,0,0,0,0,0,0,0,0
210177,2,1,0,0,0,0,0,0,0,0,0,0
210178,1,1,0,0,0,0,0,0,0,0,0,0
210179,1,1,0,0,0,0,0,0,0,0,0,0
210179,2,1,0,0,0,0,0,0,0,0,0,0
210180,1,1,0,0,0,0,0,0,0,0,0,0
210180,2,1,0,0,0,0,0,0,0,0,0,0
210181,1,1,0,0,0,0,0,0,0,0,0,0
210182,1,1,4,4,4,4,4,4,4,4,4,4
210182,2,1,0,0,0,0,0,0,0,0,0,0
210183,1,1,12,29,20,13,26,20,25,34,15,0
210184,0,1,21,21,21,21,21,21,21,21,21,21
210184,1,1,0,0,0,0,0,0,0,0,0,0
210185,1,1,0,0,0,0,0,0,0,0,0,0
210186,1,1,0,0,0,0,0,0,0,0,0,0
210186,2,1,0,0,0,0,0,0,0,0,0,0
210187,1,1,6,37,21,28,23,16,36,29,16,25
210188,1,1,0,0,10,0,0,0,0,0,0,0
210189,1,1,0,0,0,0,0,0,0,0,0,0
210189,2,1,0,0,0,0,0,0,0,0,0,0
210190,1,1,0,0,0,0,0,0,0,0,0,0
210190,2,1,0,0,0,0,0,0,0,0,0,5
210190,3,1,0,0,0,0,0,6,0,13,0,0
210191,0,1,0,0,0,0,0,0,0,0,0,0
210191,1,1,16,14,20,17,9,10,26,3,8,7
210192,1,1,0,0,0,0,0,0,0,0,0,0
210192,2,1,0,0,0,0,0,0,0,9,0,0
210193,1,1,0,0,0,0,0,0,0,0,0,0
210193,2,1,0,0,0,0,0,0,0,0,0,0
210194,1,1,15,15,15,15,15,15,15,15,15,15
210195,1,1,0,0,0,0,0,0,0,0,0,0
210195,2,1,0,9,0,0,0,0,0,0,0,0
210196,1,1,19,19,19,19,19,19,19,19,19,19
210196,2,1,0,0,0,0,0,0,0,0,0,0
210196,3,1,0,0,0,0,0,0,0,0,0,0
210197,1,1,14,14,14,14,14,14,14,14,14,14
210198,1,1,27,27,27,27,27,27,27,27,27,27
210199,1,1,0,0,0,0,0,0,0,0,0,0
210199,2,1,0,0,0,0,0,0,0,0,0,0
210199,3,1,0,0,0,0,0,0,0,0,0,0
210200,1,1,18,18,18,18,18,18,18,18,18,18
210201,1,1,9,9,9,9,9,9,9,9,9,9
210201,2,1,0,0,0,0,0,0,0,0,19,0
210201,3,1,0,0,0,0,0,0,0,0,0,0
210202,1,1,0,0,0,0,0,0,0,0,0,0
210202,2,1,0,0,0,0,0,0,0,0,0,0
210203,1,1,0,0,0,14,0,0,0,0,0,0
210203,2,1,0,0,0,0,0,0,0,0,0,0
210204,1,1,0,0,0,0,0,0,0,0,0,0
210205,1,1,0,0,0,0,0,0,0,0,0,0
210205,2,1,0,0,0,0,0,0,0,0,0,0
210206,1,1,0,0,0,0,0,0,0,0,0,0
210206,2,1,0,0,0,0,0,0,0,0,0,0
210207,1,1,28,28,28,28,28,28,28,28,28,28
210208,1,1,17,17,17,17,17,17,17,17,17,17
210208,2,1,0,0,10,7,19,0,0,0,5,0
210208,3,1,0,0,0,0,0,0,0,0,0,0
210209,1,1,0,0,0,0,0,0,0,0,0,0
210209,2,1,0,0,0,0,0,0,0,0,0,0
210210,1,1,0,0,0,0,0,0,0,0,0,0
210211,1,1,0,0,0,0,0,0,0,0,0,0
210211,2,1,0,0,0,0,0,0,0,0,0,0
210212,1,2,0,0,0,0,0,0,0,0,0,0
210213,1,1,0,0,0,0,0,0,0,0,0,0
210213,2,1,0,0,0,0,0,0,0,0,0,0
210214,1,1,0,0,0,0,0,0,0,0,0,0
210214,2,1,0,0,0,0,0,0,0,0,0,0
210215,1,1,0,0,0,0,0,0,0,0,0,0
210215,2,1,0,0,0,0,0,0,0,0,0,0
210216,1,1,0,0,0,0,0,0,0,0,0,0
210217,1,1,0,0,0,0,0,0,0,0,0,0
210218,1,1,25,25,25,25,25,25,25,25,25,25
210218,2,1,0,0,0,0,0,0,0,0,0,0
210219,1,1,16,8,0,0,0,0,0,0,0,0
210220,1,1,22,22,22,22,22,22,22,22,22,22
210221,1,1,0,0,0,0,0,0,0,0,0,0
210221,2,1,0,0,0,0,0,0,0,0,0,0
210222,1,1,0,0,0,0,0,0,0,0,0,0
210222,2,1,0,0,0,0,0,0,0,0,0,0
210223,1,1,0,0,0,0,0,0,0,0,0,0
210223,2,1,0,0,0,0,0,0,0,0,0,0
210224,1,1,19,19,19,19,19,19,19,19,19,19
210225,1,1,0,0,0,0,0,0,0,0,0,0
210226,1,1,0,0,0,0,0,0,0,0,0,0
210226,2,1,0,0,0,0,0,0,0,0,0,0
210227,1,1,0,0,0,0,0,0,0,0,0,0
210227,2,1,0,0,0,0,0,0,0,0,0,0
210228,1,1,0,0,0,0,0,0,0,0,0,0
210228,2,1,13,0,0,0,0,0,16,22,0,0
210229,0,1,0,0,0,0,0,0,0,0,0,0
210229,1,1,0,0,0,0,0,0,0,0,0,0
210230,1,1,0,0,0,0,0,0,0,0,0,0
210231,1,1,21,21,21,21,21,21,21,21,21,21
210232,0,1,0,0,0,0,0,0,0,0,0,0
210232,0,2,0,0,0,0,0,0,0,0,0,0
210232,0,3,0,0,0,0,0,0,0,0,0,0
210232,1,1,0,0,0,0,0,0,0,0,0,0
210233,1,1,32,32,32,32,32,32,32,32,32,32
210233,2,1,0,0,0,0,0,0,0,0,0,0
210234,1,1,0,0,0,0,0,0,0,0,0,0
210235,1,1,12,12,12,12,12,12,12,12,12,12
210235,2,1,0,0,0,0,0,0,0,0,0,0
210236,1,1,0,0,0,0,0,0,0,0,0,0
210236,2,1,0,0,0,0,0,0,0,0,0,0
210237,1,1,0,0,0,0,0,0,0,0,0,0
210237,2,1,0,0,0,0,0,0,0,0,0,0
210238,1,1,0,0,0,0,0,0,0,0,0,0
210239,1,1,0,0,0,0,0,0,0,0,0,0
210239,2,1,0,0,0,0,0,0,0,0,0,0
210240,1,1,0,0,0,0,0,0,0,0,0,0
210241,1,1,0,0,0,0,0,0,0,0,0,0
210242,1,1,28,28,28,28,28,28,28,28,28,28
210243,1,1,37,37,37,37,37,37,37,37,37,37
210244,1,1,0,0,0,0,0,0,0,0,0,0
210244,2,1,10,10,10,10,10,10,10,10,10,10
210245,1,1,39,39,39,39,39,39,39,39,39,39
210245,2,1,0,0,0,0,0,0,0,0,0,0
210246,1,1,9,9,9,9,9,9,9,9,9,9
210247,1,1,0,7,0,0,23,0,0,0,0,0
210248,1,1,7,7,7,7,7,7,7,7,7,7
210248,2,1,0,0,0,0,0,0,0,0,0,0
210248,3,1,0,0,0,0,0,0,0,0,0,0
210249,1,1,0,0,0,0,0,0,0,0,0,0
210249,2,1,0,0,0,0,0,0,0,0,0,0
210250,0,1,0,0,0,35,0,0,0,0,0,0
210250,1,1,0,0,0,0,0,0,0,22,0,0
210251,0,1,0,0,0,0,0,0,0,0,0,0
210251,1,1,0,0,0,0,0,0,0,0,0,0
210252,1,1,16,16,16,16,16,16,16,16,16,16
210252,2,1,0,0,0,0,0,0,0,0,0,0
210253,1,1,0,24,0,0,0,0,0,0,0,0
210254,1,1,23,23,23,23,23,23,23,23,23,23
210254,2,1,0,0,0,0,16,0,0,0,0,0
210255,0,1,0,36,9,7,0,19,0,41,20,26
210255,1,1,4,0,0,0,0,0,0,0,0,17
210256,0,1,0,0,13,0,0,0,0,0,0,0
210256,1,1,0,0,0,0,0,0,0,0,0,0
210257,1,1,0,0,0,0,0,0,0,0,0,0
210257,2,1,0,0,0,0,0,0,0,0,0,0
210258,0,1,2,2,2,2,2,2,2,2,2,2
210258,1,1,0,0,0,0,0,0,0,0,0,0
210259,1,1,0,0,0,0,0,0,0,0,0,0
210260,1,1,19,19,19,19,19,19,19,19,19,19
210260,2,1,0,0,0,0,0,0,0,0,0,0
210261,1,1,21,21,21,21,21,21,21,21,21,21
210262,1,1,18,18,18,18,18,18,18,18,18,18
210262,2,1,0,0,0,0,0,0,0,0,0,0
210263,1,1,23,23,23,23,23,23,23,23,23,23
210264,1,1,0,0,0,0,0,0,0,0,0,0
210265,1,1,0,0,0,0,0,0,0,0,0,0
210265,2,1,0,0,0,0,0,0,0,0,0,0
210266,1,1,18,18,18,18,18,18,18,18,18,18
210267,1,1,0,0,0,0,0,0,0,0,0,0
210267,2,1,0,0,0,0,0,0,0,0,0,0
210268,1,1,6,6,6,6,6,6,6,6,6,6
210269,1,1,0,0,0,0,0,0,0,0,0,0
210270,1,1,0,0,0,0,0,0,0,0,0,0
210271,1,1,0,0,0,0,0,0,0,0,0,0
210272,1,1,0,0,0,0,0,0,0,0,0,0
210273,1,1,12,12,12,12,12,12,12,12,12,12
210274,1,1,0,0,0,0,34,0,0,0,0,0
210275,1,1,7,7,7,7,7,7,7,7,7,7
210276,1,1,0,0,0,0,0,0,0,0,0,0
210277,1,1,0,0,0,0,0,0,0,0,0,0
210277,2,1,0,0,0,0,0,0,0,0,0,0
210278,1,1,16,0,0,7,0,0,0,0,0,0
210279,1,1,0,0,0,0,0,0,0,0,0,0
210279,2,1,0,0,0,0,0,0,0,0,0,0
210280,1,1,34,34,34,34,34,34,34,34,34,34
210281,1,1,0,0,0,0,0,0,0,0,0,0
210281,2,1,0,0,0,0,0,0,0,0,0,0
210281,3,1,0,0,0,0,0,0,0,0,0,0
210282,1,1,0,0,0,0,0,0,0,0,0,0
210283,1,1,0,0,0,0,0,0,0,0,0,0
210283,2,1,0,0,0,0,0,0,0,0,0,0
210284,1,1,21,21,21,21,21,21,21,21,21,21
210285,0,1,0,0,0,0,0,0,0,0,0,0
210285,1,1,14,14,14,14,14,14,14,14,14,14
210286,1,1,0,0,0,0,0,0,0,0,0,0
210286,2,1,0,0,0,0,0,0,0,9,0,0
210287,1,1,13,13,13,13,13,13,13,13,13,13
210287,2,1,0,0,0,0,0,0,0,0,0,0
210288,1,1,0,0,0,0,0,0,0,0,0,0
210289,1,1,0,0,0,0,0,0,0,0,0,0
210289,2,1,0,0,0,0,0,0,0,0,0,0
210290,1,1,0,0,0,0,0,0,0,0,0,0
210291,1,1,17,17,17,17,17,17,17,17,17,17
210292,1,1,0,0,0,0,0,0,0,0,0,0
210293,0,1,0,0,0,0,0,0,0,0,0,0
210293,1,1,0,0,0,0,0,0,0,0,0,0
210294,1,1,0,0,0,0,0,0,0,0,0,0
210295,1,1,0,0,0,0,0,0,0,0,0,0
210295,2,1,0,0,0,0,0,0,0,0,0,0
210296,1,1,0,0,0,0,0,0,0,0,0,0
210297,0,1,21,21,21,21,21,21,21,21,21,21
210297,1,1,0,0,0,0,0,0,0,0,0,0
210298,1,1,0,0,0,0,0,0,0,0,0,0
210299,1,1,0,0,0,0,0,0,0,0,0,0
210299,2,1,0,0,0,0,0,0,0,0,0,0
210300,1,1,0,0,0,0,0,0,0,0,0,0
210301,1,1,0,0,0,0,0,0,0,0,0,0
210302,1,1,0,0,0,0,0,0,0,0,0,0
210302,2,1,0,0,0,0,0,0,0,0,0,0
210303,1,1,4,4,4,4,4,4,4,4,4,4
210303,2,1,0,0,0,0,0,0,0,0,0,0
210304,1,1,0,0,0,0,0,0,0,0,0,0
210305,1,1,8,8,8,8,8,8,8,8,8,8
210306,1,1,19,19,19,19,19,19,19,19,19,19
210307,1,1,0,0,0,0,0,0,0,0,0,0
210307,2,1,0,0,0,0,0,0,0,0,0,0
210308,1,1,0,0,0,0,0,0,0,0,0,0
210308,2,1,0,0,0,0,0,0,0,0,0,0
210309,1,1,10,10,10,10,10,10,10,10,10,10
210310,1,1,0,0,0,0,0,0,0,0,0,0
210310,2,1,0,0,0,0,0,0,0,0,0,0
210311,1,1,0,0,0,0,0,0,0,0,0,0
210311,2,1,0,0,0,0,0,0,0,0,0,0
210312,1,1,0,0,0,0,0,0,0,0,0,0
210313,1,1,14,14,14,14,14,14,14,14,14,14
210314,1,1,11,11,11,11,11,11,11,11,11,11
210315,1,1,0,0,0,0,0,0,0,0,0,0
210316,1,1,0,0,0,0,0,0,0,0,0,0
210317,1,1,0,0,0,0,0,0,0,0,0,0
210317,2,1,0,0,0,0,0,0,0,0,0,0
210318,1,1,0,0,0,0,0,0,0,0,0,0
210318,2,1,0,0,0,0,0,0,0,0,0,0
210319,1,1,22,22,22,22,22,22,22,22,22,22
210320,1,1,0,17,0,0,0,0,0,0,0,0
210320,2,1,0,0,0,0,0,0,0,0,0,0
210321,1,1,33,33,33,33,33,33,33,33,33,33
210322,1,1,20,20,20,20,20,20,20,20,20,20
210323,1,1,0,0,0,0,0,0,0,0,0,0
210324,1,1,16,16,16,16,16,16,16,16,16,16
210325,1,1,0,0,0,0,0,0,0,0,0,0
210326,1,1,20,20,20,20,20,20,20,20,20,20
210327,1,1,0,0,0,0,0,0,0,0,0,0
210327,2,1,0,0,0,0,0,0,0,0,0,0
210328,1,1,0,0,0,0,0,0,0,0,0,0
210329,1,1,15,0,0,0,0,0,0,0,0,0
210330,1,1,0,0,0,0,0,0,0,0,0,0
210330,2,1,0,0,0,0,0,0,0,0,0,0
210331,1,1,0,0,0,0,0,0,0,0,0,0
210331,2,1,0,0,0,0,0,0,0,0,0,0
210332,1,1,0,0,0,0,0,0,0,0,0,0
210332,2,1,0,0,0,0,0,0,0,0,0,0
210333,1,1,0,0,0,0,0,0,0,0,0,0
210334,1,1,0,0,0,0,0,0,0,0,0,0
210334,2,1,0,0,0,0,0,0,0,0,0,0
210335,1,1,28,28,28,28,28,28,28,28,28,28
210336,1,1,22,0,0,0,0,0,0,0,0,0
210337,1,1,0,0,0,0,0,0,0,0,0,0
210338,1,1,0,0,0,0,0,0,0,0,0,0
210338,2,1,0,0,0,0,0,0,0,0,0,0
210339,1,1,0,0,0,0,0,0,0,0,0,0
210339,2,1,0,0,0,0,0,0,0,0,0,0
210340,0,1,0,0,0,0,0,0,0,0,0,0
210340,1,1,0,0,0,0,0,0,0,0,0,0
210341,1,1,16,17,11,11,10,27,23,37,12,27
210342,1,1,0,0,0,0,0,0,0,0,0,0
210343,0,1,0,15,0,0,16,41,0,0,0,0
210343,0,2,39,0,7,0,33,12,0,0,0,0
210343,1,1,0,0,0,0,0,0,0,0,0,0
210344,1,1,0,0,0,0,0,0,0,0,0,0
210345,1,1,0,0,0,0,0,0,0,0,0,0
210345,2,1,0,0,0,0,0,0,0,0,0,0
210346,1,1,0,0,0,0,0,0,0,0,0,0
210347,1,1,0,0,0,0,0,0,0,0,0,0
210347,2,1,0,0,0,0,0,0,0,0,0,0
210348,1,1,0,0,0,0,0,0,0,0,0,0
210349,1,1,0,0,0,0,0,0,0,0,0,0
210350,1,1,14,14,14,14,14,14,14,14,14,14
210351,1,1,0,0,0,0,0,0,0,0,0,0
210351,2,1,0,0,0,0,0,0,0,0,0,0
210352,1,1,0,0,0,0,0,0,0,14,0,0
210352,2,1,0,0,0,0,0,0,0,0,0,0
210353,1,1,0,0,0,0,22,0,0,0,0,22
210354,1,1,0,0,0,0,0,0,0,0,0,0
210355,1,1,0,0,0,0,0,0,0,0,0,0
210355,2,1,0,0,0,0,0,0,0,0,0,0
210355,3,1,0,0,0,0,0,0,0,0,0,0
210356,1,1,0,0,0,0,0,0,0,0,12,0
210356,2,1,0,0,0,0,0,0,0,0,0,0
210357,1,1,0,7,0,0,0,0,0,0,0,0
210358,0,1,0,0,0,0,0,0,0,0,0,0
210358,1,1,0,0,0,0,0,0,0,0,0,0
210359,1,1,0,0,0,0,0,0,0,0,0,0
210360,1,1,0,0,0,0,0,0,0,0,0,0
210360,2,1,0,0,0,0,0,0,0,0,0,0
210361,1,1,0,12,0,22,0,12,0,0,0,0
210362,1,1,3,3,3,3,3,3,3,3,3,3
210363,1,1,0,0,0,0,0,0,0,0,0,0
210364,0,1,0,0,0,0,0,0,0,0,0,0
210364,0,2,0,0,0,0,24,0,0,0,0,0
210364,0,3,0,0,0,0,8,0,0,0,0,24
210364,1,1,0,0,0,0,0,0,0,0,0,0
210365,1,1,0,0,0,0,0,0,0,0,0,0
210366,1,1,12,12,12,12,12,12,12,12,12,12
210367,1,1,0,0,0,0,0,0,0,0,0,0
210367,2,1,0,0,0,0,0,0,0,0,0,0
210368,1,1,0,0,0,0,0,0,0,0,0,0
210368,2,1,0,0,0,0,0,0,0,0,0,0
210369,1,1,0,8,0,0,20,0,0,0,0,7
210370,1,1,11,11,11,11,11,11,11,11,11,11
210371,0,1,0,0,0,0,0,0,0,0,0,0
210371,0,2,0,0,0,0,19,0,0,7,0,3
210371,1,1,0,0,11,16,11,0,0,0,0,0
210372,1,1,0,0,0,0,0,0,0,0,0,0
210372,2,1,0,0,0,0,0,0,0,0,0,0
210373,1,1,0,0,0,0,0,0,0,0,0,0
210373,2,1,0,8,0,0,31,17,0,0,0,0
210374,1,1,0,0,0,0,0,0,0,0,0,0
210374,2,1,0,0,0,0,0,0,0,0,0,0
210375,0,1,0,0,0,0,0,0,0,0,0,0
210375,1,1,0,0,0,0,0,0,0,0,0,0
210376,1,1,0,0,0,0,0,0,0,0,0,0
210376,2,1,0,0,0,0,0,0,0,0,0,0
210377,1,1,22,22,22,22,22,22,22,22,22,22
210378,1,1,22,22,22,22,22,22,22,22,22,22
210379,1,1,0,0,0,0,0,0,0,0,0,0
210379,2,1,9,14,14,7,14,13,22,23,0,11
210380,1,1,0,0,0,0,0,0,0,0,0,0
210380,2,1,0,0,0,0,0,0,0,0,0,0
210381,1,1,0,0,0,0,0,0,0,0,0,0
210382,1,3,15,11,6,14,26,0,0,14,6,21
210383,1,1,0,0,0,0,0,0,0,0,0,0
210384,1,1,0,0,0,0,0,0,0,0,0,0
210384,2,1,0,0,0,0,0,0,0,0,0,0
210384,3,1,0,0,0,0,0,0,0,0,0,0
210385,1,1,37,37,37,37,37,37,37,37,37,37
210386,1,1,0,0,0,0,0,0,0,0,0,0
210387,1,1,0,0,0,0,0,0,0,0,0,0
210388,1,1,23,23,23,23,23,23,23,23,23,23
210389,1,1,0,0,0,0,0,0,0,0,0,0
210390,1,1,19,19,19,19,19,19,19,19,19,19
210391,1,1,0,0,0,26,0,0,14,0,19,0
210392,1,1,0,0,0,0,0,0,0,0,0,0
210393,1,1,0,0,0,0,0,0,0,0,0,0
210393,2,1,0,0,0,0,0,0,0,0,0,0
210394,1,1,26,26,26,26,26,26,26,26,26,26
210394,2,1,0,0,0,0,0,0,0,0,0,0
210395,0,1,6,6,6,6,6,6,6,6,6,6
210395,1,1,0,0,0,0,0,0,0,0,0,0
210396,1,1,0,0,0,0,0,0,0,0,0,0
210397,1,1,22,22,22,22,22,22,22,22,22,22
210397,2,1,0,0,0,32,0,0,0,0,0,0
210398,1,1,0,0,0,0,14,0,0,0,0,0
210398,2,1,0,0,0,0,0,11,0,0,0,0
210399,1,1,0,0,0,0,0,0,0,0,0,0
210399,2,1,0,0,0,0,0,0,0,0,0,0
210400,1,1,0,0,0,0,0,0,0,0,0,0
210400,2,1,0,0,0,0,0,0,0,0,0,0
210400,3,1,21,0,0,0,0,0,15,0,0,0
210400,4,1,0,0,0,0,0,0,0,0,0,0
210400,5,1,0,0,0,0,0,0,0,0,22,0
210401,1,1,0,0,0,0,0,0,0,0,0,0
210401,2,1,0,0,0,0,0,0,0,0,0,0
210402,1,1,15,15,15,15,15,15,15,15,15,15
210403,1,1,0,0,0,0,0,0,0,0,0,0
210404,1,1,0,0,0,0,0,0,0,0,0,0
210405,1,1,0,0,0,0,0,0,0,0,0,0
210406,1,1,20,20,20,20,20,20,20,20,20,20
210406,2,1,0,0,0,0,0,0,0,0,0,0
210407,1,1,0,0,0,0,0,0,0,0,0,0
210408,1,1,0,0,0,0,0,0,0,0,0,0
210408,2,1,0,0,0,0,0,0,0,0,0,0
210408,3,1,0,0,0,0,6,0,0,0,0,0
210409,1,1,19,0,19,0,0,0,0,0,0,0
210410,1,1,0,0,0,0,0,0,0,0,0,0
210411,1,1,0,0,0,0,7,0,0,0,0,0
210411,2,1,0,0,0,0,0,0,0,0,0,0
210412,1,1,0,0,0,0,0,0,0,0,0,0
210412,2,1,0,0,0,0,0,0,0,0,0,0
210413,1,1,0,0,0,0,0,0,0,0,0,0
210413,2,1,0,0,0,0,0,0,0,0,0,0
210414,1,1,0,0,0,0,0,0,0,0,0,0
210414,2,1,0,0,0,0,0,0,0,0,0,0
210415,1,1,0,0,0,0,0,0,0,0,0,0
210415,2,1,0,0,0,0,0,0,0,0,0,0
210416,1,1,0,0,0,0,0,0,0,0,0,0
210417,1,1,17,17,17,17,17,17,17,17,17,17
210418,1,1,18,18,18,18,18,18,18,18,18,18
210419,1,1,0,0,0,0,19,0,0,0,0,15
210420,1,1,13,13,13,13,13,13,13,13,13,13
210421,1,1,17,17,17,17,17,17,17,17,17,17
210422,1,1,0,0,0,0,0,0,0,0,0,0
210423,1,1,0,0,0,0,0,0,0,0,0,0
210424,1,1,14,14,14,14,14,14,14,14,14,14
210424,2,1,0,0,0,0,0,0,0,0,0,0
210425,0,1,39,39,39,39,39,39,39,39,39,39
210425,1,1,0,9,21,5,11,0,0,0,9,0
210426,1,1,0,0,0,0,0,0,0,0,0,0
210427,1,1,0,0,0,0,0,0,0,0,0,0
210427,2,1,0,0,0,0,0,0,0,0,0,0
210428,1,1,0,0,0,0,0,0,0,0,0,0
210428,2,1,0,0,0,0,0,0,0,0,0,0
210428,3,1,0,0,0,0,0,0,0,0,8,0
210428,4,1,0,0,0,0,0,0,0,0,0,0
210428,5,1,0,0,0,0,0,0,0,0,0,0
210429,1,1,0,0,0,0,0,0,0,0,0,0
210430,1,1,0,0,0,0,0,0,0,0,0,0
210431,1,1,21,21,21,21,21,21,21,21,21,21
210432,1,1,0,0,0,0,0,0,0,0,0,0
210433,1,1,0,0,0,0,0,0,0,0,0,0
210434,1,1,4,4,4,4,4,4,4,4,4,4
210435,1,1,8,8,8,8,8,8,8,8,8,8
210436,1,1,0,0,0,0,0,0,0,0,0,0
210436,2,1,0,0,0,0,0,0,0,0,0,0
210437,1,1,0,0,0,0,0,0,0,0,0,0
210437,2,1,0,0,0,0,0,0,0,0,0,0
210438,1,1,19,0,0,0,0,0,0,0,11,0
210439,0,1,0,0,0,0,0,0,0,0,0,0
210439,1,1,0,0,0,0,0,0,0,0,0,0
210439,2,1,0,0,0,0,0,0,0,0,0,0
210440,1,1,0,0,0,0,0,0,0,0,0,0
210441,1,1,0,0,0,0,0,0,0,0,0,0
210441,2,1,0,0,0,0,0,0,0,0,0,0
210442,1,1,0,0,0,13,0,0,0,0,0,0
210443,1,1,5,5,5,5,5,5,5,5,5,5
210444,1,1,12,12,12,12,12,12,12,12,12,12
210445,1,1,0,0,0,0,0,0,0,0,0,0
210445,2,1,0,0,0,0,0,0,0,0,0,0
210445,3,1,0,0,0,0,0,0,0,0,0,0