ST_CASE,VEH_NO,PER_NO,P1,P2,P3,P4,P5,P6,P7,P8,P9,P10
210446,0,1,0,0,0,0,0,0,0,0,0,0
210446,1,1,0,0,0,0,0,0,0,0,0,0
210447,1,1,0,0,0,0,0,0,0,0,0,0
210448,1,1,60,60,60,60,60,60,60,60,60,60
210449,1,1,0,0,0,0,0,0,0,0,0,0
210449,2,1,0,0,0,0,0,6,0,0,0,15
210450,1,1,0,0,0,0,0,0,0,0,0,0
210450,2,1,0,0,0,0,0,0,0,0,0,0
210450,3,1,0,0,0,0,0,0,0,0,0,0
210451,1,1,11,11,11,11,11,11,11,11,11,11
210451,2,1,0,0,0,0,0,0,0,0,0,0
210452,1,1,28,0,0,20,15,11,17,31,17,12
210452,2,1,0,0,0,0,0,0,0,0,0,0
210453,1,1,0,0,0,0,0,0,0,0,0,0
210454,1,1,0,0,0,0,0,0,0,0,0,0
210455,1,1,23,23,23,23,23,23,23,23,23,23
210456,1,1,0,0,0,0,0,0,0,0,0,0
210457,1,1,0,0,0,0,0,0,0,0,0,0
210457,2,1,0,0,0,0,0,0,0,0,0,0
210458,1,1,0,0,0,0,0,0,0,0,0,0
210459,1,1,0,0,0,0,0,0,0,0,0,27
210460,1,1,0,0,0,0,0,0,0,0,0,0
210460,2,1,0,0,0,0,10,0,0,0,0,0
210461,1,1,19,19,19,19,19,19,19,19,19,19
210462,0,1,0,0,0,0,0,0,0,0,0,0
210462,1,1,19,19,19,19,19,19,19,19,19,19
210463,1,1,0,0,0,0,0,0,0,0,0,0
210464,1,1,0,0,0,0,0,0,0,0,0,0
210465,1,1,0,0,0,0,0,0,0,0,0,0
210466,1,1,0,0,0,0,0,0,0,0,0,0
210466,2,1,0,0,0,0,0,0,0,0,0,0
210467,1,1,0,0,0,0,0,0,0,0,0,0
210468,1,1,0,0,0,0,0,4,0,0,0,0
210468,2,1,0,0,0,0,0,0,0,0,0,0
210468,3,1,0,40,0,0,0,0,0,0,0,0
210469,1,1,0,0,0,0,0,0,0,0,0,0
210470,0,1,28,28,28,28,28,28,28,28,28,28
210470,1,1,11,11,11,11,11,11,11,11,11,11
210471,0,1,0,0,0,0,0,0,0,0,0,0
210471,1,1,0,0,0,0,0,0,0,0,0,0
210472,1,1,0,0,0,0,0,0,0,0,0,0
210472,2,1,0,0,0,0,0,0,0,0,0,0
210473,1,1,0,0,0,0,0,0,0,0,0,0
210473,2,1,0,0,0,0,0,0,0,0,0,0
210474,1,1,25,25,25,25,25,25,25,25,25,25
210475,1,1,0,0,0,0,0,0,0,0,0,0
210476,1,1,0,0,0,0,0,0,0,0,0,0
210476,2,2,0,0,0,0,0,0,0,0,0,0
210477,1,1,0,0,0,0,0,0,0,0,0,0
210477,2,1,0,0,0,0,0,0,0,0,0,0
210478,1,1,0,0,0,0,0,0,0,0,0,0
210479,1,1,15,15,15,15,15,15,15,15,15,15
210480,1,1,0,0,0,0,0,0,0,0,0,0
210480,2,1,0,0,0,0,0,0,0,0,0,0
210481,1,1,0,0,0,0,0,0,0,0,0,0
210481,2,1,0,0,0,0,0,0,0,0,0,0
210482,1,1,0,0,0,0,0,0,0,0,0,0
210482,2,1,0,0,0,0,0,0,0,0,0,0
210483,1,1,0,0,0,0,0,0,0,0,0,0
210484,1,1,0,0,0,0,0,0,0,0,0,0
210484,2,1,0,0,0,0,0,0,0,0,0,0
210485,1,1,0,0,0,0,0,0,0,0,0,0
210486,1,1,21,21,21,21,21,21,21,21,21,21
210487,1,1,0,0,0,0,0,0,0,0,0,0
210488,1,1,0,0,0,0,0,0,0,0,14,11
210489,0,1,0,0,0,0,0,0,0,0,0,0
210489,1,1,0,0,0,0,0,0,0,0,0,0
210490,1,1,0,0,0,0,0,0,0,0,0,0
210490,2,1,0,22,0,17,0,0,0,0,0,0
210491,1,1,28,28,28,28,28,28,28,28,28,28
210492,1,1,5,5,5,5,5,5,5,5,5,5
210493,1,1,0,0,0,0,0,0,0,0,0,0
210494,1,1,0,0,0,0,0,0,0,0,0,0
210495,1,1,2,2,2,2,2,2,2,2,2,2
210496,0,1,20,20,20,20,20,20,20,20,20,20
210496,1,1,0,0,0,0,0,0,0,0,0,0
210497,1,1,0,0,0,0,0,0,0,0,0,0
210498,1,1,0,0,0,0,0,0,0,0,0,0
210498,2,1,15,0,0,0,0,0,0,0,0,0
210499,1,1,15,15,15,15,15,15,15,15,15,15
210500,1,1,33,33,33,33,33,33,33,33,33,33
210501,1,1,21,21,21,21,21,21,21,21,21,21
210502,1,1,0,0,0,0,0,0,0,0,0,0
210503,1,1,0,12,0,0,6,0,0,0,9,0
210504,1,1,0,0,0,0,0,0,0,0,0,0
210504,2,1,0,0,0,0,0,0,0,0,0,0
210505,1,1,0,0,0,0,0,0,0,0,0,0
210506,1,1,0,0,0,0,0,0,0,0,0,0
210506,2,1,0,0,0,0,0,0,0,0,0,0
210507,1,1,0,0,0,0,0,0,0,22,30,0
210507,2,1,0,0,0,0,0,0,0,0,0,0
210508,0,1,22,22,22,22,22,22,22,22,22,22
210508,1,1,0,0,0,0,0,0,0,0,0,0
210509,1,1,9,0,0,8,11,14,14,0,13,13
210510,1,1,0,0,0,0,0,0,0,0,0,0
210511,1,1,0,0,0,0,0,0,0,0,0,0
210512,1,1,0,19,0,0,0,0,0,0,0,0
210513,1,1,0,0,0,0,0,0,0,0,0,0
210514,1,1,32,32,32,32,32,32,32,32,32,32
210515,1,1,0,0,0,0,0,0,0,0,0,0
210516,1,1,10,10,10,10,10,10,10,10,10,10
210517,1,1,0,0,0,0,0,0,0,0,0,0
210517,2,1,0,0,18,0,0,0,0,0,0,0
210518,1,1,21,0,0,15,0,0,0,0,0,0
210519,1,1,0,0,0,0,0,0,0,0,0,0
210520,1,1,0,0,0,0,0,0,0,0,0,0
210521,1,1,4,4,4,4,4,4,4,4,4,4
210522,1,1,0,0,0,0,0,0,0,0,0,0
210523,1,1,33,0,0,0,0,6,0,0,0,0
210524,1,1,0,0,0,0,0,0,0,0,0,0
210524,2,1,0,0,0,0,0,0,0,0,0,0
210525,1,1,0,0,0,0,0,0,9,0,0,0
210525,2,1,0,0,0,0,0,0,0,0,0,0
210526,1,1,19,19,19,19,19,19,19,19,19,19
210526,2,1,0,0,0,0,0,0,0,0,0,0
210527,1,1,0,0,0,0,0,0,0,0,0,0
210528,1,1,0,0,0,0,0,0,0,0,0,0
210529,1,1,23,23,23,23,23,23,23,23,23,23
210530,1,1,18,18,18,18,18,18,18,18,18,18
210530,2,1,11,13,25,18,15,19,24,19,4,12
210531,1,1,0,0,0,0,0,0,0,0,0,0
210532,1,1,0,0,0,0,0,0,0,0,0,0
210533,0,1,0,0,0,0,0,0,0,0,0,0
210533,1,1,0,0,0,0,0,0,0,0,0,0
210534,1,1,22,22,22,22,22,22,22,22,22,22
210535,0,1,0,0,25,0,12,21,20,0,0,21
210535,1,1,0,0,9,15,0,14,0,26,0,0
210536,1,1,47,0,0,0,0,0,0,0,0,18
210537,1,1,0,0,0,0,0,0,0,0,0,0
210538,1,1,0,0,0,0,0,0,0,0,0,0
210539,1,1,0,0,0,0,0,0,12,0,0,0
210540,1,1,0,0,0,17,0,0,0,0,0,0
210541,0,1,0,0,0,0,0,0,0,0,0,0
210541,1,1,0,0,0,0,0,0,0,0,0,0
210542,1,1,0,0,0,0,0,0,0,0,0,0
210542,2,1,0,0,0,0,0,0,0,0,0,0
210543,1,1,0,0,0,0,0,0,0,0,0,0
210544,1,1,0,0,0,0,0,0,0,0,0,0
210545,0,1,0,0,0,0,0,0,0,0,0,0
210545,1,1,0,0,0,0,0,0,0,0,0,0
210546,1,1,0,0,0,0,0,0,0,0,18,0
210547,1,1,0,0,0,0,0,0,0,0,0,0
210547,2,1,0,0,0,0,0,0,0,0,0,0
210547,3,1,0,0,0,0,0,0,0,0,0,0
210548,0,1,16,16,16,16,16,16,16,16,16,16
210548,1,1,0,0,0,0,0,0,0,0,0,0
210549,1,1,0,0,0,0,0,0,0,0,0,0
210549,2,1,0,0,0,0,0,0,0,0,0,0
210550,1,1,12,12,12,12,12,12,12,12,12,12
210551,1,1,24,24,24,24,24,24,24,24,24,24
210552,1,1,19,19,19,19,19,19,19,19,19,19
210553,1,1,0,0,0,0,0,0,0,0,0,0
210553,2,1,0,0,0,0,0,0,0,0,0,0
210554,1,1,0,0,0,0,0,0,0,0,0,0
210555,1,1,13,13,13,13,13,13,13,13,13,13
210556,0,1,0,0,0,0,0,13,0,0,0,0
210556,1,1,0,0,0,0,0,0,0,0,0,0
210557,0,1,0,0,0,0,0,0,0,0,0,0
210557,1,1,0,0,0,0,0,0,0,0,0,0
210558,1,1,0,0,0,0,0,0,0,0,0,0
210558,2,1,0,0,0,0,0,0,0,0,0,0
210559,1,1,0,0,0,0,0,0,0,16,0,0
210560,1,1,24,24,24,24,24,24,24,24,24,24
210561,1,1,0,0,0,0,0,0,0,0,0,0
210562,1,1,0,0,21,0,0,0,12,0,0,0
210563,1,1,14,14,14,14,14,14,14,14,14,14
210564,1,1,24,24,24,24,24,24,24,24,24,24
210564,2,1,0,0,0,0,0,0,0,0,0,0
210565,0,1,0,0,0,0,0,0,0,0,0,0
210565,1,1,0,0,0,0,0,0,0,0,0,0
210566,0,1,22,22,22,22,22,22,22,22,22,22
210566,1,1,3,3,3,3,3,3,3,3,3,3
210567,0,1,0,0,0,0,0,0,0,0,24,0
210567,0,2,0,0,0,14,0,0,0,0,0,0
210567,1,1,0,0,0,0,0,0,0,0,0,0
210568,1,1,5,5,5,5,5,5,5,5,5,5
210568,2,1,0,0,0,0,0,0,0,0,0,0
210569,1,1,17,17,17,17,17,17,17,17,17,17
210570,1,1,20,20,20,20,20,20,20,20,20,20
210571,1,1,0,0,0,0,0,0,0,0,0,0
210571,2,1,0,0,0,0,0,0,0,0,0,0
210572,1,1,0,0,0,0,0,0,0,0,0,0
210573,1,1,0,0,0,0,0,0,0,0,0,0
210574,1,1,0,0,0,0,0,0,0,0,0,0
210574,2,1,0,0,0,0,0,0,0,0,0,0
210575,1,1,0,0,0,0,0,0,0,0,0,0
210576,1,1,0,0,0,0,0,0,0,0,0,0
210576,2,1,0,0,0,0,0,0,0,0,0,0
210577,0,1,12,12,12,12,12,12,12,12,12,12
210577,1,1,0,0,0,0,0,0,0,0,0,0
210578,1,1,0,0,0,0,0,0,0,13,0,0
210578,2,1,0,0,0,0,0,0,0,0,0,0
210579,1,1,0,0,0,0,0,0,0,0,0,0
210580,1,1,23,23,23,23,23,23,23,23,23,23
210580,2,1,0,0,0,0,0,0,0,0,0,0
210581,1,1,0,0,0,0,0,0,0,0,0,0
210581,2,1,0,0,0,0,0,0,0,0,0,0
210582,1,1,0,0,0,0,0,0,0,0,0,0
210582,2,1,0,0,0,0,0,0,0,0,0,0
210583,1,1,0,0,0,0,0,0,0,0,0,0
210583,2,1,0,0,0,0,0,0,0,0,0,0
210584,1,1,0,0,0,0,18,0,0,0,0,0
210584,2,1,0,0,0,0,0,0,0,0,0,0
210585,1,1,0,0,0,0,0,0,0,0,0,0
210585,2,1,0,0,0,0,0,0,0,0,0,0
210586,1,1,0,0,0,0,0,0,0,0,0,0
210587,1,1,0,0,0,0,0,0,0,0,0,0
210587,2,1,0,0,0,0,0,7,0,0,0,0
210588,1,1,0,0,0,0,0,0,0,0,0,0
210588,2,1,0,0,0,0,0,0,0,0,3,0
210589,1,1,0,0,0,0,0,0,0,0,0,0
210589,2,1,0,0,0,0,0,0,0,0,0,0
210590,1,1,0,0,0,0,0,0,0,0,0,0
210590,2,1,0,0,0,0,0,0,0,0,0,0
210591,1,1,13,8,15,9,4,12,14,12,9,15
210592,1,1,0,0,0,0,0,0,0,0,0,0
210592,2,1,0,0,0,0,0,0,0,0,0,0
210593,1,1,8,8,8,8,8,8,8,8,8,8
210594,0,1,29,29,29,29,29,29,29,29,29,29
210594,1,1,0,14,0,0,0,0,0,12,0,0
210595,1,1,0,0,0,0,0,0,0,0,0,0
210596,1,1,26,0,0,0,0,0,0,0,0,0
210597,1,1,0,0,0,14,0,9,12,0,18,12
210598,1,1,0,0,0,0,8,0,0,32,26,0
210599,1,1,19,19,19,19,19,19,19,19,19,19
210600,1,1,21,21,21,21,21,21,21,21,21,21
210601,1,1,0,0,0,0,0,5,0,0,0,0
210601,2,1,0,0,0,0,0,0,0,0,0,0
210602,1,1,0,0,0,0,0,0,0,0,0,0
210602,2,1,0,0,0,0,0,0,0,0,0,0
210603,1,1,18,18,18,18,18,18,18,18,18,18
210604,1,1,7,7,7,7,7,7,7,7,7,7
210605,1,1,0,0,0,21,0,0,0,0,0,0
210606,1,1,12,12,12,12,12,12,12,12,12,12
210607,1,1,0,0,0,0,0,0,0,0,0,0
210607,2,1,0,0,0,0,0,0,0,0,0,6
210608,1,1,14,14,14,14,14,14,14,14,14,14
210608,2,1,0,0,0,0,0,0,0,0,0,0
210609,1,1,0,0,0,0,0,0,0,0,0,0
210609,2,1,0,0,0,0,0,0,0,0,0,0
210610,1,1,0,0,0,0,0,0,0,0,0,0
210610,2,1,0,0,0,0,0,0,0,0,0,21
210611,1,1,0,0,0,0,0,0,0,0,0,0
210611,2,1,0,0,0,9,0,16,0,0,0,0
210612,1,1,0,0,0,0,0,0,0,0,0,0
220001,1,1,2,2,2,2,2,2,2,2,2,2
220002,1,1,20,20,20,20,20,20,20,20,20,20
220003,1,1,0,0,0,0,0,0,0,0,0,0
220003,2,1,0,0,0,0,0,0,0,0,0,0
220003,3,1,0,0,0,0,0,0,0,0,0,0
220004,1,1,7,7,7,7,7,7,7,7,7,7
220005,1,1,17,17,17,17,17,17,17,17,17,17
220006,1,1,0,0,0,0,0,0,0,0,0,0
220006,2,1,0,0,0,0,0,0,0,0,0,0
220007,1,1,17,17,17,17,17,17,17,17,17,17
220008,1,1,10,10,10,10,10,10,10,10,10,10
220009,1,1,7,7,7,7,7,7,7,7,7,7
220010,1,1,0,0,0,0,0,0,0,0,0,0
220010,2,1,0,0,0,0,0,0,0,0,0,0
220011,1,1,0,0,0,0,0,0,0,0,0,0
220011,2,1,0,0,0,0,0,0,0,0,0,0
220012,1,1,27,27,27,27,27,27,27,27,27,27
220013,1,1,0,0,0,0,0,0,0,0,0,0
220014,0,1,15,16,29,0,0,7,0,21,21,0
220014,1,1,0,9,8,0,12,0,0,0,9,6
220015,1,1,0,0,0,0,0,0,0,0,0,0
220015,2,1,0,0,0,0,0,0,0,0,0,0
220016,1,1,0,0,0,0,0,0,0,0,0,0
220016,2,1,0,0,0,0,0,0,0,0,0,0
220017,1,1,0,0,0,0,0,0,0,0,0,0
220017,2,1,0,0,0,0,0,0,0,0,0,0
220018,1,1,0,0,0,0,0,0,15,0,0,30
220019,0,1,0,0,0,0,0,0,0,0,0,0
220019,0,2,9,0,15,18,0,0,0,18,9,0
220019,2,1,0,0,0,0,0,0,0,0,0,0
220020,1,1,23,23,23,23,23,23,23,23,23,23
220021,0,1,11,11,11,11,11,11,11,11,11,11
220021,1,1,0,0,0,0,0,0,0,0,0,0
220022,1,1,24,24,24,24,24,24,24,24,24,24
220023,1,1,6,6,6,6,6,6,6,6,6,6
220024,1,1,16,36,0,6,0,21,28,17,7,20
220025,1,1,0,0,0,0,0,0,0,0,0,0
220026,1,1,18,18,18,18,18,18,18,18,18,18
220027,1,1,0,0,0,0,0,0,0,0,0,0
220028,1,1,21,21,21,21,21,21,21,21,21,21
220029,1,1,0,0,0,0,0,0,0,0,0,0
220030,1,1,0,0,0,0,0,0,0,0,0,0
220030,2,1,0,0,0,0,0,0,0,0,0,0
220031,1,1,20,20,20,20,20,20,20,20,20,20
220032,1,1,0,0,0,0,0,0,0,0,0,0
220032,2,1,0,0,0,0,0,0,0,0,0,0
220033,1,1,0,0,0,0,0,0,0,0,15,18
220034,0,1,24,2,14,31,34,9,10,13,31,0
220034,1,1,8,8,8,8,8,8,8,8,8,8
220035,0,1,21,21,21,21,21,21,21,21,21,21
220035,1,1,0,0,0,0,0,0,0,0,0,0
220035,2,1,0,0,0,0,0,0,0,0,0,0
220036,1,1,29,29,29,29,29,29,29,29,29,29
220037,1,1,0,0,0,0,8,0,0,0,10,0
220038,1,1,24,24,17,12,9,22,11,10,19,18
220039,1,1,0,0,0,0,22,0,0,0,11,0
220040,0,1,0,0,0,0,10,0,0,0,0,0
220040,1,1,0,0,0,0,0,0,0,0,0,0
220041,1,1,28,28,28,28,28,28,28,28,28,28
220042,1,1,13,19,10,38,0,6,23,31,25,19
220043,0,1,11,11,11,11,11,11,11,11,11,11
220043,0,2,20,27,10,9,20,20,26,30,15,12
220043,1,1,0,0,0,0,0,0,0,0,0,0
220044,1,1,0,0,0,0,0,0,0,0,0,0
220045,0,1,0,0,0,0,0,0,0,0,0,0
220045,0,2,0,0,0,0,0,0,0,0,0,0
220045,1,1,0,0,0,0,0,0,0,0,0,26
220046,1,1,0,0,0,0,0,0,0,0,0,0
220046,2,1,0,0,0,0,0,0,0,0,0,0
220047,1,1,21,21,21,21,21,21,21,21,21,21
220048,1,1,13,13,13,13,13,13,13,13,13,13
220048,2,1,0,0,0,0,0,0,0,0,0,0
220049,1,1,12,12,12,12,12,12,12,12,12,12
220050,0,1,0,0,0,0,0,0,0,0,0,0
220050,1,1,0,0,0,0,0,0,0,0,0,0
220051,1,1,0,0,0,0,0,0,0,6,0,0
220051,2,1,0,0,0,0,0,0,0,0,0,0
220052,1,1,0,0,0,0,0,0,0,0,0,0
220052,2,1,0,0,0,0,0,0,0,0,0,0
220053,1,1,0,0,0,0,0,0,0,0,0,0
220054,1,1,3,3,3,3,3,3,3,3,3,3
220055,1,1,0,0,0,0,0,0,0,0,0,0
220056,1,1,33,21,21,41,10,16,23,19,4,0
220057,1,1,0,0,0,0,0,0,0,0,0,0
220058,1,1,18,18,18,18,18,18,18,18,18,18
220059,0,1,0,0,0,0,0,0,0,0,0,0
220059,1,1,0,0,0,0,0,0,0,0,0,0
220060,1,1,25,25,25,25,25,25,25,25,25,25
220061,1,1,0,0,0,0,0,0,0,0,0,0
220061,2,1,0,0,0,0,0,0,0,0,0,0
220061,3,1,0,0,0,0,0,0,0,0,0,0
220062,1,1,0,34,0,8,16,40,17,0,12,0
220063,1,1,0,0,0,0,0,0,0,0,0,0
220064,1,1,20,20,20,20,20,20,20,20,20,20
220065,1,1,0,0,0,0,0,0,0,0,0,0
220066,0,1,0,0,49,0,0,0,0,0,0,0
220066,1,1,22,22,22,22,22,22,22,22,22,22
220067,1,1,0,14,0,0,0,31,0,0,14,19
220068,0,1,0,0,0,19,29,29,13,11,18,0
220068,1,1,0,0,0,0,0,0,0,0,0,0
220069,1,1,0,0,0,0,0,0,0,0,0,0
220070,1,1,23,23,23,23,23,23,23,23,23,23
220071,1,1,0,0,0,0,0,0,0,0,0,0
220071,2,1,0,0,0,0,0,0,0,0,0,0
220072,1,1,4,4,4,4,4,4,4,4,4,4
220072,2,1,0,0,0,0,0,0,0,0,0,0
220072,3,1,0,0,16,0,0,0,0,0,0,21
220073,1,1,0,16,16,14,8,15,33,0,0,18
220074,1,1,21,21,21,21,21,21,21,21,21,21
220075,1,1,20,20,20,20,20,20,20,20,20,20
220076,0,1,34,34,34,34,34,34,34,34,34,34
220076,1,1,0,0,0,6,0,34,0,0,0,0
220077,1,1,23,23,23,23,23,23,23,23,23,23
220077,2,1,0,0,0,0,0,0,0,0,0,0
220077,3,1,0,0,0,0,0,0,0,0,0,0
220078,1,1,31,31,31,31,31,31,31,31,31,31
220079,0,1,29,29,29,29,29,29,29,29,29,29
220079,1,1,0,0,0,0,0,0,0,0,0,0
220080,1,1,0,0,0,0,0,0,0,0,0,0
220080,2,1,0,0,0,0,0,0,0,0,0,0
220081,1,1,0,0,0,0,0,0,0,0,0,0
220082,0,1,19,31,11,0,0,0,0,13,36,10
220082,1,1,0,0,0,0,0,0,15,0,0,0
220083,1,1,15,15,15,15,15,15,15,15,15,15
220084,0,1,0,0,0,0,0,0,0,0,0,0
220084,1,1,0,0,0,0,0,0,0,0,0,0
220085,0,1,0,0,0,0,0,0,0,0,0,0
220085,1,1,0,0,0,0,0,0,0,0,0,0
220086,1,1,0,0,0,0,0,0,0,0,0,0
220086,2,1,0,0,0,0,0,5,0,0,0,0
220087,1,1,0,0,0,0,0,0,0,0,0,0
220087,2,1,19,19,19,19,19,19,19,19,19,19
220088,1,1,0,0,0,0,0,0,0,0,0,0
220088,2,1,0,0,0,0,0,0,0,0,0,0
220089,1,1,9,9,9,9,9,9,9,9,9,9
220089,2,1,0,0,0,0,0,0,0,0,0,0
220090,1,1,0,0,0,0,0,0,0,0,0,0
220091,0,1,26,26,26,26,26,26,26,26,26,26
220091,1,1,0,0,0,6,0,0,0,0,0,0
220092,1,1,0,9,0,0,0,0,0,0,0,0
220093,1,1,21,21,21,21,21,21,21,21,21,21
220094,0,1,0,0,40,15,12,21,0,0,0,22
220094,1,1,0,0,0,0,0,0,0,0,0,0
220095,1,1,11,11,11,11,11,11,11,11,11,11
220095,2,1,11,11,11,11,11,11,11,11,11,11
220096,1,1,18,18,18,18,18,18,18,18,18,18
220097,1,1,0,0,0,0,0,0,0,0,0,0
220097,2,1,0,0,0,0,0,0,0,0,0,0
220098,1,1,6,6,6,6,6,6,6,6,6,6
220098,2,1,0,0,0,0,0,0,0,0,0,0
220098,3,1,0,0,0,0,0,0,0,0,0,0
220099,1,1,18,18,18,18,18,18,18,18,18,18
220100,1,1,0,0,0,15,20,0,0,0,15,0
220100,2,1,0,0,0,0,0,0,0,0,0,0
220101,1,1,0,0,0,0,0,0,0,0,0,0
220102,1,1,0,0,0,0,0,0,0,0,0,0
220103,1,1,14,14,14,14,14,14,14,14,14,14
220104,1,1,10,10,10,10,10,10,10,10,10,10
220105,1,1,0,0,0,0,0,0,0,0,0,0
220106,1,1,0,0,0,0,0,0,0,0,0,0
220106,2,1,0,0,0,0,0,0,0,0,0,0
220106,3,1,0,0,0,0,0,0,0,0,0,0
220107,1,1,0,0,0,0,0,0,0,0,0,0
220107,2,1,0,0,0,0,0,0,0,0,0,0
220108,1,1,0,0,0,0,0,0,0,0,0,0
220109,1,1,0,0,0,0,0,0,0,0,0,0
220110,1,1,0,0,0,0,0,0,0,0,0,0
220111,1,1,0,0,0,0,0,0,0,0,0,0
220112,0,1,0,0,0,0,0,0,0,0,0,0
220112,1,1,8,8,8,8,8,8,8,8,8,8
220113,1,1,0,0,0,0,0,0,0,0,0,0
220114,1,1,0,0,0,0,0,0,0,0,0,0
220114,2,1,0,0,0,0,0,0,0,0,0,0
220115,1,1,0,0,0,0,0,0,0,0,0,0
220116,1,1,17,17,17,17,17,17,17,17,17,17
220117,1,1,0,0,0,0,0,0,0,0,0,0
220117,2,1,0,0,0,0,0,0,0,0,0,0
220118,1,1,18,18,18,18,18,18,18,18,18,18
220118,2,1,0,0,0,0,0,0,0,0,0,0
220119,1,1,0,0,0,0,0,0,0,0,0,0
220119,2,1,0,0,0,0,0,0,0,0,0,0
220119,3,1,0,0,0,0,0,0,0,0,0,0
220120,1,1,19,19,19,19,19,19,19,19,19,19
220121,1,1,0,0,0,0,0,0,0,0,0,0
220122,1,1,7,7,7,7,7,7,7,7,7,7
220123,0,1,17,17,17,17,17,17,17,17,17,17
220123,1,1,0,0,0,0,0,0,0,0,0,0
220124,1,1,0,0,0,0,0,0,0,0,0,0
220124,2,1,0,0,0,0,0,0,0,0,0,0
220125,1,1,20,20,20,20,20,20,20,20,20,20
220126,1,1,0,0,0,0,0,0,0,0,0,0
220126,2,1,0,0,0,0,0,0,0,0,0,0
220126,3,1,0,0,0,0,0,0,0,0,0,0
220127,1,1,0,0,0,26,0,0,0,17,0,0
220127,2,1,0,0,0,0,0,0,0,0,0,0
220128,1,1,18,18,18,18,18,18,18,18,18,18
220129,1,1,12,12,12,12,12,12,12,12,12,12
220130,1,1,10,10,10,10,10,10,10,10,10,10
220131,1,1,0,0,0,0,0,0,0,0,0,0
220132,0,1,0,16,0,39,0,0,0,23,46,5
220132,1,1,0,0,0,0,0,0,0,0,0,0
220132,2,1,0,0,0,0,0,0,0,0,0,0
220133,1,1,10,10,10,10,10,10,10,10,10,10
220133,2,1,0,0,0,0,0,0,0,0,0,0
220134,1,1,14,14,14,14,14,14,14,14,14,14
220135,1,1,23,23,23,23,23,23,23,23,23,23
220136,1,1,21,21,21,21,21,21,21,21,21,21
220137,1,1,0,0,0,0,0,0,0,0,0,0
220138,1,1,0,0,0,0,0,0,0,0,0,21
220139,1,1,24,24,24,24,24,24,24,24,24,24
220140,1,1,30,30,30,30,30,30,30,30,30,30
220140,2,1,0,0,0,0,0,0,0,0,0,0
220141,0,1,0,0,0,0,0,0,0,0,0,0
220141,0,2,0,0,0,0,0,0,0,0,0,0
220141,1,1,0,0,0,0,0,0,0,0,0,0
220142,1,1,16,16,16,16,16,16,16,16,16,16
220143,0,1,0,0,0,0,0,0,0,0,0,0
220143,1,1,0,0,0,0,0,0,0,0,0,0
220144,0,1,0,0,0,0,0,0,0,0,0,0
220144,1,1,0,0,0,0,0,0,0,0,0,0
220145,1,1,17,17,17,17,17,17,17,17,17,17
220146,1,1,20,20,20,20,20,20,20,20,20,20
220147,1,1,22,22,22,22,22,22,22,22,22,22
220148,1,1,0,0,0,0,0,0,0,0,0,0
220148,2,1,0,0,0,0,0,0,0,0,0,0
220148,3,1,0,0,0,0,0,0,0,0,0,0
220149,1,1,22,22,22,22,22,22,22,22,22,22
220150,1,1,0,0,0,0,0,0,0,0,0,0
220150,2,1,0,0,0,0,0,0,0,0,0,0
220152,1,1,6,32,28,16,0,34,0,0,0,0
220153,1,1,0,0,0,0,0,0,0,0,0,0
220154,1,1,5,5,5,5,5,5,5,5,5,5
220154,2,1,0,0,0,0,0,0,0,0,0,0
220154,3,1,9,0,0,19,26,15,0,0,0,0
220155,1,1,14,14,14,14,14,14,14,14,14,14
220156,1,1,19,19,19,19,19,19,19,19,19,19
220157,1,1,22,22,22,22,22,22,22,22,22,22
220158,1,1,18,12,39,16,23,23,22,24,31,15
220159,1,1,30,34,19,27,11,32,10,12,17,21
220160,1,1,0,0,0,0,0,0,0,0,0,0
220161,1,1,0,0,0,0,0,0,0,0,0,0
220161,2,1,0,0,0,0,0,0,0,0,0,0
220162,1,1,28,0,18,15,0,26,17,0,0,0
220162,2,1,0,0,0,0,0,0,0,0,0,0
220163,1,1,0,0,0,0,0,0,0,0,0,0
220163,2,1,0,0,0,0,0,0,0,0,0,0
220164,1,1,0,0,0,14,17,0,0,49,0,17
220164,2,1,0,0,0,0,0,0,0,0,0,0
220165,1,1,0,0,0,0,22,27,0,0,0,0
220165,2,1,0,0,0,0,0,0,0,0,0,0
220166,0,1,31,31,31,31,31,31,31,31,31,31
220166,1,1,0,0,0,0,0,0,0,0,0,0
220167,0,1,0,0,0,0,0,0,0,0,0,0
220167,1,1,0,0,0,0,0,0,0,0,0,0
220168,1,1,12,12,12,12,12,12,12,12,12,12
220168,2,1,0,0,0,0,0,0,0,0,0,0
220169,1,1,0,0,0,0,0,0,0,0,0,0
220169,2,1,0,0,0,0,0,0,0,0,0,0
220170,1,1,0,0,0,0,0,0,0,0,0,0
220171,1,1,0,0,0,0,0,0,0,0,0,0
220171,2,1,0,0,0,0,0,0,0,0,0,0
220171,3,1,0,0,0,0,0,0,0,0,0,0