ST_CASE,VEH_NO,PER_NO,P1,P2,P3,P4,P5,P6,P7,P8,P9,P10
220172,1,1,10,10,10,10,10,10,10,10,10,10
220173,1,1,0,0,0,0,0,0,0,0,0,0
220173,2,1,0,0,0,0,0,0,0,0,0,0
220174,0,1,0,0,0,0,0,0,0,0,0,0
220174,1,1,0,0,0,0,0,0,0,0,0,0
220175,1,1,6,6,6,6,6,6,6,6,6,6
220175,2,1,0,0,0,0,0,0,0,0,0,0
220176,1,1,0,0,0,15,11,0,18,0,25,0
220176,2,1,0,0,0,0,0,0,0,0,0,0
220177,1,1,0,0,0,0,0,0,0,0,0,0
220177,2,1,0,0,0,0,0,0,0,0,0,0
220178,1,1,24,0,0,7,0,0,18,12,0,0
220178,2,1,0,0,8,0,1,8,8,12,14,0
220179,1,1,0,0,0,0,0,0,0,0,0,0
220180,1,1,13,0,0,0,0,4,0,16,0,0
220181,0,1,0,23,0,0,23,0,32,16,0,23
220181,1,1,0,0,0,0,0,0,0,0,0,0
220182,1,1,0,0,0,0,0,0,0,0,0,0
220182,2,1,0,0,0,0,0,0,0,0,0,0
220183,0,1,0,0,0,0,0,0,0,0,0,0
220183,1,1,0,0,0,0,0,0,0,0,0,0
220184,1,1,15,15,15,15,15,15,15,15,15,15
220185,1,1,0,17,0,0,25,0,0,14,0,0
220186,1,1,0,0,0,0,0,0,0,0,0,0
220187,1,1,0,0,0,0,0,0,25,0,0,0
220187,2,1,0,0,0,0,0,0,0,0,0,0
220188,1,1,0,0,0,0,0,0,0,0,0,0
220188,2,1,0,0,0,0,0,0,0,0,0,0
220189,0,1,0,0,0,0,0,0,0,0,0,0
220189,1,1,0,0,0,0,0,0,0,0,0,0
220190,1,1,0,0,0,0,0,0,0,0,0,0
220190,2,1,0,0,0,0,0,0,0,0,0,0
220190,3,1,0,0,0,0,0,0,0,0,0,0
220190,4,1,0,0,0,0,0,0,0,0,0,0
220191,1,1,28,28,28,28,28,28,28,28,28,28
220192,1,1,0,0,0,0,0,0,0,0,0,0
220192,2,1,0,0,0,0,0,0,0,0,0,0
220193,1,1,3,3,3,3,3,3,3,3,3,3
220194,0,1,0,0,24,0,0,0,0,0,0,0
220194,1,1,0,0,0,0,0,0,0,0,0,0
220195,1,1,0,0,0,0,0,0,0,0,0,0
220196,1,1,6,6,6,6,6,6,6,6,6,6
220197,1,1,25,25,25,25,25,25,25,25,25,25
220198,1,1,0,0,0,0,0,0,0,0,0,0
220199,1,1,23,23,23,23,23,23,23,23,23,23
220200,1,1,14,14,14,14,14,14,14,14,14,14
220201,1,1,10,10,10,10,10,10,10,10,10,10
220201,2,1,0,0,0,0,0,0,0,0,0,0
220202,1,1,0,0,0,0,0,0,0,0,0,0
220202,2,1,0,0,0,0,0,0,0,0,0,0
220203,1,1,0,0,0,0,0,0,0,0,0,0
220203,2,1,0,0,0,0,0,0,0,0,0,0
220204,1,1,0,0,0,0,0,0,0,0,0,0
220205,1,1,0,0,0,0,0,0,0,0,0,0
220205,2,1,0,0,0,0,0,0,0,0,0,0
220206,1,1,0,0,0,0,0,0,0,0,0,0
220206,2,1,0,0,0,0,0,0,0,0,0,0
220207,0,1,0,7,9,16,20,18,30,23,0,0
220207,1,1,0,0,19,0,0,0,0,0,0,0
220208,1,1,28,28,28,28,28,28,28,28,28,28
220209,1,1,0,0,0,0,0,0,0,0,0,0
220210,1,1,20,20,20,20,20,20,20,20,20,20
220211,1,1,0,0,0,0,0,0,0,0,0,0
220212,1,1,24,24,24,24,24,24,24,24,24,24
220213,1,1,13,13,13,13,13,13,13,13,13,13
220214,1,1,12,25,0,0,15,7,11,19,22,12
220214,2,1,0,0,0,0,0,0,0,0,0,0
220215,1,1,15,15,15,15,15,15,15,15,15,15
220216,1,1,0,0,0,0,0,0,0,0,0,0
220217,1,1,0,0,0,0,0,0,0,0,0,0
220218,1,1,19,19,19,19,19,19,19,19,19,19
220219,1,1,0,0,0,0,0,0,0,0,0,0
220220,1,1,21,21,21,21,21,21,21,21,21,21
220221,1,1,0,0,0,0,0,0,0,0,0,0
220222,1,1,0,0,0,0,0,0,0,0,0,0
220223,0,1,19,19,19,19,19,19,19,19,19,19
220223,1,1,0,0,0,0,0,0,0,0,0,0
220224,0,1,0,0,0,0,5,0,0,0,14,0
220224,1,1,0,0,0,0,0,0,0,11,0,0
220225,1,1,15,15,15,15,15,15,15,15,15,15
220226,1,1,2,2,2,2,2,2,2,2,2,2
220226,2,1,0,0,0,0,0,0,0,0,0,0
220227,1,1,0,0,0,0,0,0,0,0,0,0
220228,1,1,0,0,0,0,0,0,0,0,0,0
220228,2,1,0,0,0,0,0,0,0,0,0,0
220229,1,1,0,0,0,0,0,0,0,0,0,0
220229,2,1,0,0,0,0,0,0,0,0,0,0
220230,1,1,0,0,0,0,0,0,0,0,0,0
220230,2,1,0,0,0,0,0,0,0,0,0,0
220230,3,1,0,15,0,0,14,0,17,0,0,0
220230,4,1,0,0,0,0,0,0,0,0,0,0
220231,1,1,0,14,16,15,22,10,16,30,25,16
220232,0,1,18,18,18,18,18,18,18,18,18,18
220232,1,1,0,0,0,0,0,0,0,0,0,0
220233,1,1,0,0,0,0,0,0,0,0,0,0
220233,2,1,0,0,0,0,0,0,0,0,0,0
220233,3,1,0,0,0,0,0,0,0,0,0,0
220233,4,1,0,0,0,0,0,0,0,0,0,0
220234,1,1,26,26,26,26,26,26,26,26,26,26
220235,1,1,0,0,0,0,23,0,0,0,7,25
220236,1,1,0,0,0,0,0,0,0,0,0,0
220236,2,1,0,0,0,0,0,0,0,0,0,0
220237,1,1,19,19,19,19,19,19,19,19,19,19
220238,1,1,0,0,0,0,0,0,0,0,0,0
220238,2,1,0,0,0,0,0,0,0,0,0,0
220239,0,1,19,23,0,0,24,0,13,18,11,20
220239,1,1,0,0,0,0,0,0,0,0,0,0
220240,0,1,0,0,0,0,0,0,0,0,0,0
220240,1,1,5,5,5,5,5,5,5,5,5,5
220241,1,1,0,0,0,0,0,0,0,0,0,0
220241,2,1,0,0,0,0,0,0,0,0,0,0
220242,1,1,0,0,0,17,20,21,0,0,25,0
220243,0,1,0,0,35,4,5,3,0,12,35,0
220243,1,1,8,8,8,8,8,8,8,8,8,8
220244,1,1,0,0,0,0,0,0,0,0,0,0
220244,2,1,0,0,0,0,0,0,0,0,0,0
220244,3,1,0,0,0,0,0,0,5,0,0,0
220245,1,1,0,0,0,0,0,0,0,0,0,0
220246,1,1,0,0,0,0,0,0,0,0,0,0
220247,1,1,14,14,14,14,14,14,14,14,14,14
220247,2,1,6,16,9,0,0,0,0,22,0,0
220248,0,1,0,0,0,0,0,0,0,0,0,0
220248,1,1,0,0,0,0,0,0,0,0,0,0
220249,1,1,0,46,0,14,24,25,0,16,19,16
220250,1,1,0,0,0,0,0,0,0,0,0,0
220250,2,1,0,0,0,0,0,0,0,0,0,0
220251,1,1,13,13,13,13,13,13,13,13,13,13
220252,1,1,0,0,0,0,0,0,0,0,0,0
220252,2,1,0,0,0,0,0,0,0,0,0,0
220253,1,1,0,6,0,0,0,10,0,14,5,11
220253,2,1,0,0,0,0,0,0,0,0,0,0
220254,1,1,0,0,0,0,0,0,0,0,0,0
220255,1,1,0,0,0,0,0,0,0,0,0,0
220256,1,1,2,2,2,2,2,2,2,2,2,2
220256,2,1,0,0,0,0,0,0,0,0,0,0
220257,0,1,7,7,7,7,7,7,7,7,7,7
220257,1,1,5,5,5,5,5,5,5,5,5,5
220258,1,1,3,3,3,3,3,3,3,3,3,3
220259,1,1,0,0,0,0,0,0,0,0,0,0
220259,2,1,0,0,0,0,0,0,0,0,0,0
220260,1,1,7,7,7,7,7,7,7,7,7,7
220260,2,1,0,0,0,0,0,0,0,0,0,0
220261,1,1,0,0,0,0,0,0,0,0,0,0
220262,1,1,0,0,0,0,0,0,0,0,0,0
220262,2,1,0,0,0,0,0,0,0,0,0,0
220263,1,1,0,0,0,0,0,0,0,0,0,0
220264,1,1,0,21,0,27,0,0,12,18,0,0
220265,1,1,0,0,0,0,0,0,0,0,0,0
220265,2,1,0,0,0,0,0,0,0,0,0,0
220266,1,1,0,0,0,0,0,0,0,0,0,0
220267,1,1,7,7,7,7,7,7,7,7,7,7
220268,1,1,21,21,21,21,21,21,21,21,21,21
220269,1,1,0,0,11,5,0,0,0,0,0,0
220269,2,1,0,0,0,0,0,0,0,0,0,0
220270,1,1,0,0,0,0,0,0,0,0,0,0
220271,1,1,0,0,0,0,0,0,0,0,0,0
220272,1,1,0,0,0,0,0,0,0,0,0,0
220273,1,1,0,0,0,0,0,0,0,0,0,0
220273,2,1,0,0,0,0,0,0,0,0,0,0
220273,3,1,0,0,0,0,0,0,0,0,0,0
220273,4,1,0,0,0,0,0,0,0,0,0,0
220274,0,1,0,0,0,0,0,0,0,0,0,0
220274,1,1,6,6,6,6,6,6,6,6,6,6
220275,1,1,0,0,0,0,0,0,0,0,0,0
220275,2,1,0,0,0,0,0,0,0,0,0,0
220276,0,1,0,0,0,0,0,0,27,0,7,0
220276,1,1,0,0,0,0,0,0,0,0,0,0
220277,1,1,0,0,0,0,0,0,0,0,0,0
220277,2,1,0,0,26,0,0,0,0,0,0,0
220278,0,1,22,22,22,22,22,22,22,22,22,22
220278,1,1,0,0,0,0,0,0,0,0,0,0
220279,1,1,0,0,0,0,0,0,0,0,0,0
220280,1,1,19,19,19,19,19,19,19,19,19,19
220281,0,1,11,11,11,11,11,11,11,11,11,11
220281,1,1,0,0,0,0,0,0,0,0,0,0
220282,1,1,16,16,16,16,16,16,16,16,16,16
220283,1,1,0,0,0,0,0,0,0,0,0,0
220283,2,1,0,0,0,0,0,0,0,0,0,0
220284,1,1,0,0,0,0,0,0,0,0,0,0
220284,2,1,0,0,0,0,0,0,0,0,0,0
220285,1,1,15,15,15,15,15,15,15,15,15,15
220286,1,1,20,20,20,20,20,20,20,20,20,20
220287,1,1,0,0,0,0,0,0,0,0,13,10
220287,2,1,0,0,0,0,0,0,0,0,0,0
220288,1,1,11,11,11,11,11,11,11,11,11,11
220289,1,1,0,0,0,0,0,0,0,0,0,0
220289,2,1,0,0,0,0,0,0,0,0,26,0
220290,1,1,11,11,11,11,11,11,11,11,11,11
220291,1,1,24,24,24,24,24,24,24,24,24,24
220292,0,1,0,0,0,0,0,0,0,0,0,0
220292,1,1,0,0,12,0,0,0,10,0,0,0
220293,1,1,0,0,0,0,0,0,0,0,0,0
220294,1,1,5,5,5,5,5,5,5,5,5,5
220294,2,1,19,19,19,19,19,19,19,19,19,19
220295,1,1,0,0,0,0,0,0,0,0,0,0
220295,2,1,0,0,0,0,0,0,0,0,0,0
220295,3,1,0,0,0,0,0,0,0,0,0,0
220295,4,1,0,0,0,0,0,0,0,0,13,0
220295,5,1,0,0,0,0,0,0,0,0,23,0
220296,1,1,3,3,3,3,3,3,3,3,3,3
220297,1,1,0,0,0,0,0,0,0,0,0,0
220297,2,1,0,0,0,0,0,0,0,0,0,0
220298,1,1,0,0,0,0,0,0,0,0,0,0
220299,0,1,0,0,0,0,0,0,0,0,0,0
220299,0,2,0,0,0,0,0,0,0,0,0,0
220299,1,1,0,0,0,0,0,0,0,0,0,0
220300,1,1,0,0,0,0,0,0,0,0,0,0
220300,2,1,0,0,0,0,0,0,0,0,0,0
220301,1,1,17,17,17,17,17,17,17,17,17,17
220301,2,1,0,0,0,0,0,0,0,0,0,0
220302,1,1,0,0,0,0,0,0,0,0,0,0
220303,0,1,0,0,0,0,0,0,0,0,0,0
220303,0,2,9,23,4,0,0,0,0,24,0,23
220303,0,3,0,0,0,15,24,0,0,0,9,33
220303,1,1,17,17,17,17,17,17,17,17,17,17
220304,1,1,0,0,0,0,0,0,0,0,0,0
220305,1,1,0,0,0,0,0,0,0,0,0,16
220305,2,1,0,0,0,0,0,0,0,0,0,0
220306,1,1,17,0,17,0,0,26,0,0,0,20
220306,2,1,0,0,0,0,0,0,0,0,0,0
220307,1,1,10,10,10,10,10,10,10,10,10,10
220308,1,1,0,0,0,0,0,0,0,0,0,0
220308,2,1,0,0,0,0,0,0,0,0,0,0
220309,1,1,9,0,0,0,0,0,12,14,0,13
220310,1,1,24,24,24,24,24,24,24,24,24,24
220311,0,1,24,19,30,25,20,10,17,17,25,12
220311,1,1,0,0,8,0,0,0,0,0,0,0
220311,2,1,3,0,0,4,0,0,0,0,0,0
220312,1,1,24,0,0,12,11,22,0,0,0,0
220312,2,1,0,0,15,0,0,0,0,0,0,0
220313,1,1,11,30,19,21,0,8,21,16,24,0
220314,1,1,0,0,0,0,0,0,0,0,0,0
220314,2,1,0,0,0,0,0,0,0,0,0,0
220315,1,1,21,21,21,21,21,21,21,21,21,21
220316,1,1,0,0,0,0,0,0,0,0,0,0
220316,2,1,0,0,0,0,0,0,0,0,0,0
220317,1,1,27,0,0,0,0,0,0,0,0,0
220317,2,1,0,0,0,0,0,0,0,0,0,0
220318,1,1,17,17,17,17,17,17,17,17,17,17
220319,1,1,0,0,0,0,0,0,0,0,0,0
220320,1,1,13,24,31,11,0,12,0,19,16,8
220321,0,1,0,15,18,0,24,0,27,0,0,11
220321,1,1,0,12,22,0,8,8,0,16,10,3
220322,1,1,33,33,33,33,33,33,33,33,33,33
220323,1,1,22,22,22,22,22,22,22,22,22,22
220324,1,1,0,0,0,0,0,0,0,0,0,0
220324,2,1,5,0,0,0,0,25,13,0,0,0
220325,1,1,0,0,0,0,5,0,17,0,0,15
220325,2,1,9,22,0,0,0,7,8,6,0,0
220326,0,1,0,0,0,0,0,19,0,19,0,0
220326,1,1,0,0,0,0,0,0,0,0,0,0
220327,0,1,0,0,27,37,22,0,13,0,24,0
220327,1,1,0,0,0,0,0,0,0,0,0,0
220327,2,1,0,0,0,0,0,0,0,0,0,0
220328,0,1,0,24,0,49,0,0,16,0,0,10
220328,1,1,0,17,0,0,0,0,0,0,0,0
220329,1,1,22,22,22,22,22,22,22,22,22,22
220330,1,1,21,21,21,21,21,21,21,21,21,21
220331,1,1,0,0,0,0,0,0,0,0,0,0
220332,0,1,0,0,0,0,0,0,0,0,0,0
220332,1,1,0,0,0,0,0,0,0,0,0,0
220333,1,1,0,0,0,0,0,0,0,0,0,0
220333,2,1,0,0,0,0,0,0,0,0,0,0
220333,3,1,0,0,0,0,0,0,0,0,0,0
220334,1,1,0,0,0,0,0,0,0,0,0,0
220334,2,1,0,0,0,0,0,0,0,0,0,0
220335,1,1,4,4,4,4,4,4,4,4,4,4
220336,1,1,26,26,26,26,26,26,26,26,26,26
220337,1,1,0,0,0,0,0,0,0,0,0,0
220337,2,1,0,0,0,0,0,0,0,0,0,0
220338,1,1,14,14,14,14,14,14,14,14,14,14
220339,1,1,0,0,13,21,0,15,0,0,18,9
220340,1,1,15,15,15,15,15,15,15,15,15,15
220341,1,1,0,0,0,0,0,0,0,0,0,0
220342,0,1,0,32,0,0,0,0,0,0,19,41
220342,1,1,0,0,0,0,0,0,0,0,0,0
220343,1,1,31,31,31,31,31,31,31,31,31,31
220344,1,1,18,18,18,18,18,18,18,18,18,18
220345,0,1,0,0,0,0,0,0,0,0,0,0
220345,0,2,0,0,0,0,0,0,0,0,0,0
220345,0,3,0,0,0,0,0,0,0,0,0,0
220345,0,4,0,0,0,0,0,0,0,0,0,0
220345,0,5,0,0,0,0,0,0,0,0,0,0
220345,1,1,0,0,0,0,0,0,0,0,0,0
220346,1,1,0,0,0,0,0,0,0,0,0,0
220347,1,1,16,16,16,16,16,16,16,16,16,16
220347,2,1,0,0,0,0,0,0,0,0,0,0
220348,0,1,18,18,18,18,18,18,18,18,18,18
220348,2,1,0,0,0,0,0,0,0,0,0,0
220349,1,1,0,0,0,0,0,0,0,0,0,0
220350,1,1,0,0,0,0,0,0,0,0,0,0
220350,2,1,0,0,0,0,0,0,0,0,0,0
220351,0,1,11,11,11,11,11,11,11,11,11,11
220351,1,1,0,0,0,10,8,0,0,0,0,0
220352,1,1,25,25,25,25,25,25,25,25,25,25
220353,0,1,17,17,17,17,17,17,17,17,17,17
220353,1,1,11,11,11,11,11,11,11,11,11,11
220354,1,1,0,0,0,0,0,0,0,0,0,0
220355,1,1,12,12,12,12,12,12,12,12,12,12
220355,2,1,0,0,0,0,0,0,0,0,0,0
220355,3,1,0,0,0,16,14,0,0,0,0,0
220356,1,1,39,19,21,0,0,0,0,0,7,18
220357,1,1,26,26,26,26,26,26,26,26,26,26
220358,1,1,0,0,0,0,0,0,0,0,0,0
220358,2,1,0,0,0,0,0,0,0,0,0,0
220358,3,1,0,0,0,0,0,0,0,0,0,0
220359,1,1,0,0,0,0,0,0,0,0,0,0
220359,2,1,3,3,3,3,3,3,3,3,3,3
220360,0,1,0,0,0,0,0,0,0,0,0,0
220360,1,1,0,0,0,0,0,18,0,0,15,0
220361,1,1,2,2,2,2,2,2,2,2,2,2
220362,1,1,13,13,13,13,13,13,13,13,13,13
220363,0,1,0,0,0,0,0,0,0,0,0,0
220363,1,1,0,0,0,0,0,0,0,0,0,0
220364,1,1,26,26,26,26,26,26,26,26,26,26
220364,2,1,0,0,0,0,0,0,0,0,0,0
220365,1,1,0,0,0,0,0,0,0,0,0,0
220365,2,1,0,0,0,0,0,0,0,0,0,0
220366,0,1,0,0,0,19,0,0,0,0,0,21
220366,1,1,0,0,0,0,0,0,0,0,0,0
220367,0,1,28,20,0,21,31,0,29,21,0,0
220367,1,1,0,0,0,0,0,0,0,0,0,0
220368,1,1,6,6,6,6,6,6,6,6,6,6
220369,1,1,0,0,0,0,0,0,0,0,0,0
220369,2,1,0,0,0,0,0,0,0,0,0,0
220370,1,1,0,0,0,0,0,0,0,0,0,0
220370,2,1,0,0,0,0,0,0,0,0,0,0
220371,1,1,0,0,0,0,0,0,0,0,0,0
220372,1,1,18,18,18,18,18,18,18,18,18,18
220372,2,1,0,0,0,0,0,0,0,0,0,0
220373,1,1,0,0,0,0,0,0,0,0,0,0
220374,0,1,0,0,0,0,0,0,0,0,0,0
220374,1,1,0,0,0,0,0,0,0,0,0,0
220375,0,1,19,19,19,19,19,19,19,19,19,19
220375,0,2,19,24,32,9,27,0,22,15,16,35
220375,1,1,0,0,0,0,0,0,0,0,0,0
220376,1,1,20,20,20,20,20,20,20,20,20,20
220376,2,1,0,0,0,0,0,0,0,0,0,0
220377,1,1,0,0,0,0,0,0,0,0,0,0
220378,0,1,25,22,12,21,0,10,25,5,16,36
220378,1,1,0,0,0,0,0,0,0,0,0,0
220379,1,1,0,0,0,0,0,0,0,0,0,0
220380,1,1,0,0,0,0,0,0,0,0,0,0
220380,2,1,0,0,0,0,0,0,0,0,0,0
220381,1,1,0,0,0,0,0,0,0,0,0,0
220381,2,1,0,0,0,0,0,0,0,0,0,0
220383,0,1,0,0,0,0,0,0,0,0,0,0
220383,1,1,0,0,0,0,0,0,0,0,0,0
220383,2,1,0,0,0,0,0,0,0,0,0,0
220384,1,1,0,0,0,0,0,0,0,0,0,0
220384,2,1,0,0,0,0,0,0,0,0,0,0
220384,3,1,0,0,0,0,0,0,0,0,0,0
220384,4,1,0,0,0,0,0,0,0,0,0,0
220385,1,1,7,7,7,7,7,7,7,7,7,7
220385,2,1,0,0,0,0,0,0,0,0,0,7
220386,1,1,0,0,0,0,0,0,0,0,0,0
220386,2,1,0,0,0,0,0,0,0,0,0,0
220387,1,1,0,0,0,0,0,0,0,0,0,0
220388,1,1,0,0,0,0,0,0,0,0,0,0
220388,2,1,0,0,0,0,0,0,0,0,0,0
220388,3,1,0,0,0,0,0,0,0,0,0,0
220389,1,1,12,20,25,19,19,11,22,0,20,10
220389,2,1,0,31,9,0,24,11,0,0,0,0
220390,1,1,0,0,0,0,0,0,0,0,5,0
220391,1,1,0,0,0,0,0,0,0,0,0,0
220391,2,1,0,0,0,0,0,0,0,0,0,0
220392,1,1,0,0,0,0,0,0,0,0,0,0
220393,1,1,0,0,0,0,0,0,0,0,0,0
220393,2,1,0,0,0,0,0,0,0,0,0,0
220393,3,1,0,0,0,0,0,0,0,0,0,0
220393,4,1,0,0,0,0,0,0,0,0,0,0
220394,1,1,0,0,0,0,0,0,0,0,0,0
220395,1,1,0,0,0,0,0,0,0,0,0,0
220396,0,1,21,21,21,21,21,21,21,21,21,21
220396,1,1,0,0,0,0,0,0,0,0,0,0
220397,0,1,20,20,20,20,20,20,20,20,20,20
220397,1,1,0,0,0,0,0,0,0,0,0,0
220398,1,1,14,14,14,14,14,14,14,14,14,14
220399,1,1,0,0,0,0,0,0,0,0,0,0
220400,0,1,0,0,0,0,0,0,0,0,0,0
220400,1,1,19,0,0,0,0,0,0,0,0,0
220401,1,1,0,0,0,0,18,25,0,0,0,0
220401,2,1,0,0,0,0,0,0,0,0,0,0
220402,1,1,18,18,18,18,18,18,18,18,18,18
220403,1,1,19,19,19,19,19,19,19,19,19,19
220404,1,1,0,0,0,0,0,0,0,0,0,0
220404,2,1,3,3,3,3,3,3,3,3,3,3
220405,1,1,0,0,0,0,0,0,0,0,0,0
220405,2,1,0,0,0,0,0,0,0,0,0,0
220406,1,1,0,0,0,0,0,0,0,0,0,0
220406,2,1,0,0,0,0,0,0,0,0,0,0
220406,3,1,0,0,0,0,0,0,0,0,0,0
220407,1,1,0,0,0,0,0,0,32,0,0,0
220407,2,1,0,0,0,0,0,0,0,0,0,0
220409,1,1,0,0,0,0,0,0,0,0,0,0
220409,2,1,0,0,0,0,0,0,0,0,0,0
220410,1,1,17,17,17,17,17,17,17,17,17,17
220411,1,1,26,26,26,26,26,26,26,26,26,26
220412,1,1,0,0,0,0,0,0,0,0,0,0
220412,2,1,0,0,0,0,0,0,0,0,0,0
220413,1,1,18,4,13,15,22,20,28,0,23,29
220413,2,1,0,0,0,0,0,0,0,0,0,0
220413,3,1,0,0,0,0,0,0,0,0,0,0
220414,1,1,0,0,0,0,0,0,0,0,0,0
220414,2,1,0,0,0,0,0,0,0,0,0,0
220415,1,1,0,0,0,0,0,0,0,0,0,0
220416,1,1,0,0,0,0,0,15,13,23,26,22
220416,2,1,0,0,0,0,0,0,0,0,0,0
220417,1,1,17,17,17,17,17,17,17,17,17,17
220417,2,1,0,0,0,0,0,0,0,0,0,0
220418,1,1,80,80,80,80,80,80,80,80,80,80
220418,2,1,0,0,0,0,0,0,0,0,0,0
220419,1,1,0,0,0,0,0,0,0,0,0,0
220419,2,1,0,0,0,0,0,0,0,0,0,0
220419,3,1,0,0,0,0,0,0,0,0,0,0
220420,1,1,17,17,17,17,17,17,17,17,17,17
220420,2,1,0,0,0,0,0,0,0,0,0,0
220421,1,1,0,0,0,0,0,0,0,0,0,0
220421,2,1,0,2,0,0,0,0,0,0,0,0
220422,1,1,0,0,0,0,0,0,0,0,0,0
220423,1,1,0,0,0,0,0,0,0,0,0,0
220424,1,1,0,0,0,0,0,0,0,0,0,0
220424,2,1,3,3,3,3,3,3,3,3,3,3
220425,1,1,0,0,0,0,30,0,0,14,0,0
220426,1,1,0,0,0,0,0,0,0,0,0,0
220426,2,1,6,6,6,6,6,6,6,6,6,6
220427,1,1,0,0,0,0,0,0,0,0,0,0
220427,2,1,21,21,21,21,21,21,21,21,21,21
220428,1,1,20,20,20,20,20,20,20,20,20,20
220429,1,1,0,0,0,0,0,0,0,0,0,0
220430,1,1,0,0,0,0,0,0,0,0,0,0
220431,1,1,0,0,0,0,0,0,0,0,0,0
220432,0,1,0,0,22,0,0,0,0,22,25,29
220432,1,1,0,0,13,0,14,0,0,0,18,6
220433,1,1,0,0,0,0,0,0,0,0,0,0
220434,1,1,0,0,0,0,18,0,0,0,0,0
220435,1,1,10,10,10,10,10,10,10,10,10,10
220435,2,1,0,0,0,0,0,0,0,0,0,0
220436,1,1,24,24,24,24,24,24,24,24,24,24
220437,0,1,5,5,5,5,5,5,5,5,5,5
220437,0,2,26,0,0,0,10,0,0,0,0,0
220437,1,1,8,8,8,8,8,8,8,8,8,8
220438,1,1,11,11,11,11,11,11,11,11,11,11
220439,1,1,18,10,22,12,11,29,24,22,12,17
220440,1,1,0,0,0,0,0,0,0,0,0,0
220441,1,1,0,14,0,0,0,0,0,0,0,4
220441,2,1,0,0,0,0,0,0,0,0,0,0
220442,1,1,8,37,28,13,19,20,27,18,26,22
220443,1,1,0,0,0,0,0,0,0,0,0,0
220444,1,1,19,23,0,0,0,0,9,35,8,0
220445,1,1,0,0,0,0,0,0,0,0,0,0
220445,2,1,0,0,0,0,0,0,0,0,0,0
220446,1,1,10,10,10,10,10,10,10,10,10,10
220447,1,1,19,19,19,19,19,19,19,19,19,19
220448,1,1,0,0,0,0,0,0,0,0,0,0
220449,0,1,25,25,25,25,25,25,25,25,25,25
220449,1,1,0,16,0,0,17,3,16,12,0,0
220450,1,1,0,0,0,0,0,0,0,0,0,0
220450,2,1,0,0,0,0,0,0,0,0,0,0
220451,1,1,1,1,1,1,1,1,1,1,1,1
220452,1,1,23,23,23,23,23,23,23,23,23,23
220453,1,1,9,9,9,9,9,9,9,9,9,9
220453,2,1,0,0,0,0,0,0,0,0,0,0
220453,3,1,0,0,0,0,0,0,0,0,0,0
220454,1,1,0,0,0,0,0,0,0,0,0,0
220455,1,1,0,0,0,0,0,0,0,0,0,0
220456,1,1,0,0,0,0,0,0,0,0,0,0
220457,1,1,28,0,0,0,0,0,0,0,0,0
220458,1,1,0,0,0,0,0,0,0,0,0,0
220458,2,1,0,0,13,0,0,0,0,34,16,25
220459,1,1,0,0,0,0,0,0,0,0,0,0
220459,2,1,0,0,0,0,0,0,0,0,0,0
220459,3,1,0,0,0,0,0,0,0,0,0,0
220460,1,1,24,24,24,24,24,24,24,24,24,24
220461,1,1,0,0,0,0,0,0,0,0,0,0
220462,0,1,11,0,0,22,0,14,0,0,0,13
220462,1,1,0,0,0,0,0,0,0,0,0,0
220463,1,1,6,6,6,6,6,6,6,6,6,6
220464,1,1,22,22,22,22,22,22,22,22,22,22
220464,2,1,0,0,0,0,0,0,0,0,0,0
220465,0,1,0,0,0,0,0,0,0,0,0,0
220465,1,1,0,0,0,0,0,0,20,9,0,15
220466,1,2,0,0,0,0,0,0,0,0,0,0
220467,1,1,0,0,0,0,0,0,0,0,0,0
220467,2,1,0,0,0,0,0,0,0,0,0,0
220468,1,1,0,0,0,0,0,0,0,0,0,0
220468,2,1,0,0,0,0,0,0,0,0,0,0
220469,0,1,0,0,31,0,0,18,0,10,0,34
220469,1,1,0,0,0,0,0,0,0,0,0,0
220470,1,1,17,17,17,17,17,17,17,17,17,17
220471,1,1,27,27,27,27,27,27,27,27,27,27
220472,1,1,0,0,0,0,0,0,0,0,0,0
220472,2,1,0,0,0,0,0,0,0,0,0,0
220473,0,1,0,0,0,0,17,3,0,0,0,8
220473,1,1,21,21,21,21,21,21,21,21,21,21
220474,0,1,0,0,0,0,0,0,0,0,0,0
220474,0,2,0,0,0,0,0,0,0,0,0,0
220474,0,3,0,0,0,0,0,0,0,0,20,0
220474,1,1,0,0,0,0,0,0,0,0,0,0
220475,1,1,0,0,0,0,0,0,0,0,0,0
220475,2,1,7,7,7,7,7,7,7,7,7,7
220476,1,1,26,26,26,26,26,26,26,26,26,26
220477,1,1,19,19,19,19,19,19,19,19,19,19
220478,0,1,0,0,0,0,0,0,0,0,0,0
220478,1,1,0,0,0,0,0,0,0,0,0,0
220479,1,1,17,17,17,17,17,17,17,17,17,17
220480,1,1,10,10,10,10,10,10,10,10,10,10
220481,1,1,0,0,0,0,0,0,0,0,0,0
220482,0,1,0,0,0,0,0,0,0,0,0,0