ST_CASE,VEH_NO,PER_NO,P1,P2,P3,P4,P5,P6,P7,P8,P9,P10
220482,1,1,0,0,0,0,0,0,0,0,0,0
220483,0,1,0,0,0,0,0,0,9,0,0,0
220483,1,1,0,0,0,0,0,0,0,0,0,0
220483,2,1,0,2,0,0,0,0,0,0,0,0
220484,1,1,0,0,0,0,0,0,0,0,0,0
220485,1,1,8,8,17,0,11,20,44,4,0,16
220486,0,1,25,17,6,0,17,18,8,26,11,28
220486,1,1,2,2,2,2,2,2,2,2,2,2
220487,1,1,0,0,0,0,0,0,0,0,0,0
220487,2,1,0,0,0,0,0,0,0,0,0,0
220488,1,1,7,7,7,7,7,7,7,7,7,7
220489,1,1,0,0,0,0,0,0,0,0,0,0
220489,2,1,0,0,0,0,0,0,0,0,0,0
220490,0,1,14,0,0,0,27,0,25,0,0,0
220490,1,1,0,0,0,0,0,0,0,0,0,0
220491,0,1,0,0,0,0,0,0,0,0,0,0
220491,1,1,0,0,0,0,0,0,0,0,0,0
220492,1,1,0,0,0,0,0,0,0,0,0,0
220492,2,1,0,0,0,0,0,0,0,0,0,0
220493,1,1,0,0,0,0,0,0,0,0,0,0
220493,2,1,0,0,0,0,0,0,0,0,0,0
220494,0,1,0,0,0,0,0,0,0,0,0,0
220494,1,1,0,0,0,0,0,0,0,0,0,0
220495,1,1,0,0,14,0,0,0,0,0,0,0
220495,2,1,0,0,7,0,0,0,0,0,0,0
220496,1,1,16,16,16,16,16,16,16,16,16,16
220497,1,1,0,0,0,0,0,0,0,0,0,0
220498,1,1,0,0,0,0,0,0,0,0,0,0
220498,2,1,0,0,0,0,0,0,0,0,0,0
220499,1,1,0,0,0,0,0,0,0,0,0,0
220499,2,1,0,0,0,0,0,0,0,0,0,0
220500,0,1,20,20,20,20,20,20,20,20,20,20
220500,1,1,0,0,0,0,0,0,0,0,0,0
220501,1,1,0,0,0,0,0,0,0,0,0,0
220502,1,1,0,0,0,0,0,0,0,0,0,0
220503,1,1,0,0,0,0,0,0,0,0,0,0
220504,1,1,0,0,0,0,0,0,0,0,0,0
220505,1,1,1,1,1,1,1,1,1,1,1,1
220506,1,1,0,29,24,24,0,0,0,17,0,22
220507,1,1,8,8,8,8,8,8,8,8,8,8
220508,1,1,0,0,0,0,0,8,0,0,0,0
220509,1,1,9,9,9,9,9,9,9,9,9,9
220510,1,1,25,25,25,25,25,25,25,25,25,25
220510,2,1,0,0,0,0,0,0,0,0,0,0
220510,3,1,0,0,0,0,0,0,0,0,0,0
220511,0,1,15,15,15,15,15,15,15,15,15,15
220511,1,1,14,14,14,14,14,14,14,14,14,14
220512,1,1,0,0,0,0,0,0,0,0,0,0
220512,2,1,12,12,12,12,12,12,12,12,12,12
220513,1,1,26,26,26,26,26,26,26,26,26,26
220513,2,1,0,0,0,0,0,0,0,0,0,0
220514,1,1,0,0,0,0,0,0,0,0,0,0
220514,2,1,0,0,0,0,0,0,0,0,0,0
220515,1,1,13,13,13,13,13,13,13,13,13,13
220516,1,1,24,24,24,24,24,24,24,24,24,24
220517,1,1,0,0,0,0,0,0,0,0,0,0
220517,2,1,0,0,0,0,0,0,0,0,0,0
220517,3,1,0,0,0,0,0,0,0,0,0,0
220518,0,1,0,9,14,17,0,0,4,0,23,0
220518,1,1,0,0,0,0,0,0,0,0,0,0
220519,1,1,0,0,0,0,0,0,0,0,0,0
220520,1,1,21,21,21,21,21,21,21,21,21,21
220521,1,1,17,17,17,17,17,17,17,17,17,17
220522,1,1,0,0,0,0,0,0,0,0,0,0
220523,1,1,0,0,0,0,0,0,0,0,0,0
220523,2,1,0,0,0,0,0,0,0,0,0,0
220524,1,1,0,0,0,0,0,0,0,0,0,0
220524,2,1,0,0,0,0,0,0,0,0,0,0
220525,1,1,14,14,14,14,14,14,14,14,14,14
220526,1,1,0,0,0,0,0,0,0,0,0,0
220526,2,1,0,0,0,0,0,0,0,0,0,0
220527,1,1,0,0,0,0,0,0,0,0,0,0
220528,1,1,0,0,0,0,0,0,0,0,0,0
220529,1,1,0,0,0,0,0,0,0,0,0,0
220529,2,1,0,0,0,0,0,0,0,0,0,0
220530,1,1,0,0,0,0,0,0,0,0,0,0
220531,1,1,14,14,14,14,14,14,14,14,14,14
220532,1,1,0,0,0,0,0,0,0,0,0,0
220532,2,1,0,0,0,0,0,0,0,0,0,0
220533,1,1,0,0,0,0,0,0,0,0,0,0
220533,2,1,0,0,0,0,0,0,0,0,0,0
220533,3,1,0,0,0,0,0,0,0,0,0,0
220534,1,1,16,16,16,16,16,16,16,16,16,16
220534,2,1,0,0,0,0,0,0,0,0,0,0
220535,1,1,8,8,8,8,8,8,8,8,8,8
220536,1,1,0,0,0,0,0,0,0,0,0,0
220537,1,1,10,10,10,10,10,10,10,10,10,10
220538,1,1,22,22,22,22,22,22,22,22,22,22
220539,0,1,24,0,0,0,0,16,18,18,17,0
220539,1,1,11,11,11,11,11,11,11,11,11,11
220539,2,1,0,0,12,12,0,12,13,0,0,20
220540,0,1,0,3,18,51,21,0,23,31,0,13
220540,1,1,9,0,27,2,21,17,0,9,11,7
220541,1,1,18,0,0,0,0,0,0,0,0,0
220542,1,1,2,2,2,2,2,2,2,2,2,2
220543,1,1,0,0,0,0,0,0,0,0,0,0
220544,1,1,0,0,0,0,0,0,0,0,0,0
220544,2,1,0,0,0,0,0,0,0,0,0,0
220545,1,1,0,9,20,13,22,23,19,40,13,12
220546,0,1,12,0,0,0,0,40,26,17,0,5
220546,1,1,0,0,0,0,0,0,0,0,0,0
220547,1,1,0,0,0,0,0,0,0,0,0,0
220547,2,1,2,2,2,2,2,2,2,2,2,2
220548,1,1,0,0,0,0,0,0,0,0,0,0
220549,1,1,0,0,0,0,0,0,0,0,0,0
220550,1,1,0,0,0,0,0,0,0,0,0,0
220551,1,1,0,16,0,0,25,0,0,5,0,0
220552,1,1,0,0,0,0,0,0,22,21,0,12
220553,1,1,0,0,0,0,0,0,0,0,0,0
220553,2,1,0,0,0,0,0,0,0,0,0,0
220554,1,1,7,7,7,7,7,7,7,7,7,7
220554,2,1,0,0,8,0,0,0,0,0,0,0
220555,0,1,0,0,0,0,0,0,0,7,0,0
220555,1,1,0,17,0,0,0,0,0,0,0,0
220556,1,1,25,25,25,25,25,25,25,25,25,25
220557,1,1,0,0,0,0,0,0,0,0,0,0
220557,2,1,0,0,0,0,0,0,0,0,0,0
220558,0,1,24,24,24,24,24,24,24,24,24,24
220558,1,1,11,0,6,11,9,13,0,8,0,0
220559,1,1,0,0,0,0,0,0,0,0,0,0
220559,2,1,0,0,0,0,0,0,0,0,0,0
220559,3,1,0,0,0,0,0,0,0,0,0,0
220560,1,1,0,0,0,0,0,0,0,0,0,0
220560,2,1,0,0,0,0,0,0,0,0,0,0
220561,1,1,0,0,0,0,20,0,0,0,0,14
220561,2,1,0,0,0,0,0,0,0,0,0,0
220562,0,1,0,0,0,22,19,40,0,32,0,0
220562,2,1,0,0,0,0,0,0,0,0,0,0
220562,3,1,0,0,0,14,0,23,0,14,0,16
220563,1,1,0,0,0,0,0,0,0,0,0,0
220564,0,1,15,15,15,15,15,15,15,15,15,15
220564,1,1,0,0,0,0,0,0,0,0,0,0
220565,1,1,0,0,0,0,0,0,0,0,0,0
220565,2,1,0,0,0,0,0,0,0,0,0,0
220565,3,1,0,0,0,0,0,0,0,0,0,0
220566,1,1,9,9,9,9,9,9,9,9,9,9
220567,1,1,0,0,0,0,16,0,0,0,0,0
220569,1,1,0,0,0,0,0,0,0,0,0,0
220570,0,1,0,0,0,0,0,0,0,0,0,0
220570,1,1,0,0,25,9,16,0,0,0,0,6
220571,1,1,0,0,25,12,0,0,19,28,14,0
220572,0,1,0,0,0,0,0,0,0,0,0,0
220572,1,1,0,0,0,0,0,0,0,0,0,0
220573,1,1,0,14,0,0,11,0,0,0,0,0
220574,1,1,0,24,22,21,22,25,31,0,0,0
220575,1,1,23,23,23,23,23,23,23,23,23,23
220576,1,1,0,0,0,0,0,0,0,0,0,0
220577,1,1,9,9,9,9,9,9,9,9,9,9
220578,1,1,0,0,0,0,0,0,0,0,0,0
220578,2,1,0,0,0,0,0,0,0,0,0,0
220579,1,1,7,7,7,7,7,7,7,7,7,7
220580,1,1,0,0,0,0,0,0,0,22,0,0
220580,2,1,0,0,0,0,0,0,0,0,0,0
220580,3,1,0,0,0,0,0,0,0,0,0,0
220581,1,1,0,0,0,0,0,0,0,0,0,0
220581,2,1,0,0,0,0,0,0,0,0,0,0
220582,1,1,0,0,0,0,0,0,0,0,0,0
220583,0,1,0,0,0,0,0,0,0,0,0,0
220583,2,1,0,0,0,0,0,0,0,0,0,0
220584,0,1,16,16,16,16,16,16,16,16,16,16
220584,1,1,0,0,0,0,0,0,0,0,0,0
220585,1,1,0,0,0,0,0,0,0,0,0,0
220586,1,1,10,10,10,10,10,10,10,10,10,10
220587,1,1,0,0,0,0,0,0,0,0,0,0
220587,2,1,0,0,0,0,0,0,0,0,0,0
220588,1,1,27,27,27,27,27,27,27,27,27,27
220588,2,1,0,0,0,0,0,0,0,0,0,0
220589,0,1,0,0,0,0,0,0,0,0,0,0
220589,0,2,0,0,0,26,0,0,0,0,0,0
220589,0,3,0,11,0,0,0,0,0,0,0,0
220589,1,1,0,0,0,0,0,0,0,0,0,0
220590,1,1,0,0,0,0,0,0,0,0,0,0
220590,2,1,0,0,0,0,0,0,0,0,0,0
220590,3,1,0,0,0,0,0,0,0,0,0,0
220590,4,1,0,0,0,0,0,0,0,0,0,0
220591,1,1,0,0,0,0,0,0,0,0,0,0
220591,2,1,0,0,0,0,0,0,0,0,0,0
220592,1,1,26,26,26,26,26,26,26,26,26,26
220593,1,1,0,0,0,0,0,0,0,0,0,0
220593,2,1,0,0,0,0,0,0,0,0,0,0
220594,1,1,28,28,28,28,28,28,28,28,28,28
220594,2,1,0,0,0,0,0,0,0,0,0,0
220595,1,1,0,0,0,0,0,0,0,0,0,0
220596,1,1,0,0,0,0,0,0,0,0,0,0
220596,2,1,0,0,0,0,0,0,0,0,7,0
220597,1,1,0,0,0,0,0,0,0,0,0,0
220598,1,1,13,0,12,22,0,0,13,0,0,0
220599,1,1,0,0,0,0,0,0,0,0,0,0
220599,2,1,0,0,0,0,0,0,0,0,0,0
220600,1,1,0,0,0,0,0,0,0,0,0,0
220601,1,1,0,0,0,0,0,0,0,0,0,0
220602,0,1,18,18,18,18,18,18,18,18,18,18
220602,1,1,0,0,0,0,0,0,0,0,0,0
220603,0,1,0,0,0,0,0,0,0,0,0,0
220603,1,1,0,0,0,0,0,0,0,0,0,0
220604,1,1,0,0,0,0,0,0,0,0,0,0
220604,2,1,0,0,0,0,0,0,0,0,0,0
220605,1,1,12,12,12,12,12,12,12,12,12,12
220606,1,1,17,17,17,17,17,17,17,17,17,17
220606,2,1,0,0,0,0,0,0,0,0,0,0
220607,1,1,17,17,17,17,17,17,17,17,17,17
220607,2,1,0,0,0,0,0,0,0,0,0,0
220608,1,1,17,17,17,17,17,17,17,17,17,17
220608,2,1,0,0,0,0,0,0,0,0,0,0
220609,1,1,0,0,0,0,0,0,0,0,0,0
220609,2,1,0,0,0,0,0,0,0,0,0,0
220609,3,1,0,0,0,0,0,0,0,0,0,0
220610,1,1,0,0,0,0,0,0,0,0,0,0
220610,2,1,0,0,0,0,0,0,0,0,0,0
220611,1,1,0,0,0,0,0,0,0,0,0,0
220611,2,1,0,0,0,0,0,0,0,0,0,0
220612,0,1,15,15,15,15,15,15,15,15,15,15
220612,1,1,0,0,0,0,0,0,0,0,0,0
220613,1,1,0,0,0,0,0,0,0,0,0,0
220614,1,1,5,5,5,5,5,5,5,5,5,5
220614,2,1,0,0,0,0,0,0,0,0,0,0
220615,1,1,26,26,26,26,26,26,26,26,26,26
220616,1,1,21,21,21,21,21,21,21,21,21,21
220617,0,1,20,20,20,20,20,20,20,20,20,20
220617,1,1,0,0,8,8,10,0,0,10,0,19
220618,1,1,16,16,16,16,16,16,16,16,16,16
220618,2,1,0,0,0,0,0,0,0,0,0,0
220618,3,1,0,14,0,9,24,6,0,0,8,6
220618,4,1,0,12,0,0,0,0,0,0,0,0
220618,5,1,0,0,0,0,32,0,0,0,0,0
220619,1,1,0,0,0,0,0,0,0,0,0,0
220619,2,1,0,0,0,0,0,0,0,0,0,0
220620,1,1,15,15,15,15,15,15,15,15,15,15
220621,1,1,0,0,0,0,0,12,0,12,0,0
220622,1,1,11,0,0,0,0,0,0,0,0,0
220623,0,1,0,0,0,0,0,27,0,20,0,0
220623,1,1,0,0,0,0,0,0,0,0,0,0
220624,1,1,18,18,18,18,18,18,18,18,18,18
220624,2,1,0,0,0,0,0,0,0,0,0,0
220625,1,1,0,0,0,0,0,0,0,0,0,0
220625,2,1,0,0,0,0,0,0,0,0,0,0
220626,1,1,0,0,0,0,0,0,0,0,0,0
220626,2,1,0,0,0,0,0,0,0,0,0,0
220627,1,1,0,0,0,0,0,0,0,0,0,0
220627,2,1,0,0,0,0,0,0,0,0,0,0
220628,1,1,0,0,0,0,0,0,0,0,0,0
220628,2,1,0,0,0,0,0,0,0,0,0,0
220629,1,1,0,0,0,0,0,0,0,0,0,0
220629,2,1,0,0,0,0,0,0,0,20,0,0
220629,3,1,0,0,0,0,0,0,0,0,0,0
220630,1,1,0,2,0,13,0,0,0,19,0,0
220631,1,1,0,0,0,0,0,0,0,0,0,0
220631,2,1,0,0,0,0,0,0,0,0,0,0
220632,1,1,0,0,0,22,0,9,21,0,21,11
220633,1,1,0,0,0,0,0,0,0,0,0,0
220634,0,1,22,22,22,22,22,22,22,22,22,22
220634,1,1,31,0,13,2,23,0,7,16,4,16
220635,0,1,0,0,0,0,0,0,0,0,0,0
220635,1,1,0,0,0,0,0,0,0,0,0,0
220636,0,1,0,0,0,0,23,0,0,19,20,0
220636,1,1,0,0,0,0,21,17,23,0,0,0
220637,1,1,6,6,6,6,6,6,6,6,6,6
220638,0,1,0,0,0,0,0,29,0,0,0,28
220638,1,1,0,0,0,0,0,0,0,0,0,0
220639,1,1,9,9,9,9,9,9,9,9,9,9
220639,2,1,0,0,0,0,0,0,0,0,0,6
220640,1,1,0,0,20,0,17,0,0,0,0,0
220642,1,1,0,0,14,13,5,0,26,0,16,20
220643,1,1,0,0,0,0,0,8,0,0,0,0
220643,2,1,0,0,0,0,0,0,0,0,0,0
220644,1,1,0,0,0,0,0,0,0,0,0,0
220644,2,1,0,0,0,0,0,0,0,0,0,0
220645,1,1,0,0,0,0,0,0,0,0,0,0
220645,2,1,0,0,0,0,0,0,0,0,0,0
220646,0,1,0,0,0,0,0,0,0,0,0,0
220646,1,1,0,0,0,0,0,0,0,0,0,0
220647,1,1,0,0,0,0,0,0,0,0,0,0
220648,1,1,0,0,0,17,8,10,17,0,0,0
220649,0,1,0,0,0,0,0,0,0,0,0,0
220649,1,1,0,0,0,0,0,0,0,0,0,0
220650,0,1,0,14,0,0,14,17,0,0,0,0
220650,1,1,17,22,21,0,24,0,0,0,20,0
220651,0,1,0,0,0,0,0,0,0,0,0,0
220651,1,1,0,0,0,0,0,0,0,0,0,0
220652,1,1,0,0,0,0,0,0,0,0,0,0
220652,2,1,0,0,0,0,0,0,0,0,0,0
220653,0,1,0,28,39,0,45,23,15,0,0,0
220653,0,2,0,0,0,14,0,21,18,18,16,0
220653,2,1,0,0,19,0,0,0,0,0,0,0
220654,0,1,35,0,42,0,0,0,30,0,17,0
220654,0,2,24,15,47,0,0,14,0,0,0,0
220654,0,3,0,35,30,0,0,6,0,0,0,0
220654,2,1,0,0,0,0,0,0,0,26,0,0
220655,1,1,23,0,0,0,0,0,0,0,0,0
220656,1,1,16,9,16,16,10,17,0,0,2,22
220657,1,1,0,0,0,0,0,0,0,0,0,0
220658,1,1,29,0,0,0,7,0,19,38,0,0
220659,0,1,0,0,0,0,0,0,0,0,0,0
220659,1,1,0,0,0,0,0,19,0,0,0,0
220660,1,1,0,0,0,0,0,0,0,0,0,0
220661,1,1,0,0,0,0,0,0,0,0,3,0
220661,2,1,0,0,0,0,0,0,0,0,0,0
220662,1,1,0,15,26,0,6,0,13,0,0,0
220663,1,1,0,0,0,0,0,0,0,0,0,0
220664,0,1,0,0,8,24,8,39,17,0,16,17
220664,1,1,14,19,25,6,12,0,15,15,17,0
220665,1,1,0,14,0,0,0,0,0,0,0,23
220666,0,1,0,0,0,0,0,0,0,0,0,0
220666,1,1,0,0,0,0,0,13,0,0,0,0
220667,1,1,0,0,0,24,0,0,0,24,8,0
220667,2,1,0,0,0,0,0,0,0,0,0,0
220668,0,1,0,0,0,0,0,0,0,0,0,0
220668,1,1,0,0,0,0,0,18,0,0,0,0
220669,1,1,0,0,0,0,0,0,0,0,0,0
220669,2,1,0,0,0,0,0,0,0,0,0,0
220670,1,1,17,16,0,11,35,24,15,5,27,24
230002,1,1,0,0,0,0,0,0,0,0,0,0
230002,2,1,0,0,0,0,0,0,0,0,0,0
230003,1,1,0,0,0,0,0,0,0,0,0,0
230003,2,1,0,0,0,0,0,0,0,0,0,0
230004,1,1,0,0,0,0,0,0,0,0,0,0
230004,2,1,0,0,0,0,0,0,0,0,0,0
230005,1,1,0,0,0,0,0,0,0,0,0,0
230005,2,1,0,0,0,0,0,0,0,0,0,0
230006,1,1,0,0,0,0,0,0,0,0,0,0
230006,2,1,0,0,0,0,0,0,0,0,0,0
230007,1,1,17,17,17,17,17,17,17,17,17,17
230008,1,1,0,0,0,0,0,0,0,0,0,0
230009,1,1,0,0,0,0,0,0,0,0,0,0
230009,2,1,0,0,0,0,0,0,0,0,0,0
230009,3,1,0,0,0,0,0,0,0,0,0,0
230010,1,1,0,0,0,0,0,0,0,0,0,0
230010,2,1,0,0,0,0,0,0,0,0,0,0
230012,0,1,0,10,0,0,12,22,0,16,25,24
230012,1,1,0,0,0,0,0,0,0,0,0,0
230013,1,1,22,22,22,22,22,22,22,22,22,22
230014,1,1,0,0,0,0,0,0,0,0,0,0
230014,2,1,0,0,0,0,0,0,0,0,0,0
230015,1,1,0,0,0,0,0,0,0,0,0,0
230015,2,1,1,1,1,1,1,1,1,1,1,1
230016,1,1,0,0,0,0,0,0,0,0,0,0
230016,2,1,0,0,0,0,0,0,0,0,0,0
230017,1,1,0,0,0,0,0,0,0,0,0,0
230017,2,1,0,0,0,0,0,0,0,0,0,0
230018,1,1,0,0,0,0,0,0,0,0,0,0
230018,2,1,0,0,0,0,0,0,0,0,0,0
230019,1,1,2,2,2,2,2,2,2,2,2,2
230019,2,1,11,11,11,11,11,11,11,11,11,11
230020,0,1,0,0,0,0,0,0,0,0,0,0
230020,1,1,0,0,0,0,0,0,0,0,0,0
230021,1,1,9,9,9,9,9,9,9,9,9,9
230022,1,1,0,0,0,0,0,0,0,0,0,0
230022,2,1,0,0,0,0,0,0,0,0,0,0
230023,0,1,0,0,0,0,0,0,0,0,0,0
230024,1,1,0,0,0,0,0,0,0,0,0,0
230024,2,1,0,0,0,0,0,0,0,0,0,0
230025,1,1,0,0,0,0,0,0,0,0,0,0
230025,2,1,0,0,0,0,0,0,0,0,0,0
230026,1,1,7,7,7,7,7,7,7,7,7,7
230026,2,1,0,0,0,0,0,0,0,0,0,0
230027,1,1,22,22,22,22,22,22,22,22,22,22
230028,1,1,0,0,0,0,0,0,0,0,0,0
230028,2,1,0,0,0,0,0,0,0,0,0,0
230030,1,1,42,42,42,42,42,42,42,42,42,42
230030,2,1,0,0,0,0,0,0,0,0,0,0
230031,1,1,0,0,0,0,0,0,0,0,0,0
230031,2,1,0,0,0,0,0,0,0,0,0,0
230032,1,1,0,0,0,0,0,0,0,0,0,0
230032,2,1,0,0,0,0,0,0,0,0,0,0
230033,1,1,0,0,0,0,0,0,0,0,0,0
230034,1,1,0,0,0,0,0,0,0,0,0,0
230035,1,1,0,0,0,0,0,0,0,0,0,0
230036,1,1,3,3,3,3,3,3,3,3,3,3
230037,1,1,22,22,22,22,22,22,22,22,22,22
230038,1,1,0,0,0,0,0,0,0,0,0,0
230039,1,1,0,0,0,0,0,0,0,0,0,0
230039,2,1,0,0,0,0,0,0,0,0,0,0
230040,1,1,24,24,24,24,24,24,24,24,24,24
230041,1,1,0,0,0,0,0,0,0,0,0,0
230041,2,1,0,0,0,0,0,0,0,0,0,0
230041,3,1,0,0,0,0,0,0,0,0,0,0
230042,1,1,0,0,0,0,0,0,0,0,0,0
230043,1,1,0,0,0,0,0,0,0,0,0,0
230044,1,1,0,3,12,13,19,15,17,8,10,18
230044,2,1,27,27,27,27,27,27,27,27,27,27
230045,1,1,0,0,0,0,0,0,9,16,0,7
230046,1,1,14,14,14,14,14,14,14,14,14,14
230047,0,1,0,0,0,0,0,0,0,0,0,0
230047,1,1,0,0,0,0,0,0,0,0,0,0
230048,1,1,26,26,26,26,26,26,26,26,26,26
230048,2,1,0,0,0,0,0,0,0,0,0,0
230049,1,1,0,0,0,0,0,0,0,0,0,0
230049,2,1,0,0,0,0,0,0,0,0,0,0
230050,1,1,0,0,0,0,0,0,0,0,0,0
230050,2,1,0,0,0,0,0,0,0,0,0,0
230051,1,1,0,0,0,0,0,0,0,0,0,0
230051,2,1,0,0,0,0,0,0,0,0,0,0
230051,3,1,0,0,0,0,0,0,0,0,0,0
230052,1,1,0,0,0,0,0,0,0,0,0,0
230053,1,1,16,16,16,16,16,16,16,16,16,16
230054,1,1,21,21,21,21,21,21,21,21,21,21
230054,2,1,0,0,0,0,0,0,0,0,0,0
230055,1,1,0,0,0,0,0,0,0,0,0,0
230056,0,1,0,12,0,17,0,0,29,0,21,6
230056,1,1,0,0,0,0,0,0,0,0,0,0
230057,1,1,0,3,0,7,0,0,0,0,0,29
230058,1,1,0,6,0,3,6,14,20,19,0,16
230058,2,1,15,24,17,0,0,15,7,10,32,22
230059,1,1,17,14,26,0,18,18,13,16,0,20
230059,2,1,0,0,0,0,0,0,0,0,0,0
230060,1,1,5,12,20,0,9,0,11,6,0,0
230061,1,1,18,18,18,18,18,18,18,18,18,18
230062,1,1,0,0,0,0,0,0,0,0,0,0
230062,2,1,0,0,0,0,0,0,0,0,0,0
230063,1,1,29,29,29,29,29,29,29,29,29,29
230064,0,1,28,0,25,0,0,0,0,34,14,0
230064,0,2,20,0,0,4,27,0,0,12,0,0
230064,1,1,0,0,0,0,0,0,0,0,0,0
230065,1,1,14,14,14,14,14,14,14,14,14,14
230065,2,1,0,0,0,0,0,0,0,0,0,0
230066,1,1,21,21,21,21,21,21,21,21,21,21
230067,1,1,12,14,24,0,0,25,0,0,17,0
230068,1,1,0,0,0,0,0,0,0,0,0,0
230068,2,1,0,0,0,0,0,0,0,0,0,0
230069,0,1,0,0,0,0,0,0,0,0,0,0
230069,1,1,0,0,0,0,0,0,0,0,0,0
230070,1,1,14,14,14,14,14,14,14,14,14,14
230071,1,1,0,0,0,30,0,17,0,0,0,0
230071,2,1,0,0,0,0,0,0,0,0,0,0
230072,1,1,0,0,0,0,0,0,0,0,0,0
230073,1,1,0,0,0,0,0,0,0,0,0,0
230073,2,1,0,0,0,0,0,0,0,0,0,0
230074,1,1,0,0,0,0,0,0,0,0,0,0
230075,1,1,21,21,21,21,21,21,21,21,21,21
230076,1,1,23,23,23,23,23,23,23,23,23,23
230077,1,1,0,0,0,0,0,0,0,0,0,0
230077,2,1,28,0,0,0,0,0,0,0,0,0
230078,1,1,0,0,0,0,0,0,0,0,0,0
230078,2,1,0,0,0,0,0,0,0,0,0,0
230078,3,1,0,0,0,0,0,0,0,0,0,0
230079,1,1,21,21,21,21,21,21,21,21,21,21
230080,1,1,0,0,0,0,0,0,0,0,0,0
230081,1,1,0,0,0,0,0,0,0,0,0,0
230082,1,1,0,0,0,0,0,0,0,0,0,0
230082,2,1,0,0,0,0,0,0,0,0,0,0
230083,1,1,0,0,0,0,0,0,0,0,0,0
230083,2,1,0,0,0,0,0,0,0,0,0,0
230084,1,1,0,0,0,0,0,0,0,0,0,0
230084,2,1,0,0,0,0,0,0,0,0,0,0
230085,1,1,0,0,0,0,0,0,0,0,0,0
230085,2,1,0,0,0,0,0,0,0,0,0,0
230086,1,1,0,0,0,0,0,0,0,0,0,0
230086,2,1,0,0,0,0,0,0,0,0,0,0
230087,1,1,0,0,0,0,0,0,0,0,0,0
230087,2,1,0,0,0,0,0,0,0,0,0,0
230088,1,1,36,36,36,36,36,36,36,36,36,36
230089,1,1,0,0,0,0,0,0,0,0,0,0
230089,2,1,0,0,0,0,0,0,0,0,0,0
230091,1,1,0,0,0,0,0,0,0,0,0,0
230092,1,1,17,17,17,17,17,17,17,17,17,17
230093,1,1,7,7,7,7,7,7,7,7,7,7
230094,1,1,23,23,23,23,23,23,23,23,23,23
230094,2,1,0,0,0,0,0,0,0,0,0,0
230095,1,1,0,0,0,0,0,0,0,0,0,0
230096,1,1,0,0,0,0,0,0,0,0,0,0
230097,1,1,0,0,0,0,0,0,0,0,0,0
230098,1,1,0,0,0,0,0,0,0,0,0,0
230099,1,1,0,0,0,0,0,0,0,0,0,0
230100,1,1,0,0,0,0,0,0,0,0,0,0
230101,1,1,0,0,0,0,0,0,0,0,0,0
230101,2,1,0,0,0,0,0,0,0,0,0,0
230102,1,1,23,23,23,23,23,23,23,23,23,23
230103,0,1,27,27,27,27,27,27,27,27,27,27
230103,1,1,11,11,11,11,11,11,11,11,11,11
230105,1,1,0,0,0,0,0,0,0,0,0,0
230105,2,1,0,0,0,0,0,0,0,0,0,0
230106,1,1,17,0,0,0,0,0,23,0,0,0
230106,2,1,0,0,0,0,0,0,0,0,0,0
230107,1,1,0,0,0,0,0,0,0,0,0,0
230107,2,1,0,0,0,0,0,0,0,0,0,0
230108,1,1,16,16,16,16,16,16,16,16,16,16
230108,2,1,0,0,0,0,0,3,0,0,0,11
230109,1,1,0,0,0,0,0,0,0,0,0,0
230110,1,1,0,0,0,0,0,0,0,0,0,0
230110,2,1,0,0,0,0,0,0,0,0,0,0
230111,1,1,0,0,0,0,0,0,0,0,0,0
230112,1,1,0,0,0,0,0,0,0,0,0,0
230112,2,1,0,0,0,0,0,0,0,0,0,0
230113,1,1,0,0,0,0,0,0,0,0,0,0
230114,1,1,0,0,0,0,0,0,0,0,0,0
230115,0,1,0,0,0,0,0,0,0,0,0,0
230115,1,1,0,0,0,0,0,0,0,0,0,0
230116,1,1,0,0,0,0,0,0,0,0,0,0
230116,2,1,0,0,0,0,0,0,0,0,0,0
230117,0,1,0,0,0,31,0,0,0,0,0,0
230117,1,1,0,0,0,0,0,0,0,0,0,0
230118,1,1,0,0,0,0,0,0,0,0,25,0
230119,1,1,19,19,19,19,19,19,19,19,19,19
230120,0,1,0,0,0,0,0,0,0,0,0,0
230120,1,1,0,0,0,0,0,0,0,0,0,0
240001,1,1,0,0,0,0,0,0,0,0,0,0
240001,2,1,0,0,0,0,0,0,0,0,0,0
240002,1,1,0,0,0,0,0,0,0,0,0,0
240003,1,1,15,15,15,15,15,15,15,15,15,15
240004,1,1,26,26,26,26,26,26,26,26,26,26
240004,2,1,0,0,0,0,0,0,0,0,0,0
240005,1,1,28,28,28,28,28,28,28,28,28,28
240006,1,1,0,0,0,0,0,0,0,0,0,0
240006,2,1,0,0,0,0,0,0,0,0,0,0
240007,1,1,12,12,12,12,12,12,12,12,12,12
240007,2,1,0,22,0,22,0,0,0,0,8,0
240008,0,1,6,6,6,6,6,6,6,6,6,6
240008,1,1,0,0,0,0,0,0,0,0,0,0
240010,1,1,17,17,17,17,17,17,17,17,17,17
240011,0,1,0,0,0,22,0,0,0,21,24,0
240011,1,1,0,0,0,0,0,19,0,0,0,12
240012,0,1,0,0,0,0,0,0,0,0,0,0
240012,1,1,0,0,0,0,0,0,11,0,0,0
240013,1,1,0,0,0,0,0,0,0,0,0,0
240013,2,1,0,0,0,0,0,0,0,0,0,0
240014,1,1,0,0,0,0,0,0,0,0,0,0