ST_CASE,VEH_NO,PER_NO,P1,P2,P3,P4,P5,P6,P7,P8,P9,P10
240014,2,1,0,0,0,0,0,0,0,0,0,0
240015,0,1,0,0,0,0,0,0,0,0,0,0
240015,1,1,0,0,0,0,0,0,20,0,0,0
240016,1,1,0,0,0,0,0,0,0,0,0,0
240016,2,1,0,0,0,15,0,16,0,0,0,0
240017,0,1,24,24,24,24,24,24,24,24,24,24
240017,1,1,8,9,8,26,11,13,6,22,2,16
240018,1,1,22,22,22,22,22,22,22,22,22,22
240019,1,1,0,0,0,0,0,0,0,0,0,0
240019,2,1,0,0,0,0,0,0,0,0,0,0
240020,1,1,0,0,0,0,0,0,0,0,0,0
240020,2,1,0,0,0,0,0,0,0,0,0,0
240021,0,1,0,0,0,0,0,0,0,0,0,0
240021,0,2,0,0,0,0,0,0,0,0,0,0
240021,0,3,0,0,0,0,0,0,0,0,0,0
240021,1,1,0,0,0,0,0,0,0,0,0,0
240021,2,1,0,0,0,0,0,0,0,0,0,0
240022,1,1,0,0,0,0,0,0,0,0,0,0
240022,2,1,0,0,0,0,0,0,0,0,0,0
240023,1,1,22,22,22,22,22,22,22,22,22,22
240024,1,1,0,0,0,0,0,0,0,0,0,0
240024,2,1,0,0,0,0,0,0,0,0,0,0
240025,1,1,28,28,28,28,28,28,28,28,28,28
240026,0,1,0,0,0,0,0,0,0,0,0,0
240026,1,1,0,0,16,0,0,0,16,0,0,0
240027,0,1,0,0,0,0,0,0,0,0,0,0
240027,1,1,0,0,0,0,0,0,0,0,0,0
240028,1,1,16,16,16,16,16,16,16,16,16,16
240029,1,1,20,20,20,20,20,20,20,20,20,20
240030,1,1,12,12,12,12,12,12,12,12,12,12
240030,2,1,0,0,0,0,0,0,0,0,0,0
240031,1,1,0,0,0,0,0,0,0,0,0,0
240031,2,1,0,0,0,0,0,0,0,0,0,0
240031,3,1,0,0,0,0,0,0,0,0,0,0
240032,1,1,11,11,11,11,11,11,11,11,11,11
240033,1,1,0,0,0,0,0,0,0,0,0,0
240034,0,1,0,0,0,0,0,0,0,0,0,0
240034,1,1,0,0,0,0,0,0,0,0,0,0
240035,1,1,26,26,26,26,26,26,26,26,26,26
240036,0,1,0,0,0,0,0,0,0,0,0,0
240036,1,1,0,13,0,0,0,0,9,0,0,0
240037,0,1,0,0,0,0,0,0,0,0,0,0
240037,1,1,0,0,0,0,7,0,0,0,0,0
240038,0,1,9,9,9,9,9,9,9,9,9,9
240038,1,1,0,11,0,0,0,0,16,0,0,0
240039,1,1,22,22,22,22,22,22,22,22,22,22
240040,0,1,2,2,2,2,2,2,2,2,2,2
240040,1,1,0,0,11,0,0,0,0,9,0,0
240040,2,1,0,0,0,15,5,27,0,7,0,0
240040,3,1,0,0,0,0,0,0,0,0,0,0
240041,0,1,0,0,0,0,0,0,0,0,0,0
240041,1,1,0,0,0,0,0,0,0,0,0,0
240042,1,1,0,0,0,0,0,0,0,0,0,0
240043,0,1,0,0,0,0,0,0,0,0,0,0
240043,1,1,0,0,0,0,0,0,0,0,0,0
240044,0,1,0,0,0,0,0,0,0,0,0,0
240044,1,1,0,0,0,0,0,0,0,0,0,0
240045,1,1,24,6,23,5,18,11,5,6,29,11
240046,1,1,0,0,0,0,0,0,0,0,0,0
240046,2,1,0,0,0,0,0,0,0,0,0,0
240047,0,1,0,0,0,0,0,0,0,0,0,0
240047,1,1,0,0,5,0,0,0,0,22,0,0
240048,1,1,0,0,0,0,0,0,0,0,0,0
240048,2,1,0,0,0,0,0,0,0,0,0,0
240048,3,1,0,0,0,0,0,0,0,6,0,0
240048,4,1,0,0,0,0,0,0,0,0,0,0
240049,0,1,0,0,0,0,0,0,0,0,0,0
240049,1,1,0,0,0,0,0,0,0,0,0,5
240050,1,1,0,0,0,0,0,0,0,0,0,0
240051,1,1,12,12,12,12,12,12,12,12,12,12
240052,1,1,5,5,5,5,5,5,5,5,5,5
240052,2,1,0,0,0,0,0,0,0,0,0,0
240053,1,1,21,21,21,21,21,21,21,21,21,21
240054,0,1,0,0,0,0,0,0,0,0,0,0
240054,1,1,0,0,0,0,0,0,0,0,0,0
240055,1,1,0,0,0,0,0,0,0,0,0,0
240055,2,1,0,0,0,0,0,0,0,0,0,0
240056,1,1,0,0,0,0,0,0,0,0,0,0
240056,2,1,0,0,0,0,0,0,0,0,0,0
240056,3,1,0,22,0,0,0,0,0,0,0,0
240057,1,1,0,0,0,0,0,0,0,0,0,0
240057,2,1,0,0,0,0,0,0,0,0,0,0
240057,3,1,0,0,0,0,0,0,0,0,0,0
240058,1,1,0,0,0,0,0,0,0,0,0,0
240058,2,1,0,0,0,0,0,0,0,0,0,0
240059,0,1,0,0,0,0,0,0,0,0,0,0
240059,1,1,11,0,19,0,0,0,0,0,0,11
240060,1,1,0,0,0,0,0,0,0,0,0,0
240060,2,1,0,0,0,0,0,0,0,0,0,0
240060,3,1,0,0,0,0,0,0,0,0,0,0
240061,1,1,0,0,0,0,0,0,0,0,0,0
240062,1,1,31,31,31,31,31,31,31,31,31,31
240062,2,1,0,0,0,15,0,0,0,0,0,0
240063,1,1,0,0,0,0,0,0,0,0,0,0
240064,1,1,0,0,0,0,0,0,0,0,0,0
240065,1,1,0,0,0,0,0,0,0,0,0,0
240065,2,1,0,0,0,0,0,0,0,0,0,0
240066,1,1,13,13,13,13,13,13,13,13,13,13
240067,1,1,0,0,0,0,0,0,0,0,0,0
240067,2,1,0,0,0,0,0,0,0,0,0,0
240067,3,1,0,0,0,0,0,0,0,0,0,0
240067,4,1,0,0,0,0,0,0,0,0,0,0
240067,5,1,0,0,0,0,0,0,0,0,0,0
240067,6,1,0,0,0,0,0,0,0,0,0,0
240068,1,1,0,0,0,0,0,0,0,0,0,0
240068,2,1,0,0,0,0,0,0,0,0,0,0
240069,1,1,8,8,8,8,8,8,8,8,8,8
240069,2,1,0,0,0,0,0,0,0,0,0,0
240070,0,1,14,14,14,14,14,14,14,14,14,14
240070,1,1,8,0,0,0,0,0,0,0,9,0
240071,1,1,0,0,0,0,0,0,0,0,0,0
240072,0,1,25,15,0,13,0,11,21,17,15,10
240072,1,1,0,0,0,0,17,0,0,0,0,0
240072,2,1,0,0,22,0,0,0,0,0,0,0
240073,1,1,0,0,0,0,0,0,0,0,0,0
240073,2,1,0,0,0,0,0,0,0,0,0,0
240073,3,1,0,0,0,0,0,0,0,0,0,0
240074,0,1,0,0,0,0,0,0,0,0,0,0
240074,1,1,0,0,0,0,0,0,0,18,0,0
240075,0,1,0,0,0,0,0,0,0,0,0,0
240075,1,1,0,0,0,0,0,0,0,0,0,9
240076,1,1,0,0,0,0,0,0,0,0,28,0
240076,2,1,0,0,0,0,0,0,0,0,5,0
240077,0,1,29,29,29,29,29,29,29,29,29,29
240077,1,1,8,22,0,0,0,0,0,15,15,0
240078,0,1,0,0,0,0,0,0,0,0,0,0
240078,1,1,0,0,0,20,0,0,0,0,0,0
240079,1,1,0,0,0,0,0,0,0,0,0,0
240079,2,1,0,0,0,0,11,0,0,0,0,0
240080,1,1,18,18,18,18,18,18,18,18,18,18
240081,0,1,39,39,39,39,39,39,39,39,39,39
240081,1,1,0,0,0,0,0,0,0,0,0,0
240082,1,1,8,8,8,8,8,8,8,8,8,8
240082,2,1,11,11,11,11,11,11,11,11,11,11
240083,0,1,0,0,0,0,0,0,0,38,0,0
240083,1,1,0,0,0,0,0,0,0,0,0,0
240084,1,1,0,0,0,0,0,0,0,0,0,0
240085,1,1,0,0,0,22,0,0,0,0,0,0
240085,2,1,16,16,16,16,16,16,16,16,16,16
240086,1,1,19,19,19,19,19,19,19,19,19,19
240087,1,1,0,0,0,0,0,0,0,0,0,0
240087,2,1,0,0,0,0,0,0,0,10,0,0
240088,1,1,0,0,0,0,0,0,0,0,0,0
240089,0,1,17,17,17,17,17,17,17,17,17,17
240089,1,1,0,5,0,0,0,0,0,0,16,0
240090,1,1,0,0,0,0,0,0,0,0,0,0
240091,0,1,0,0,0,0,0,0,0,0,0,0
240091,1,1,9,9,9,9,9,9,9,9,9,9
240092,1,1,22,22,22,22,22,22,22,22,22,22
240092,2,1,0,0,0,0,0,0,0,0,0,0
240092,3,1,0,0,0,0,0,0,0,0,0,0
240093,1,1,0,0,0,0,0,0,0,0,0,0
240093,2,1,12,12,12,12,12,12,12,12,12,12
240094,1,1,0,0,0,0,0,0,0,0,0,0
240094,2,1,0,0,0,0,0,0,0,0,0,0
240095,1,1,0,0,0,0,0,0,0,0,0,0
240096,1,1,13,13,13,13,13,13,13,13,13,13
240097,1,1,19,19,19,19,19,19,19,19,19,19
240098,1,1,5,5,5,5,5,5,5,5,5,5
240099,1,1,0,0,0,0,0,0,0,0,0,0
240099,2,1,0,0,0,0,0,0,0,28,0,0
240100,1,1,0,0,0,0,0,0,0,0,0,0
240100,2,1,0,0,0,0,0,0,0,0,0,0
240101,0,1,0,0,22,28,0,0,0,24,13,18
240101,1,1,0,8,13,0,18,15,4,8,8,10
240102,1,1,0,0,0,0,0,0,0,0,0,0
240103,1,1,0,0,0,0,0,0,0,0,0,0
240103,2,1,0,0,0,0,0,0,0,0,0,0
240104,1,1,0,0,0,0,0,0,0,0,0,0
240104,2,1,0,0,0,0,0,0,0,0,0,0
240105,1,1,0,0,0,0,0,0,0,0,0,0
240105,2,1,0,0,0,0,0,0,13,0,0,0
240106,0,1,17,17,17,17,17,17,17,17,17,17
240106,1,1,0,0,0,0,20,0,0,0,8,0
240107,0,1,20,20,20,20,20,20,20,20,20,20
240107,1,1,0,0,0,0,0,0,0,0,0,0
240108,1,1,0,0,0,20,0,0,0,0,0,24
240109,1,1,0,0,0,0,0,0,0,0,14,0
240109,2,1,0,0,0,0,0,0,0,0,0,0
240110,1,1,25,0,8,0,0,0,0,25,0,15
240110,2,1,0,0,0,0,0,0,0,0,0,0
240111,1,1,1,1,1,1,1,1,1,1,1,1
240112,0,1,36,36,36,36,36,36,36,36,36,36
240112,1,1,0,0,0,0,0,0,0,0,0,0
240113,1,1,18,18,18,18,18,18,18,18,18,18
240114,1,1,0,0,0,0,0,0,0,0,0,0
240114,2,1,0,0,0,0,0,0,0,0,0,0
240115,1,1,28,28,28,28,28,28,28,28,28,28
240116,1,1,0,0,0,0,0,14,32,0,0,0
240116,2,1,1,1,1,1,1,1,1,1,1,1
240117,1,1,0,0,0,0,0,0,0,0,0,0
240117,2,1,0,0,0,0,0,0,0,0,0,0
240117,3,1,0,39,0,0,9,0,20,0,0,0
240118,1,1,0,0,0,0,0,0,0,0,0,0
240119,0,1,0,0,0,0,0,0,0,0,0,0
240119,0,2,0,0,0,0,0,0,0,0,0,0
240119,2,1,0,0,0,0,0,0,0,0,0,0
240120,1,1,24,24,24,24,24,24,24,24,24,24
240120,2,1,0,0,0,0,0,0,0,0,0,0
240121,1,1,0,0,0,0,0,0,0,0,0,0
240121,2,1,0,0,0,0,0,0,0,0,0,0
240122,1,1,0,0,12,0,0,0,0,0,0,0
240122,2,1,0,0,0,0,0,0,0,0,0,0
240123,1,1,8,8,8,8,8,8,8,8,8,8
240124,1,1,0,0,0,0,0,0,0,0,0,0
240124,2,1,0,0,0,9,0,0,0,0,0,0
240125,1,1,0,0,0,0,0,0,0,0,0,0
240125,2,1,17,17,17,17,17,17,17,17,17,17
240126,1,1,0,0,0,0,0,0,0,0,0,0
240127,0,1,0,18,21,30,29,0,13,30,0,12
240127,1,1,0,0,16,0,0,0,0,0,0,0
240128,0,1,0,0,0,0,0,0,0,0,0,0
240128,1,1,0,0,0,0,0,0,0,0,0,0
240129,1,1,0,0,0,14,0,0,0,0,0,0
240129,2,1,0,15,0,0,0,0,9,0,3,28
240130,1,1,0,0,28,10,0,31,12,14,14,11
240131,1,1,0,0,24,0,0,0,0,0,19,0
240131,2,1,0,0,0,0,0,0,0,0,0,0
240132,1,1,0,0,0,0,0,0,0,0,0,0
240133,1,1,0,15,14,0,0,19,0,32,6,0
240134,1,1,0,0,0,0,0,0,0,0,0,0
240135,1,1,0,0,0,0,0,0,0,0,0,0
240135,2,1,0,0,0,0,0,0,0,0,0,0
240136,0,1,1,1,1,1,1,1,1,1,1,1
240136,1,1,0,0,0,0,0,0,0,0,0,0
240137,1,1,3,3,3,3,3,3,3,3,3,3
240137,2,1,0,0,0,0,0,0,0,0,0,0
240138,1,1,28,28,28,28,28,28,28,28,28,28
240139,1,1,0,0,0,0,0,0,0,0,0,0
240140,1,1,0,0,0,0,0,0,0,0,0,0
240141,0,1,0,0,0,0,0,0,0,0,0,0
240141,1,1,0,0,15,0,0,6,0,8,19,0
240141,2,1,0,0,0,0,0,0,0,0,0,0
240142,0,1,11,11,11,11,11,11,11,11,11,11
240142,1,1,6,0,0,0,0,0,0,0,0,14
240143,1,1,16,16,16,16,16,16,16,16,16,16
240144,1,1,5,5,5,5,5,5,5,5,5,5
240145,1,1,0,0,20,0,13,0,3,25,0,36
240146,1,1,13,13,13,13,13,13,13,13,13,13
240147,1,1,11,11,11,11,11,11,11,11,11,11
240148,1,1,0,0,0,0,0,0,0,0,0,0
240148,2,1,0,0,0,0,0,0,0,0,0,0
240149,1,1,0,0,0,0,0,0,0,0,0,0
240149,2,1,0,0,0,0,0,0,0,0,0,0
240150,1,1,0,0,0,0,0,0,0,0,0,0
240150,2,1,0,0,0,0,0,0,0,0,10,0
240151,1,1,13,10,12,20,13,17,20,6,9,4
240152,1,1,0,0,0,0,0,0,0,0,0,0
240153,1,1,0,0,0,0,0,0,0,0,0,0
240153,2,1,0,0,0,0,0,0,0,0,0,0
240154,1,1,0,0,0,0,0,0,0,0,0,0
240155,1,1,2,2,2,2,2,2,2,2,2,2
240155,2,1,0,0,0,0,0,0,0,0,0,0
240156,1,1,0,4,0,0,0,0,7,18,18,22
240157,1,1,0,0,0,0,0,0,0,0,0,0
240157,2,1,0,0,0,0,0,0,0,0,0,0
240158,0,1,0,0,0,0,0,0,0,16,0,0
240158,1,1,0,0,0,0,10,0,18,0,0,0
240159,1,1,0,0,0,0,0,0,0,0,0,0
240159,2,1,0,0,0,0,0,0,0,0,0,0
240160,1,1,0,0,0,0,0,0,0,0,0,0
240160,2,1,3,3,3,3,3,3,3,3,3,3
240160,3,1,0,0,0,0,0,0,0,0,0,0
240161,0,1,36,0,0,0,15,0,0,0,23,0
240161,1,1,0,0,9,0,0,0,0,0,0,0
240162,0,1,25,0,15,13,0,0,0,9,0,24
240162,1,1,50,0,0,0,0,0,0,0,0,11
240163,1,1,0,0,0,0,0,0,0,0,0,0
240163,2,1,0,0,0,0,0,0,0,0,0,0
240164,1,1,0,0,0,0,0,0,0,0,0,0
240164,2,1,0,0,0,0,0,0,0,0,0,0
240165,1,1,12,0,0,17,0,0,20,0,0,0
240166,1,1,21,0,17,0,0,0,12,23,0,0
240167,1,1,0,0,0,0,0,0,0,0,0,0
240167,2,1,0,0,23,0,0,0,0,0,0,0
240168,0,1,0,19,0,23,0,22,0,8,26,0
240168,1,1,0,0,0,0,0,0,0,0,0,0
240169,1,1,12,12,12,12,12,12,12,12,12,12
240170,1,1,0,0,0,0,0,0,0,0,0,0
240171,1,1,13,13,13,13,13,13,13,13,13,13
240172,1,1,0,0,0,0,0,0,5,13,0,0
240173,1,1,0,0,0,0,6,0,0,7,0,0
240174,1,1,14,14,14,14,14,14,14,14,14,14
240175,1,1,34,34,34,34,34,34,34,34,34,34
240176,1,1,11,0,0,0,5,16,0,10,16,0
240176,2,1,0,0,0,0,0,0,0,0,0,0
240177,1,1,14,14,14,14,14,14,14,14,14,14
240178,1,1,0,0,0,0,0,0,0,0,0,0
240178,2,1,0,0,0,0,0,0,0,0,0,0
240179,1,1,17,17,17,17,17,17,17,17,17,17
240179,2,1,0,0,0,0,0,0,0,0,0,0
240180,1,1,0,0,0,0,0,0,0,0,0,0
240180,2,1,0,0,0,0,0,0,0,0,0,0
240181,1,1,13,13,13,13,13,13,13,13,13,13
240182,0,1,12,12,12,12,12,12,12,12,12,12
240182,1,1,16,16,16,16,16,16,16,16,16,16
240183,1,1,12,12,12,12,12,12,12,12,12,12
240184,1,1,20,20,20,20,20,20,20,20,20,20
240185,0,1,0,0,0,0,0,0,0,0,0,0
240185,1,1,0,0,0,0,0,0,0,0,0,0
240186,0,1,27,27,27,27,27,27,27,27,27,27
240186,1,1,0,0,0,0,0,0,0,0,0,0
240187,1,1,0,0,0,0,0,0,0,0,0,0
240187,2,1,0,0,0,0,0,0,0,0,0,0
240188,1,1,23,23,23,23,23,23,23,23,23,23
240189,1,1,28,28,28,28,28,28,28,28,28,28
240189,2,1,0,0,0,0,0,0,0,0,0,0
240190,1,1,0,0,0,0,0,0,0,0,0,0
240190,2,1,0,0,0,0,0,0,15,0,23,0
240190,3,1,0,0,0,0,0,0,0,0,0,0
240190,4,1,0,0,0,0,0,0,0,0,0,0
240191,0,1,0,0,13,0,0,0,0,0,0,0
240191,1,1,3,0,0,0,0,0,0,0,0,0
240192,1,1,8,8,8,8,8,8,8,8,8,8
240192,2,1,0,0,0,0,0,0,0,0,0,0
240192,3,1,0,0,0,0,0,0,0,0,0,0
240193,1,1,0,0,0,0,0,0,0,0,0,0
240193,2,1,0,0,0,0,0,0,0,0,0,0
240194,1,1,0,0,0,0,0,0,0,0,0,0
240194,2,1,0,6,0,0,0,0,0,0,0,23
240194,3,1,0,0,0,0,0,0,0,2,0,0
240194,4,1,0,0,0,0,0,0,0,0,0,0
240194,5,1,0,0,0,0,0,0,0,0,0,0
240195,1,1,18,18,18,18,18,18,18,18,18,18
240196,1,1,0,0,0,0,0,0,0,0,0,0
240196,2,1,0,0,0,0,0,0,0,0,0,0
240196,3,1,0,0,0,0,0,0,0,0,0,0
240197,0,1,14,13,7,16,19,13,24,13,21,20
240197,1,1,0,0,0,0,7,0,0,0,0,0
240198,0,1,0,0,0,0,0,0,0,0,0,0
240198,1,1,0,0,0,0,0,0,0,0,0,0
240199,0,1,0,0,0,0,0,0,0,0,0,0
240199,0,2,0,22,38,21,0,0,0,0,0,0
240199,1,1,0,2,0,0,0,8,0,0,0,0
240200,0,1,0,0,0,0,0,0,0,0,0,0
240200,1,1,0,0,15,0,0,0,0,0,0,0
240201,1,1,24,24,24,24,24,24,24,24,24,24
240202,1,1,0,0,0,0,0,0,0,0,0,0
240202,2,1,0,0,0,0,0,0,0,0,0,0
240203,1,1,0,0,0,0,0,0,0,0,0,0
240203,2,1,0,0,0,0,0,0,0,0,0,0
240204,1,1,0,0,0,0,0,0,0,0,0,0
240204,2,1,0,0,0,0,0,0,0,0,0,0
240205,0,1,22,11,32,19,43,11,0,15,8,33
240205,1,1,0,0,0,0,0,0,10,0,0,0
240206,1,1,0,0,0,0,0,0,0,0,0,0
240206,2,1,0,0,0,0,0,3,0,0,0,0
240207,1,1,0,0,0,0,0,0,0,0,0,0
240207,2,1,0,0,0,0,0,0,0,0,0,0
240207,3,1,0,0,0,0,0,0,0,0,0,0
240208,1,1,6,6,6,6,6,6,6,6,6,6
240208,2,1,0,0,0,0,0,0,0,0,0,0
240208,3,1,0,0,0,0,0,0,0,0,0,0
240209,0,1,12,12,12,12,12,12,12,12,12,12
240209,1,1,0,8,0,0,18,0,0,0,0,0
240210,1,1,21,21,21,21,21,21,21,21,21,21
240211,1,1,0,0,0,0,0,0,0,0,0,0
240211,2,1,0,0,0,0,0,0,0,0,0,5
240212,1,1,25,25,25,25,25,25,25,25,25,25
240212,2,1,0,0,0,0,0,0,0,0,0,0
240213,0,1,8,8,8,8,8,8,8,8,8,8
240213,1,1,0,0,0,0,0,0,0,3,0,6
240214,1,1,26,26,26,26,26,26,26,26,26,26
240215,0,1,1,1,1,1,1,1,1,1,1,1
240215,1,1,0,0,0,0,0,0,0,0,0,0
240216,1,1,11,11,11,11,11,11,11,11,11,11
240217,0,1,0,0,0,0,0,0,0,0,0,0
240217,1,1,0,0,0,23,0,0,0,0,0,0
240218,1,1,0,0,0,0,0,0,0,0,0,0
240219,1,1,0,0,0,0,0,0,0,0,0,0
240220,1,1,0,0,0,0,0,0,8,0,0,0
240220,2,1,0,0,0,0,0,0,0,0,0,0
240220,3,1,0,0,0,0,0,0,0,0,0,0
240221,1,1,21,21,21,21,21,21,21,21,21,21
240222,1,1,0,0,0,0,0,0,0,0,0,0
240222,2,1,0,0,0,0,0,0,0,0,0,0
240223,1,1,0,0,0,0,29,6,15,12,15,0
240224,1,1,25,25,25,25,25,25,25,25,25,25
240225,1,1,0,0,0,0,0,0,0,0,0,0
240225,2,1,0,0,0,0,0,0,0,0,0,0
240225,3,1,0,0,0,0,0,0,0,0,0,0
240225,4,1,0,0,0,0,0,0,0,0,0,0
240226,1,1,0,0,0,0,0,0,0,0,0,0
240226,2,1,11,0,0,0,14,0,20,0,0,10
240227,1,1,3,3,3,3,3,3,3,3,3,3
240228,1,1,17,17,17,17,17,17,17,17,17,17
240228,2,1,0,0,0,0,0,0,0,0,0,0
240229,1,1,0,0,0,0,0,0,0,0,0,0
240229,2,1,0,0,0,0,0,0,0,0,0,0
240230,1,1,23,23,23,23,23,23,23,23,23,23
240231,1,1,0,0,0,0,0,0,0,13,0,0
240232,1,1,0,20,0,0,0,0,0,0,0,0
240232,2,1,0,0,0,0,0,0,0,0,0,0
240233,1,1,0,0,0,0,0,22,0,8,0,14
240234,1,1,0,0,0,0,0,0,0,0,0,0
240234,2,1,0,0,0,0,0,0,0,0,0,0
240235,1,1,0,0,0,0,0,0,0,0,0,0
240236,1,1,0,0,12,0,0,0,0,0,0,16
240236,2,1,0,0,0,0,0,0,0,0,0,0
240237,1,1,0,27,0,0,0,0,0,0,0,0
240237,2,1,30,30,30,30,30,30,30,30,30,30
240238,1,1,0,0,0,0,0,0,0,0,0,0
240238,2,1,0,0,0,0,0,0,0,0,0,0
240239,1,1,24,24,24,24,24,24,24,24,24,24
240240,1,1,14,14,14,14,14,14,14,14,14,14
240241,1,1,10,14,16,7,25,17,21,9,18,0
240242,1,1,0,0,0,0,0,0,0,0,0,0
240242,2,1,0,0,0,0,0,0,0,0,0,0
240242,3,1,0,0,0,0,0,0,0,0,0,0
240243,1,1,20,20,20,20,20,20,20,20,20,20
240244,1,1,0,0,0,0,0,19,14,0,0,11
240244,2,1,0,0,0,0,0,0,0,0,0,0
240245,1,1,0,0,0,0,0,0,0,0,0,0
240246,1,1,11,11,11,11,11,11,11,11,11,11
240247,0,1,0,0,0,0,0,0,0,0,0,0
240247,1,1,0,0,0,0,0,0,0,0,0,0
240248,1,1,0,0,0,0,0,0,0,0,0,0
240249,1,1,0,0,0,0,0,0,0,0,0,0
240250,1,1,0,0,0,0,0,0,0,0,0,0
240250,2,1,0,0,0,0,0,0,0,0,0,0
240251,1,1,34,34,34,34,34,34,34,34,34,34
240251,2,1,0,0,0,0,0,0,0,0,0,0
240252,0,1,0,0,0,0,0,0,0,0,0,0
240252,1,1,0,0,0,0,0,0,0,0,0,0
240253,1,1,22,22,22,22,22,22,22,22,22,22
240254,0,1,0,0,0,0,0,0,0,0,0,0
240254,1,1,0,0,0,0,0,0,0,0,0,0
240255,1,1,0,0,0,0,0,0,0,0,0,0
240255,2,1,0,0,0,0,0,0,0,0,0,0
240255,3,1,0,0,0,0,0,0,0,0,0,0
240255,4,1,0,0,0,0,0,0,10,0,0,0
240256,0,1,0,0,9,0,0,0,0,0,0,12
240256,1,1,0,16,0,0,0,0,0,0,0,0
240257,1,1,1,1,1,1,1,1,1,1,1,1
240258,1,1,19,10,0,0,0,12,0,0,9,0
240259,0,1,12,12,12,12,12,12,12,12,12,12
240259,1,1,0,0,0,0,0,0,0,0,0,0
240260,1,1,0,0,0,0,0,0,0,0,0,0
240260,2,1,0,0,0,0,0,0,0,0,0,0
240261,0,1,0,0,0,0,0,0,0,0,0,0
240261,1,1,0,0,0,0,0,0,0,0,0,0
240262,1,1,16,16,16,16,16,16,16,16,16,16
240262,2,1,0,0,0,0,0,0,0,0,0,0
240263,1,1,24,24,24,24,24,24,24,24,24,24
240263,2,1,0,0,0,0,9,0,22,9,0,9
240264,0,1,23,23,23,23,23,23,23,23,23,23
240264,1,1,0,0,0,0,0,0,0,0,0,0
240265,1,1,0,0,0,0,0,0,0,0,0,0
240265,2,1,0,0,0,0,0,0,0,0,0,0
240265,3,1,0,0,0,0,0,0,0,0,0,0
240266,1,1,0,0,0,0,0,0,0,0,0,0
240266,2,1,0,0,0,0,0,0,0,0,0,26
240267,1,1,8,15,13,0,11,13,4,0,17,10
240267,2,1,0,0,0,0,0,0,0,0,0,0
240268,0,1,0,0,0,0,0,0,0,0,0,0
240268,1,1,0,0,0,0,0,0,0,0,0,0
240269,1,1,10,10,10,10,10,10,10,10,10,10
240270,1,1,0,20,0,0,0,0,11,6,14,0
240270,2,1,0,0,0,0,0,0,0,0,0,0
240271,0,1,22,22,22,22,22,22,22,22,22,22
240271,1,1,7,0,20,14,2,0,15,0,17,13
240272,1,1,0,0,0,0,0,0,0,0,0,0
240274,0,1,21,21,21,21,21,21,21,21,21,21
240274,1,1,0,0,0,15,0,0,0,0,0,0
240275,1,1,0,0,0,0,0,0,0,0,0,0
240275,2,1,0,0,0,0,0,0,0,0,0,0
240276,1,1,15,15,15,15,15,15,15,15,15,15
240277,0,1,0,0,0,0,0,0,0,0,0,0
240277,1,1,0,0,0,0,0,16,0,0,0,0
240278,1,1,37,37,37,37,37,37,37,37,37,37
240279,1,1,0,0,0,0,0,0,0,0,0,0
240279,2,1,16,14,8,0,18,0,16,0,7,0
240280,1,1,0,0,0,0,0,0,0,0,0,0
240280,2,1,0,0,0,0,0,8,0,0,0,0
240280,3,1,0,0,0,0,0,0,0,0,0,0
240281,1,1,0,0,0,0,0,0,0,0,0,0
240282,1,1,0,0,0,0,0,0,0,0,0,0
240282,2,1,0,0,0,0,0,0,0,0,0,0
240283,1,1,14,14,14,14,14,14,14,14,14,14
240284,1,1,0,0,0,0,0,0,0,0,0,0
240284,2,1,0,0,0,0,0,0,0,0,0,0
240285,0,1,0,0,0,0,0,0,0,0,0,0
240285,1,1,0,0,0,0,13,0,0,0,0,0
240286,1,1,0,0,0,0,0,0,0,0,0,0
240286,2,1,0,0,0,0,0,0,0,0,0,0
240287,1,1,0,0,0,0,0,0,0,0,0,0
240288,1,1,0,0,0,24,0,0,0,0,0,0
240288,2,1,0,0,0,0,0,0,0,0,0,0
240289,0,1,0,0,0,0,0,0,0,0,0,0
240289,1,1,0,0,0,0,0,0,0,0,0,0
240290,0,1,0,0,0,0,30,0,0,0,0,0
240290,1,1,0,0,0,0,0,0,0,0,0,0
240291,1,1,0,0,0,0,0,0,0,0,0,0
240291,2,1,0,0,0,0,0,0,0,0,0,0
240292,0,1,0,0,0,0,0,0,0,0,0,0
240292,0,2,0,0,0,0,0,0,0,0,0,0
240292,1,1,0,0,0,0,0,0,0,0,0,0
240294,1,1,0,0,0,0,20,0,0,0,18,0
240294,2,1,0,0,0,0,0,0,0,0,0,0
240294,3,1,0,0,0,0,0,0,0,0,0,0
240295,1,1,0,0,0,0,0,0,0,2,0,0
240296,1,1,0,12,0,0,0,0,0,0,0,0
240297,1,1,1,1,1,1,1,1,1,1,1,1
240297,2,1,0,0,0,0,0,0,0,0,0,0
240298,1,1,14,14,14,14,14,14,14,14,14,14
240298,2,1,0,0,0,0,0,0,0,0,0,0
240299,1,1,16,18,0,9,10,0,0,0,0,0
240299,2,1,0,11,17,28,18,0,0,0,0,0
240300,0,1,0,0,0,0,0,0,0,0,0,0
240300,1,1,0,0,0,4,13,0,0,0,0,18
240301,1,1,14,0,0,0,0,10,0,0,0,0
240302,0,1,15,15,15,15,15,15,15,15,15,15
240302,1,1,2,2,2,2,2,2,2,2,2,2