ST_CASE,VEH_NO,PER_NO,P1,P2,P3,P4,P5,P6,P7,P8,P9,P10
250194,1,1,0,0,0,0,0,0,0,0,0,0
250195,1,1,14,12,9,17,30,12,5,23,13,8
250196,0,1,0,0,0,0,0,0,0,0,0,0
250196,1,1,0,0,0,12,0,0,21,0,0,0
250197,0,1,0,0,0,0,0,0,0,0,0,0
250197,1,1,20,17,7,0,17,2,14,13,18,11
250199,1,1,17,17,17,17,17,17,17,17,17,17
250200,1,1,16,19,8,16,2,12,11,13,9,18
250200,2,1,19,28,9,3,16,18,0,2,18,0
250200,3,1,7,17,0,13,0,0,0,15,0,13
250200,4,1,11,24,0,18,0,0,0,11,0,9
250200,5,1,14,3,19,17,0,10,26,23,0,17
250200,6,1,0,12,8,0,6,14,0,0,0,0
250200,7,1,0,13,9,4,0,0,18,8,13,9
250201,1,1,0,0,0,0,0,9,2,0,11,0
250201,2,1,24,24,24,24,24,24,24,24,24,24
250202,0,1,0,0,0,0,0,0,0,0,0,0
250202,1,1,0,0,14,0,0,0,0,0,0,0
250203,1,1,0,22,24,14,14,0,25,0,0,11
250204,1,1,0,0,0,0,0,0,0,0,0,0
250205,0,1,20,20,20,20,20,20,20,20,20,20
250205,1,1,0,0,0,16,0,0,0,0,18,0
250206,1,1,0,0,0,0,0,0,0,0,0,0
250207,1,1,0,0,0,0,0,0,30,0,24,0
250208,1,1,0,0,0,0,22,0,24,14,0,9
250209,0,1,0,0,0,0,0,0,0,0,0,0
250209,1,1,0,0,0,14,11,13,0,0,0,0
250209,2,1,4,11,0,0,0,8,24,0,5,0
250210,0,1,0,0,0,0,0,0,0,0,0,0
250210,1,1,0,0,0,0,0,0,0,6,0,0
250211,1,1,0,0,0,0,0,0,0,0,0,0
250212,1,1,13,13,13,13,13,13,13,13,13,13
250212,2,1,0,0,17,5,21,0,0,0,0,13
250212,3,1,0,18,15,4,0,17,0,11,0,16
250213,1,1,12,9,0,0,17,0,0,27,0,0
250213,2,1,14,20,0,0,0,13,34,0,0,0
250214,0,1,10,8,22,9,25,7,30,22,27,32
250214,1,1,0,0,0,0,0,0,0,0,0,0
250215,1,1,41,6,18,0,0,0,28,15,0,7
250216,1,1,0,0,0,0,0,0,0,0,0,0
250216,2,1,0,0,0,0,0,0,0,0,0,0
250216,3,1,0,0,0,0,0,0,0,0,0,0
250217,0,1,0,0,0,0,0,0,0,0,0,0
250217,1,1,0,0,10,0,0,15,11,0,0,16
250218,1,1,24,24,24,24,24,24,24,24,24,24
250219,1,1,21,21,21,21,21,21,21,21,21,21
250219,2,1,23,0,26,0,0,0,12,0,1,0
250220,1,1,18,18,18,18,18,18,18,18,18,18
250221,1,1,0,0,0,0,0,0,0,0,0,0
250221,2,1,0,0,0,0,0,0,0,0,0,0
250222,0,1,0,0,0,0,21,0,0,0,0,18
250222,1,1,0,0,16,0,0,0,0,0,0,0
250223,1,1,13,0,13,0,0,0,0,3,0,0
250224,1,1,16,16,16,16,16,16,16,16,16,16
250225,1,1,13,13,13,13,13,13,13,13,13,13
250225,2,1,6,0,9,0,0,0,0,0,0,0
250226,1,1,0,0,0,0,0,0,0,0,0,0
250226,2,1,14,8,0,0,0,0,14,0,0,10
250227,0,1,0,0,0,0,0,0,0,0,0,0
250227,1,1,0,0,0,0,0,0,0,0,0,0
250228,0,1,0,0,0,0,0,0,0,0,0,0
250228,1,1,30,18,3,7,32,10,34,18,17,26
250229,1,1,0,19,0,0,0,0,0,15,12,8
250229,2,1,7,7,7,7,7,7,7,7,7,7
250230,1,1,0,0,0,0,0,0,13,0,0,0
250230,2,1,0,0,0,0,0,20,20,0,0,22
250231,1,1,1,1,1,1,1,1,1,1,1,1
250232,1,1,0,0,0,0,0,0,0,0,0,0
250233,1,1,0,0,0,0,0,0,0,0,0,0
250234,1,1,0,0,0,0,0,0,0,0,0,0
250235,1,1,0,0,0,0,0,0,0,0,0,0
250235,2,1,7,0,0,0,0,0,0,13,23,0
250236,0,1,0,0,0,0,0,20,0,0,0,0
250236,1,1,0,0,0,0,0,0,0,0,0,0
250237,1,1,10,10,10,10,10,10,10,10,10,10
250238,1,1,14,8,13,12,0,10,0,18,0,3
250239,1,1,29,29,29,29,29,29,29,29,29,29
250239,2,1,14,0,0,6,19,10,0,0,31,0
250239,3,1,11,14,0,0,13,0,21,0,9,22
250240,0,1,0,0,0,0,0,0,0,0,0,0
250240,1,1,0,19,3,0,3,0,0,0,0,10
250241,1,1,0,0,0,0,0,0,0,0,0,0
250241,2,1,0,0,0,0,0,0,0,14,19,0
250241,3,1,0,0,0,0,0,12,0,0,0,0
250242,1,1,0,0,0,0,0,0,0,0,0,0
250242,2,1,0,0,0,0,0,0,0,0,0,0
250243,1,1,30,30,30,30,30,30,30,30,30,30
250244,1,1,0,0,0,0,0,0,0,0,0,0
250244,2,1,0,0,0,0,0,6,0,0,0,0
250245,1,1,28,28,28,28,28,28,28,28,28,28
250246,1,1,0,13,52,25,7,24,18,14,8,28
250247,0,1,0,36,26,21,18,21,0,28,3,0
250247,1,1,0,0,17,0,0,0,3,15,0,0
250248,0,1,16,21,7,21,30,22,20,15,31,16
250248,0,2,26,27,22,32,30,39,0,13,16,19
250248,1,1,0,13,0,11,10,15,0,6,12,11
250249,1,1,0,13,7,0,14,0,15,0,22,13
250250,1,1,0,0,0,0,0,0,0,0,0,0
250251,0,1,0,0,0,0,0,0,0,0,0,0
250251,1,1,4,6,0,26,13,26,0,6,11,16
250251,2,1,0,0,0,0,0,0,0,0,14,0
250251,3,1,0,0,0,0,0,13,0,0,0,0
250252,1,1,1,1,1,1,1,1,1,1,1,1
250252,2,1,0,0,0,0,3,0,0,0,0,0
250252,3,1,0,0,0,0,0,0,0,0,0,0
250253,0,1,0,0,0,0,0,0,0,0,0,0
250253,2,1,0,0,0,0,0,0,16,0,0,0
250254,1,1,0,0,28,21,0,0,15,33,21,0
250255,1,1,0,0,0,0,0,0,0,0,0,0
250255,2,1,0,0,0,0,0,0,0,0,0,0
250256,1,1,5,0,0,0,13,34,0,0,0,0
250256,2,1,8,23,0,22,0,11,0,0,0,0
250257,1,1,0,0,19,15,0,0,0,17,0,15
250258,1,1,0,0,0,0,0,0,0,0,0,0
250259,0,1,31,15,15,23,13,18,20,27,10,30
250259,1,1,0,30,25,0,0,0,0,0,0,0
250260,0,1,0,0,0,0,0,0,0,0,0,0
250260,1,1,0,0,0,0,0,0,0,0,0,0
250261,0,1,0,0,0,0,0,0,0,0,0,0
250261,1,1,0,0,0,9,0,0,0,0,10,0
250262,1,1,0,0,33,24,0,0,15,24,27,0
250263,0,1,0,0,0,0,0,0,0,0,0,0
250263,1,1,9,13,25,8,0,0,33,24,38,22
250264,1,1,0,0,0,0,0,0,0,0,0,0
250265,0,1,25,25,25,25,25,25,25,25,25,25
250265,1,1,0,0,20,0,0,0,0,0,0,0
250266,0,1,42,0,0,14,26,20,0,0,0,0
250266,1,1,0,0,0,8,0,0,0,0,0,0
250267,1,1,0,0,0,0,0,0,0,0,0,0
250268,0,1,0,0,0,0,0,0,0,0,0,0
250268,1,1,19,0,0,0,0,0,5,0,0,9
250269,0,1,21,18,31,33,22,18,18,30,39,13
250269,1,1,0,21,0,0,5,0,0,0,3,0
250270,0,1,0,0,0,0,0,0,0,0,0,0
250270,1,1,0,0,0,0,0,0,18,0,0,0
250271,1,1,13,8,0,0,17,4,18,22,7,0
250271,2,1,0,0,0,0,0,0,0,0,0,0
250271,3,1,0,0,0,0,0,22,0,0,25,0
250272,1,1,0,0,0,0,0,0,0,0,0,0
250272,2,1,0,0,0,0,0,0,0,0,0,0
250273,1,1,0,0,0,0,0,0,0,0,0,0
250274,1,1,0,0,0,0,28,0,0,0,4,12
250274,2,1,0,0,0,0,0,20,0,0,0,0
250275,1,1,0,0,0,0,0,0,0,0,0,0
250275,2,1,12,27,17,7,11,27,20,17,33,7
250276,1,1,16,24,8,9,24,16,13,10,9,7
250277,0,1,0,0,0,0,0,0,0,0,0,0
250277,1,1,0,26,0,0,0,15,11,0,0,18
250278,1,1,17,0,6,0,0,14,15,0,0,0
250279,1,1,4,0,0,0,17,48,10,0,0,3
250280,0,1,0,0,0,0,0,0,0,0,0,0
250280,1,1,0,0,18,14,6,0,0,0,0,0
250281,1,1,18,18,18,18,18,18,18,18,18,18
250282,0,1,17,17,17,17,17,17,17,17,17,17
250282,1,1,0,0,0,0,0,0,0,0,0,0
250283,1,1,8,8,8,8,8,8,8,8,8,8
250284,1,1,0,0,0,0,0,0,0,0,0,0
250284,2,1,0,15,0,0,0,0,0,0,0,0
250284,3,1,0,0,0,0,0,0,0,0,0,0
250285,0,1,0,0,0,0,0,0,28,0,17,0
250285,1,1,15,0,0,15,13,0,14,0,0,0
250286,1,1,0,18,0,11,10,14,17,8,0,15
250287,0,1,0,0,0,0,0,0,0,0,0,0
250287,0,2,0,0,0,0,0,0,0,0,0,0
250287,1,1,0,13,0,0,14,0,0,10,0,0
250288,0,1,0,20,20,0,25,0,0,29,0,0
250288,0,2,0,0,0,0,0,0,0,0,0,0
250288,0,3,0,0,0,0,0,0,0,0,0,0
250288,1,1,6,12,6,0,0,4,27,24,22,29
250289,0,1,0,0,0,0,0,0,0,0,0,0
250289,1,1,0,0,0,0,0,0,0,0,0,0
250290,1,1,1,1,1,1,1,1,1,1,1,1
250290,2,1,0,0,0,0,0,0,0,0,14,8
250290,3,1,0,13,0,0,11,0,0,23,0,0
250291,1,1,0,0,0,0,13,0,0,0,2,0
250293,1,1,23,23,23,23,23,23,23,23,23,23
250294,1,1,16,16,16,16,16,16,16,16,16,16
250295,0,1,0,0,0,0,0,0,0,0,0,0
250295,1,1,0,0,0,0,0,9,0,0,0,0
250296,0,1,0,0,0,0,0,0,0,0,0,0
250296,1,1,0,0,0,0,0,19,7,0,0,0
250297,0,1,0,0,0,0,0,0,0,0,0,0
250297,1,1,0,0,0,0,9,0,0,17,0,0
250298,0,1,0,0,0,0,0,0,0,0,0,0
250298,1,1,0,0,13,0,9,0,0,0,16,0
250299,0,1,0,0,0,0,0,0,0,0,0,0
250299,1,1,0,0,0,0,0,0,0,0,24,0
250300,0,1,19,19,19,19,19,19,19,19,19,19
250300,1,1,0,17,0,0,0,0,0,0,0,0
250301,1,1,22,22,22,22,22,22,22,22,22,22
250302,0,1,0,0,0,0,0,0,0,0,0,0
250302,1,1,0,0,0,0,0,0,0,0,0,0
250303,1,1,14,14,14,14,14,14,14,14,14,14
250304,1,1,0,0,0,0,0,0,0,0,0,0
250304,2,1,0,0,0,0,0,0,0,0,0,0
250304,3,1,0,16,0,0,0,0,0,0,0,9
250304,4,1,0,0,0,0,0,0,0,0,0,0
250305,1,1,0,0,0,0,0,0,0,0,0,0
250305,2,1,0,0,0,0,32,0,0,0,0,0
250306,0,1,0,0,0,0,0,0,0,0,0,0
250306,1,1,0,0,0,16,0,0,0,0,0,0
250307,1,1,15,15,15,15,15,15,15,15,15,15
250307,2,1,0,0,22,10,20,0,0,12,0,0
250307,3,1,8,26,10,0,0,0,0,0,0,0
250308,1,1,0,0,0,0,0,0,0,0,0,0
250309,1,1,0,0,0,0,0,0,0,0,0,0
250310,1,1,0,0,0,0,0,0,0,0,0,0
250312,1,1,26,10,20,23,6,0,21,16,0,18
250313,1,1,0,0,0,0,0,0,0,0,0,0
250313,2,1,0,0,0,0,0,0,0,0,0,0
250314,0,1,0,0,0,0,0,0,0,0,0,0
250314,1,1,0,0,0,0,0,0,0,7,0,0
250314,3,1,0,10,12,0,0,12,11,4,0,22
250315,1,1,0,0,0,0,0,0,0,0,0,0
250316,0,1,0,0,0,0,0,0,0,0,0,0
250316,1,1,0,0,0,0,0,0,0,0,0,0
250317,1,2,14,14,14,14,14,14,14,14,14,14
250318,1,1,14,14,14,14,14,14,14,14,14,14
250319,0,1,0,0,0,0,0,0,0,0,0,0
250319,1,1,24,11,0,0,0,0,0,10,21,0
250320,0,1,0,0,0,0,0,0,0,0,0,0
250320,1,1,0,0,0,0,0,0,0,0,0,0
250321,1,1,16,16,16,16,16,16,16,16,16,16
250321,2,1,0,0,0,0,0,0,0,3,0,0
250322,1,1,0,0,0,0,0,0,0,0,0,0
250322,2,1,0,0,0,0,0,0,0,0,0,0
250323,1,1,27,16,0,0,16,0,9,0,0,0
250324,1,1,17,17,17,17,17,17,17,17,17,17
250325,0,1,0,0,0,0,0,23,0,0,26,0
250325,1,1,0,0,0,0,0,0,0,0,0,0
250326,1,1,0,0,0,0,0,0,0,0,0,0
250328,1,1,10,0,20,14,0,0,0,9,0,0
250328,2,1,0,28,0,0,0,0,0,0,0,0
250329,1,1,22,22,22,22,22,22,22,22,22,22
250330,1,1,0,0,0,0,0,0,0,0,0,0
250330,2,1,0,0,0,0,0,0,0,0,0,0
250331,1,1,23,23,23,23,23,23,23,23,23,23
250332,0,1,15,0,0,0,0,0,0,0,0,0
250332,1,1,0,0,0,0,0,0,0,0,0,0
250333,1,1,0,6,9,0,0,0,0,0,0,0
250333,2,1,0,0,0,0,0,0,0,27,5,19
250334,1,1,1,1,1,1,1,1,1,1,1,1
250335,1,1,26,26,26,26,26,26,26,26,26,26
250336,1,1,10,8,26,10,27,11,24,28,10,16
250337,1,1,0,0,0,0,0,0,0,0,0,0
250337,2,1,0,0,30,0,0,0,0,0,12,0
250338,1,1,23,13,15,23,9,17,0,23,5,5
250339,1,1,16,0,0,0,0,0,13,0,0,0
250340,1,1,6,28,0,0,13,0,16,36,19,0
250341,1,1,0,0,0,0,0,24,13,0,0,0
250341,2,1,0,0,0,10,0,0,0,0,21,0
250342,0,1,0,17,0,0,0,0,0,0,0,0
250342,1,1,0,0,0,9,0,0,0,0,0,0
250343,1,1,0,0,0,0,0,0,0,0,0,0
250343,2,1,0,0,17,0,0,0,0,0,0,0
250343,3,1,0,0,0,0,0,0,0,8,0,0
250344,1,1,0,0,0,0,0,0,0,0,0,0
250345,1,1,0,30,12,0,0,0,0,0,0,33
260001,1,1,0,0,0,0,0,0,0,0,0,0
260001,2,1,0,0,0,0,0,0,0,0,0,0
260002,1,1,0,0,0,0,0,0,0,0,0,0
260002,2,1,0,0,0,0,0,0,0,0,0,0
260003,0,1,25,25,25,25,25,25,25,25,25,25
260003,1,1,0,0,0,0,0,0,0,0,0,0
260004,1,1,7,7,7,7,7,7,7,7,7,7
260004,2,1,5,0,0,0,0,0,0,0,0,0
260005,1,1,0,15,0,0,0,0,0,0,0,0
260005,2,1,0,0,0,0,0,0,0,0,0,0
260006,1,1,0,0,0,0,0,0,0,0,0,0
260006,2,1,0,0,0,0,0,0,0,0,0,0
260007,0,1,0,0,0,0,0,0,0,0,0,0
260007,1,1,0,15,0,0,0,0,0,0,0,0
260008,1,1,0,0,0,0,0,0,0,0,0,0
260009,0,1,0,0,0,12,0,0,0,0,25,0
260009,1,1,7,7,7,7,7,7,7,7,7,7
260010,1,1,9,9,9,9,9,9,9,9,9,9
260011,1,1,0,0,0,0,0,0,0,0,0,0
260012,0,1,0,0,0,0,0,0,0,0,0,0
260012,1,1,0,0,4,0,0,0,0,0,0,0
260013,1,1,0,0,0,0,0,0,0,0,0,0
260014,0,1,0,0,0,14,0,0,0,28,0,0
260014,1,1,0,0,0,0,0,0,0,0,0,0
260015,1,1,0,0,0,0,0,0,0,0,0,0
260015,2,1,0,0,0,0,22,0,0,0,0,0
260016,0,1,0,0,0,0,0,0,0,0,0,0
260016,1,1,0,0,0,14,23,0,0,13,0,0
260017,1,1,0,0,0,0,0,0,0,0,0,0
260017,2,1,0,0,0,0,0,0,0,0,0,0
260018,1,1,0,0,0,0,0,0,0,0,0,0
260019,1,1,0,0,0,0,0,0,0,0,0,0
260019,2,1,0,0,0,0,0,0,0,0,0,0
260020,1,1,23,23,23,23,23,23,23,23,23,23
260021,1,1,0,0,0,0,0,0,0,0,0,0
260021,2,1,0,0,0,0,0,0,0,0,0,0
260022,1,1,0,0,0,0,0,0,0,0,0,0
260022,2,1,0,0,0,0,0,0,0,0,0,0
260023,0,1,24,5,31,29,13,16,21,36,27,15
260023,1,1,4,4,4,4,4,4,4,4,4,4
260024,1,1,2,2,2,2,2,2,2,2,2,2
260024,2,1,0,0,0,0,0,0,18,0,0,0
260025,1,1,0,0,0,0,0,0,0,0,0,0
260025,2,1,0,0,0,0,0,0,0,0,0,0
260026,1,1,0,0,0,0,0,0,0,0,0,0
260026,2,1,0,0,0,0,0,5,0,0,0,0
260027,1,1,0,0,0,0,0,0,0,0,0,0
260027,2,1,0,0,0,0,0,0,0,0,0,0
260028,1,1,0,0,0,0,0,0,0,0,0,0
260028,2,1,1,1,1,1,1,1,1,1,1,1
260029,1,1,0,0,0,0,0,10,0,0,0,0
260030,1,1,0,0,0,0,0,0,0,0,0,0
260030,2,1,0,0,0,0,0,0,0,0,0,0
260031,0,1,18,0,0,17,0,0,0,0,0,0
260031,1,1,0,0,0,0,0,0,0,0,0,0
260032,1,1,37,37,37,37,37,37,37,37,37,37
260032,2,1,0,0,0,0,0,0,0,0,0,0
260033,1,1,0,0,0,0,0,0,0,0,0,0
260033,2,1,0,0,0,0,0,0,0,0,0,0
260034,1,1,18,18,18,18,18,18,18,18,18,18
260035,0,1,0,15,0,0,0,0,15,0,0,0
260035,1,1,0,0,0,0,0,0,0,0,0,0
260036,0,1,0,0,0,0,0,0,0,0,0,0
260036,1,1,0,0,0,0,0,0,9,0,0,17
260037,0,1,0,0,0,0,0,0,0,0,0,0
260037,1,1,0,0,0,0,12,8,0,0,0,0
260038,1,1,0,0,0,0,0,0,0,0,0,0
260038,2,1,0,0,0,0,0,0,0,0,12,0
260039,1,1,0,0,0,0,0,0,0,0,0,0
260039,2,1,0,0,0,0,0,0,0,0,0,0
260040,1,1,0,0,0,0,0,0,0,0,0,0
260040,2,1,0,0,0,0,0,0,0,0,0,0
260041,1,1,0,0,0,0,0,0,0,0,0,0
260041,2,1,0,0,0,0,0,0,0,0,0,0
260042,1,1,0,0,0,0,0,0,0,0,0,0
260042,2,1,0,0,0,0,0,0,0,15,0,0
260043,1,1,0,0,0,0,0,0,0,0,0,0
260044,1,1,0,0,0,0,0,0,0,0,0,0
260044,3,1,0,0,0,0,0,0,0,0,0,0
260045,1,1,0,0,0,0,0,0,0,0,0,0
260045,2,1,0,0,0,0,0,0,0,0,0,0
260046,1,1,0,0,0,0,0,0,0,0,13,0
260046,2,1,0,0,0,0,0,0,0,0,0,0
260047,1,1,0,0,0,0,0,0,0,0,0,0
260048,1,1,19,19,19,19,19,19,19,19,19,19
260048,2,1,0,2,0,3,0,0,0,0,0,0
260049,1,1,0,0,0,0,0,0,0,0,0,0
260049,2,1,0,0,0,0,0,0,0,0,0,0
260049,3,1,0,0,0,0,0,0,0,0,0,0
260050,1,1,0,0,0,0,0,13,0,0,0,0
260051,0,1,0,6,0,0,0,25,8,0,25,21
260051,0,2,0,0,23,0,0,0,0,14,22,0
260051,1,1,23,23,23,23,23,23,23,23,23,23
260051,2,1,0,0,0,0,0,0,0,0,0,0
260052,1,1,0,0,0,0,0,0,0,0,0,0
260052,2,1,0,0,0,0,0,0,0,0,0,0
260053,0,1,23,23,23,23,23,23,23,23,23,23
260053,1,1,0,0,0,0,0,0,0,0,0,0
260054,1,1,0,0,0,0,0,0,0,0,0,0
260054,2,1,0,0,0,0,0,0,0,0,0,0
260055,1,1,0,0,0,0,0,0,0,0,0,0
260056,1,1,0,0,0,0,0,0,0,0,0,0
260056,2,1,0,0,0,0,0,0,0,0,0,0
260058,1,1,38,38,38,38,38,38,38,38,38,38
260059,1,1,14,27,10,21,12,19,23,29,20,14
260059,2,1,0,0,0,0,0,0,0,0,0,0
260060,0,1,18,20,32,28,26,18,0,16,59,28
260060,1,1,0,0,0,9,10,0,22,9,0,15
260062,0,1,19,0,13,0,0,0,28,16,0,0
260062,0,2,0,0,0,0,0,0,0,14,0,0
260062,1,1,12,12,12,12,12,12,12,12,12,12
260063,1,1,0,0,0,0,0,0,0,0,0,0
260063,2,1,0,0,0,0,0,0,0,0,0,0
260063,3,1,0,0,0,0,0,0,0,0,0,0
260064,1,1,15,15,15,15,15,15,15,15,15,15
260067,0,1,0,0,0,0,0,0,0,0,0,0
260067,1,1,0,0,0,0,0,0,0,0,0,0
260068,1,1,0,0,0,0,0,0,0,0,0,0
260068,2,1,0,0,0,0,0,0,0,0,0,0
260069,1,1,0,0,0,0,0,0,0,0,0,0
260069,2,1,0,0,0,0,0,0,0,0,0,0
260069,3,1,0,0,0,0,0,0,0,0,0,0
260070,1,1,0,0,4,0,0,10,0,0,19,6
260070,2,1,0,0,0,0,0,0,0,0,0,0
260071,1,1,10,10,10,10,10,10,10,10,10,10
260072,1,1,0,0,0,0,0,0,0,0,0,0
260072,2,1,0,0,0,0,0,0,0,0,0,0
260073,1,1,36,36,36,36,36,36,36,36,36,36
260073,2,1,0,0,0,0,0,0,0,0,0,0
260074,1,1,0,0,0,0,0,0,0,0,0,0
260075,1,1,0,0,0,0,0,0,0,0,0,0
260075,2,1,0,0,0,0,0,0,0,0,0,0
260075,3,1,0,0,0,0,0,0,0,0,0,0
260075,4,1,0,0,0,0,0,0,0,0,0,0
260075,5,1,0,0,0,0,0,0,0,0,0,0
260076,0,1,42,42,42,42,42,42,42,42,42,42
260076,1,1,0,0,0,0,4,3,0,0,0,0
260077,0,1,6,6,6,6,6,6,6,6,6,6
260077,1,1,0,0,0,0,0,0,0,0,0,0
260078,0,1,16,16,16,16,16,16,16,16,16,16
260078,1,1,0,0,0,0,0,0,30,18,0,0
260079,1,1,0,0,0,0,0,0,0,0,0,0
260079,2,1,0,0,0,0,0,5,0,0,0,0
260080,1,1,0,0,0,0,0,0,0,0,0,0
260080,2,1,0,0,0,0,0,0,0,0,0,0
260081,0,1,0,0,0,0,0,0,0,0,0,0
260081,1,1,0,0,0,0,0,0,0,0,0,0
260082,1,1,0,0,0,0,0,0,0,0,0,0
260082,2,1,0,0,0,0,0,0,0,0,0,0
260083,1,1,19,19,19,19,19,19,19,19,19,19
260083,2,1,27,27,27,27,27,27,27,27,27,27
260084,1,1,0,0,0,0,0,0,0,0,0,0
260084,2,1,0,0,0,0,0,0,0,0,0,0
260085,0,1,0,0,0,0,0,0,0,0,0,37
260085,1,1,0,0,0,0,0,0,0,0,0,0
260086,0,1,2,2,2,2,2,2,2,2,2,2
260086,1,1,0,0,0,0,15,0,0,0,0,0
260087,1,1,0,0,0,0,0,0,0,0,0,0
260087,2,1,0,0,0,0,0,0,0,0,0,0
260088,1,1,0,0,0,0,0,0,0,0,0,0
260088,2,1,0,0,0,0,0,0,0,0,0,0
260090,1,1,0,0,0,0,0,0,0,0,0,0
260091,1,1,0,0,0,0,0,0,0,0,0,0
260091,2,1,0,0,0,0,0,0,0,0,0,0
260091,3,1,0,0,0,0,0,0,0,0,0,0
260091,4,1,0,0,0,0,0,0,0,0,0,0
260092,1,1,0,0,0,0,0,0,0,0,0,0
260092,2,1,0,0,0,0,0,0,0,0,0,0
260093,1,1,0,0,0,0,0,0,0,0,0,33
260093,2,1,0,0,0,0,0,0,0,0,0,0
260094,0,1,0,0,0,0,0,0,0,0,0,0
260094,1,1,0,0,0,0,0,0,0,0,0,0
260094,2,1,0,0,0,0,0,0,0,0,0,0
260095,1,1,19,21,33,22,18,11,0,13,26,11
260095,2,1,0,0,0,0,0,0,0,0,0,0
260096,0,1,34,34,34,34,34,34,34,34,34,34
260096,2,1,0,0,0,0,0,0,0,0,0,0
260097,1,1,18,18,18,18,18,18,18,18,18,18
260098,0,1,0,0,0,29,23,0,0,0,0,0
260098,1,1,0,0,0,0,0,0,0,0,0,0
260099,0,1,0,0,0,0,0,0,0,0,0,0
260099,1,1,0,0,0,0,0,0,0,0,18,0
260100,1,1,0,0,0,0,0,0,0,0,0,0
260100,2,1,0,0,0,0,0,0,0,0,0,0
260101,1,1,0,0,0,0,0,0,0,0,13,0
260101,2,1,0,0,0,0,0,0,0,0,0,0
260102,1,1,13,13,13,13,13,13,13,13,13,13
260103,1,1,0,0,0,0,0,0,0,0,0,0
260104,0,1,0,0,17,2,0,0,0,0,0,0
260104,1,1,0,0,0,0,0,0,0,0,0,0
260105,1,1,8,8,8,8,8,8,8,8,8,8
260105,2,1,17,17,17,17,17,17,17,17,17,17
260106,1,1,0,0,0,0,0,0,0,0,0,0
260106,2,1,0,0,0,0,0,0,0,0,0,0
260107,1,1,0,0,0,0,0,0,0,13,0,0
260107,2,1,0,0,0,0,0,0,0,0,0,0
260108,1,1,0,31,0,0,0,17,0,0,0,22
260108,2,1,12,12,12,12,12,12,12,12,12,12
260109,1,1,0,0,0,0,0,0,0,0,0,0
260109,2,1,0,0,0,0,0,0,0,0,0,0
260110,1,1,0,0,0,0,0,0,0,32,0,0
260110,2,1,0,0,0,0,0,0,0,0,0,0
260111,1,1,0,0,0,0,0,0,0,0,0,0
260112,1,1,0,0,0,0,0,0,0,0,0,0
260112,2,1,0,0,0,0,0,0,0,0,0,0
260113,1,1,0,0,0,0,0,0,0,0,0,0
260113,2,1,0,0,0,0,0,0,0,0,0,0
260114,0,1,0,0,0,0,19,0,0,0,0,19
260114,0,2,18,0,0,13,0,0,29,0,0,6
260114,1,1,25,25,25,25,25,25,25,25,25,25
260115,1,1,0,0,0,0,0,0,0,0,17,16
260116,1,1,12,12,12,12,12,12,12,12,12,12
260117,1,1,0,0,0,0,0,0,0,0,0,0
260118,1,1,25,25,25,25,25,25,25,25,25,25
260119,1,1,19,19,19,19,19,19,19,19,19,19
260119,2,1,0,0,0,0,0,0,0,0,0,0
260120,1,1,29,3,18,10,19,27,15,12,25,13
260120,2,1,7,4,3,4,3,4,0,6,13,3
260121,1,1,0,0,0,0,0,0,0,0,0,0
260121,2,1,0,0,0,0,0,0,0,0,0,0
260122,1,1,0,0,0,0,0,0,0,0,0,0
260122,2,1,0,0,0,0,0,0,0,0,0,0
260123,1,1,0,0,0,0,0,0,0,0,0,0
260123,2,1,0,0,0,0,0,0,0,0,0,0
260124,0,1,0,0,0,0,0,0,0,0,0,0
260124,1,1,0,0,0,0,0,0,0,0,0,0
260125,1,1,0,0,0,0,0,0,0,0,0,0
260127,1,1,0,0,0,0,0,0,0,0,0,0
260128,1,1,30,22,24,20,24,33,10,20,0,20
260128,2,1,0,0,0,10,0,0,0,0,0,0
260129,1,1,0,0,0,0,0,0,0,0,0,0
260129,2,1,0,0,0,0,0,0,0,0,0,0
260130,1,1,0,0,0,0,0,0,0,0,0,0
260131,0,1,25,25,25,25,25,25,25,25,25,25
260131,1,1,0,0,0,0,0,0,0,0,0,0
260132,1,1,0,0,0,0,0,0,0,0,0,0
260133,1,1,0,0,0,0,10,0,22,0,0,0
260133,2,1,0,0,0,0,0,0,0,0,0,0
260134,1,1,0,0,0,0,0,0,0,0,0,0
260135,0,1,0,0,0,23,0,0,0,0,0,0
260135,1,1,0,0,18,0,0,0,0,0,0,0
260135,2,1,0,0,0,0,29,0,0,0,0,0
260136,1,1,19,0,0,0,0,0,0,0,0,0
260137,0,1,16,22,18,32,15,36,16,0,4,11
260137,1,1,1,1,1,1,1,1,1,1,1,1
260138,1,1,0,0,0,0,0,0,0,0,0,0
260139,1,1,3,14,0,0,0,19,0,0,9,23
260140,1,1,0,0,31,0,0,32,0,0,22,0
260140,2,1,13,13,13,13,13,13,13,13,13,13
260141,1,1,0,0,0,0,0,0,0,0,0,0
260142,1,1,0,0,0,0,0,0,0,0,0,0
260142,2,1,0,0,0,0,0,0,0,0,0,0
260143,1,1,0,0,0,0,0,0,0,0,0,0
260143,2,1,0,0,0,0,0,0,0,0,0,0