ST_CASE,VEH_NO,PER_NO,P1,P2,P3,P4,P5,P6,P7,P8,P9,P10
260144,1,1,0,0,0,0,0,0,0,0,0,0
260144,2,1,0,0,0,0,0,0,0,0,0,0
260145,0,1,0,0,0,0,0,0,0,0,0,0
260145,1,1,0,0,0,0,0,0,0,0,0,0
260146,1,1,0,0,0,0,0,0,0,0,0,0
260146,2,1,0,0,0,0,0,0,0,0,0,0
260147,0,1,22,5,15,16,34,27,27,18,20,28
260147,0,2,7,38,30,37,26,36,35,40,19,24
260147,1,1,0,0,0,0,0,0,0,0,0,0
260148,1,1,21,21,21,21,21,21,21,21,21,21
260148,2,1,0,0,0,0,0,0,0,0,0,0
260149,0,1,0,0,0,0,0,0,0,0,0,0
260149,1,1,0,0,0,0,0,0,0,0,0,0
260150,0,1,0,0,0,0,0,0,15,0,0,36
260150,1,1,0,0,0,0,0,0,0,0,0,0
260151,1,1,0,0,0,0,0,0,0,0,0,0
260152,1,1,0,0,0,0,0,0,0,0,0,0
260152,2,1,0,0,0,0,0,0,0,0,0,0
260153,1,1,0,0,0,0,0,0,0,18,0,0
260153,2,1,0,0,0,0,0,0,0,0,0,0
260156,1,1,4,4,4,4,4,4,4,4,4,4
260157,1,1,0,0,0,0,0,0,0,0,0,0
260157,2,1,0,0,0,0,0,0,0,0,0,0
260158,1,1,0,0,0,0,0,0,0,11,0,0
260159,1,1,0,0,0,0,0,0,0,0,0,0
260159,2,1,0,0,0,0,0,0,0,0,0,0
260160,0,1,9,17,0,14,0,0,0,0,18,0
260160,1,1,9,9,9,9,9,9,9,9,9,9
260161,1,1,33,33,33,33,33,33,33,33,33,33
260162,1,1,0,0,0,0,0,0,0,0,0,0
260162,2,1,0,0,0,0,0,0,0,0,0,0
260162,3,1,0,0,0,0,0,0,0,0,0,20
260163,1,1,0,0,0,0,0,0,0,0,0,0
260163,2,1,0,0,0,0,0,0,0,0,0,0
260164,1,1,24,24,24,24,24,24,24,24,24,24
260164,2,1,0,0,0,0,0,0,0,0,0,0
260165,1,1,21,21,21,21,21,21,21,21,21,21
260166,0,1,0,0,0,0,0,0,0,0,0,0
260166,0,2,0,0,0,0,0,0,0,0,0,0
260166,0,3,0,0,0,0,0,0,0,0,0,0
260166,1,1,0,0,0,0,0,0,0,0,0,0
260167,0,1,0,21,0,0,0,0,0,0,0,0
260167,1,1,0,0,0,0,0,0,0,0,0,0
260168,1,1,0,0,0,0,0,0,0,0,0,0
260168,2,1,0,0,0,0,0,0,0,0,0,0
260169,1,1,0,0,0,0,0,0,0,0,0,0
260169,2,1,0,0,0,0,0,0,0,0,0,0
260170,1,1,0,0,19,0,0,0,28,32,23,0
260171,1,1,27,12,19,31,24,0,28,21,12,0
260171,2,1,0,0,0,0,0,0,0,0,0,0
260172,1,1,24,24,24,24,24,24,24,24,24,24
260173,1,1,22,22,22,22,22,22,22,22,22,22
260173,2,1,0,0,0,0,0,0,0,0,0,0
260174,1,1,0,0,0,0,0,0,0,0,0,0
260175,1,1,18,18,18,18,18,18,18,18,18,18
260176,0,1,31,28,17,17,21,16,24,48,0,17
260176,1,1,18,0,4,0,0,18,0,0,21,0
260177,1,1,0,0,0,0,0,0,0,0,0,0
260177,2,1,0,0,0,0,0,12,0,15,9,0
260178,1,1,0,0,0,0,0,0,0,0,0,0
260179,1,1,14,14,14,14,14,14,14,14,14,14
260180,1,1,0,0,0,0,0,0,0,0,0,0
260181,1,1,0,0,0,0,0,0,0,0,0,0
260181,2,1,21,21,21,21,21,21,21,21,21,21
260182,0,1,0,0,0,0,0,0,0,0,0,0
260182,1,1,0,0,0,0,0,0,0,0,0,0
260182,2,1,0,0,0,0,0,0,0,0,0,0
260183,1,1,0,0,0,0,0,0,0,0,0,0
260183,2,1,0,0,0,0,0,0,0,0,0,0
260184,1,1,0,0,0,39,0,0,4,22,0,21
260185,1,1,0,0,0,0,0,0,0,0,0,0
260185,2,1,0,0,0,0,0,0,0,0,0,0
260186,1,1,19,19,19,19,19,19,19,19,19,19
260187,1,1,0,0,0,0,0,0,0,0,0,0
260187,2,1,0,25,0,0,17,0,0,0,0,0
260188,0,1,0,0,0,0,0,0,0,0,0,0
260188,1,1,0,0,0,0,0,0,0,0,0,0
260189,0,1,0,0,0,0,0,0,0,0,0,0
260189,1,1,0,0,0,0,0,0,0,0,0,0
260190,0,1,16,18,18,5,0,19,10,5,37,26
260190,1,1,0,0,0,0,0,0,0,0,0,0
260191,1,1,21,21,21,21,21,21,21,21,21,21
260192,1,1,0,0,0,0,0,0,0,0,0,0
260193,1,1,0,0,0,0,0,0,0,0,16,0
260193,2,1,0,0,0,0,0,0,0,0,0,0
260194,1,1,0,0,0,0,0,0,0,0,0,0
260194,2,1,0,0,0,0,0,0,0,0,0,0
260195,1,1,0,0,0,0,0,0,0,0,0,0
260196,1,1,0,0,0,0,0,0,0,0,0,0
260196,2,1,0,0,0,0,0,0,0,0,0,0
260197,1,1,0,0,0,0,0,0,0,0,0,0
260197,2,1,5,5,5,5,5,5,5,5,5,5
260198,1,1,0,0,0,0,0,0,0,0,0,0
260198,2,1,0,0,10,0,0,0,0,0,0,0
260199,1,1,0,0,0,0,0,0,0,0,0,0
260199,2,1,0,0,0,0,0,0,0,0,0,0
260199,3,1,0,0,0,0,0,0,0,0,0,0
260199,4,1,0,0,0,0,0,0,0,0,0,0
260201,0,1,33,13,0,0,0,0,0,0,0,0
260201,1,1,0,0,0,0,0,0,0,0,0,0
260202,1,1,0,0,0,0,0,0,0,0,0,0
260202,2,1,0,0,0,0,0,0,0,0,0,0
260203,1,1,0,0,0,0,0,0,0,0,0,0
260203,2,1,0,0,0,0,0,0,0,0,0,18
260203,3,1,0,0,0,0,0,6,0,0,0,0
260204,0,1,3,3,3,3,3,3,3,3,3,3
260204,1,1,0,0,0,0,0,0,0,0,0,12
260205,1,1,0,0,0,0,0,0,0,0,0,0
260206,1,1,16,16,16,16,16,16,16,16,16,16
260207,1,1,0,0,0,0,0,19,0,0,0,0
260207,2,1,0,0,0,0,0,0,0,0,0,0
260208,0,1,4,4,4,4,4,4,4,4,4,4
260208,0,2,0,0,0,0,33,0,0,0,0,0
260208,1,1,0,0,0,0,0,0,0,0,0,0
260209,1,1,22,3,0,10,4,12,6,14,17,18
260209,2,1,2,2,2,2,2,2,2,2,2,2
260209,3,1,0,0,0,0,0,0,0,0,0,0
260210,1,1,0,0,0,0,0,0,0,0,0,0
260211,1,1,2,2,2,2,2,2,2,2,2,2
260212,1,1,0,0,0,0,0,0,0,0,0,0
260212,2,1,0,0,0,0,0,0,0,0,0,0
260213,1,1,0,0,0,0,0,0,0,0,0,0
260213,2,1,0,0,0,0,0,0,0,0,0,0
260214,1,1,14,14,14,14,14,14,14,14,14,14
260214,2,1,0,0,0,18,0,0,0,0,0,0
260215,1,1,20,20,20,20,20,20,20,20,20,20
260215,2,1,0,5,0,0,0,8,0,0,0,0
260215,3,1,0,0,0,0,0,0,0,0,0,0
260217,1,1,0,0,0,0,0,0,0,0,0,0
260218,1,1,0,0,0,0,0,0,0,0,0,0
260218,2,1,0,0,0,0,0,0,0,0,0,0
260219,1,1,0,0,0,0,0,0,0,0,0,0
260219,2,1,0,0,0,0,0,0,0,0,0,0
260220,1,1,0,0,0,0,0,0,0,0,0,0
260220,2,1,0,0,0,0,0,0,0,0,0,0
260221,1,1,0,0,0,0,0,0,0,0,0,0
260221,2,1,0,0,0,0,0,0,0,0,0,0
260222,1,1,0,0,0,0,0,0,0,17,0,0
260222,2,1,0,0,0,0,0,0,0,0,0,0
260223,1,1,12,12,12,12,12,12,12,12,12,12
260223,2,1,0,0,0,9,0,0,0,0,0,0
260224,1,1,0,0,0,0,0,0,0,0,0,0
260225,1,1,0,0,0,0,0,0,0,0,0,0
260226,1,1,0,0,0,0,0,0,0,0,0,0
260227,1,1,0,0,0,0,23,0,0,0,0,0
260228,1,1,0,0,0,0,0,0,0,0,0,0
260228,2,1,0,0,0,0,0,0,0,0,0,0
260229,1,1,0,0,0,0,0,0,0,0,0,0
260229,2,1,0,0,0,0,0,0,0,0,0,0
260230,1,1,0,0,0,0,0,0,15,0,0,0
260231,1,1,0,0,0,0,0,0,0,0,0,0
260231,2,1,0,0,0,0,0,0,0,0,6,0
260232,1,1,19,0,0,0,11,0,0,0,0,12
260233,1,1,0,0,0,0,0,0,0,0,0,0
260233,2,1,0,0,0,0,0,0,0,0,0,0
260234,1,1,0,0,0,0,0,0,0,6,0,0
260235,1,1,8,8,8,8,8,8,8,8,8,8
260235,2,1,0,0,0,0,0,0,0,0,0,0
260236,1,1,0,0,0,0,0,0,0,0,0,0
260236,2,1,2,2,2,2,2,2,2,2,2,2
260237,1,1,0,0,0,0,0,0,0,0,0,0
260237,2,1,0,0,0,0,0,0,0,0,0,0
260238,1,1,0,0,0,0,0,0,0,0,0,0
260238,2,1,0,0,0,0,0,0,0,0,0,0
260239,0,1,0,0,0,0,0,0,0,0,0,0
260239,1,1,0,0,0,0,0,0,0,0,0,0
260240,1,1,0,0,0,0,0,0,0,0,0,0
260240,2,1,0,0,0,0,0,0,0,0,0,0
260241,1,1,14,14,14,14,14,14,14,14,14,14
260242,1,1,0,0,24,0,0,0,0,14,24,0
260243,1,1,0,0,0,0,0,0,0,0,0,0
260243,2,1,0,0,0,0,0,0,0,0,0,0
260244,1,1,0,0,0,0,0,0,0,0,0,14
260244,2,1,0,0,0,0,0,0,0,0,26,0
260245,1,1,24,24,24,24,24,24,24,24,24,24
260246,1,1,0,0,0,0,0,0,0,0,0,0
260246,2,1,0,0,0,0,0,0,0,0,0,0
260247,1,1,0,0,0,0,0,0,0,0,0,0
260247,2,1,0,0,0,0,0,0,0,0,8,0
260248,0,1,10,23,15,14,41,9,24,15,23,10
260248,1,1,16,16,16,16,16,16,16,16,16,16
260249,1,1,0,0,0,0,0,0,0,0,0,0
260250,1,1,0,0,0,0,0,0,0,0,0,0
260251,1,1,21,0,0,0,17,0,0,21,31,9
260252,0,1,0,9,0,0,0,0,0,0,0,0
260252,1,1,6,6,6,6,6,6,6,6,6,6
260253,1,1,34,34,34,34,34,34,34,34,34,34
260254,0,1,0,0,0,0,13,0,0,0,36,0
260254,1,1,15,0,19,0,0,0,0,14,18,0
260255,1,1,0,0,0,0,0,0,0,0,0,0
260256,0,1,0,24,0,0,31,11,0,0,0,0
260256,1,1,10,0,7,0,0,0,0,21,16,0
260257,0,1,0,0,0,0,0,0,0,0,0,0
260257,1,1,0,0,0,0,0,21,0,0,0,0
260258,0,1,20,20,20,20,20,20,20,20,20,20
260258,1,1,0,0,0,0,0,0,0,0,0,13
260259,1,1,11,5,23,0,14,17,10,21,0,16
260259,2,1,5,14,0,13,26,24,25,14,15,37
260260,0,1,0,0,0,0,0,0,0,0,0,0
260260,1,1,0,0,0,0,0,0,0,0,0,0
260261,1,1,6,6,6,6,6,6,6,6,6,6
260261,2,1,0,0,0,0,0,0,0,0,0,0
260262,0,1,0,0,0,0,0,0,0,0,0,0
260262,1,1,0,0,0,0,0,0,0,0,0,0
260263,0,1,0,0,0,0,0,0,0,0,0,0
260263,1,1,0,0,11,19,4,0,0,0,11,21
260264,1,1,0,0,0,0,0,0,0,0,0,0
260265,1,1,0,0,0,0,0,0,0,0,0,0
260265,2,1,0,0,0,0,0,0,0,0,0,0
260266,1,1,4,4,4,4,4,4,4,4,4,4
260267,1,1,13,13,13,13,13,13,13,13,13,13
260268,0,1,12,12,12,12,12,12,12,12,12,12
260268,1,1,0,12,5,0,3,19,0,5,0,0
260269,1,1,18,18,18,18,18,18,18,18,18,18
260270,1,1,0,0,0,0,0,0,0,0,0,0
260271,0,1,0,0,0,0,0,0,0,0,0,0
260271,1,1,0,0,0,13,0,0,0,10,12,26
260272,1,1,0,0,0,0,0,0,0,0,0,0
260272,2,1,0,0,0,0,0,0,0,0,0,0
260273,1,1,21,6,23,16,22,11,17,10,19,21
260274,1,1,0,0,0,0,0,0,0,0,0,0
260275,1,1,19,19,19,19,19,19,19,19,19,19
260276,0,1,0,0,0,0,0,0,27,0,0,0
260276,1,1,0,0,0,7,0,0,0,0,0,0
260277,1,1,14,14,14,14,14,14,14,14,14,14
260277,2,1,0,0,0,0,0,0,0,0,0,0
260278,1,1,0,0,0,0,0,0,0,0,0,0
260278,2,1,0,0,0,0,0,0,0,0,0,0
260279,1,1,0,0,0,0,0,0,0,0,0,0
260279,2,1,0,0,0,0,0,0,0,0,0,0
260280,0,1,0,0,0,3,0,0,0,18,23,0
260280,1,1,17,17,17,17,17,17,17,17,17,17
260281,1,1,0,0,0,0,0,0,0,0,0,0
260282,1,1,46,46,46,46,46,46,46,46,46,46
260283,1,1,0,0,0,0,0,0,0,0,0,0
260283,2,1,0,0,0,0,18,0,0,0,0,0
260284,1,1,0,0,0,0,0,0,0,0,0,0
260284,2,1,0,0,0,0,0,0,0,0,0,0
260285,0,1,0,0,0,0,0,0,0,0,0,0
260285,1,1,0,0,0,0,0,0,0,0,0,0
260286,1,1,17,17,17,17,17,17,17,17,17,17
260287,1,1,13,13,13,13,13,13,13,13,13,13
260288,1,1,0,0,0,0,0,0,0,0,0,0
260288,2,1,0,0,0,0,0,0,0,0,0,0
260289,1,1,0,0,0,0,0,0,0,0,0,0
260289,2,1,0,0,0,0,0,18,0,0,0,0
260290,1,1,0,0,0,0,0,0,0,0,0,0
260290,2,1,0,0,0,0,0,0,0,0,0,0
260291,1,1,0,0,0,0,0,0,0,0,0,0
260291,2,1,0,0,0,0,0,0,0,0,0,0
260292,1,1,0,0,0,0,0,0,0,0,0,0
260293,1,1,0,0,0,0,0,0,0,7,0,0
260293,2,1,0,0,0,0,0,0,0,0,0,0
260294,1,1,0,0,0,0,0,0,0,0,0,0
260295,1,1,0,33,9,15,0,0,0,0,0,0
260296,1,1,0,0,0,0,0,0,0,0,0,0
260296,2,1,0,0,0,0,0,0,0,0,0,0
260297,1,1,0,0,16,0,0,0,0,0,0,0
260297,2,1,0,0,0,0,0,0,4,0,0,0
260298,1,1,0,0,0,0,0,0,0,0,0,0
260298,2,1,0,19,0,8,0,0,0,5,0,0
260299,1,1,0,0,0,0,0,0,0,0,0,0
260300,1,1,0,0,0,0,0,0,0,0,0,0
260300,2,1,0,0,0,0,0,0,0,0,0,0
260300,3,1,0,0,0,0,0,0,0,0,0,0
260301,1,1,27,27,27,27,27,27,27,27,27,27
260302,1,1,0,0,0,0,0,0,0,0,0,0
260303,1,1,16,16,16,16,16,16,16,16,16,16
260304,1,1,16,16,16,16,16,16,16,16,16,16
260304,2,1,0,0,13,28,0,0,0,0,0,0
260305,1,1,0,0,0,0,0,0,0,0,0,10
260306,1,1,13,16,22,18,24,12,17,12,8,14
260307,1,1,0,0,0,0,0,0,0,0,0,0
260307,2,1,0,0,0,0,0,0,0,0,0,0
260307,3,1,0,0,0,0,0,0,0,20,0,0
260308,1,1,7,7,7,7,7,7,7,7,7,7
260309,0,1,0,0,0,0,0,0,0,0,0,0
260309,1,1,0,0,0,0,0,0,0,0,0,0
260311,1,1,0,0,0,0,0,0,0,0,5,0
260311,2,1,0,0,0,0,0,0,0,0,0,0
260312,1,1,4,0,15,9,0,27,0,11,13,0
260312,2,1,0,0,0,0,0,0,0,0,0,0
260313,0,1,33,42,0,0,0,0,0,22,0,0
260313,1,1,0,0,0,18,13,0,0,12,10,14
260314,1,1,0,0,17,0,0,0,27,0,11,0
260315,1,1,0,0,0,0,0,0,0,0,0,0
260315,2,1,0,0,0,0,0,0,0,0,0,0
260315,3,1,0,0,0,0,0,0,0,0,0,0
260315,4,1,0,0,0,0,0,0,0,0,0,0
260315,5,1,0,0,0,0,0,0,9,0,0,0
260315,6,1,5,0,0,0,0,0,0,0,0,0
260316,1,1,0,0,0,0,0,0,0,0,0,0
260316,2,1,5,5,5,5,5,5,5,5,5,5
260317,1,1,0,0,0,0,0,0,0,0,0,0
260317,2,1,0,0,0,0,0,0,0,0,0,0
260319,1,1,0,0,0,0,0,0,0,0,0,0
260319,2,1,0,0,0,0,0,0,0,0,0,0
260319,3,1,0,0,0,0,0,0,0,0,0,0
260319,4,1,0,0,0,0,0,0,0,0,0,0
260320,1,1,0,0,0,0,0,0,0,0,19,0
260321,1,1,0,0,0,0,0,0,0,0,0,0
260322,1,1,0,0,0,0,0,0,0,12,0,0
260322,2,1,0,0,0,0,0,0,0,0,0,0
260323,0,1,0,0,0,0,0,0,29,0,0,0
260323,1,1,0,7,0,31,12,0,0,0,10,17
260324,1,1,0,0,0,0,0,0,0,0,0,0
260324,2,1,0,0,0,0,0,0,0,0,0,0
260325,0,1,38,38,38,38,38,38,38,38,38,38
260325,1,1,0,8,10,3,0,0,0,0,0,0
260326,1,1,0,0,0,0,0,0,0,0,0,0
260326,2,1,0,0,0,0,0,0,0,0,0,13
260327,1,1,20,20,20,20,20,20,20,20,20,20
260328,1,1,19,19,19,19,19,19,19,19,19,19
260329,1,1,0,0,0,0,0,0,0,0,0,0
260330,1,1,0,0,0,0,0,0,0,0,0,0
260330,2,1,0,0,0,0,0,0,0,16,0,0
260331,1,1,0,0,0,0,0,0,0,0,0,0
260331,2,1,0,0,0,0,0,0,0,0,0,0
260333,1,1,15,10,0,11,0,3,5,11,17,15
260334,1,1,0,21,0,0,0,0,0,8,0,0
260334,2,1,0,0,0,0,0,0,0,0,0,0
260335,1,1,0,0,0,0,0,0,0,0,0,0
260335,2,1,0,0,0,0,0,0,0,0,0,0
260335,3,1,0,0,0,0,0,0,0,0,0,0
260336,0,1,10,10,10,10,10,10,10,10,10,10
260336,1,1,0,0,0,0,0,0,0,0,0,0
260337,1,1,29,29,29,29,29,29,29,29,29,29
260337,2,1,0,0,0,0,0,0,0,0,0,0
260338,1,1,10,23,16,19,8,22,13,26,13,35
260338,2,1,0,0,0,0,0,0,0,0,0,0
260339,0,1,23,23,23,23,23,23,23,23,23,23
260339,1,1,0,0,0,0,0,0,0,0,0,0
260340,1,1,31,31,31,31,31,31,31,31,31,31
260340,2,1,0,0,0,0,0,0,0,0,0,0
260341,1,1,9,16,10,16,10,8,9,2,10,18
260341,2,1,0,21,0,0,0,10,0,0,0,24
260342,1,1,0,0,0,0,0,0,0,0,0,0
260343,1,1,13,31,15,11,16,19,0,16,24,8
260343,2,1,0,0,0,0,0,0,28,0,0,0
260344,1,1,0,0,0,0,0,0,0,0,0,0
260344,2,1,0,0,0,0,0,0,0,0,0,0
260345,1,1,0,0,0,0,0,0,0,0,0,0
260346,0,1,0,0,0,0,0,0,0,0,0,0
260346,1,1,0,0,0,0,0,0,0,0,0,0
260347,1,1,3,3,3,3,3,3,3,3,3,3
260348,1,1,2,2,2,2,2,2,2,2,2,2
260349,1,1,0,0,0,0,0,0,0,0,0,0
260349,2,1,0,0,0,0,0,0,0,0,0,0
260350,1,1,17,17,17,17,17,17,17,17,17,17
260350,2,1,0,0,0,0,0,0,0,0,0,0
260351,1,1,0,0,0,0,0,0,0,0,0,0
260351,2,1,0,0,0,0,0,0,0,0,0,0
260352,1,1,22,22,22,22,22,22,22,22,22,22
260353,1,1,0,0,0,0,0,0,0,25,16,0
260353,2,1,0,0,0,0,0,0,0,0,0,0
260354,1,1,0,0,0,0,0,0,0,0,0,0
260354,2,1,0,0,0,0,0,0,0,0,0,0
260355,1,1,0,0,0,0,0,0,0,0,0,0
260355,2,1,0,0,0,0,0,0,0,0,0,0
260356,1,1,0,0,0,0,0,0,0,0,0,0
260357,0,1,0,0,0,0,0,18,0,0,0,0
260357,1,1,0,0,0,0,0,0,0,0,0,0
260358,1,1,0,0,0,0,0,0,0,0,0,0
260358,2,1,0,0,0,0,0,0,0,0,0,0
260359,1,1,0,0,0,0,0,0,0,0,0,0
260359,2,1,0,19,0,0,0,0,0,0,0,17
260360,1,1,0,0,0,6,0,0,0,0,0,0
260360,2,1,0,0,0,0,0,0,0,0,0,0
260361,0,1,0,0,0,0,0,0,0,0,0,0
260361,1,1,0,0,0,0,0,0,0,0,0,0
260362,1,1,0,0,0,0,0,0,16,0,0,0
260362,2,1,0,0,0,0,0,0,0,0,0,0
260363,1,1,0,0,0,0,0,0,0,0,0,0
260363,2,1,0,0,0,0,0,0,0,0,0,0
260364,1,1,0,0,0,0,0,0,0,0,0,0
260365,1,1,0,0,0,0,0,0,0,0,0,0
260365,2,1,0,0,0,0,0,0,0,0,0,0
260366,1,1,28,28,28,28,28,28,28,28,28,28
260367,1,1,9,9,9,9,9,9,9,9,9,9
260368,0,1,10,0,23,0,0,0,0,0,0,0
260368,1,1,0,0,0,13,0,0,0,0,20,0
260369,0,1,0,0,0,0,0,0,11,0,0,0
260369,1,1,0,0,0,0,0,0,0,0,0,0
260370,1,1,1,1,1,1,1,1,1,1,1,1
260370,2,1,0,0,0,0,0,0,0,0,0,0
260371,1,1,0,0,0,0,0,0,0,0,0,0
260371,2,1,0,0,0,0,0,0,0,0,0,0
260372,1,1,7,7,7,7,7,7,7,7,7,7
260373,0,1,26,19,18,28,17,23,20,4,20,5
260373,1,1,0,20,16,0,0,0,0,0,0,0
260374,1,1,0,0,0,0,0,0,0,0,0,0
260374,2,1,0,0,0,0,0,0,0,0,0,0
260375,1,1,0,0,0,0,0,0,0,0,0,0
260376,1,1,0,0,0,0,0,0,0,0,0,0
260376,2,1,0,0,0,0,0,0,0,0,0,0
260377,1,1,0,0,0,0,0,0,0,0,0,0
260377,2,1,0,0,0,0,0,0,0,0,0,0
260378,1,1,15,33,0,0,0,19,0,0,0,7
260379,1,1,19,19,19,19,19,19,19,19,19,19
260380,1,1,0,0,0,0,0,0,0,0,0,0
260380,2,1,0,0,0,0,0,0,0,0,0,0
260381,1,1,0,0,0,0,0,0,0,0,0,0
260382,1,1,11,11,11,11,11,11,11,11,11,11
260383,0,1,14,14,14,14,14,14,14,14,14,14
260383,1,1,0,0,0,0,0,0,0,0,0,0
260384,1,1,26,26,26,26,26,26,26,26,26,26
260384,2,1,0,0,0,0,0,0,0,0,0,0
260384,3,1,0,0,0,0,0,0,0,0,0,0
260384,4,1,0,0,0,0,0,0,0,0,9,0
260385,1,1,0,0,0,0,0,0,0,0,0,0
260385,2,1,12,12,12,12,12,12,12,12,12,12
260386,1,1,22,22,22,22,22,22,22,22,22,22
260386,2,1,0,0,0,0,0,0,0,0,0,0
260387,1,1,0,0,0,0,0,0,0,0,0,0
260388,1,1,24,0,0,0,0,0,19,0,0,0
260388,2,1,0,0,0,0,0,0,0,0,0,0
260389,0,1,0,9,0,0,14,0,29,18,0,0
260389,1,1,0,0,0,0,0,0,0,0,0,0
260389,2,1,0,0,0,0,0,0,0,0,0,0
260390,1,1,18,15,17,0,29,4,0,0,0,0
260391,0,1,0,0,0,0,0,0,0,0,0,34
260391,1,1,0,0,0,0,0,0,0,0,0,0
260392,0,1,15,17,15,29,32,7,0,10,17,37
260392,1,1,0,0,0,0,0,0,0,0,0,0
260393,1,1,0,0,0,0,0,0,0,0,0,0
260393,2,1,0,0,0,0,0,0,0,0,0,0
260394,1,1,0,0,0,0,0,0,0,0,0,0
260394,2,1,0,0,0,0,0,0,0,0,0,0
260395,1,1,0,0,0,0,0,0,0,0,0,0
260395,2,1,0,0,0,0,0,0,0,0,0,0
260396,1,1,9,9,9,9,9,9,9,9,9,9
260397,0,1,0,0,0,0,0,0,0,0,0,33
260397,1,1,3,3,3,3,3,3,3,3,3,3
260398,1,1,28,28,28,28,28,28,28,28,28,28
260398,2,1,0,0,0,0,0,0,0,0,0,0
260399,1,1,0,0,0,30,0,0,9,0,32,0
260400,1,1,0,14,0,0,0,0,0,24,0,0
260401,1,1,0,0,0,0,0,0,0,0,0,0
260401,2,1,0,0,0,0,0,0,0,0,0,0
260402,1,1,0,0,0,0,0,0,0,0,0,0
260402,2,1,0,0,0,0,0,0,0,0,0,0
260403,0,1,3,3,3,3,3,3,3,3,3,3
260403,1,1,38,0,32,18,0,0,6,0,0,14
260404,0,1,0,0,0,0,0,0,0,0,0,0
260404,1,1,0,0,0,0,0,0,0,0,0,0
260405,1,1,0,0,0,0,0,0,0,0,0,7
260405,2,1,0,0,0,0,0,0,0,0,0,0
260406,1,1,0,16,0,0,0,0,0,0,0,0
260407,1,1,0,0,0,0,0,0,0,0,0,0
260407,2,1,0,0,0,0,0,0,0,0,0,0
260407,3,1,0,0,0,0,0,0,0,0,0,0
260408,0,1,19,19,19,19,19,19,19,19,19,19
260408,1,1,4,0,0,0,0,0,0,0,0,0
260409,0,1,0,0,0,0,0,0,0,0,0,0
260409,1,1,0,0,0,0,0,0,0,0,0,0
260410,1,1,0,11,0,0,0,0,0,17,0,0
260410,2,1,0,0,0,0,0,0,0,0,0,0
260411,1,1,18,0,0,0,13,0,0,29,0,0
260412,1,1,0,0,0,0,20,0,0,7,0,0
260413,1,1,0,0,0,0,0,0,0,0,0,0
260413,2,1,0,0,0,0,0,0,0,0,0,0
260414,0,1,0,0,0,0,0,0,0,0,0,16
260414,1,1,0,0,14,0,15,0,4,0,0,5
260415,1,1,30,30,30,30,30,30,30,30,30,30
260416,1,1,11,11,11,11,11,11,11,11,11,11
260416,2,1,0,0,0,0,0,0,0,0,0,0
260417,1,1,0,0,0,0,0,0,0,0,0,0
260417,2,1,0,0,0,0,0,0,0,0,0,0
260417,3,1,0,0,0,0,0,0,0,0,0,0
260417,4,1,0,0,0,0,0,0,0,0,0,0
260418,1,1,0,12,0,17,0,8,12,0,14,0
260419,1,1,12,12,12,12,12,12,12,12,12,12
260420,1,1,0,0,0,0,0,0,0,0,0,0
260420,2,1,0,0,0,0,0,0,0,0,0,0
260421,1,1,0,0,0,0,0,0,0,0,0,0
260421,2,1,0,0,0,0,0,20,34,13,5,0
260422,1,1,0,0,0,0,0,0,0,0,0,0
260422,2,1,0,0,0,0,0,0,0,0,0,0
260423,1,1,21,18,25,19,7,26,29,20,18,29
260423,2,1,7,7,7,7,7,7,7,7,7,7
260424,1,1,0,0,0,0,0,0,0,0,0,0
260424,2,1,0,0,0,0,0,0,0,0,0,0
260425,1,1,21,17,15,16,15,8,10,21,13,4
260425,2,1,0,0,0,0,0,0,0,0,0,0
260426,1,1,22,22,22,22,22,22,22,22,22,22
260427,1,1,0,0,35,0,0,0,0,0,0,0
260427,2,1,10,13,5,4,4,8,14,12,9,8
260428,1,1,0,0,0,0,0,0,0,0,0,0
260428,2,1,0,0,0,0,0,0,0,0,6,0
260429,1,1,6,21,18,0,24,0,17,21,35,24
260429,2,1,0,0,0,0,0,0,0,0,0,0
260430,1,1,0,0,23,0,0,0,0,0,15,20
260431,1,1,0,0,0,0,0,0,0,0,0,0
260431,2,1,0,0,0,0,0,0,0,0,0,0
260432,1,1,14,14,14,14,14,14,14,14,14,14
260433,0,1,18,0,0,0,0,44,0,0,22,29
260433,1,1,0,0,0,0,0,0,0,0,0,0
260434,1,1,0,0,0,0,0,0,26,0,0,0
260434,2,1,0,0,0,0,0,0,0,0,0,0
260435,1,1,0,0,0,0,0,0,0,0,0,0
260436,1,1,0,0,0,0,0,0,0,0,0,0
260437,1,1,17,17,17,17,17,17,17,17,17,17
260438,1,1,0,0,0,0,0,0,0,0,0,0
260438,2,1,0,0,0,0,0,0,0,0,0,0
260439,0,1,1,1,1,1,1,1,1,1,1,1
260439,1,1,0,0,0,0,0,0,0,0,0,0
260440,1,1,23,23,23,23,23,23,23,23,23,23
260441,0,1,0,0,0,0,0,0,0,0,0,0
260441,1,1,0,0,0,0,0,0,0,0,0,0
260443,0,1,0,0,0,0,12,30,0,0,0,0
260443,1,1,0,0,0,0,0,0,0,0,0,0
260444,1,1,0,0,0,0,0,0,0,0,0,0
260444,2,1,0,0,0,0,0,16,0,0,0,0
260445,1,1,0,0,0,0,18,0,0,0,0,21
260446,1,1,0,0,0,0,0,0,0,0,0,0
260447,1,1,0,26,0,0,0,0,0,0,24,0
260448,1,1,0,0,0,0,0,0,0,0,0,0
260448,2,1,0,0,0,0,0,0,0,0,0,0