ST_CASE,VEH_NO,PER_NO,P1,P2,P3,P4,P5,P6,P7,P8,P9,P10
260448,3,1,0,0,0,0,0,0,0,0,0,0
260449,1,1,20,20,20,20,20,20,20,20,20,20
260450,1,1,0,0,0,0,0,0,0,0,0,0
260450,2,1,0,0,0,0,0,0,0,0,0,0
260450,3,1,0,0,0,0,0,29,0,0,0,0
260451,1,1,5,5,5,5,5,5,5,5,5,5
260452,0,1,24,24,24,24,24,24,24,24,24,24
260452,1,1,0,0,0,0,0,0,14,0,0,0
260453,1,1,0,0,0,0,0,0,0,0,0,0
260454,1,1,0,0,0,0,0,0,0,0,0,0
260454,2,1,0,0,0,0,0,0,0,0,0,0
260455,1,1,22,25,21,16,15,0,17,10,12,23
260455,2,1,0,0,0,12,6,0,0,0,0,0
260455,3,1,0,0,0,0,0,0,0,0,0,0
260456,1,1,6,6,6,6,6,6,6,6,6,6
260457,1,1,13,13,13,13,13,13,13,13,13,13
260457,2,1,0,0,0,0,0,0,0,0,0,0
260458,1,1,20,20,20,20,20,20,20,20,20,20
260459,0,1,0,0,0,0,0,0,0,0,0,0
260459,1,1,0,0,0,0,0,0,0,0,0,0
260460,1,1,0,0,0,0,0,0,24,0,0,0
260460,2,1,0,0,0,0,0,0,0,0,0,0
260461,1,1,0,0,0,0,0,0,0,0,0,0
260461,2,1,0,0,0,0,0,0,0,0,0,0
260462,1,1,14,14,14,14,14,14,14,14,14,14
260462,2,1,0,0,0,0,0,0,0,0,14,0
260463,1,1,0,0,0,0,0,0,0,0,0,0
260463,2,1,0,0,0,0,0,0,0,0,0,0
260464,0,1,27,0,0,0,0,0,0,0,0,0
260464,1,1,0,0,0,0,0,0,0,0,0,0
260465,1,1,4,4,4,4,4,4,4,4,4,4
260465,2,1,0,0,0,0,0,0,0,0,0,0
260466,1,1,0,0,0,0,0,0,0,0,0,0
260467,1,1,0,0,0,0,0,0,0,0,0,0
260467,2,1,0,0,0,6,0,7,13,0,0,24
260468,1,1,15,15,15,15,15,15,15,15,15,15
260469,0,1,0,32,0,0,25,10,11,47,0,0
260469,0,2,0,0,0,0,12,0,0,0,0,0
260469,1,1,0,0,0,0,0,0,0,0,0,0
260470,1,1,17,17,17,17,17,17,17,17,17,17
260470,2,1,17,17,17,17,17,17,17,17,17,17
260472,1,1,0,0,0,0,0,0,0,0,0,0
260472,2,1,0,0,0,0,0,0,0,0,0,0
260473,1,1,0,0,0,0,0,0,0,0,0,0
260473,2,1,0,0,0,0,12,0,0,0,0,0
260474,1,1,0,0,0,0,0,0,0,0,0,0
260474,2,1,0,0,0,0,0,0,0,0,0,0
260475,0,1,0,0,0,0,0,0,0,0,0,0
260475,1,1,0,0,0,0,0,0,0,0,0,0
260476,1,1,9,9,9,9,9,9,9,9,9,9
260477,1,1,12,12,12,12,12,12,12,12,12,12
260478,1,1,0,0,0,0,0,0,0,0,0,0
260478,2,1,0,0,0,0,0,0,0,0,0,0
260479,1,1,0,0,0,0,0,0,0,0,0,0
260479,2,1,0,0,0,0,0,0,0,0,0,0
260480,1,1,7,7,7,7,7,7,7,7,7,7
260480,2,1,0,0,0,0,0,0,0,0,0,0
260481,0,1,0,0,0,0,0,0,0,0,0,0
260481,1,1,0,0,0,0,0,0,0,0,0,0
260482,1,1,4,4,4,4,4,4,4,4,4,4
260482,2,1,0,0,0,0,0,0,0,0,0,0
260483,0,1,0,0,0,0,0,0,0,0,22,0
260484,1,1,9,22,0,0,0,0,0,0,0,30
260485,1,1,0,21,0,0,20,0,0,0,0,0
260486,1,1,0,0,0,0,0,0,0,0,0,0
260486,2,1,0,0,0,0,0,0,0,15,11,0
260487,1,1,14,14,14,14,14,14,14,14,14,14
260488,1,1,0,0,0,0,0,0,0,0,0,0
260488,2,1,0,0,0,0,0,0,0,0,0,0
260489,1,1,0,0,0,0,0,0,0,0,0,0
260489,2,1,0,0,0,0,0,0,0,0,0,0
260490,0,1,16,16,16,16,16,16,16,16,16,16
260490,1,1,0,0,0,0,0,0,0,0,0,0
260491,1,1,0,15,0,64,30,22,19,12,50,27
260492,0,1,12,12,12,12,12,12,12,12,12,12
260492,1,1,0,13,0,0,0,0,0,0,0,0
260493,1,1,0,0,0,0,0,0,0,0,0,0
260493,2,1,0,0,0,0,0,0,0,0,0,0
260494,1,1,20,20,20,20,20,20,20,20,20,20
260495,1,1,0,0,0,0,0,0,0,0,0,0
260495,2,1,18,0,0,0,0,0,0,0,0,0
260496,1,1,0,0,0,0,0,0,0,0,0,0
260496,2,1,0,0,0,0,0,0,0,0,0,0
260497,1,1,0,0,0,0,0,0,0,0,0,0
260497,2,1,0,0,0,0,0,0,0,0,0,0
260498,1,1,5,5,5,5,5,5,5,5,5,5
260499,1,1,14,14,14,14,14,14,14,14,14,14
260500,1,1,0,0,24,0,0,24,0,0,0,0
260501,1,1,0,0,0,0,0,0,0,0,0,0
260501,2,1,0,0,0,0,0,0,0,0,0,0
260502,0,1,0,0,0,0,0,0,0,0,0,0
260502,1,1,0,0,0,0,0,0,0,0,0,0
260503,1,1,0,0,0,0,0,0,0,0,0,0
260503,2,1,0,0,0,0,0,0,0,0,0,0
260503,3,1,0,0,0,0,0,14,0,21,0,0
260504,1,1,0,0,0,0,0,0,0,0,0,0
260504,2,1,0,0,0,0,0,0,0,0,0,0
260505,1,1,0,0,0,12,0,26,0,0,0,0
260506,1,1,7,7,7,7,7,7,7,7,7,7
260507,0,1,32,32,32,32,32,32,32,32,32,32
260507,1,1,9,0,0,0,0,19,0,26,24,0
260508,0,1,0,0,0,0,0,0,0,0,0,0
260508,1,1,0,0,0,0,8,0,0,16,0,0
260509,1,1,0,0,0,0,0,0,0,0,0,0
260509,2,1,0,0,0,0,0,0,0,0,0,0
260510,1,1,8,8,8,8,8,8,8,8,8,8
260511,1,1,0,0,0,0,0,0,0,0,0,0
260511,2,1,0,0,0,0,0,0,0,0,0,0
260512,1,1,33,33,33,33,33,33,33,33,33,33
260512,2,1,12,12,12,12,12,12,12,12,12,12
260513,1,1,0,0,0,0,0,0,0,0,0,0
260513,2,1,0,0,0,0,0,0,0,0,0,0
260514,1,1,26,26,26,26,26,26,26,26,26,26
260515,1,1,51,51,51,51,51,51,51,51,51,51
260516,0,1,30,30,30,30,30,30,30,30,30,30
260516,1,1,0,0,0,0,0,0,0,0,0,0
260517,0,1,20,20,20,20,20,20,20,20,20,20
260517,1,1,0,0,0,0,0,0,0,0,0,0
260518,1,1,0,0,0,0,0,0,0,0,0,0
260518,2,1,0,0,0,0,0,0,0,0,0,0
260519,0,1,0,0,0,0,0,0,0,0,0,0
260519,1,1,0,0,0,0,0,0,0,0,0,0
260520,1,1,0,0,0,15,20,13,0,0,0,17
260521,1,1,0,0,0,0,0,0,0,0,0,0
260521,2,1,0,0,0,0,0,0,0,0,0,0
260522,1,1,31,13,14,11,11,18,8,12,18,11
260523,0,1,0,0,0,0,0,0,21,0,0,0
260523,1,1,0,0,0,0,0,0,0,0,0,0
260524,0,1,0,0,0,0,0,0,0,0,0,0
260524,1,1,0,0,0,0,0,0,0,0,0,0
260525,0,1,0,0,0,0,0,0,0,0,0,0
260525,1,1,0,0,0,0,0,0,0,0,0,0
260526,0,1,0,0,0,33,11,0,0,17,0,0
260526,1,1,0,0,0,0,0,0,0,0,0,0
260527,1,1,0,0,0,0,0,0,0,0,0,0
260528,1,1,0,0,0,0,0,0,0,0,0,0
260529,1,1,0,18,4,24,27,17,9,13,7,17
260529,2,1,0,0,0,0,0,0,0,0,0,0
260530,1,1,0,0,0,0,0,0,0,0,0,0
260532,1,1,0,0,0,0,0,0,0,0,0,0
260533,1,1,0,0,0,0,0,0,0,0,0,0
260533,2,1,0,0,0,0,0,0,0,0,0,0
260534,1,1,9,9,9,9,9,9,9,9,9,9
260535,1,1,0,0,0,0,0,0,0,0,0,0
260535,2,1,0,0,0,0,0,0,8,0,0,0
260536,0,1,20,17,13,32,10,17,17,29,32,34
260536,1,1,0,0,0,0,0,0,0,0,0,0
260537,1,1,0,0,0,0,0,0,0,0,0,0
260537,2,1,0,0,0,0,0,0,0,0,0,0
260538,1,1,0,0,0,0,0,0,0,0,0,0
260539,1,1,0,0,0,0,0,0,0,0,0,0
260539,2,1,0,0,0,0,0,0,0,0,0,0
260540,1,1,0,0,0,0,0,0,0,0,0,0
260541,1,1,0,0,0,0,0,0,0,0,0,0
260542,1,1,0,0,0,0,0,0,0,0,0,0
260543,1,1,17,17,17,17,17,17,17,17,17,17
260544,1,1,0,0,0,0,0,0,0,0,0,0
260544,2,1,0,0,0,0,0,0,0,0,0,0
260545,1,1,24,24,24,24,24,24,24,24,24,24
260546,1,1,0,0,0,0,0,0,0,0,0,0
260546,2,1,0,0,0,0,0,0,0,0,0,0
260547,0,1,33,33,33,33,33,33,33,33,33,33
260547,1,1,0,21,5,0,19,0,24,17,11,0
260548,1,1,12,12,12,12,12,12,12,12,12,12
260548,2,1,0,0,0,0,0,0,0,0,0,0
260549,1,1,0,0,0,0,0,0,0,0,0,0
260550,1,1,0,0,0,24,0,0,2,0,0,0
260551,0,1,0,20,0,33,0,0,0,0,0,0
260551,1,1,0,0,0,0,0,0,0,0,0,0
260552,1,1,10,10,10,10,10,10,10,10,10,10
260553,0,1,0,0,0,0,0,0,0,0,0,0
260553,1,1,0,0,0,10,0,0,11,0,9,0
260554,0,1,31,0,22,0,0,0,0,0,0,0
260554,1,1,0,0,0,0,0,0,0,0,0,0
260555,0,1,0,0,0,0,0,0,0,0,0,0
260555,1,1,0,0,0,0,0,0,0,0,0,0
260556,1,1,0,0,0,10,0,0,15,16,12,31
260556,2,1,0,0,0,0,20,0,0,0,0,0
260557,1,1,0,0,0,0,0,0,0,0,0,0
260557,2,1,0,0,0,0,0,0,0,0,0,0
260557,3,1,0,0,0,0,0,0,0,0,0,0
260557,4,1,0,0,0,0,0,0,0,0,0,0
260558,1,1,0,0,0,0,0,0,0,0,0,0
260558,2,1,0,0,0,0,0,0,0,0,0,0
260559,1,1,17,17,17,17,17,17,17,17,17,17
260559,2,1,0,0,0,0,20,0,0,0,0,0
260560,1,1,0,0,0,0,0,0,0,0,0,0
260560,2,1,0,0,0,0,0,0,0,0,0,0
260561,1,1,0,0,21,0,0,0,0,0,0,0
260561,2,1,0,0,0,0,0,0,0,0,0,0
260562,1,1,0,0,0,0,0,0,0,0,0,0
260562,2,1,0,0,0,0,0,0,0,0,0,19
260563,1,1,0,0,0,0,0,12,0,0,0,12
260564,1,1,0,0,0,0,0,0,0,0,0,0
260564,2,1,0,0,0,0,0,0,0,0,0,0
260565,1,1,12,12,12,12,12,12,12,12,12,12
260565,2,1,0,0,0,0,0,0,0,0,0,0
260565,3,1,0,0,0,0,0,0,0,0,0,0
260566,1,1,0,0,0,0,0,0,0,0,0,0
260567,1,1,0,0,0,0,0,0,0,0,0,0
260568,0,1,0,18,0,26,0,0,0,0,0,19
260568,1,1,0,0,0,3,0,12,0,0,0,0
260569,1,1,22,22,22,22,22,22,22,22,22,22
260570,1,1,4,4,4,4,4,4,4,4,4,4
260570,2,1,0,0,0,0,0,0,0,0,0,0
260571,0,1,28,28,28,28,28,28,28,28,28,28
260571,1,1,0,0,0,0,0,10,0,0,21,0
260572,0,1,0,0,0,0,0,0,0,0,0,0
260572,1,1,7,0,3,0,0,0,0,0,0,0
260573,1,1,21,21,21,21,21,21,21,21,21,21
260574,1,1,5,11,19,14,16,10,23,14,13,7
260575,1,1,0,0,0,0,0,0,0,0,0,0
260575,2,1,0,0,0,0,0,0,0,0,0,0
260576,1,1,0,0,0,0,0,0,0,0,0,0
260577,1,1,0,0,0,0,0,0,0,0,0,0
260577,2,1,0,0,0,0,0,0,0,0,0,0
260578,1,1,0,0,0,0,0,0,0,0,0,0
260578,2,1,0,0,0,0,0,0,0,0,0,0
260578,3,1,0,0,0,0,0,0,0,0,0,0
260579,1,1,0,0,0,0,0,0,0,0,0,20
260580,1,1,0,0,0,0,0,0,0,0,0,0
260580,2,1,0,0,0,0,0,0,0,0,0,0
260581,1,1,18,18,18,18,18,18,18,18,18,18
260582,1,1,0,0,0,0,0,0,0,0,0,0
260582,2,1,0,0,0,0,0,0,0,0,0,0
260583,1,1,0,0,0,0,0,0,0,0,0,0
260583,2,1,0,0,0,13,0,0,0,0,0,0
260584,1,1,9,9,9,9,9,9,9,9,9,9
260585,1,1,11,11,11,11,11,11,11,11,11,11
260585,2,1,0,0,0,0,12,0,0,0,0,0
260586,1,1,19,19,19,19,19,19,19,19,19,19
260586,2,1,0,0,0,0,0,0,0,0,0,0
260587,1,1,0,0,0,0,0,0,0,0,0,0
260588,1,1,0,0,0,0,0,0,0,0,0,0
260588,2,1,0,0,0,0,0,0,0,0,0,0
260589,0,1,0,0,0,0,0,0,27,0,0,0
260589,1,1,0,0,0,0,0,0,18,0,0,0
260590,1,1,33,13,19,11,17,14,31,16,22,12
260591,1,1,0,0,0,0,0,0,0,0,0,0
260591,2,1,0,0,0,0,0,0,0,0,0,0
260592,1,1,29,29,29,29,29,29,29,29,29,29
260593,1,1,0,0,0,0,0,0,0,0,0,0
260593,2,1,0,0,0,0,0,0,0,0,0,0
260594,1,1,0,0,0,0,0,0,0,0,0,16
260594,2,1,0,0,0,0,0,0,0,0,0,0
260595,1,1,16,16,16,16,16,16,16,16,16,16
260595,2,1,0,0,0,0,0,0,0,0,0,0
260596,1,1,14,0,22,0,0,14,0,0,0,0
260596,2,1,0,0,0,0,0,0,0,0,0,0
260596,3,1,3,3,3,3,3,3,3,3,3,3
260597,0,1,0,0,8,30,0,0,0,0,0,0
260597,1,1,0,28,0,0,0,0,0,0,0,0
260598,1,1,6,15,31,17,0,14,39,15,20,22
260599,1,1,4,0,0,0,0,0,0,0,0,0
260599,2,1,0,0,0,0,0,0,0,0,0,0
260600,0,1,21,6,25,0,15,37,26,41,23,0
260600,1,1,0,0,0,0,0,0,0,0,0,0
260601,1,1,0,0,0,0,0,0,0,0,0,0
260602,1,1,24,24,24,24,24,24,24,24,24,24
260603,0,1,0,0,0,0,0,0,0,0,0,0
260603,1,1,0,0,0,0,0,0,0,0,0,0
260604,0,1,25,25,25,25,25,25,25,25,25,25
260604,1,1,0,0,0,0,0,0,0,0,0,0
260605,1,1,0,0,0,0,0,0,0,0,0,0
260605,2,1,0,0,15,0,29,0,0,0,0,0
260606,1,1,0,0,0,0,0,0,0,37,0,22
260607,0,1,26,26,26,26,26,26,26,26,26,26
260607,1,1,0,0,0,0,0,0,0,0,0,0
260608,1,1,10,10,10,10,10,10,10,10,10,10
260609,1,1,0,0,0,0,0,0,0,0,0,0
260609,2,1,0,0,0,0,0,0,0,0,0,0
260610,1,1,0,0,0,0,0,0,0,0,0,0
260610,2,1,0,0,0,0,0,0,0,0,0,0
260611,1,1,0,0,0,0,0,0,0,0,0,0
260612,0,1,0,0,0,0,0,0,0,0,0,0
260612,1,1,0,0,0,0,0,0,0,0,0,0
260613,1,1,10,10,10,10,10,10,10,10,10,10
260614,1,1,0,0,0,0,0,0,0,0,0,0
260614,2,1,20,0,0,0,0,0,0,0,0,0
260615,1,1,28,28,28,28,28,28,28,28,28,28
260616,1,1,9,9,9,9,9,9,9,9,9,9
260617,1,1,0,0,0,0,0,0,0,0,0,10
260618,1,1,6,0,0,0,0,3,0,0,0,0
260619,0,1,24,38,10,25,13,17,7,19,15,27
260619,1,1,0,0,0,0,0,0,0,0,0,0
260620,0,1,0,0,0,0,0,0,14,0,0,0
260620,1,1,0,0,0,0,0,0,0,0,0,0
260621,1,1,0,0,0,0,0,9,0,0,0,0
260621,2,1,0,0,0,0,0,0,0,0,0,0
260622,0,1,0,0,0,0,0,0,0,0,0,0
260622,1,1,0,0,0,0,0,0,0,0,0,31
260623,1,1,0,0,0,19,0,8,0,0,17,0
260623,2,1,12,12,12,12,12,12,12,12,12,12
260624,1,1,0,0,0,0,0,0,0,0,0,0
260625,0,1,0,0,0,0,0,0,0,0,0,0
260625,1,1,0,0,0,0,0,0,0,0,0,0
260626,0,1,0,0,16,21,0,42,16,11,24,0
260626,1,1,0,0,0,0,0,0,0,0,0,0
260627,0,1,9,9,9,9,9,9,9,9,9,9
260627,1,1,0,0,0,0,0,0,0,0,0,0
260628,1,1,0,0,0,0,0,0,0,0,0,0
260628,2,1,0,0,0,0,0,0,0,0,0,0
260629,0,1,0,0,0,0,0,0,0,0,0,0
260629,1,1,0,0,0,0,0,0,0,0,0,0
260630,1,1,0,0,0,0,0,0,0,0,0,0
260630,2,1,0,0,0,0,0,0,0,0,0,0
260631,0,1,0,0,0,0,0,0,0,0,0,0
260631,1,1,0,0,0,0,0,0,0,0,0,0
260632,1,1,0,0,0,0,0,0,0,0,0,0
260632,2,1,1,0,0,0,0,0,0,0,0,0
260633,0,1,0,0,0,0,0,0,0,14,15,0
260633,1,1,0,0,0,0,0,0,0,0,0,0
260634,1,1,0,0,0,0,0,20,0,0,0,0
260635,0,1,22,22,22,22,22,22,22,22,22,22
260635,1,1,0,0,0,0,0,0,0,0,0,0
260636,1,1,0,0,0,0,0,0,0,0,0,0
260636,2,1,0,0,0,0,0,0,0,0,0,0
260637,0,1,20,28,24,16,0,18,21,23,19,23
260637,1,1,0,0,0,0,0,0,0,0,0,0
260638,1,1,0,0,0,0,0,0,0,0,0,0
260638,2,1,0,0,0,0,0,0,0,0,0,0
260639,1,1,0,0,0,0,0,0,0,0,0,0
260639,2,1,0,0,0,0,0,0,0,0,0,0
260640,1,1,0,0,0,0,0,0,0,0,0,0
260641,1,1,0,0,0,0,0,0,0,0,0,0
260641,2,1,0,0,0,0,0,0,0,0,0,0
260642,0,1,23,27,22,20,20,9,24,15,19,10
260642,1,1,0,0,0,0,0,0,0,0,0,0
260643,1,1,0,0,0,0,0,14,0,0,0,17
260644,0,1,47,0,28,0,0,0,0,0,0,0
260644,1,1,0,0,7,0,4,0,0,0,0,0
260645,1,1,0,0,0,0,0,0,0,0,0,0
260646,0,1,0,0,0,0,18,0,0,0,0,11
260646,1,1,0,0,0,0,0,0,0,0,0,0
260647,0,1,8,5,20,21,14,9,35,20,9,13
260647,1,1,0,0,0,0,0,0,0,0,0,0
260648,1,1,16,16,16,16,16,16,16,16,16,16
260649,1,1,0,0,0,0,0,0,0,0,0,0
260650,1,1,0,0,0,0,0,0,0,0,0,0
260650,2,1,0,0,0,0,0,0,0,0,0,0
260651,1,1,0,0,0,0,0,0,0,0,0,0
260652,1,1,20,20,20,20,20,20,20,20,20,20
260652,2,1,0,0,0,0,0,0,0,0,0,0
260653,0,1,0,0,18,0,23,0,0,0,23,34
260653,1,1,0,0,0,0,0,0,0,0,0,19
260654,1,1,18,18,18,18,18,18,18,18,18,18
260655,0,1,0,0,0,0,0,0,0,0,0,0
260655,1,1,0,0,0,0,0,0,0,0,0,0
260656,1,1,0,0,0,0,0,0,0,0,0,0
260656,2,1,0,0,0,0,0,0,0,0,0,0
260656,3,1,0,0,0,0,0,22,0,0,0,0
260656,4,1,0,0,0,0,13,26,0,0,19,0
260657,1,1,0,0,0,0,0,0,0,0,0,0
260657,2,1,19,0,0,0,0,0,0,34,0,0
260658,1,1,0,0,0,0,0,0,0,0,0,0
260658,2,1,0,0,0,0,0,0,0,0,0,0
260659,1,1,0,0,0,0,0,0,0,0,0,0
260660,0,1,0,0,38,0,0,16,0,0,0,0
260660,1,1,7,0,0,0,13,0,0,0,19,0
260661,1,1,0,0,0,0,0,0,0,0,0,0
260661,2,1,0,0,0,0,0,0,0,0,0,0
260662,1,1,0,0,0,0,0,0,0,0,0,0
260662,2,1,0,0,0,0,0,0,0,0,0,0
260663,1,1,16,6,12,12,16,16,9,16,17,19
260663,2,1,0,0,0,0,0,0,0,0,0,0
260664,1,1,0,0,0,0,0,0,0,0,0,0
260664,2,1,0,0,14,9,0,0,0,0,0,0
260665,1,1,0,0,6,0,0,0,0,0,0,0
260666,1,1,0,0,0,33,0,0,0,0,0,0
260667,1,1,23,23,23,23,23,23,23,23,23,23
260668,1,1,0,0,0,0,0,0,0,0,0,0
260669,1,1,0,0,0,0,0,10,0,0,0,0
260671,1,1,11,11,11,11,11,11,11,11,11,11
260673,1,1,15,15,15,15,15,15,15,15,15,15
260674,1,1,0,0,0,0,0,0,0,0,0,0
260674,2,1,0,0,0,0,0,0,0,0,0,0
260675,1,1,0,0,0,0,0,0,0,0,0,0
260676,1,1,0,0,0,0,0,0,0,0,0,0
260676,2,1,0,0,0,0,0,0,0,0,0,0
260677,1,1,0,0,0,0,0,0,0,0,0,0
260678,1,1,0,0,0,0,0,0,0,0,0,0
260678,2,1,0,0,0,0,0,0,0,0,0,0
260679,0,1,0,0,0,0,0,0,0,0,0,0
260679,1,1,0,0,0,0,0,0,0,0,0,0
260680,0,1,0,0,31,0,0,0,0,0,23,0
260680,1,1,0,0,0,0,0,0,0,0,0,0
260681,1,1,0,0,0,0,0,0,0,0,0,0
260681,2,1,0,0,0,0,0,0,0,0,0,0
260681,3,1,0,11,0,0,0,0,0,0,0,0
260682,1,1,0,0,0,0,0,0,0,0,0,7
260682,2,1,0,0,0,0,0,0,0,0,0,0
260684,1,1,16,16,16,16,16,16,16,16,16,16
260684,2,1,0,0,0,0,0,0,0,0,0,0
260685,1,1,20,12,24,20,31,15,24,15,8,2
260686,1,1,0,0,0,0,0,0,0,0,0,0
260686,2,1,0,0,0,0,0,0,0,0,0,0
260687,1,1,6,6,6,6,6,6,6,6,6,6
260687,2,1,0,0,0,0,0,0,0,0,0,0
260688,1,1,12,12,12,12,12,12,12,12,12,12
260689,1,1,0,0,0,0,0,0,0,0,0,0
260689,2,1,0,0,0,0,0,0,0,0,0,0
260690,1,1,0,0,0,0,0,0,0,0,0,0
260691,1,1,8,10,6,22,19,21,24,13,22,17
260692,1,1,0,0,0,12,0,11,30,25,0,27
260693,1,1,0,0,0,0,0,0,0,0,0,0
260693,2,1,0,0,0,0,0,0,0,18,0,0
260694,0,1,0,0,0,0,0,0,0,0,0,0
260694,1,1,0,0,0,5,0,0,0,0,0,0
260695,0,1,0,0,0,0,0,0,0,0,0,0
260695,0,2,0,0,15,0,0,0,0,0,0,0
260695,1,1,0,0,0,0,0,0,0,0,0,0
260696,1,1,29,29,29,29,29,29,29,29,29,29
260696,2,1,0,0,0,0,0,0,0,0,0,0
260697,1,1,0,0,0,0,0,0,0,0,0,0
260698,1,1,0,0,0,0,0,0,8,0,15,0
260699,1,1,10,13,9,29,37,12,23,10,22,17
260700,1,1,0,0,0,0,0,0,0,0,0,0
260700,2,1,0,0,0,0,0,11,0,0,0,0
260701,1,1,20,20,20,20,20,20,20,20,20,20
260702,1,1,0,0,0,0,0,0,0,0,0,0
260702,2,1,0,0,0,0,0,0,0,0,0,0
260703,1,1,0,0,0,0,0,0,0,0,0,0
260703,2,1,0,0,0,0,0,0,0,0,0,0
260703,3,1,0,0,0,0,0,0,0,0,0,0
260703,4,1,0,0,0,0,0,0,0,0,0,0
260704,1,1,0,0,0,0,0,0,0,0,0,0
260704,2,1,0,0,0,0,0,0,0,0,0,0
260705,1,1,0,0,0,0,0,0,0,0,0,0
260705,2,1,0,0,0,0,10,0,0,17,0,0
260705,3,1,0,0,0,0,0,0,0,0,0,0
260705,4,1,0,0,0,0,0,0,0,0,0,0
260706,0,1,0,5,24,0,0,0,0,0,0,0
260706,1,1,0,0,0,0,0,0,0,0,0,0
260707,1,1,0,0,0,0,0,0,0,0,0,0
260707,2,1,0,0,0,0,0,0,0,0,0,0
260707,3,1,0,0,0,0,0,0,0,0,0,0
260708,0,1,0,0,0,0,0,0,0,0,0,0
260708,1,1,0,0,0,0,0,0,0,0,0,0
260709,0,1,0,0,0,0,0,0,0,20,0,0
260709,1,1,0,0,0,0,0,0,0,0,0,0
260710,1,1,0,0,0,0,0,0,0,0,0,0
260710,2,1,0,0,0,0,0,0,0,0,0,0
260711,1,1,19,19,19,19,19,19,19,19,19,19
260711,2,1,0,0,0,0,0,0,0,0,0,0
260712,1,1,0,0,0,0,0,0,0,0,0,0
260713,1,1,0,0,0,0,0,0,0,0,0,0
260713,2,1,0,0,0,0,0,0,0,0,0,0
260714,1,1,0,0,0,0,0,0,0,0,0,0
260715,1,1,7,7,7,7,7,7,7,7,7,7
260716,0,1,0,0,0,0,0,0,0,16,11,0
260716,1,1,0,0,0,0,0,0,0,0,0,0
260717,1,1,0,0,0,0,0,0,0,0,0,0
260718,1,1,0,0,0,0,0,0,0,0,0,0
260718,2,1,0,0,0,0,0,0,0,0,0,0
260719,1,1,26,26,26,26,26,26,26,26,26,26
260720,1,1,0,0,0,0,0,0,0,0,0,0
260721,0,1,0,0,0,0,0,0,0,0,0,0
260721,1,1,0,0,0,0,0,0,0,0,0,0
260722,0,1,0,0,0,0,0,0,0,0,0,0
260722,1,1,0,0,14,0,0,0,0,0,0,0
260723,0,1,25,25,25,25,25,25,25,25,25,25
260723,1,1,0,0,0,0,0,0,0,0,0,0
260724,1,1,20,20,20,20,20,20,20,20,20,20
260725,0,1,21,21,21,21,21,21,21,21,21,21
260725,1,1,0,0,0,0,0,0,0,0,0,0
260726,1,1,0,0,0,0,0,0,0,0,0,0
260726,2,1,0,0,0,0,0,0,0,0,0,0
260727,1,1,0,0,0,0,0,0,0,0,3,0
260728,1,1,13,0,0,0,0,0,0,0,0,0
260729,1,1,0,0,0,0,0,0,0,0,0,0
260730,1,1,0,0,0,0,0,0,0,0,0,0
260731,0,1,0,0,0,0,0,0,0,0,0,0
260731,1,1,0,0,0,0,0,0,0,0,0,0
260732,1,1,0,0,0,0,0,0,0,0,0,0
260732,2,1,0,0,0,0,0,0,0,0,0,0
260733,0,1,0,8,0,0,0,0,0,0,17,0
260733,0,2,0,0,0,0,0,0,0,0,0,0
260733,1,1,0,0,0,0,0,0,0,0,0,0
260734,1,1,0,0,0,0,0,0,0,0,0,28
260734,2,1,0,0,0,0,0,0,0,0,0,0
260734,3,1,0,0,0,0,0,0,0,0,0,0
260734,4,1,0,0,0,0,0,0,0,0,7,0
260735,1,1,0,0,0,0,0,0,0,0,0,0
260736,1,1,0,0,0,0,0,0,0,0,0,0
260737,1,1,0,0,0,0,0,0,0,0,0,0
260738,1,1,14,6,0,0,0,0,29,18,27,0
260739,1,1,0,0,0,0,0,0,0,0,0,0
260739,2,1,0,0,0,0,0,0,0,0,0,0
260740,1,1,0,0,0,0,0,0,0,0,0,0
260740,2,1,0,0,0,0,0,0,0,0,0,0
260740,3,1,0,0,0,0,0,0,0,0,0,0
260740,4,1,0,7,0,0,0,0,0,0,0,0
260741,1,1,0,0,0,0,0,0,0,0,0,0
260742,1,1,0,0,0,0,0,0,0,0,0,0
260743,1,1,0,0,0,0,0,0,0,0,0,13
260743,2,1,0,0,0,0,0,0,0,0,0,0
260744,1,1,0,0,0,0,0,0,0,23,0,0
260745,1,1,3,3,3,3,3,3,3,3,3,3
260746,1,1,0,0,0,0,0,0,0,0,0,0
260746,2,1,0,0,13,0,0,0,12,0,0,0
260747,1,1,0,0,0,0,0,0,0,0,0,0
260748,1,1,0,0,0,0,0,0,0,0,0,0
260748,2,1,0,0,0,0,0,0,0,0,0,0
260749,1,1,4,4,4,4,4,4,4,4,4,4
260750,1,1,0,0,0,0,5,0,0,0,0,0
260751,1,1,0,0,0,13,0,0,0,0,0,0
260751,2,1,0,0,0,7,0,0,0,0,0,0
260752,1,1,21,21,21,21,21,21,21,21,21,21
260753,1,1,0,0,0,0,23,22,0,0,13,0
260754,1,1,17,17,17,17,17,17,17,17,17,17
260755,0,1,11,33,0,18,25,18,28,8,15,12
260755,1,1,0,0,0,0,0,0,0,0,0,0
260756,0,1,0,0,0,0,0,0,0,0,0,0
260756,1,1,1,1,1,1,1,1,1,1,1,1
260757,1,1,0,0,0,0,0,0,0,0,0,0
260757,2,1,0,0,0,0,0,0,0,0,0,0
260757,3,1,0,0,0,0,0,0,0,14,0,0
260758,0,1,0,0,0,0,0,0,0,0,0,0