ST_CASE,VEH_NO,PER_NO,P1,P2,P3,P4,P5,P6,P7,P8,P9,P10
260758,1,1,4,4,4,4,4,4,4,4,4,4
260759,1,1,0,0,0,0,0,0,0,0,0,0
260760,1,1,0,0,0,0,0,7,0,0,0,0
260760,2,1,0,0,0,0,0,0,0,0,0,0
260761,0,1,0,0,12,0,0,0,0,0,0,0
260761,1,1,0,0,0,0,0,0,0,0,0,0
260762,0,1,33,15,17,20,37,34,13,24,23,20
260762,1,1,0,0,0,0,0,0,0,0,0,0
260762,2,1,0,0,0,0,0,0,0,16,0,0
260762,3,1,0,0,0,0,0,0,0,0,0,6
260762,4,1,0,0,17,0,0,0,0,0,0,0
260762,5,1,0,0,0,0,0,17,0,0,0,0
260762,6,1,0,0,0,0,0,10,0,0,0,0
260762,7,1,0,19,0,0,0,0,0,0,0,10
260763,1,1,26,26,26,26,26,26,26,26,26,26
260764,1,1,0,0,41,16,0,0,0,0,0,0
260765,1,1,16,24,0,18,17,0,0,11,20,0
260766,0,1,0,0,0,10,0,0,0,0,0,0
260766,1,1,0,0,0,0,0,0,0,0,0,0
260767,1,1,23,23,23,23,23,23,23,23,23,23
260768,1,1,0,0,0,0,0,0,0,0,0,0
260768,2,1,0,0,0,0,0,0,0,0,0,0
260769,0,1,15,15,15,15,15,15,15,15,15,15
260769,1,1,0,13,0,13,0,0,0,0,0,0
260770,1,1,0,0,0,0,0,0,0,0,0,0
260771,1,1,0,0,0,17,0,0,14,9,0,0
260772,1,1,14,14,14,14,14,14,14,14,14,14
260773,1,1,0,0,0,0,0,0,0,0,0,0
260773,2,1,0,0,0,0,0,0,0,0,0,0
260774,1,1,0,0,0,0,0,0,0,0,0,0
260774,2,1,0,0,0,0,0,0,0,0,0,0
260775,1,1,13,0,12,12,0,0,34,23,0,26
260776,1,1,0,0,0,0,0,0,0,0,0,0
260776,2,1,0,0,0,0,0,0,0,0,0,0
260777,1,1,0,0,0,0,0,0,0,0,0,0
260778,1,1,19,19,19,19,19,19,19,19,19,19
260779,1,1,0,0,0,0,0,0,0,0,0,0
260779,2,1,0,0,0,0,0,0,0,0,0,0
260780,0,1,0,0,0,0,0,0,0,0,0,0
260780,1,1,0,0,10,0,6,0,0,9,15,0
260781,1,1,27,0,0,0,0,0,0,0,0,0
260782,1,1,22,22,22,22,22,22,22,22,22,22
260783,1,1,0,0,0,0,0,0,0,0,0,0
260783,2,1,0,0,0,0,0,0,0,0,0,0
260784,1,1,0,0,0,0,0,0,0,0,0,0
260784,2,1,0,0,0,0,0,0,0,0,0,0
260785,1,1,0,0,0,0,0,0,0,0,0,0
260786,0,1,0,0,0,0,0,0,27,0,13,0
260786,1,1,0,0,0,0,0,0,0,0,0,0
260787,1,1,0,0,0,0,0,0,0,0,0,0
260788,1,1,11,11,11,11,11,11,11,11,11,11
260789,0,1,11,0,27,0,0,0,0,0,0,0
260789,1,1,0,0,0,0,0,0,0,0,0,0
260790,1,1,0,0,0,0,0,0,0,0,0,0
260790,2,1,0,0,16,0,0,0,0,0,0,0
260791,1,1,0,0,0,0,0,0,0,0,0,0
260791,2,1,0,0,0,0,0,0,0,0,0,0
260792,1,1,0,0,0,0,0,0,0,0,0,0
260793,1,1,0,0,0,0,0,0,0,0,0,0
260793,2,1,0,0,0,0,0,0,0,0,0,0
260794,0,1,0,0,0,0,24,0,0,0,30,0
260794,1,1,0,0,0,0,0,0,0,22,0,0
260795,0,1,8,8,8,8,8,8,8,8,8,8
260795,1,1,0,0,0,0,0,0,0,0,0,0
260796,1,1,0,0,0,0,0,0,0,0,0,0
260796,2,1,0,0,0,0,0,0,0,0,0,0
260797,1,1,0,0,0,0,0,0,0,0,0,0
260797,2,1,0,0,0,0,0,0,0,0,0,0
260797,3,1,0,0,0,0,0,0,0,0,0,0
260798,1,1,0,0,0,0,0,0,0,0,0,0
260798,2,1,0,0,0,0,0,0,0,0,0,0
260799,1,1,0,0,0,0,0,0,13,0,0,0
260800,1,1,0,0,0,0,0,0,0,0,0,0
260800,2,1,0,0,0,0,0,0,0,0,0,0
260800,3,1,0,0,0,0,0,0,0,0,0,8
260800,4,1,0,0,0,0,0,0,0,0,0,0
260800,5,1,0,0,0,0,0,0,0,0,0,0
260801,1,1,0,0,0,0,0,0,0,0,0,0
260802,1,1,0,0,0,0,0,0,0,0,0,0
260803,1,1,0,0,0,0,0,0,0,0,0,0
260804,1,1,0,0,0,0,0,0,0,0,0,19
260804,2,1,0,8,0,0,0,0,0,9,0,0
260805,0,1,0,0,0,0,0,0,0,0,0,0
260805,1,1,0,0,0,0,0,0,0,0,0,0
260806,1,1,0,0,0,0,0,0,0,0,0,0
260806,2,1,4,0,0,0,12,0,0,8,0,0
260807,1,1,0,7,0,0,0,0,0,0,0,0
260807,2,1,0,9,0,0,0,0,0,0,0,0
260807,3,1,0,0,0,0,0,0,12,0,0,0
260807,4,1,0,0,24,0,0,0,0,0,0,7
260808,0,1,0,0,0,0,0,0,0,0,0,0
260808,1,1,0,0,0,0,0,0,0,0,0,0
260809,1,1,0,0,0,0,0,0,0,0,0,0
260810,1,1,0,0,0,0,0,0,0,0,0,15
260810,2,1,0,0,0,0,0,0,0,0,0,0
260811,1,1,0,0,0,10,0,0,0,0,0,0
260811,2,1,0,0,0,0,0,0,0,0,0,0
260812,1,1,25,0,0,0,0,23,0,12,26,0
260813,0,1,26,26,26,26,26,26,26,26,26,26
260813,1,1,0,0,0,0,0,0,0,0,0,0
260814,1,1,12,0,0,0,0,0,0,0,0,0
260814,2,1,0,0,0,0,0,0,0,0,0,0
260814,3,1,0,4,0,0,0,0,0,0,0,0
260815,0,1,16,0,0,0,0,0,0,0,0,0
260815,1,1,0,0,0,21,15,0,0,0,0,0
260816,1,1,0,0,0,0,0,0,0,0,0,0
260816,2,1,0,0,0,0,0,0,0,0,0,0
260817,1,1,0,0,0,0,0,0,0,0,22,0
260817,2,1,0,0,0,0,0,0,0,0,0,0
260818,1,1,18,18,18,18,18,18,18,18,18,18
260819,1,1,10,7,13,9,13,9,12,0,10,18
260819,2,1,0,0,0,0,0,0,0,0,23,17
260820,1,1,0,0,0,0,0,0,0,0,0,0
260820,2,1,0,0,0,0,0,0,0,0,0,0
260821,0,1,21,10,15,23,23,15,16,11,16,4
260821,1,1,0,20,0,0,0,0,0,0,0,0
260822,1,1,0,0,0,0,0,0,0,0,0,0
260823,1,1,0,0,0,0,0,0,0,0,0,0
260824,0,1,3,3,3,3,3,3,3,3,3,3
260824,2,1,3,3,3,3,3,3,3,3,3,3
260825,1,1,0,0,0,0,0,0,0,0,0,0
260825,2,1,0,0,0,0,0,0,0,16,0,0
260825,3,1,0,0,0,0,0,0,0,0,0,0
260826,1,1,0,0,0,0,0,0,0,0,0,0
260827,1,1,0,0,0,0,0,0,0,0,0,0
260827,2,1,0,0,0,0,0,0,0,0,0,0
260827,3,1,0,0,0,0,0,0,0,0,0,0
260828,0,1,0,0,0,0,0,0,0,0,52,0
260828,1,1,0,0,0,0,0,0,0,0,0,0
260829,1,1,0,0,0,0,0,0,0,0,0,0
260830,1,1,0,0,0,0,0,0,0,0,0,0
260831,1,1,0,0,0,0,0,0,0,0,0,0
260831,2,1,0,0,0,23,0,0,0,0,0,0
260832,1,1,0,0,0,0,0,0,0,0,0,0
260833,1,1,0,0,0,0,0,0,0,0,0,0
260834,0,1,0,0,0,0,0,0,0,0,0,0
260834,1,1,0,0,0,0,0,0,0,0,0,0
260835,1,1,0,0,0,0,0,0,0,0,0,0
260835,2,1,0,0,0,0,0,0,0,0,0,0
260836,1,1,0,0,0,0,0,0,0,0,0,0
260836,2,1,0,0,0,0,0,0,0,0,0,0
260837,1,1,0,0,0,0,0,0,0,0,0,0
260837,2,1,0,0,0,0,0,0,0,0,0,0
260838,1,1,0,0,16,0,0,0,0,0,0,0
260838,2,1,0,0,0,0,0,0,0,0,0,0
260839,1,1,0,0,0,0,0,0,0,0,0,0
260840,1,1,14,5,0,0,0,0,21,0,0,0
260841,1,1,0,0,0,0,0,0,0,0,0,0
260841,2,1,0,0,0,0,14,0,0,0,0,0
260842,1,1,0,0,0,0,0,0,0,0,0,0
260842,2,1,0,0,29,0,0,0,0,0,0,0
260843,1,1,0,0,0,0,0,0,0,0,0,0
260843,2,1,0,0,0,0,0,0,0,0,0,0
260844,1,1,0,0,0,0,0,0,0,0,0,0
260844,2,1,0,0,0,0,0,0,0,0,0,0
260845,1,1,0,0,0,0,0,0,0,0,0,0
260845,2,1,0,0,0,0,0,0,0,0,0,0
260845,3,1,0,0,0,0,0,0,0,0,0,0
260846,1,1,0,0,0,0,22,0,0,0,0,0
260846,2,1,0,0,0,0,0,0,0,0,0,0
260847,1,1,0,0,0,0,0,0,7,0,0,0
260847,2,1,0,0,0,0,0,0,0,0,0,0
260848,1,1,0,0,0,0,0,0,0,0,0,0
260848,2,1,32,32,32,32,32,32,32,32,32,32
260849,0,1,0,11,0,0,0,0,0,0,0,0
260849,1,1,0,0,0,0,0,0,0,0,0,0
260850,1,1,9,9,9,9,9,9,9,9,9,9
260850,2,1,0,0,0,0,0,0,0,0,0,0
270001,1,1,0,0,0,0,0,0,0,0,0,0
270001,2,1,0,0,0,0,0,0,0,0,0,16
270002,1,1,0,0,0,0,0,0,0,0,0,0
270003,1,1,0,0,0,0,0,0,0,0,16,0
270004,1,1,16,16,16,16,16,16,16,16,16,16
270005,1,1,0,23,0,0,0,0,0,18,0,0
270005,2,1,0,0,0,0,0,0,0,0,0,0
270006,1,1,18,18,18,18,18,18,18,18,18,18
270006,2,1,0,0,0,0,0,0,16,0,0,0
270007,1,1,24,24,24,24,24,24,24,24,24,24
270008,1,1,0,0,0,22,16,0,0,0,0,0
270008,2,1,16,8,0,0,0,0,0,0,0,0
270009,1,1,0,0,0,0,0,0,0,0,0,0
270009,2,1,0,19,0,0,0,0,0,0,0,0
270010,1,1,0,0,0,0,0,0,0,0,0,0
270011,1,1,0,0,0,0,0,0,0,0,0,0
270011,2,1,13,13,13,13,13,13,13,13,13,13
270012,0,1,5,5,5,5,5,5,5,5,5,5
270012,1,1,0,0,41,0,0,0,0,0,0,0
270013,1,1,0,0,0,0,0,0,0,0,0,0
270013,2,1,0,0,0,0,0,0,0,0,0,0
270014,1,1,13,13,13,13,13,13,13,13,13,13
270014,2,1,0,0,0,0,10,0,0,0,0,0
270015,1,1,24,24,24,24,24,24,24,24,24,24
270016,1,1,22,22,22,22,22,22,22,22,22,22
270017,1,1,0,0,0,0,0,0,0,0,0,0
270017,2,1,0,0,0,0,0,0,0,0,0,0
270018,1,1,0,0,0,0,0,0,0,0,0,0
270019,1,1,10,10,10,10,10,10,10,10,10,10
270020,1,1,16,16,16,16,16,16,16,16,16,16
270021,1,1,0,0,0,0,0,0,0,0,0,0
270022,1,1,0,0,0,0,0,0,0,0,0,0
270023,1,1,0,0,0,0,0,0,0,0,0,0
270023,2,1,28,28,28,28,28,28,28,28,28,28
270024,1,1,0,0,0,0,0,0,0,0,0,0
270025,0,1,0,0,0,0,0,0,0,0,0,0
270025,1,1,23,23,23,23,23,23,23,23,23,23
270026,1,1,0,0,0,0,0,0,0,0,0,0
270026,2,1,0,0,25,3,0,0,0,0,0,0
270027,1,1,0,0,0,0,0,0,0,0,0,0
270028,1,1,0,0,0,0,0,0,0,0,0,0
270029,1,1,0,0,0,0,0,0,0,0,0,0
270030,1,1,0,0,0,0,0,0,16,0,0,0
270031,0,1,0,0,0,0,0,0,0,0,0,0
270031,1,1,0,0,0,0,0,0,0,0,0,0
270032,1,1,4,4,4,4,4,4,4,4,4,4
270034,1,1,0,0,0,0,0,0,0,0,0,0
270034,2,1,0,0,0,0,0,0,0,0,0,0
270035,1,1,0,0,0,0,0,0,0,0,0,0
270035,2,1,0,0,0,0,0,0,0,0,0,0
270036,1,1,0,0,0,0,0,0,0,0,0,0
270036,2,1,0,0,0,0,0,0,0,0,0,0
270037,1,1,0,19,0,0,0,0,0,0,0,0
270037,2,1,0,0,0,0,0,0,0,0,0,0
270038,1,1,0,0,0,0,0,0,0,0,0,0
270038,2,1,0,0,0,0,0,0,0,0,0,0
270039,1,1,0,0,0,0,0,0,0,0,0,0
270039,2,1,0,0,0,0,0,0,0,0,0,0
270040,1,1,0,0,0,0,0,0,0,0,0,0
270040,2,1,11,0,0,0,0,23,0,18,0,22
270041,1,1,0,0,0,0,0,0,10,7,13,0
270041,2,1,0,0,0,0,0,0,0,0,0,0
270042,1,1,0,0,0,0,0,0,0,0,0,0
270043,1,1,0,0,0,0,0,0,0,0,0,0
270044,1,1,0,0,0,0,0,0,0,0,0,0
270044,2,1,0,0,0,0,0,0,0,0,0,0
270045,1,1,0,0,0,0,0,0,0,0,0,0
270045,2,1,0,0,0,0,0,29,0,0,5,0
270047,1,1,0,0,0,0,0,0,0,0,0,0
270047,2,1,0,0,0,0,0,0,0,0,0,0
270048,1,1,0,0,0,0,0,0,0,0,0,0
270048,2,1,0,0,0,0,0,0,0,0,0,0
270049,1,1,0,0,0,0,0,0,0,0,0,0
270050,1,1,40,40,40,40,40,40,40,40,40,40
270051,1,1,21,21,21,21,21,21,21,21,21,21
270052,1,1,0,0,0,0,0,0,0,0,0,0
270052,2,1,0,0,0,0,0,0,0,0,0,0
270053,1,1,0,0,0,0,0,0,0,0,0,12
270053,2,1,0,0,0,0,0,0,0,0,0,0
270054,1,1,0,0,0,0,0,0,0,0,0,0
270054,2,1,9,9,9,9,9,9,9,9,9,9
270055,1,1,0,0,0,0,0,0,0,0,0,0
270055,2,1,0,0,0,0,0,0,0,0,0,0
270056,1,1,0,0,0,0,0,0,0,0,0,0
270056,2,1,27,27,27,27,27,27,27,27,27,27
270057,1,1,1,1,1,1,1,1,1,1,1,1
270057,2,1,0,0,0,0,0,20,0,0,0,0
270058,1,1,16,16,16,16,16,16,16,16,16,16
270059,1,1,0,0,0,0,0,0,0,0,0,0
270059,2,1,0,0,0,0,0,0,0,0,0,0
270060,1,1,0,0,0,0,0,0,0,0,0,0
270060,2,1,0,0,0,0,0,0,0,0,0,0
270061,1,1,3,3,3,3,3,3,3,3,3,3
270062,1,1,0,0,0,0,0,0,0,8,0,0
270062,2,1,0,0,0,0,0,0,0,0,0,0
270063,1,1,0,0,0,0,0,0,0,0,0,0
270063,2,1,0,0,0,0,0,0,0,0,0,0
270064,1,1,0,0,0,0,0,0,0,0,0,0
270064,2,1,0,0,0,0,0,0,0,0,0,0
270065,1,1,0,0,0,0,0,0,0,0,0,0
270065,2,1,0,0,0,0,0,0,11,0,0,0
270066,1,1,0,0,0,0,0,0,0,0,0,0
270066,2,1,0,0,0,0,0,0,0,0,0,0
270067,1,1,0,0,0,0,0,0,0,0,0,0
270067,2,1,0,0,25,0,0,0,0,0,0,0
270067,3,1,0,0,0,0,0,0,0,0,23,0
270068,1,1,0,21,0,0,0,0,0,0,15,0
270068,2,1,0,0,0,0,0,0,0,0,0,0
270069,1,1,0,0,0,0,0,0,0,0,0,0
270069,2,1,0,0,0,0,0,8,12,18,0,0
270070,1,1,0,0,0,0,0,0,0,0,0,0
270070,2,1,0,0,0,0,0,0,0,0,0,4
270071,1,1,12,12,12,12,12,12,12,12,12,12
270071,2,1,0,0,0,0,0,0,0,0,0,0
270071,3,1,0,0,0,0,0,0,0,0,0,0
270072,1,1,13,13,13,13,13,13,13,13,13,13
270073,1,1,0,0,0,0,0,0,0,0,0,0
270074,1,1,0,0,0,0,0,0,0,0,0,0
270074,2,1,0,0,0,0,0,0,0,0,0,0
270075,1,1,0,0,0,0,0,0,0,0,0,0
270075,2,1,0,0,0,0,0,0,0,0,0,0
270076,1,1,0,0,0,0,0,0,0,0,0,0
270076,2,1,0,0,0,0,0,0,0,0,0,0
270077,0,1,0,0,0,0,0,0,0,0,0,0
270077,1,1,0,0,7,24,0,0,22,0,0,0
270078,1,1,0,0,0,0,0,0,0,0,0,0
270078,2,1,0,0,0,0,0,0,0,0,0,0
270079,1,1,16,16,16,16,16,16,16,16,16,16
270080,1,1,0,0,0,0,0,0,0,0,0,0
270081,1,1,0,0,0,0,0,0,0,0,0,0
270081,2,1,0,0,0,0,0,0,0,0,0,0
270082,1,1,0,0,0,0,0,0,0,0,0,0
270082,2,1,24,24,24,24,24,24,24,24,24,24
270083,1,1,0,0,0,0,0,0,0,0,0,0
270083,2,1,0,0,0,0,0,0,0,0,0,0
270084,1,1,0,0,0,26,0,0,0,0,11,0
270084,2,1,0,0,0,25,0,16,0,0,0,0
270085,1,1,13,0,0,0,0,0,0,0,0,0
270085,2,1,0,0,0,0,0,0,0,0,0,0
270086,1,1,0,0,0,0,0,0,0,0,0,0
270086,2,1,0,0,0,0,0,0,0,0,0,0
270087,1,1,0,0,0,0,0,0,0,0,0,0
270087,2,1,0,0,0,0,0,0,0,0,0,0
270087,3,1,0,0,0,0,0,0,0,0,0,0
270088,1,1,14,14,14,14,14,14,14,14,14,14
270089,1,1,42,42,42,42,42,42,42,42,42,42
270090,1,1,0,0,0,0,0,0,0,0,0,0
270090,2,1,0,0,0,0,0,0,0,0,0,0
270091,1,1,0,0,0,0,0,0,0,0,0,0
270091,2,1,0,0,0,0,0,0,0,0,0,0
270092,1,1,0,0,0,0,0,15,0,0,0,0
270092,2,1,0,9,0,0,0,0,0,0,0,0
270093,1,1,0,0,0,0,0,0,0,0,0,0
270094,1,1,0,0,0,0,0,0,0,0,0,0
270094,2,1,0,0,0,0,0,0,0,0,0,0
270095,1,1,0,0,0,0,0,0,0,0,0,0
270096,1,1,0,0,0,20,0,0,0,0,0,0
270096,2,1,0,0,0,0,0,0,0,0,0,0
270097,1,1,18,0,4,11,24,15,14,7,0,20
270098,1,1,0,0,0,0,0,0,0,0,0,0
270098,2,1,0,0,0,0,0,0,17,8,10,0
270099,3,1,0,0,0,0,0,0,0,0,0,0
270100,1,1,0,0,0,0,0,0,0,0,0,0
270100,2,1,0,0,0,0,0,0,0,0,0,0
270101,1,1,0,0,0,0,0,0,24,0,0,0
270101,2,1,0,0,0,0,0,0,0,0,0,0
270102,1,1,0,0,0,0,0,0,0,0,0,0
270102,2,1,11,11,11,11,11,11,11,11,11,11
270102,3,1,0,0,0,0,0,0,0,0,0,0
270103,1,1,0,14,0,10,0,0,0,0,0,0
270103,2,1,0,0,0,0,0,0,0,0,0,0
270104,0,1,0,0,0,0,0,0,0,0,0,0
270104,1,1,0,0,0,0,0,0,0,0,0,0
270105,0,1,36,36,36,36,36,36,36,36,36,36
270105,1,1,0,0,0,0,0,0,0,0,0,0
270106,1,1,0,0,0,0,0,0,0,0,0,0
270106,2,1,0,0,0,0,0,0,0,0,0,0
270106,3,1,0,0,0,0,0,0,0,0,0,0
270107,1,1,0,0,0,0,0,0,0,0,0,0
270107,2,1,0,0,0,0,0,0,0,0,0,0
270108,1,1,0,0,0,0,0,0,0,0,0,0
270109,1,1,0,0,0,0,0,0,0,0,0,0
270109,2,1,0,21,0,0,0,0,0,0,10,0
270109,3,1,0,0,0,0,0,0,0,0,0,0
270110,1,1,0,0,0,0,0,0,0,0,0,0
270110,2,1,0,0,0,0,0,0,0,0,0,0
270110,3,1,0,0,0,0,0,0,0,0,0,0
270111,1,1,0,0,0,0,0,20,0,0,0,0
270111,2,1,0,0,0,0,0,0,0,0,0,0
270112,0,1,0,0,0,0,0,0,0,0,0,0
270112,1,1,0,0,0,0,0,0,0,0,0,0
270113,1,1,0,0,0,0,0,0,0,0,0,0
270113,2,1,0,0,0,0,0,0,0,0,0,0
270114,1,1,7,7,7,7,7,7,7,7,7,7
270115,1,1,0,0,0,0,0,0,0,0,0,0
270115,2,1,0,0,0,0,0,0,0,0,0,0
270115,3,1,0,0,0,0,0,0,0,0,0,0
270116,1,1,0,0,0,0,0,0,0,0,0,0
270116,2,1,0,0,0,0,0,0,0,0,0,0
270117,1,1,0,0,0,0,0,0,0,0,0,0
270117,2,1,0,0,0,0,0,0,0,0,0,0
270118,1,1,0,0,0,0,0,0,0,0,0,0
270118,2,1,0,0,0,0,0,0,0,0,0,0
270120,1,1,0,0,0,0,0,0,0,0,0,0
270121,1,1,15,0,25,15,0,0,0,0,14,4
270123,1,1,13,13,13,13,13,13,13,13,13,13
270124,1,1,0,0,26,18,0,0,0,9,8,0
270125,1,1,9,25,23,3,14,10,14,27,0,12
270125,2,1,0,0,0,0,0,0,0,0,0,0
270126,1,1,11,18,15,0,21,33,13,14,13,15
270127,1,1,18,18,18,18,18,18,18,18,18,18
270128,1,1,0,0,0,0,0,0,0,0,0,0
270128,2,1,0,0,0,0,0,0,0,0,0,0
270129,1,1,0,0,0,18,0,0,26,0,0,0
270130,1,1,13,13,13,13,13,13,13,13,13,13
270131,0,1,0,0,0,0,0,0,0,0,0,0
270131,1,1,0,0,0,0,0,0,0,0,0,0
270132,1,1,0,0,0,0,0,0,0,0,0,0
270132,2,1,20,20,20,20,20,20,20,20,20,20
270133,1,1,0,0,0,0,0,0,0,0,0,0
270134,1,1,21,21,21,21,21,21,21,21,21,21
270135,0,1,0,0,0,0,0,0,0,0,0,0
270135,0,2,0,0,0,0,0,0,0,0,0,0
270135,0,3,0,0,0,0,0,0,0,0,0,0
270135,1,1,0,0,0,0,0,0,0,0,0,0
270136,1,1,0,0,0,0,0,0,0,0,0,0
270136,2,1,4,25,10,9,15,17,9,17,12,16
270137,1,1,0,0,0,0,0,0,0,0,0,0
270137,2,1,0,16,0,0,0,0,0,24,0,0
270138,1,1,0,0,0,0,0,0,0,0,0,0
270139,0,1,0,0,0,0,0,21,0,0,0,0
270139,1,1,0,0,0,0,0,0,0,0,0,0
270140,1,1,0,0,0,0,0,0,0,0,0,0
270141,1,1,27,27,27,27,27,27,27,27,27,27
270142,1,1,10,10,10,10,10,10,10,10,10,10
270143,1,1,0,0,0,0,0,0,0,0,0,0
270143,2,1,0,0,0,0,0,0,0,0,0,0
270143,3,1,0,0,0,0,0,0,0,0,0,0
270144,1,1,12,12,12,12,12,12,12,12,12,12
270145,1,1,23,0,11,0,0,0,0,0,0,29
270146,1,1,20,20,20,20,20,20,20,20,20,20
270147,1,1,13,13,13,13,13,13,13,13,13,13
270148,1,1,0,0,0,0,0,0,0,0,0,0
270148,2,1,6,6,6,6,6,6,6,6,6,6
270149,1,1,0,0,0,0,0,0,0,0,0,0
270150,1,1,20,20,20,20,20,20,20,20,20,20
270151,1,1,30,30,30,30,30,30,30,30,30,30
270152,0,1,0,0,0,0,0,0,0,0,0,0
270152,1,1,21,0,0,0,0,0,17,0,0,0
270153,1,1,0,0,0,0,0,0,0,0,0,0
270153,2,1,0,0,0,0,0,0,0,0,0,0
270153,3,1,0,0,0,0,0,0,0,0,0,0
270154,0,1,22,0,0,0,0,0,28,0,0,0
270154,1,1,0,0,0,0,0,0,0,0,0,0
270155,1,1,0,0,0,0,0,14,21,0,34,0
270155,2,1,0,0,0,0,0,0,0,0,0,0
270155,3,1,0,0,0,0,17,17,0,0,0,13
270155,4,1,0,0,0,0,0,0,0,0,0,0
270155,5,1,0,0,0,0,0,0,0,11,0,0
270156,1,1,0,0,0,0,0,0,0,0,0,0
270156,2,1,10,0,0,0,0,0,0,0,0,0
270157,1,1,0,0,0,0,0,0,0,0,0,0
270157,2,1,0,0,0,0,0,0,0,0,0,0
270158,1,1,0,13,32,0,0,0,0,0,0,18
270158,2,1,0,0,0,0,0,0,0,0,0,0
270158,3,1,0,0,0,0,0,0,0,0,0,0
270159,1,1,0,0,0,0,0,0,0,0,0,0
270160,1,1,0,0,0,0,0,0,0,0,0,0
270160,2,1,29,29,29,29,29,29,29,29,29,29
270161,1,1,0,0,0,0,0,0,0,0,0,0
270162,1,1,1,1,1,1,1,1,1,1,1,1
270162,2,1,0,0,0,0,0,0,0,0,0,0
270163,1,1,0,0,0,0,0,0,0,0,0,0
270163,2,1,0,0,0,0,0,0,0,0,0,0
270164,1,1,0,0,0,0,0,0,0,0,0,0
270165,1,1,0,0,0,0,0,0,0,0,0,0
270166,1,1,0,0,0,0,0,0,0,0,0,0
270166,2,1,0,0,0,0,0,0,0,0,0,0
270167,1,1,13,8,20,0,0,9,0,12,19,0
270168,1,1,0,0,0,0,0,0,0,0,0,0
270168,2,1,0,0,0,0,0,0,0,0,0,0
270169,1,1,0,0,0,0,0,0,0,0,3,0
270169,2,1,0,0,0,0,0,0,0,0,0,0
270170,1,1,0,0,0,0,0,0,0,0,0,0
270170,2,1,0,0,0,0,0,0,0,0,0,0
270171,1,1,0,0,0,0,0,0,0,0,0,0
270172,1,1,31,31,31,31,31,31,31,31,31,31
270173,0,1,0,0,0,0,0,0,0,0,0,25
270173,0,2,0,0,0,0,0,0,0,0,0,0
270173,1,1,0,0,3,3,9,0,0,5,0,0
270174,1,1,32,32,32,32,32,32,32,32,32,32
270175,1,1,19,19,19,19,19,19,19,19,19,19
270176,0,1,0,0,0,0,0,0,0,0,0,0
270176,1,1,0,0,0,0,0,0,0,0,0,0
270177,1,1,0,0,0,0,0,0,0,0,0,0
270177,2,1,0,0,0,0,0,0,0,0,0,0
270178,0,1,27,27,27,27,27,27,27,27,27,27
270178,1,1,16,16,16,16,16,16,16,16,16,16
270179,1,1,0,0,0,0,0,0,0,0,0,0
270180,1,1,0,2,0,0,0,0,0,0,0,0
270180,2,1,0,0,0,0,0,0,0,0,0,0
270181,1,1,3,3,3,3,3,3,3,3,3,3
270181,2,1,0,0,0,0,0,7,0,0,0,0
270182,1,1,0,0,0,0,0,0,0,0,0,0
270182,2,1,0,0,0,0,0,0,0,0,0,0
270183,1,1,0,0,0,0,0,0,0,0,0,0
270183,2,1,0,0,0,0,0,0,0,0,0,0
270184,1,1,0,0,0,0,0,0,0,0,0,0
270184,2,1,0,0,0,0,0,0,0,0,0,0
270185,1,1,12,12,12,12,12,12,12,12,12,12
270186,1,1,0,0,0,0,0,0,0,0,0,0
270186,2,1,0,0,0,0,0,0,0,0,0,0
270187,1,1,0,0,0,0,0,0,8,0,0,0
270188,1,1,0,0,0,0,0,0,0,0,0,3
270189,1,1,20,20,20,20,20,20,20,20,20,20
270190,1,1,0,0,0,0,0,0,0,0,0,0
270190,2,1,0,0,0,0,0,0,0,0,0,0
270191,1,1,2,2,2,2,2,2,2,2,2,2
270192,1,1,0,0,0,0,0,0,0,0,0,0
270192,2,1,0,0,0,0,0,0,0,0,0,0
270193,1,1,0,0,0,0,0,0,0,0,0,0
270195,1,1,61,61,61,61,61,61,61,61,61,61
270195,2,1,0,0,0,0,0,0,0,0,0,0
270196,1,1,14,14,14,14,14,14,14,14,14,14
270197,1,1,0,0,0,0,0,0,0,0,0,0
270197,2,1,0,0,0,0,0,0,0,0,0,0
270198,1,1,0,0,0,0,0,0,0,0,0,0
270198,2,1,0,0,0,0,0,0,0,0,0,0
270199,0,1,0,0,0,0,0,0,0,0,0,0
270199,0,2,0,0,0,23,15,0,0,26,32,0
270199,1,1,0,0,0,0,0,0,0,0,0,0
270200,1,1,0,0,0,0,0,0,0,0,0,0
270200,2,1,0,0,0,0,0,0,0,0,0,0
270201,1,1,0,0,0,0,0,0,0,0,0,0
270201,2,1,0,0,0,0,0,0,16,0,0,0
270202,1,1,0,0,0,0,0,0,0,0,0,0
270202,2,1,27,27,27,27,27,27,27,27,27,27
270203,1,1,0,0,0,0,0,0,0,0,0,0
270203,2,1,0,0,0,0,0,0,0,0,0,0
270203,3,1,0,0,0,0,0,0,0,0,0,0
270203,4,1,0,0,0,0,0,0,0,0,0,0
270204,1,1,21,21,21,21,21,21,21,21,21,21
270205,0,1,0,0,0,0,0,0,0,0,0,0
270205,1,1,0,0,0,0,0,0,0,0,0,0
270206,1,1,0,0,0,0,0,0,0,0,0,0
270206,2,1,0,0,0,0,0,0,0,0,0,0
270207,1,1,0,0,0,0,0,0,0,0,0,0
270208,1,1,0,0,0,0,0,0,0,0,0,0
270209,1,1,0,11,0,0,0,0,0,0,0,0
270209,2,1,0,0,0,0,0,0,0,0,0,0
270209,3,1,0,0,0,0,0,0,11,0,0,0
270210,1,1,0,0,0,0,0,0,0,0,0,0
270210,2,1,0,0,0,0,0,0,0,0,0,0
270211,1,1,0,0,0,0,0,0,0,0,0,0