ST_CASE,VEH_NO,PER_NO,P1,P2,P3,P4,P5,P6,P7,P8,P9,P10
270211,2,1,0,0,0,0,0,0,0,0,0,0
270213,1,1,3,3,3,3,3,3,3,3,3,3
270214,0,1,26,26,26,26,26,26,26,26,26,26
270214,1,1,0,0,0,0,0,0,0,0,0,0
270215,1,1,16,16,16,16,16,16,16,16,16,16
270216,1,1,0,0,0,0,0,0,0,0,0,0
270216,2,1,0,0,0,0,0,0,0,0,0,0
270217,1,1,0,0,0,0,0,0,0,0,8,0
270217,2,1,0,0,0,0,0,0,0,0,0,0
270218,1,1,22,22,22,22,22,22,22,22,22,22
270218,2,1,0,0,0,0,0,0,0,0,0,0
270219,1,1,0,0,0,0,0,0,0,0,0,0
270220,1,1,0,0,0,0,0,0,0,0,0,0
270220,2,1,0,0,0,0,0,0,0,0,0,0
270221,1,1,0,0,0,0,0,0,0,0,0,0
270221,2,1,0,0,0,0,0,0,0,0,0,0
270222,1,1,25,25,25,25,25,25,25,25,25,25
270223,1,1,0,0,0,0,0,0,0,0,0,0
270223,2,1,0,0,0,0,0,0,0,0,0,0
270224,1,1,0,0,0,0,0,0,0,0,0,0
270224,2,1,0,0,0,0,0,0,0,0,0,0
270225,1,1,19,19,19,19,19,19,19,19,19,19
270225,2,1,0,0,0,0,0,0,0,0,0,0
270225,3,1,0,0,0,0,0,0,0,0,0,0
270226,1,1,31,31,31,31,31,31,31,31,31,31
270227,1,1,0,0,0,0,0,0,0,0,0,0
270228,1,1,0,0,0,0,0,0,0,0,0,0
270229,1,1,27,27,27,27,27,27,27,27,27,27
270230,1,2,0,18,8,0,0,0,17,0,0,0
270231,1,1,0,0,0,0,0,0,0,0,0,0
270232,1,1,0,0,0,0,0,0,0,0,0,0
270233,1,1,14,14,14,14,14,14,14,14,14,14
270234,1,1,0,0,0,0,0,0,0,0,0,0
270234,2,1,21,21,21,21,21,21,21,21,21,21
270235,1,1,0,0,0,0,0,0,0,0,0,0
270236,1,1,0,0,0,0,0,0,0,0,0,0
270236,2,1,0,0,0,0,0,0,0,0,0,0
270236,3,1,0,0,0,0,0,0,0,0,0,0
270237,1,1,0,0,0,0,0,0,0,0,0,0
270237,2,1,0,0,0,0,0,0,0,0,0,0
270238,1,1,0,0,0,0,0,0,0,0,0,0
270238,2,1,0,0,0,0,0,0,0,0,15,0
270238,3,1,0,0,0,0,0,0,0,0,0,0
270239,1,1,0,0,0,0,0,0,0,0,0,0
270240,1,1,16,16,16,16,16,16,16,16,16,16
270241,1,1,0,0,0,0,0,0,0,0,0,0
270241,2,1,0,0,0,0,0,0,0,0,0,0
270241,3,1,9,0,0,0,0,0,0,14,9,0
270242,1,1,0,0,0,0,0,0,0,0,0,0
270242,2,1,0,0,0,0,0,0,0,0,0,0
270243,1,1,0,0,0,0,0,0,0,0,0,0
270243,2,1,0,0,0,0,0,0,0,0,0,0
270244,1,1,0,0,0,0,0,0,0,0,0,0
270244,2,1,0,0,0,7,0,0,0,0,0,0
270245,1,1,18,18,18,18,18,18,18,18,18,18
270246,1,1,0,0,0,0,0,0,0,0,0,0
270246,2,1,0,0,0,0,0,0,0,0,0,0
270247,1,1,0,0,0,0,0,0,0,0,0,0
270247,2,1,0,0,0,0,0,0,0,0,0,0
270248,1,1,0,0,0,0,0,0,0,0,0,0
270248,2,1,0,0,0,0,0,0,0,0,0,0
270249,1,1,0,0,0,0,0,0,0,0,0,0
270249,2,1,0,0,0,0,0,0,0,0,0,0
270250,1,1,19,19,19,19,19,19,19,19,19,19
270251,1,1,17,17,17,17,17,17,17,17,17,17
270252,1,1,0,0,0,0,0,0,0,0,0,0
270252,2,1,0,0,0,0,0,0,0,0,0,0
270252,3,1,0,0,0,0,0,0,0,0,0,0
270253,1,1,0,0,0,0,0,0,0,0,0,0
270253,2,1,18,18,18,18,18,18,18,18,18,18
270254,1,1,0,0,0,0,0,0,0,0,0,0
270254,2,1,0,0,0,0,0,0,0,0,0,0
270255,0,1,17,17,17,17,17,17,17,17,17,17
270255,1,1,0,0,0,0,0,0,0,0,0,0
270257,1,1,0,0,0,0,0,0,0,0,0,0
270257,2,1,0,0,0,0,0,0,0,0,0,0
270258,1,1,0,0,0,0,0,0,0,0,0,0
270259,1,1,0,0,0,0,0,0,0,0,0,0
270259,2,1,0,0,0,0,0,0,0,0,0,0
270260,1,1,9,9,9,9,9,9,9,9,9,9
270260,2,1,0,0,0,0,0,0,0,0,0,16
270261,1,1,0,0,0,0,0,0,0,0,0,0
270261,2,1,0,0,0,12,0,0,0,0,0,0
270262,1,1,20,20,20,20,20,20,20,20,20,20
270262,2,1,12,12,12,12,12,12,12,12,12,12
270263,1,1,0,0,0,0,0,0,13,0,0,0
270263,2,1,0,0,0,0,0,0,0,0,0,0
270264,1,1,0,0,0,0,0,0,0,0,0,0
270265,1,1,0,0,0,0,25,0,0,0,0,0
270265,2,1,11,0,0,0,0,0,12,0,0,0
270266,1,1,14,14,14,14,14,14,14,14,14,14
270266,2,1,0,0,0,0,0,0,0,0,0,0
270267,1,1,0,0,0,0,0,0,0,0,0,0
270267,2,1,0,0,0,0,0,0,0,0,0,0
270268,1,1,23,15,10,20,0,19,0,0,19,10
270269,1,1,11,11,11,11,11,11,11,11,11,11
270269,2,1,0,0,0,0,0,0,0,0,0,0
270270,1,1,0,0,0,0,21,0,0,0,0,0
270270,2,1,0,0,0,0,0,10,0,0,0,0
270271,1,1,17,22,25,23,16,23,0,0,12,13
270272,1,1,0,0,0,0,0,0,0,0,0,0
270272,2,1,0,0,0,0,0,0,0,0,18,0
270273,1,3,18,0,14,0,9,16,0,0,14,15
270274,1,1,15,15,15,15,15,15,15,15,15,15
270275,1,1,0,0,0,0,0,0,0,0,0,0
270275,2,1,0,0,0,0,0,0,0,0,0,0
270276,1,1,0,0,0,0,0,0,0,0,0,0
270276,2,1,0,0,0,0,0,0,0,0,0,0
270277,1,1,0,0,0,0,0,0,0,0,0,0
270278,1,1,0,0,0,0,0,0,0,0,0,0
270278,2,1,0,0,0,0,0,0,0,0,0,0
270279,1,1,0,0,0,0,0,0,0,0,35,11
270279,2,1,0,0,0,0,0,0,0,0,0,0
270279,3,1,0,0,0,0,0,0,0,0,0,0
270280,1,1,0,0,0,0,0,0,0,0,0,0
270281,1,1,0,0,0,0,0,0,0,0,0,0
270281,2,1,0,0,0,0,0,0,0,0,0,0
270282,0,1,0,0,0,0,0,0,0,0,0,0
270282,1,1,0,0,0,14,0,0,0,21,0,0
270282,2,1,0,0,0,0,0,0,0,0,0,0
270283,1,1,0,0,0,0,0,0,0,0,0,0
270284,1,1,0,0,0,0,0,0,0,0,0,0
270284,2,1,0,0,0,0,0,0,0,0,0,0
270285,1,1,0,0,0,0,0,0,0,0,0,0
270285,2,1,0,0,0,0,0,0,0,0,0,0
270286,1,1,0,0,0,0,6,0,0,0,0,22
270286,2,1,0,0,0,0,0,0,0,0,0,0
270287,1,1,0,0,0,32,0,0,17,0,25,0
270288,1,1,0,0,0,0,0,0,0,0,0,0
270289,1,1,0,0,0,0,0,0,0,0,0,0
270289,2,1,0,0,0,0,0,0,0,0,0,0
270290,1,1,0,14,0,0,0,0,0,0,0,0
270291,1,1,0,0,0,0,0,0,0,0,0,0
270291,2,1,0,15,0,0,0,0,0,0,0,0
270292,1,1,23,10,0,0,0,0,0,0,0,16
270292,2,1,4,4,4,4,4,4,4,4,4,4
270293,1,1,0,0,0,23,0,0,0,0,0,0
270294,1,1,8,8,8,8,8,8,8,8,8,8
270295,1,1,12,12,12,12,12,12,12,12,12,12
270296,1,1,12,0,0,0,0,18,11,0,21,9
270297,1,1,0,0,0,0,0,0,0,0,0,0
270297,2,1,0,0,0,0,0,0,0,0,0,0
270298,1,1,0,0,0,0,0,0,0,0,0,0
270298,2,1,0,0,0,0,0,0,0,0,0,0
270299,1,1,0,0,0,0,0,0,0,0,0,0
270299,2,1,0,0,0,0,0,0,0,0,0,0
270300,1,1,0,0,0,0,0,0,0,0,0,0
270300,2,1,0,0,0,0,0,0,0,0,0,0
270301,1,1,0,0,0,0,0,0,0,0,0,0
270301,2,1,0,0,0,0,0,0,0,0,0,0
270302,1,1,17,17,17,17,17,17,17,17,17,17
270302,2,1,0,0,0,0,0,0,0,0,0,0
270303,1,1,22,22,22,22,22,22,22,22,22,22
270304,1,1,0,0,0,0,0,0,0,0,0,0
270304,2,1,0,0,0,0,0,0,0,0,0,0
270305,1,1,19,19,19,19,19,19,19,19,19,19
270305,2,1,0,0,0,0,0,0,0,0,0,0
270306,1,1,26,26,26,26,26,26,26,26,26,26
270306,2,1,0,0,0,0,0,0,0,0,0,0
270307,1,1,9,0,8,15,0,14,0,18,0,21
270308,1,1,8,8,8,8,8,8,8,8,8,8
270309,1,1,0,0,0,0,0,0,0,0,0,0
270309,2,1,0,0,0,0,0,0,0,0,0,0
270309,3,1,0,0,5,0,9,0,0,0,0,0
270310,0,1,0,0,0,0,0,0,0,0,0,0
270310,1,1,0,0,0,0,0,0,0,0,0,0
270311,0,1,20,20,20,20,20,20,20,20,20,20
270311,1,1,0,0,0,0,0,0,0,0,0,0
270312,1,1,0,0,0,0,0,0,0,0,0,0
270313,1,1,0,0,0,0,0,0,0,0,0,0
270314,1,1,0,0,0,0,0,0,0,0,0,0
270314,2,1,0,0,0,0,0,0,0,0,0,0
270315,1,1,3,3,3,3,3,3,3,3,3,3
270316,1,1,0,0,0,0,0,0,0,0,0,0
270316,2,1,0,0,0,0,15,0,0,0,0,0
270317,1,1,0,0,0,0,0,0,0,0,0,0
270318,1,1,19,19,19,19,19,19,19,19,19,19
270319,1,1,0,0,0,0,0,10,0,0,0,0
270319,2,1,0,0,0,0,0,0,0,0,0,0
270320,1,1,18,18,18,18,18,18,18,18,18,18
270321,1,1,15,15,15,15,15,15,15,15,15,15
270321,2,1,0,0,0,0,0,0,0,0,0,0
270321,3,1,0,0,0,0,0,0,0,0,0,0
270321,4,1,0,0,0,0,0,0,0,0,0,0
270322,1,1,0,0,0,0,0,0,0,0,0,0
270323,1,1,18,18,18,18,18,18,18,18,18,18
270324,1,1,0,0,0,0,0,0,0,0,0,0
270324,2,1,0,19,0,0,0,0,0,0,0,0
270325,1,1,0,0,0,0,0,0,0,0,0,0
270325,2,1,0,0,0,0,0,0,0,0,0,0
270326,1,1,0,0,0,0,0,0,0,0,0,0
270326,2,1,0,0,0,0,6,0,0,3,6,0
270327,1,1,29,29,29,29,29,29,29,29,29,29
270328,1,1,0,0,0,0,0,0,0,0,0,0
270328,2,1,0,0,0,0,0,0,0,0,0,0
270329,1,2,0,0,0,0,0,0,0,0,0,0
270330,1,1,0,0,0,0,0,0,0,0,0,0
270330,2,1,0,0,0,0,0,0,0,0,0,0
270331,1,1,29,20,22,15,11,15,10,12,19,23
280001,1,1,0,0,0,0,0,0,0,0,0,0
280001,2,1,0,0,0,0,0,0,15,0,0,0
280002,0,1,9,9,9,9,9,9,9,9,9,9
280002,1,1,0,0,0,0,0,4,12,0,0,0
280003,1,1,20,0,0,0,16,0,0,0,0,15
280004,1,1,0,0,0,0,0,0,0,16,0,0
280005,1,1,10,10,10,10,10,10,10,10,10,10
280006,1,1,13,0,0,0,0,0,20,0,0,19
280007,1,1,0,0,0,0,0,0,0,0,0,0
280007,2,1,0,0,0,0,0,0,0,0,0,0
280007,3,1,0,0,0,0,0,0,0,0,0,0
280008,1,1,7,7,7,7,7,7,7,7,7,7
280009,1,1,0,0,0,0,0,0,0,0,0,0
280009,2,1,0,0,0,0,0,0,0,0,0,0
280009,3,1,0,0,0,0,0,0,0,0,0,0
280010,1,1,0,0,0,0,0,0,0,0,0,0
280010,2,1,0,0,0,0,0,0,0,0,0,0
280011,0,1,0,0,0,0,0,0,0,0,0,0
280011,1,1,0,0,0,0,0,0,0,0,0,0
280012,1,1,27,27,27,27,27,27,27,27,27,27
280013,1,1,25,25,25,25,25,25,25,25,25,25
280014,1,1,0,0,0,0,0,0,0,0,0,0
280014,2,1,52,0,10,54,0,10,0,24,73,15
280015,1,1,0,0,0,0,0,0,0,0,20,0
280016,1,1,0,0,0,0,0,0,0,0,0,0
280016,2,1,0,0,0,0,0,0,0,0,0,0
280017,0,1,0,40,19,0,0,0,0,0,0,0
280017,1,1,0,0,0,0,0,21,0,0,0,0
280018,1,1,38,8,8,8,19,11,18,30,14,31
280019,1,1,11,3,0,26,12,15,22,26,16,12
280020,0,1,13,22,0,0,0,22,0,0,0,0
280020,1,1,0,0,0,0,0,0,0,0,0,0
280021,1,1,0,38,13,15,9,0,16,14,0,0
280022,0,1,27,0,0,0,0,0,0,0,0,0
280022,1,1,0,0,9,0,0,0,0,0,0,0
280023,1,1,0,0,0,0,0,0,0,0,0,0
280023,2,1,0,0,0,0,0,0,0,0,0,0
280024,0,1,0,17,0,0,0,0,0,0,0,0
280024,1,1,0,0,0,0,0,0,0,0,0,0
280025,1,1,7,7,7,7,7,7,7,7,7,7
280026,1,1,0,0,0,0,0,0,0,0,0,0
280026,2,1,0,0,0,0,0,0,0,0,0,0
280027,1,1,22,22,22,22,22,22,22,22,22,22
280028,1,1,0,0,0,0,0,0,0,0,0,0
280029,1,1,0,0,0,0,0,0,0,0,0,0
280030,1,1,0,0,0,0,0,0,0,0,0,0
280031,1,1,0,5,0,0,0,0,0,0,0,0
280031,2,1,0,0,0,0,0,0,0,0,0,0
280032,1,1,0,0,0,0,0,0,0,0,0,0
280032,2,1,0,0,0,0,0,0,0,17,0,0
280033,1,1,0,0,0,0,0,0,0,0,0,0
280033,2,1,0,0,0,0,0,0,0,0,0,0
280034,1,1,0,0,0,0,0,0,0,0,0,0
280035,1,1,0,17,3,58,20,44,16,0,51,8
280035,2,1,23,0,13,21,18,23,22,17,23,17
280036,1,1,5,0,0,0,0,0,13,0,0,0
280037,1,1,23,0,0,0,37,0,0,0,0,0
280037,2,1,0,0,0,0,0,0,0,0,0,0
280038,1,1,4,4,4,4,4,4,4,4,4,4
280039,1,1,0,0,0,0,0,0,0,0,0,0
280040,1,1,0,0,0,0,0,0,0,0,0,0
280040,2,1,0,0,0,0,0,0,0,0,10,0
280041,1,1,18,18,18,18,18,18,18,18,18,18
280042,1,1,0,0,0,0,0,0,0,0,0,0
280043,0,1,0,0,0,0,0,0,26,0,0,0
280043,1,1,0,0,0,0,0,0,0,0,0,0
280045,1,1,0,0,0,0,0,0,0,0,0,0
280045,2,1,0,0,0,0,0,0,0,0,0,0
280045,3,1,0,0,0,0,0,0,0,0,0,0
280046,1,1,24,17,46,7,23,17,18,20,0,13
280047,1,1,0,0,0,0,0,0,0,0,0,0
280048,1,1,26,26,26,26,26,26,26,26,26,26
280049,1,1,0,0,0,0,0,0,0,0,0,0
280049,2,1,0,0,0,0,0,0,0,0,0,0
280050,1,1,0,0,0,0,0,0,0,0,0,0
280050,2,1,0,0,0,0,0,10,0,0,0,0
280051,1,1,0,0,0,0,0,7,0,0,0,0
280052,1,1,24,24,24,24,24,24,24,24,24,24
280053,0,1,0,0,0,0,0,0,24,0,19,0
280053,1,1,0,0,0,0,0,0,0,0,0,0
280054,1,1,21,21,21,21,21,21,21,21,21,21
280054,2,1,0,0,0,0,0,0,0,0,0,0
280055,1,1,0,0,0,0,0,0,0,0,0,0
280056,0,1,11,11,11,11,11,11,11,11,11,11
280056,1,1,0,0,0,0,0,0,25,0,0,12
280057,1,1,0,12,0,17,0,0,0,0,13,0
280058,1,1,0,0,0,0,0,0,0,0,0,0
280059,1,1,0,0,0,0,0,0,0,0,0,0
280060,1,1,14,0,0,0,0,0,0,0,0,7
280061,1,1,0,0,0,0,0,0,0,0,0,0
280061,2,1,0,0,0,0,0,17,0,0,0,0
280062,1,1,0,0,0,0,0,0,0,0,0,0
280062,2,1,0,0,0,0,0,0,0,0,0,0
280062,3,1,0,0,0,0,0,0,5,0,0,0
280063,1,1,9,9,9,9,9,9,9,9,9,9
280064,1,1,15,15,15,15,15,15,15,15,15,15
280065,1,1,0,0,0,0,0,0,0,0,16,0
280066,1,1,0,0,0,0,0,0,0,0,0,0
280067,1,1,0,0,0,0,0,0,0,0,0,0
280068,0,1,0,0,0,0,0,25,0,0,0,0
280068,1,1,0,0,0,0,0,0,0,0,0,0
280069,1,1,0,0,0,0,0,0,0,0,0,0
280069,2,1,0,0,0,0,0,0,0,0,0,0
280070,1,1,0,0,0,0,0,0,0,0,0,0
280070,2,1,0,0,0,0,0,23,0,0,0,0
280071,1,1,0,0,0,0,0,0,0,0,0,0
280071,2,1,6,7,0,0,0,0,0,0,18,0
280072,1,1,0,0,0,0,0,0,0,0,0,0
280072,2,1,0,0,0,0,0,0,0,0,0,0
280073,1,1,0,0,0,0,0,0,0,0,0,0
280073,2,1,0,0,0,0,0,0,0,0,0,0
280074,1,1,0,0,0,0,0,0,0,0,0,0
280074,2,1,0,0,0,0,0,0,0,0,0,0
280076,1,1,0,0,0,0,0,0,0,0,0,0
280076,2,1,0,0,0,0,0,0,0,0,0,0
280077,1,1,19,0,0,0,0,0,0,13,0,0
280078,1,1,0,0,0,0,0,0,0,0,0,0
280078,2,1,0,0,0,0,0,0,0,0,0,0
280078,3,1,0,0,0,0,0,0,0,0,0,0
280079,1,1,0,0,0,0,0,0,0,12,14,23
280080,1,1,29,29,29,29,29,29,29,29,29,29
280081,1,1,0,0,0,0,0,0,13,0,0,0
280081,2,1,33,33,33,33,33,33,33,33,33,33
280082,1,1,0,0,0,0,0,0,0,0,0,0
280083,1,1,0,0,0,0,0,0,0,0,0,0
280084,1,1,6,0,0,0,8,0,0,0,0,0
280084,2,1,12,15,14,14,19,8,17,10,21,15
280085,1,1,0,0,0,4,0,0,7,0,24,0
280086,1,1,0,0,0,0,0,0,0,0,0,0
280086,2,1,0,0,0,0,0,0,0,0,0,0
280087,1,1,0,0,0,0,0,0,0,0,0,0
280088,1,1,0,0,0,0,0,0,0,0,0,0
280088,2,1,0,0,0,0,0,0,0,0,0,32
280089,1,1,0,0,0,0,0,0,0,0,0,0
280089,2,1,0,0,0,0,0,0,0,0,0,0
280090,1,1,0,0,0,0,0,0,0,0,0,0
280091,1,1,0,22,0,0,0,0,0,0,0,0
280092,1,1,22,0,38,0,0,0,0,0,0,0
280093,1,1,0,0,9,0,0,0,0,0,0,0
280094,1,1,0,0,0,0,0,0,0,0,0,0
280094,2,1,23,0,15,13,3,17,0,0,0,0
280095,1,1,24,4,8,32,15,17,12,0,10,23
280096,1,1,0,0,0,0,0,0,0,0,0,0
280097,1,1,0,0,0,0,0,0,0,0,16,0
280097,2,1,0,0,0,0,0,0,0,0,0,0
280098,1,1,0,0,0,0,0,0,0,0,0,0
280099,1,1,0,0,0,0,0,0,0,0,0,0
280100,1,1,0,0,0,0,0,0,0,0,0,0
280101,0,1,0,0,0,0,0,0,0,0,0,0
280101,1,1,0,0,0,0,0,0,0,0,0,0
280102,1,1,0,0,0,0,0,0,0,0,0,0
280103,1,1,0,0,0,0,0,21,0,0,0,0
280104,1,1,0,0,0,0,0,0,0,0,0,0
280105,1,1,0,0,0,0,0,0,0,0,0,0
280105,2,1,0,0,0,0,0,0,0,0,0,0
280106,1,1,20,20,20,20,20,20,20,20,20,20
280107,1,1,0,0,0,0,0,0,0,0,0,0
280107,2,1,0,0,0,0,0,0,0,0,0,0
280108,1,1,0,0,0,0,0,0,14,0,0,0
280109,1,1,20,20,20,20,20,20,20,20,20,20
280110,1,1,0,0,0,0,0,0,0,0,0,0
280110,2,1,0,0,0,0,0,0,0,0,0,0
280111,1,1,0,0,0,0,0,0,0,0,0,0
280112,1,1,0,0,0,0,0,0,0,0,0,0
280112,2,1,0,0,19,0,0,0,0,0,0,0
280113,1,1,0,0,0,0,0,0,0,0,0,0
280113,2,1,0,0,0,0,0,0,0,0,0,0
280114,1,1,0,0,0,0,0,0,0,0,0,0
280114,2,1,0,0,0,0,0,0,0,0,0,0
280115,1,1,0,0,0,0,0,0,0,0,0,0
280116,1,1,0,0,0,0,0,0,0,0,0,0
280116,2,1,0,0,0,0,0,0,0,0,0,17
280116,3,1,17,21,0,0,0,0,0,0,0,0
280117,1,1,0,0,0,0,11,0,24,16,0,0
280118,1,1,0,0,0,0,0,0,0,0,0,0
280119,1,1,0,0,0,0,0,0,0,0,0,0
280120,1,1,0,0,0,0,0,0,0,0,0,0
280121,1,1,9,0,0,0,0,0,0,0,17,0
280122,0,1,0,0,0,0,0,0,0,0,18,0
280122,1,1,0,0,0,0,0,0,0,0,0,0
280123,1,1,0,0,15,0,17,0,0,0,0,0
280124,0,1,0,0,0,0,0,0,0,0,0,0
280124,1,1,0,0,0,0,11,0,0,0,0,0
280124,2,1,0,0,0,0,0,0,0,0,0,0
280125,1,1,0,0,0,0,0,0,0,0,0,0
280125,2,1,0,0,0,0,0,0,26,0,0,0
280125,3,1,0,0,0,0,0,0,0,0,0,0
280126,1,1,7,21,0,0,0,0,0,0,0,6
280127,1,1,5,5,5,5,5,5,5,5,5,5
280127,2,1,13,13,13,13,13,13,13,13,13,13
280128,1,1,0,0,0,0,0,0,0,0,0,0
280128,2,1,0,0,0,15,0,10,0,0,0,0
280129,1,1,14,0,0,0,0,0,0,0,0,0
280130,1,1,0,0,0,0,0,0,0,0,0,0
280130,2,1,2,2,2,2,2,2,2,2,2,2
280131,1,1,13,13,13,13,13,13,13,13,13,13
280131,2,1,0,0,0,0,0,0,0,0,0,0
280132,1,1,0,24,0,0,19,0,0,0,0,15
280133,1,1,0,0,0,8,0,0,0,0,9,0
280134,1,1,0,0,0,19,0,0,0,21,0,0
280135,1,1,34,34,34,34,34,34,34,34,34,34
280135,2,1,0,0,0,0,0,0,0,0,0,0
280136,1,1,0,16,37,21,0,0,8,26,12,6
280137,0,1,18,0,0,0,0,0,15,33,0,0
280137,1,1,0,0,0,0,0,0,0,0,0,0
280138,1,1,0,25,0,0,0,0,0,0,0,0
280139,1,1,28,28,28,28,28,28,28,28,28,28
280140,1,1,0,0,0,0,0,0,0,0,0,0
280141,1,1,0,0,0,0,0,0,0,0,0,0
280141,2,1,23,23,23,23,23,23,23,23,23,23
280142,1,1,0,0,0,0,0,0,0,0,0,0
280142,2,1,0,0,0,0,0,0,0,0,0,0
280143,1,1,0,0,0,0,0,0,0,0,0,0
280144,1,1,0,0,0,0,0,0,0,0,0,0
280145,1,1,0,0,0,0,0,0,0,0,0,0
280145,2,1,0,0,0,0,0,0,0,0,0,0
280146,1,1,0,0,0,0,0,0,0,0,0,0
280146,2,1,10,10,10,10,10,10,10,10,10,10
280147,0,1,14,10,34,13,29,0,0,0,17,0
280147,1,1,0,0,0,0,0,0,0,0,0,0
280148,1,1,0,28,0,0,8,0,0,0,19,0
280149,1,1,0,0,0,0,0,0,0,0,0,0
280149,2,1,0,0,0,0,0,0,0,0,0,0
280150,0,1,31,31,31,31,31,31,31,31,31,31
280150,1,1,0,0,0,0,0,0,0,0,0,0
280151,1,1,0,0,0,0,0,0,0,0,0,0
280151,2,1,0,0,0,0,0,0,0,0,0,0
280152,0,1,15,0,0,0,0,0,0,0,9,0
280152,1,1,0,0,0,0,0,0,0,0,0,0
280153,1,1,0,0,0,0,0,0,0,0,0,0
280153,2,1,0,0,0,0,0,0,0,0,0,0
280154,1,1,0,0,0,0,0,0,0,0,0,0
280155,1,1,0,0,0,0,0,0,0,0,0,0
280156,1,1,0,0,0,0,0,0,0,0,0,0
280157,1,1,20,20,20,20,20,20,20,20,20,20
280157,2,1,4,4,4,4,4,4,4,4,4,4
280158,1,1,0,0,0,0,6,0,0,29,0,0
280158,2,1,0,0,0,0,0,0,0,0,0,0
280159,1,1,9,9,9,9,9,9,9,9,9,9
280159,2,1,9,9,9,9,9,9,9,9,9,9
280160,1,1,21,21,21,21,21,21,21,21,21,21
280161,1,1,0,0,0,0,0,0,0,0,0,0
280162,1,1,0,18,30,21,8,0,32,17,15,20
280163,1,1,0,0,0,0,0,0,0,0,0,0
280164,1,1,0,0,0,30,0,0,0,0,0,0
280165,1,1,0,0,0,0,0,0,0,0,0,0
280165,2,1,0,0,0,0,0,0,0,0,0,0
280166,1,1,0,0,0,0,0,0,0,0,0,0
280167,1,1,0,0,0,0,0,0,0,0,0,0
280167,2,1,0,0,0,0,16,0,0,0,0,0
280168,1,1,0,0,0,0,0,0,8,0,22,0
280169,1,1,0,0,0,0,0,20,0,0,0,0
280169,2,1,0,0,0,0,0,0,0,0,0,0
280170,1,1,29,29,29,29,29,29,29,29,29,29
280171,1,1,0,0,0,0,0,0,0,0,0,0
280171,2,1,9,9,9,9,9,9,9,9,9,9
280172,1,1,20,20,20,20,20,20,20,20,20,20
280173,1,1,0,0,0,0,0,0,0,0,0,0
280174,0,1,0,0,0,0,0,0,0,0,0,0
280174,1,1,0,0,0,0,0,0,0,0,0,0
280175,1,1,0,0,0,0,0,0,0,0,0,0
280176,1,1,0,0,0,0,0,0,0,0,0,0
280176,2,1,0,0,0,0,0,0,0,0,0,0
280177,1,1,0,0,0,0,0,14,0,0,0,0
280177,2,1,0,0,0,0,7,0,0,0,0,0
280178,1,1,0,0,0,0,0,0,0,0,0,0
280178,2,1,0,0,0,0,0,0,0,0,0,0
280179,1,1,0,0,0,0,0,0,10,0,0,0
280179,2,1,0,0,0,0,0,0,0,0,0,0
280180,0,1,19,19,19,19,19,19,19,19,19,19
280180,1,1,0,0,0,0,0,0,0,0,0,0
280181,1,1,25,25,8,14,7,0,30,19,0,10
280182,1,1,21,17,11,22,17,21,26,22,22,4
280183,1,1,16,22,14,0,0,11,0,0,0,26
280184,1,1,0,0,0,0,0,7,18,0,15,0
280185,1,1,0,0,0,0,0,0,0,0,0,0
280185,2,1,0,0,0,0,0,0,0,0,11,0
280186,1,1,0,0,0,0,0,0,0,0,0,0
280186,2,1,0,0,0,0,0,0,0,0,0,0
280187,0,1,12,0,30,14,35,0,20,0,10,0
280187,1,1,0,0,0,0,0,0,0,0,0,0
280188,1,1,0,0,0,0,0,0,0,0,0,0
280189,1,1,0,0,0,0,0,0,0,0,0,0
280190,1,1,0,0,0,0,0,0,0,0,0,0
280191,1,1,0,0,0,0,0,0,0,0,0,0
280192,0,1,0,0,11,0,16,0,0,20,0,0
280192,1,1,0,0,0,0,0,0,0,0,0,0
280193,1,1,13,13,13,13,13,13,13,13,13,13
280194,1,1,0,0,0,0,0,0,0,0,0,0
280194,2,1,0,0,0,0,0,0,0,0,0,0
280195,1,1,13,13,13,13,13,13,13,13,13,13
280196,1,1,0,0,0,0,0,0,0,0,0,0
280197,1,1,22,28,0,15,13,10,11,28,11,43
280198,1,1,0,0,0,0,0,0,0,0,0,0
280198,2,1,0,0,0,0,0,0,0,0,0,0
280199,1,1,28,23,12,0,32,12,21,0,10,6
280200,0,1,19,0,0,0,0,0,0,0,26,0
280200,1,1,22,0,0,0,0,0,0,0,0,0
280201,1,1,0,0,0,0,0,0,0,0,0,0
280201,2,1,0,0,0,0,0,0,0,0,0,0
280202,1,1,0,0,0,0,0,0,0,0,0,0
280202,2,1,0,0,0,0,0,9,0,0,0,0
280203,1,1,0,0,0,0,0,0,0,0,0,0
280204,1,1,21,0,19,0,0,0,0,17,21,20
280205,1,1,0,0,6,0,22,23,0,5,0,0
280205,2,1,0,0,0,0,0,0,0,0,0,0
280206,1,1,16,16,16,16,16,16,16,16,16,16
280207,1,1,14,21,11,11,0,0,0,0,0,0
280207,2,1,0,0,0,0,0,0,0,9,9,9
280208,1,1,0,0,0,0,0,0,0,0,0,0
280208,2,1,0,0,0,0,0,0,0,0,0,0
280209,0,1,0,0,18,37,21,0,0,27,30,29
280209,1,1,0,0,0,0,0,0,0,0,0,0
280210,1,1,0,0,0,0,0,0,0,0,0,0
280210,2,1,9,3,0,3,13,0,0,0,4,16
280211,1,1,0,0,0,0,0,0,0,0,19,0
280212,1,1,0,0,0,0,0,0,0,14,0,0
280212,2,1,0,0,0,0,0,0,0,0,0,0
280213,1,1,0,0,0,0,0,0,0,0,0,0