ST_CASE,VEH_NO,PER_NO,P1,P2,P3,P4,P5,P6,P7,P8,P9,P10
290011,1,1,24,24,24,24,24,24,24,24,24,24
290012,1,1,11,11,11,11,11,11,11,11,11,11
290013,0,1,0,0,0,0,0,0,0,0,0,0
290013,1,1,0,0,0,0,0,0,0,0,0,0
290014,1,1,0,0,0,0,0,0,0,0,0,0
290014,2,1,0,0,0,0,0,0,0,0,0,0
290015,1,1,0,0,0,0,0,0,0,0,0,0
290016,0,1,0,0,0,0,0,0,0,0,0,0
290016,1,1,0,0,0,0,0,0,0,0,0,0
290017,1,1,0,0,0,0,0,0,0,0,0,0
290017,2,1,0,0,0,0,0,0,0,0,0,0
290018,1,1,0,0,0,0,0,0,0,0,0,0
290019,1,1,22,22,22,22,22,22,22,22,22,22
290020,1,1,0,0,0,0,0,0,0,0,0,0
290021,1,1,8,8,8,8,8,8,8,8,8,8
290022,1,1,0,0,0,0,0,0,0,0,0,0
290022,2,1,0,0,0,0,0,0,0,0,0,0
290023,1,1,20,20,20,20,20,20,20,20,20,20
290024,1,1,0,0,0,0,0,0,0,0,0,0
290025,1,1,0,0,0,0,0,0,0,0,0,0
290026,0,1,0,0,0,0,0,0,0,22,0,0
290026,1,1,0,0,0,0,0,0,0,0,0,0
290027,1,1,0,0,0,0,0,0,0,0,0,0
290028,1,1,0,0,0,0,0,0,0,0,0,0
290029,1,1,0,0,0,0,0,0,0,0,0,0
290029,2,1,0,0,0,0,0,0,0,0,0,0
290030,0,1,0,13,0,17,13,21,0,34,0,0
290030,1,1,0,0,0,0,0,0,0,0,0,0
290031,1,1,0,0,0,0,0,0,0,0,0,0
290032,1,1,0,0,0,0,0,0,0,0,0,0
290032,2,1,0,0,0,0,0,0,0,0,0,0
290033,1,1,0,0,0,0,0,0,0,0,0,0
290034,1,1,0,0,0,0,0,0,0,0,0,0
290035,1,1,0,0,0,0,0,0,14,0,0,0
290036,1,1,0,0,6,20,0,18,22,3,3,0
290037,1,1,0,0,0,0,0,0,0,0,0,0
290037,2,1,0,0,0,0,0,0,0,0,0,0
290038,1,1,0,0,0,0,0,0,0,0,0,0
290038,2,1,0,0,0,0,0,0,0,0,0,0
290039,1,1,0,0,0,0,16,0,0,0,0,0
290040,1,1,0,0,0,0,0,0,0,0,0,0
290041,1,1,14,9,17,6,25,13,7,24,11,21
290042,0,1,0,0,0,0,0,0,0,0,0,0
290042,1,1,0,0,0,0,0,0,0,0,0,0
290043,0,1,10,10,10,10,10,10,10,10,10,10
290043,1,1,0,0,0,0,0,0,0,0,0,0
290044,0,1,0,0,0,0,0,0,0,0,0,0
290044,1,1,0,0,24,0,30,5,7,0,3,8
290045,1,1,0,0,0,0,0,0,0,0,0,0
290046,1,1,0,0,0,0,0,0,0,0,0,0
290047,1,1,1,1,1,1,1,1,1,1,1,1
290048,1,1,0,0,0,0,0,0,0,0,0,0
290049,1,1,0,0,0,0,0,0,0,0,0,0
290049,2,1,0,0,0,0,0,0,0,0,0,0
290050,1,1,0,0,0,0,0,0,0,0,0,0
290051,1,1,0,0,0,0,0,0,0,0,0,0
290051,2,1,0,0,0,0,0,0,0,0,0,0
290052,1,1,9,9,9,9,9,9,9,9,9,9
290053,1,1,20,20,20,20,20,20,20,20,20,20
290054,1,1,0,0,0,0,0,0,0,0,0,0
290055,1,1,0,0,0,0,0,0,0,0,0,0
290056,1,1,0,0,0,0,0,0,0,0,0,0
290057,1,1,0,0,0,0,0,0,0,0,0,0
290058,1,1,16,16,16,16,16,16,16,16,16,16
290058,2,1,63,63,63,63,63,63,63,63,63,63
290059,1,1,33,0,4,0,17,0,0,0,0,19
290060,1,1,5,5,5,5,5,5,5,5,5,5
290060,2,1,0,0,0,0,0,0,0,0,0,0
290060,3,1,0,0,0,6,0,0,0,0,0,0
290061,0,1,2,2,2,2,2,2,2,2,2,2
290061,1,1,0,0,0,26,0,0,4,0,0,0
290062,1,1,13,13,13,13,13,13,13,13,13,13
290063,1,1,28,28,28,28,28,28,28,28,28,28
290064,1,1,3,3,3,3,3,3,3,3,3,3
290065,1,1,0,0,0,0,0,0,0,0,0,0
290065,2,1,0,0,0,0,0,0,0,0,0,0
290066,1,1,0,0,0,0,0,0,0,0,0,0
290066,2,1,0,0,0,0,0,0,0,0,0,0
290067,0,1,0,0,0,0,0,0,0,0,0,0
290067,1,1,0,0,0,0,0,0,0,0,0,0
290068,1,1,0,0,0,0,0,0,0,0,0,0
290069,1,1,13,13,13,13,13,13,13,13,13,13
290070,1,1,0,0,0,0,0,0,0,0,0,0
290070,2,1,0,0,0,0,0,0,0,0,0,0
290070,3,1,0,0,0,0,0,0,0,0,0,0
290071,1,1,0,0,0,0,0,0,0,0,0,0
290071,2,1,0,0,0,0,0,0,0,0,0,0
290072,1,1,13,13,13,13,13,13,13,13,13,13
290073,1,1,0,0,0,0,0,0,0,0,0,0
290074,1,1,0,0,0,0,0,0,0,0,0,0
290074,2,1,0,0,0,0,0,0,0,0,0,0
290074,3,1,10,0,0,15,0,0,0,0,0,0
290075,1,1,0,0,0,0,0,0,0,0,0,0
290076,1,1,0,0,0,0,0,0,0,0,0,0
290076,2,1,0,0,0,0,0,0,0,0,0,0
290077,1,1,0,0,0,0,0,0,0,0,0,0
290078,1,1,13,13,13,13,13,13,13,13,13,13
290078,2,1,29,29,29,29,29,29,29,29,29,29
290078,3,1,0,0,0,0,19,0,0,18,0,0
290079,1,1,12,12,12,12,12,12,12,12,12,12
290080,1,1,13,3,7,0,12,0,13,0,0,17
290080,2,1,0,0,0,0,0,0,0,0,0,0
290081,1,1,36,36,36,36,36,36,36,36,36,36
290082,1,1,0,0,0,0,0,0,0,0,0,0
290082,2,1,0,0,0,0,0,0,0,0,0,0
290083,0,1,0,0,0,0,0,0,0,0,0,0
290083,1,1,0,0,0,0,0,0,0,0,0,0
290084,1,1,0,0,0,0,0,0,0,0,0,0
290084,2,1,2,2,2,2,2,2,2,2,2,2
290085,1,1,0,0,0,0,0,0,0,0,0,0
290085,2,1,0,0,0,0,0,0,0,0,0,0
290085,3,1,0,0,0,0,0,0,0,0,0,0
290085,4,1,0,0,0,0,0,0,0,0,0,0
290086,0,1,0,0,0,0,0,0,0,0,0,0
290086,1,1,0,0,0,0,0,0,0,0,0,0
290088,1,1,0,0,0,0,0,0,0,0,0,0
290089,1,1,14,14,14,14,14,14,14,14,14,14
290089,2,1,0,0,0,0,0,0,0,0,0,0
290090,1,1,0,0,0,0,0,0,0,0,0,0
290091,1,1,10,14,2,4,10,29,18,0,3,0
290091,2,1,0,0,0,0,0,0,0,0,0,0
290092,1,1,0,0,0,0,0,0,0,0,0,0
290093,1,1,0,0,0,0,0,0,0,0,0,0
290094,1,1,0,0,0,0,0,0,0,0,0,0
290095,1,1,28,28,28,28,28,28,28,28,28,28
290096,1,1,11,11,11,11,11,11,11,11,11,11
290096,2,1,0,0,0,0,0,0,0,0,0,0
290097,1,1,0,0,0,0,0,0,0,0,0,0
290097,2,1,0,0,0,0,0,0,0,0,0,0
290098,0,1,0,0,0,0,0,0,0,0,0,0
290098,1,1,0,0,0,0,0,0,0,0,0,0
290099,0,1,0,0,0,0,0,0,0,0,0,0
290099,1,1,0,0,0,0,0,22,0,0,0,20
290100,1,1,15,15,15,15,15,15,15,15,15,15
290101,1,1,27,27,27,27,27,27,27,27,27,27
290102,1,1,20,20,20,20,20,20,20,20,20,20
290103,1,1,0,0,0,0,0,0,0,0,0,0
290103,2,1,0,0,0,0,0,0,0,0,0,0
290104,1,1,0,0,0,0,0,0,0,0,0,0
290104,2,1,0,0,0,0,0,0,0,0,0,0
290105,1,1,25,25,25,25,25,25,25,25,25,25
290106,1,1,2,2,2,2,2,2,2,2,2,2
290107,1,1,33,33,33,33,33,33,33,33,33,33
290108,1,1,0,0,0,0,0,0,0,0,0,0
290108,2,1,0,0,0,0,0,0,0,0,0,0
290108,3,1,0,0,0,0,0,0,0,0,0,0
290109,1,1,0,0,0,0,0,0,0,0,0,0
290109,2,1,0,0,0,0,0,0,0,0,0,0
290109,3,1,0,0,0,0,0,0,0,0,0,0
290110,1,1,0,0,0,0,0,0,0,0,0,0
290111,1,1,0,0,0,0,0,0,0,0,0,0
290111,2,1,0,0,0,0,0,0,0,0,0,0
290112,1,1,0,0,0,0,0,0,0,0,0,0
290112,2,1,0,33,11,28,25,18,39,9,18,17
290113,1,1,18,18,18,18,18,18,18,18,18,18
290114,1,1,0,0,0,0,0,0,0,0,0,0
290114,2,1,7,7,7,7,7,7,7,7,7,7
290114,3,1,0,0,0,0,0,0,0,0,0,0
290114,4,1,0,0,0,0,0,0,0,0,0,0
290115,1,1,0,0,0,7,0,0,0,0,0,0
290115,2,1,0,0,0,0,0,0,0,0,0,0
290116,1,1,13,13,13,13,13,13,13,13,13,13
290117,1,1,0,0,0,0,0,0,0,0,0,0
290118,1,1,0,0,0,0,0,0,0,0,29,0
290119,1,1,0,0,0,0,0,0,0,0,0,0
290119,2,1,0,0,0,0,0,0,0,0,0,0
290120,1,1,0,0,0,0,0,0,0,0,0,0
290120,2,1,0,0,0,0,0,0,0,0,0,0
290120,3,1,0,0,0,0,0,0,0,0,0,0
290121,1,1,0,0,0,0,0,0,0,0,0,0
290122,1,1,0,0,0,0,0,0,0,0,7,0
290122,2,1,0,0,0,0,0,0,0,0,0,0
290123,1,1,11,11,11,11,11,11,11,11,11,11
290124,1,1,27,27,27,27,27,27,27,27,27,27
290125,1,1,0,0,0,0,0,5,0,0,0,0
290125,2,1,0,0,0,0,0,0,0,0,0,0
290125,3,1,0,0,0,0,0,0,0,0,0,0
290126,1,1,28,28,28,28,28,28,28,28,28,28
290127,1,1,20,20,20,20,20,20,20,20,20,20
290128,1,1,3,3,3,3,3,3,3,3,3,3
290128,2,1,0,0,0,0,0,0,0,0,0,0
290128,3,1,0,0,0,0,0,0,0,0,0,0
290129,1,1,0,0,0,0,0,0,0,0,0,0
290129,2,1,0,0,0,0,0,0,0,0,0,0
290130,1,1,0,0,0,12,0,0,0,0,0,0
290131,1,1,17,17,17,17,17,17,17,17,17,17
290132,1,1,11,11,11,11,11,11,11,11,11,11
290133,1,1,10,10,10,10,10,10,10,10,10,10
290134,1,1,9,9,9,9,9,9,9,9,9,9
290134,2,1,7,7,7,7,7,7,7,7,7,7
290134,3,1,0,0,0,0,0,0,0,0,0,0
290135,1,1,21,0,0,0,0,0,0,0,0,0
290135,2,1,0,0,0,0,0,0,0,0,0,0
290136,1,1,0,0,0,0,0,0,0,0,0,0
290136,2,1,0,0,0,0,0,0,0,0,0,0
290137,1,1,0,0,0,0,0,0,0,0,0,0
290137,2,1,0,0,0,0,0,0,0,0,0,0
290138,0,1,0,0,0,0,0,0,0,0,0,0
290138,1,1,0,0,0,0,0,0,0,0,0,0
290140,1,1,0,0,0,0,0,0,0,0,0,0
290141,1,1,0,0,0,0,0,0,0,0,0,0
290141,2,1,0,0,0,0,0,0,0,0,0,0
290142,1,1,0,0,0,0,0,0,0,0,0,0
290143,1,1,14,14,14,14,14,14,14,14,14,14
290144,1,1,19,19,19,19,19,19,19,19,19,19
290145,1,1,12,0,0,0,0,0,0,0,0,0
290145,2,1,33,33,33,33,33,33,33,33,33,33
290146,1,1,27,27,27,27,27,27,27,27,27,27
290147,1,1,0,0,0,0,0,0,0,0,0,0
290148,1,1,0,0,0,0,0,0,0,0,0,0
290148,2,1,0,0,0,0,0,0,0,0,0,0
290150,1,1,22,22,22,22,22,22,22,22,22,22
290150,2,1,0,0,0,0,0,0,0,0,0,0
290151,0,1,0,20,0,0,0,0,0,0,0,0
290152,1,1,19,19,19,19,19,19,19,19,19,19
290153,1,1,0,0,0,0,0,0,0,0,0,0
290154,1,1,32,32,32,32,32,32,32,32,32,32
290155,1,1,0,0,0,0,0,0,0,0,0,0
290155,2,1,0,0,0,0,0,0,0,0,0,0
290155,3,1,0,0,0,28,0,0,0,17,0,0
290155,4,1,0,0,0,0,0,0,0,0,0,0
290156,1,1,0,0,0,0,0,0,0,0,0,22
290156,2,1,0,0,0,0,0,0,0,0,0,0
290158,0,1,19,19,19,19,19,19,19,19,19,19
290158,1,1,0,0,0,0,0,0,0,0,0,0
290159,1,1,0,0,0,0,0,0,0,0,0,0
290159,2,1,0,0,0,0,0,0,0,0,0,0
290160,1,1,0,0,0,0,0,0,0,0,0,0
290160,2,1,0,0,0,0,0,0,0,0,0,0
290161,1,1,0,0,0,0,0,0,0,0,0,0
290162,1,1,23,23,23,23,23,23,23,23,23,23
290164,1,1,0,0,0,0,0,0,0,0,0,0
290164,2,1,0,0,0,0,0,0,0,0,0,0
290165,1,1,0,0,0,38,0,0,0,0,0,0
290165,2,1,0,0,0,0,0,0,0,0,0,0
290166,1,1,0,0,0,0,0,0,0,0,0,0
290166,2,1,0,0,0,0,0,0,0,0,0,0
290166,3,1,0,0,0,0,0,0,0,0,0,0
290167,1,1,21,21,21,21,21,21,21,21,21,21
290167,2,1,0,0,0,0,0,0,0,0,0,0
290168,1,1,8,8,8,8,8,8,8,8,8,8
290169,1,1,0,0,0,0,0,0,0,0,0,0
290169,2,1,0,0,0,0,0,0,11,0,0,0
290170,1,1,0,0,0,0,0,0,0,0,0,0
290170,2,1,0,0,0,0,0,0,0,0,0,0
290171,1,1,0,0,0,0,0,0,0,0,0,0
290171,2,1,0,0,0,0,0,0,0,0,0,0
290171,3,1,0,0,0,0,0,0,0,0,0,0
290172,1,1,12,12,12,12,12,12,12,12,12,12
290173,1,1,0,0,0,0,0,0,0,0,0,0
290173,2,1,0,0,0,0,0,0,0,0,0,0
290174,1,1,0,0,0,0,0,0,0,0,0,0
290175,1,1,0,0,0,0,0,0,0,0,0,0
290176,1,1,0,0,0,0,0,0,0,0,0,0
290177,1,1,0,0,0,0,0,0,0,0,0,0
290177,2,1,21,21,21,21,21,21,21,21,21,21
290178,1,1,0,0,0,0,0,0,0,0,0,0
290178,2,1,0,0,0,0,0,0,0,0,0,0
290179,1,1,0,0,0,0,0,0,0,22,0,0
290179,2,1,3,0,0,0,0,0,0,0,0,0
290180,0,1,7,34,29,16,28,0,0,30,34,0
290180,0,2,9,9,9,9,9,9,9,9,9,9
290180,1,1,23,0,23,0,0,9,0,14,8,0
290181,1,1,14,14,14,14,14,14,14,14,14,14
290181,2,1,7,7,7,7,7,7,7,7,7,7
290182,1,1,2,2,2,2,2,2,2,2,2,2
290182,2,1,17,17,17,17,17,17,17,17,17,17
290183,1,1,31,13,5,26,8,3,22,19,16,8
290184,1,1,0,0,0,0,0,0,0,0,0,0
290184,2,1,0,0,0,0,0,0,0,0,0,0
290185,1,1,0,0,0,0,0,0,0,0,0,0
290186,1,1,0,0,0,0,0,0,0,0,0,0
290186,2,1,0,0,0,0,0,0,0,0,0,0
290187,1,1,17,17,17,17,17,17,17,17,17,17
290188,1,1,0,0,0,0,0,0,0,0,0,0
290188,2,1,0,0,0,0,0,0,0,0,0,0
290189,1,1,39,39,39,39,39,39,39,39,39,39
290190,1,1,0,0,0,0,0,0,0,0,0,0
290190,2,1,0,0,0,0,0,0,0,0,0,0
290191,1,1,14,14,14,14,14,14,14,14,14,14
290192,1,1,7,7,7,7,7,7,7,7,7,7
290193,1,1,16,16,16,16,16,16,16,16,16,16
290194,1,1,13,13,13,13,13,13,13,13,13,13
290195,1,1,25,25,25,25,25,25,25,25,25,25
290195,2,1,0,0,0,0,0,0,0,0,0,0
290195,3,1,0,0,0,0,0,0,0,0,0,0
290196,1,1,0,0,0,0,0,0,0,0,0,0
290197,1,1,0,0,0,0,0,0,0,0,0,0
290197,2,1,0,0,0,0,0,0,0,0,0,0
290198,1,1,14,14,14,14,14,14,14,14,14,14
290199,1,1,0,0,0,0,0,0,0,0,0,12
290200,1,1,0,0,0,0,0,0,0,0,0,0
290200,2,1,0,0,0,0,0,0,0,0,0,0
290200,3,1,0,0,0,0,0,0,0,0,0,0
290201,1,1,0,0,0,0,0,0,0,0,0,0
290202,1,1,0,0,0,0,0,0,0,0,0,0
290203,1,1,13,13,13,13,13,13,13,13,13,13
290203,2,1,0,0,0,0,0,0,0,0,0,0
290204,0,1,30,30,30,30,30,30,30,30,30,30
290204,1,1,0,8,13,0,8,0,0,0,0,8
290205,1,1,0,0,0,0,0,0,0,0,0,0
290205,2,1,26,0,0,10,0,0,0,11,0,14
290206,1,1,23,23,23,23,23,23,23,23,23,23
290206,2,1,0,0,0,28,15,0,0,18,0,0
290206,3,1,0,0,0,0,0,0,0,0,0,13
290207,1,1,0,0,0,0,0,0,0,0,0,0
290208,1,1,0,0,0,0,0,0,0,0,0,0
290208,2,1,0,0,0,0,0,0,0,0,0,0
290208,3,1,0,0,0,0,0,0,0,0,0,0
290209,1,1,11,11,11,11,11,11,11,11,11,11
290210,1,1,11,11,11,11,11,11,11,11,11,11
290211,1,1,0,0,0,0,0,0,0,0,0,0
290211,2,1,0,0,0,0,0,0,0,0,0,0
290212,1,1,0,0,0,0,0,0,0,0,0,0
290212,2,1,7,7,7,7,7,7,7,7,7,7
290213,1,1,0,0,0,0,0,0,0,0,0,0
290213,2,1,0,0,0,0,0,0,0,0,0,0
290214,1,1,0,0,0,0,0,0,0,0,0,0
290214,2,1,0,0,13,0,0,0,0,0,0,0
290215,0,1,0,0,0,0,0,0,0,0,0,0
290215,0,2,0,0,0,0,0,0,0,0,0,0
290215,1,1,0,0,0,0,0,0,0,0,0,0
290216,1,1,13,13,31,32,21,18,30,15,26,17
290217,1,1,0,0,0,0,0,0,0,0,17,0
290217,2,1,0,0,0,0,0,0,0,0,0,0
290218,1,1,30,30,30,30,30,30,30,30,30,30
290218,2,1,0,0,0,0,0,0,0,0,0,0
290219,1,1,0,0,0,0,0,0,0,0,26,0
290220,1,1,10,10,10,10,10,10,10,10,10,10
290221,1,1,0,0,0,0,0,0,0,0,0,0
290222,1,1,0,0,0,0,0,0,0,0,0,0
290222,2,1,0,0,0,0,0,0,0,0,0,0
290223,1,1,23,23,23,23,23,23,23,23,23,23
290224,1,1,0,0,0,0,0,0,0,0,0,0
290224,2,1,0,0,0,0,0,0,0,0,0,0
290225,1,1,0,0,0,0,0,0,0,0,0,0
290226,1,1,0,0,0,0,0,0,0,0,0,0
290226,2,1,0,0,0,0,0,0,0,0,0,0
290227,1,1,0,0,0,0,0,0,0,0,0,0
290227,2,1,1,1,1,1,1,1,1,1,1,1
290228,1,1,0,0,0,0,0,0,0,0,0,0
290228,2,1,0,0,0,0,0,0,0,0,0,0
290229,1,1,0,0,0,0,0,0,0,0,0,0
290230,0,1,0,0,0,0,0,0,0,0,0,0
290230,1,1,0,0,10,19,0,0,0,0,0,13
290231,1,1,17,17,17,17,17,17,17,17,17,17
290232,1,1,0,0,0,0,0,0,0,0,0,0
290232,2,1,0,0,0,0,0,0,0,0,0,0
290233,1,1,0,0,0,0,0,0,0,0,0,0
290233,2,1,0,0,0,0,0,0,0,0,0,0
290234,1,1,0,0,0,0,0,0,0,0,0,0
290235,1,1,3,3,3,3,3,3,3,3,3,3
290236,1,1,0,0,0,0,0,0,0,0,0,0
290236,2,1,0,0,0,0,0,0,0,0,0,0
290236,3,1,0,0,0,0,0,0,0,0,0,0
290237,0,1,0,0,0,0,0,0,0,0,0,0
290237,1,1,0,0,0,0,0,0,0,0,0,0
290238,1,1,16,16,16,16,16,16,16,16,16,16
290239,1,1,0,0,0,0,0,0,0,0,0,0
290240,1,1,0,0,0,0,0,0,0,0,0,0
290241,1,1,0,0,0,0,0,0,0,8,0,15
290241,2,1,0,0,0,0,0,0,0,0,0,0
290242,1,1,0,0,0,0,0,0,0,0,0,0
290243,1,1,8,8,8,8,8,8,8,8,8,8
290244,1,1,0,0,0,0,0,0,0,0,0,0
290244,2,1,0,0,0,0,0,0,0,0,0,0
290245,1,1,0,0,0,0,0,0,0,0,0,0
290245,2,1,0,0,0,0,0,0,0,0,0,0
290246,1,1,17,17,17,17,17,17,17,17,17,17
290246,2,1,0,0,0,0,0,0,0,0,0,0
290247,1,1,0,0,0,0,0,0,0,0,0,0
290247,2,1,0,0,0,0,0,0,0,0,0,0
290248,1,1,0,0,0,0,0,0,16,0,0,0
290249,1,1,0,0,0,0,0,0,0,0,0,0
290251,1,1,0,0,0,0,0,0,0,0,0,0
290252,0,1,0,0,0,0,0,0,0,0,0,0
290252,1,1,0,0,0,0,0,0,0,0,0,0
290253,1,1,0,0,0,0,0,0,0,0,0,0
290253,2,1,0,0,0,0,0,0,0,0,0,0
290254,1,1,13,13,13,13,13,13,13,13,13,13
290254,2,1,0,0,0,0,0,0,0,0,0,0
290254,3,1,0,0,0,0,0,0,0,0,0,0
290255,1,1,0,0,0,0,0,0,0,0,0,0
290255,2,1,0,0,0,0,0,0,0,0,0,0
290256,1,1,0,0,0,0,0,0,0,0,0,0
290256,2,1,0,0,0,0,0,0,0,0,0,0
290257,1,1,0,0,0,0,0,0,0,0,0,0
290257,2,1,0,0,0,0,0,0,0,0,0,0
290258,1,1,23,11,22,10,3,14,13,19,28,11
290259,1,1,0,0,0,0,0,0,0,0,0,0
290259,2,1,0,0,0,0,0,0,0,0,0,0
290260,1,1,7,7,7,7,7,7,7,7,7,7
290261,1,1,0,0,0,0,0,0,0,0,0,0
290261,2,1,3,3,3,3,3,3,3,3,3,3
290262,1,1,0,0,0,0,0,0,0,0,0,0
290263,1,1,0,19,0,0,0,0,0,0,0,0
290264,1,1,0,0,0,0,0,0,0,0,0,0
290265,1,1,0,0,0,0,0,0,0,0,0,0
290265,2,1,0,0,0,0,0,0,0,0,0,0
290266,1,1,0,0,0,0,0,0,0,0,0,0
290267,1,1,0,0,0,0,0,0,0,0,0,0
290267,2,1,0,0,0,0,0,0,0,0,0,0
290268,1,1,0,0,0,0,0,0,0,0,0,0
290268,2,1,0,0,0,0,0,0,0,0,0,0
290269,1,1,0,0,0,0,0,0,0,0,0,0
290270,1,1,0,0,0,0,0,0,0,0,0,0
290271,1,1,0,0,0,0,0,0,0,0,0,0
290272,1,1,0,0,0,0,0,0,0,0,0,0
290273,1,1,0,0,0,0,0,0,0,0,0,0
290274,1,1,9,9,9,9,9,9,9,9,9,9
290275,1,1,0,0,0,0,0,0,0,0,0,0
290275,2,1,0,0,0,0,0,0,0,0,0,0
290276,1,1,0,0,0,0,0,0,0,0,0,0
290277,1,1,0,0,0,0,0,0,0,0,0,0
290278,1,1,15,12,0,0,0,0,0,0,14,0
290278,2,1,0,0,0,0,0,0,0,0,0,0
290279,1,1,7,7,7,7,7,7,7,7,7,7
290280,1,1,0,0,0,0,0,0,0,0,0,0
290280,2,1,0,0,0,0,0,0,0,0,0,4
290280,3,1,0,0,0,0,0,0,0,0,0,0
290281,1,1,0,0,0,0,0,0,0,0,0,0
290281,2,1,0,0,0,0,0,0,0,0,0,0
290281,3,1,0,0,0,0,0,0,0,0,0,0
290282,1,1,17,0,24,0,0,0,0,0,0,0
290283,1,1,0,0,0,0,0,0,0,0,0,0
290283,2,1,0,0,0,0,0,0,0,0,12,0
290284,1,1,0,0,0,0,0,0,0,0,0,0
290285,1,1,0,0,0,0,0,0,0,0,0,0
290285,2,1,0,0,0,0,0,0,0,0,0,0
290286,1,1,0,0,0,0,0,27,0,0,0,0
290286,2,1,0,0,0,0,0,0,0,0,0,0
290287,1,1,0,0,0,0,0,0,0,0,0,0
290287,2,1,0,0,0,0,0,0,0,0,0,0
290288,0,1,0,0,0,0,0,0,0,0,0,0
290288,1,1,9,7,11,0,12,21,0,0,0,0
290289,1,1,0,0,0,0,0,0,0,0,0,0
290289,2,1,12,8,19,14,0,10,20,0,22,0
290289,3,1,6,6,6,6,6,6,6,6,6,6
290290,1,1,23,23,23,23,23,23,23,23,23,23
290291,1,1,0,0,0,0,0,0,0,0,0,0
290291,2,1,0,0,0,0,0,11,0,0,0,0
290292,1,1,0,0,0,0,0,0,0,0,0,0
290292,2,1,0,0,0,0,0,0,0,0,0,0
290293,1,1,11,11,11,11,11,11,11,11,11,11
290294,1,1,0,0,0,0,0,0,0,0,0,0
290295,1,1,0,0,0,0,0,0,0,0,0,0
290295,2,1,0,0,0,0,0,0,0,0,0,0
290296,1,1,0,0,0,0,0,0,0,0,0,0
290296,2,1,0,0,0,0,0,0,17,0,0,0
290297,1,1,19,19,19,19,19,19,19,19,19,19
290298,1,1,21,21,21,21,21,21,21,21,21,21
290299,1,1,16,19,15,23,8,10,16,29,2,0
290299,2,1,0,0,0,0,0,0,0,15,0,0
290300,1,1,0,0,0,0,0,0,0,0,0,0
290301,1,1,0,0,0,0,0,0,0,0,0,0
290301,2,1,0,0,0,0,0,0,0,0,0,0
290301,3,1,0,0,0,0,0,0,0,0,0,0
290302,1,1,9,9,9,9,9,9,9,9,9,9
290303,1,1,0,0,0,0,0,0,0,0,0,0
290304,1,1,17,17,17,17,17,17,17,17,17,17
290305,1,1,0,0,0,0,0,0,0,0,0,0
290305,2,1,16,0,0,0,0,0,0,22,0,0
290305,3,1,0,0,0,0,0,0,0,0,0,0
290306,1,1,0,0,0,0,0,0,0,0,0,0
290306,2,1,0,0,0,0,24,0,0,0,0,0
290307,1,1,24,44,0,20,15,10,0,0,19,19
290308,1,1,0,0,0,0,0,0,0,0,0,0
290309,1,1,0,0,0,0,0,0,0,0,0,0
290310,1,1,18,18,18,18,18,18,18,18,18,18
290310,2,1,0,0,0,0,0,0,0,0,0,0
290311,1,1,10,10,10,10,10,10,10,10,10,10
290312,0,1,0,0,0,0,0,0,0,0,0,0
290312,1,1,0,0,0,0,0,0,0,0,0,0
290313,1,1,0,0,0,0,0,0,0,0,0,0
290314,1,1,0,0,0,0,0,0,0,0,0,0
290315,1,1,4,4,4,4,4,4,4,4,4,4
290315,2,1,0,0,0,0,0,0,0,0,0,0
290316,0,1,0,0,0,0,0,0,0,0,0,0
290316,1,1,10,10,10,10,10,10,10,10,10,10
290317,1,1,22,22,22,22,22,22,22,22,22,22
290317,2,1,0,0,0,0,17,0,0,0,0,0
290318,1,1,0,0,0,0,0,0,0,0,0,0
290318,2,1,0,0,0,0,0,0,0,0,0,0
290319,1,1,0,0,0,0,0,0,0,24,0,0
290320,0,1,13,13,13,13,13,13,13,13,13,13
290320,1,1,0,0,0,0,0,0,0,0,0,0
290321,1,1,0,0,0,20,26,0,0,0,0,0
290321,2,1,0,0,0,0,0,0,0,0,0,0
290322,0,1,0,0,0,0,0,0,0,0,0,0
290322,1,1,0,0,0,0,0,0,0,0,0,0
290322,2,1,0,0,0,0,0,0,0,0,0,0
290323,1,1,0,0,0,0,0,0,0,0,0,0
290323,2,1,1,1,1,1,1,1,1,1,1,1
290324,1,1,0,0,0,0,0,0,0,0,0,0
290324,2,1,0,0,0,0,0,0,0,0,0,0
290325,1,1,19,19,19,19,19,19,19,19,19,19
290326,1,1,0,0,0,0,0,0,0,0,0,0
290326,2,1,0,0,0,0,0,0,0,0,0,0
290327,1,1,8,8,8,8,8,8,8,8,8,8
290328,1,1,0,0,0,0,0,0,0,0,0,0
290328,2,1,0,0,0,0,0,0,0,0,0,0
290329,0,1,15,15,15,15,15,15,15,15,15,15
290329,1,1,0,0,0,0,0,0,0,0,0,0
290330,1,1,0,4,0,0,0,0,0,6,14,21
290331,1,1,0,0,0,0,0,0,0,0,0,0
290331,2,1,0,0,0,0,0,0,0,0,0,0
290333,0,1,0,0,0,0,16,0,39,7,33,0
290333,1,1,0,0,0,0,0,0,0,0,0,0
290334,1,1,0,0,0,0,0,0,0,0,0,0
290335,0,1,18,18,18,18,18,18,18,18,18,18
290335,1,1,0,0,0,0,0,0,0,0,0,0
290336,1,1,0,0,0,0,0,0,0,0,0,0
290336,2,1,0,0,0,0,0,0,0,0,0,0
290337,1,1,12,12,12,12,12,12,12,12,12,12
290338,1,1,0,0,0,0,0,0,0,0,0,0
290338,2,1,0,0,0,0,0,0,0,0,0,0
290339,1,1,21,21,21,21,21,21,21,21,21,21