ST_CASE,VEH_NO,PER_NO,P1,P2,P3,P4,P5,P6,P7,P8,P9,P10
290340,1,1,32,32,32,32,32,32,32,32,32,32
290341,1,1,0,0,0,0,0,0,0,0,0,0
290342,1,1,17,5,14,3,14,17,18,6,11,19
290343,1,1,16,12,0,0,0,0,16,9,0,9
290344,1,1,0,0,0,0,0,0,0,0,0,0
290344,2,1,0,0,0,19,0,0,0,0,0,0
290345,0,1,0,0,0,0,0,0,0,0,0,0
290345,1,1,4,0,0,30,25,0,0,18,12,0
290346,1,1,0,0,0,0,0,0,0,0,0,0
290346,2,1,0,0,0,0,0,0,0,0,0,0
290347,1,1,0,0,0,0,0,0,0,0,0,0
290347,2,1,0,0,0,12,0,0,0,0,0,0
290348,1,1,8,0,3,18,9,21,9,14,0,6
290349,1,1,0,0,0,0,0,0,0,0,0,0
290349,2,1,0,0,0,0,0,0,0,0,0,0
290350,1,1,0,0,0,0,0,0,0,0,0,0
290350,2,1,21,21,21,21,21,21,21,21,21,21
290351,1,1,24,24,24,24,24,24,24,24,24,24
290352,1,1,11,11,11,11,11,11,11,11,11,11
290352,2,1,25,25,25,25,25,25,25,25,25,25
290353,1,1,0,0,0,0,0,0,0,0,0,0
290354,1,1,0,0,0,0,0,0,0,8,0,6
290354,2,1,0,0,0,0,0,0,0,0,0,0
290355,1,1,0,0,0,0,0,0,0,0,0,0
290355,2,1,0,0,0,0,0,0,0,0,0,0
290356,1,1,0,0,0,0,0,0,0,0,0,0
290356,2,1,0,0,0,0,0,0,0,0,0,0
290357,1,1,0,0,0,0,0,0,0,0,0,0
290357,2,1,0,0,0,0,0,0,0,0,0,0
290358,1,1,0,0,0,0,0,0,0,0,0,0
290359,0,1,0,0,0,0,0,0,0,0,0,0
290359,1,1,0,0,0,0,0,0,0,0,0,0
290360,1,1,11,21,0,0,29,0,0,0,0,9
290361,1,1,0,0,0,15,11,4,18,0,0,25
290362,1,1,0,0,0,0,0,0,0,0,0,0
290362,2,1,0,0,0,0,0,0,0,0,0,0
290363,1,1,0,0,0,0,0,0,0,0,0,0
290363,2,1,0,0,0,0,0,0,0,0,0,0
290364,1,1,22,22,22,22,22,22,22,22,22,22
290365,1,1,10,40,3,8,20,0,10,9,4,15
290366,1,1,0,0,0,0,0,0,0,0,0,0
290366,2,1,0,0,0,0,0,0,0,0,0,0
290366,3,1,0,0,0,0,0,0,0,0,0,0
290366,4,1,10,0,0,0,0,0,0,0,0,0
290367,1,1,0,0,0,0,0,0,0,0,0,0
290368,1,1,0,0,0,0,0,0,0,0,0,0
290369,1,1,24,24,24,24,24,24,24,24,24,24
290370,1,1,0,0,0,0,0,0,0,0,0,0
290370,2,1,9,9,9,9,9,9,9,9,9,9
290371,1,1,0,0,0,0,0,0,0,0,0,0
290372,1,1,0,0,0,0,0,0,0,0,0,0
290373,1,1,0,0,27,0,9,0,0,0,0,0
290374,1,1,0,0,0,0,0,0,0,0,0,0
290374,2,1,0,0,0,0,0,0,0,0,0,0
290375,1,1,0,0,0,0,0,0,0,0,0,0
290375,2,1,0,0,0,0,4,0,8,0,0,0
290375,3,1,0,0,0,0,0,0,0,0,0,0
290375,4,1,0,0,0,0,0,0,0,0,0,0
290375,5,1,0,0,0,0,0,0,0,0,0,0
290376,1,1,0,0,0,0,0,0,0,0,0,0
290377,1,1,0,0,0,0,0,0,0,0,0,0
290378,1,1,0,0,0,0,0,0,0,0,0,0
290378,2,1,0,0,0,0,0,0,0,0,0,0
290378,3,1,0,0,0,0,0,0,0,0,0,0
290379,0,1,10,10,10,10,10,10,10,10,10,10
290379,0,2,44,14,15,18,17,27,0,20,19,37
290379,1,1,1,1,1,1,1,1,1,1,1,1
290380,0,1,0,0,0,0,0,0,0,0,0,0
290380,1,1,0,0,0,0,0,0,0,0,8,0
290381,1,1,0,16,0,0,25,10,36,0,0,0
290382,1,1,7,7,7,7,7,7,7,7,7,7
290383,0,1,0,0,0,0,0,0,0,0,0,0
290383,1,1,0,0,0,0,0,0,0,0,0,0
290384,1,1,0,0,0,0,0,0,0,0,0,0
290384,2,1,0,0,0,0,0,0,0,0,0,0
290385,0,1,24,24,24,24,24,24,24,24,24,24
290385,1,1,0,0,0,0,0,0,0,0,0,0
290386,0,1,0,0,0,0,0,0,0,0,0,0
290386,1,1,5,5,5,5,5,5,5,5,5,5
290387,1,1,12,12,12,12,12,12,12,12,12,12
290388,1,1,0,0,0,0,0,0,0,0,0,0
290389,1,1,0,10,0,18,0,0,0,0,0,8
290389,2,1,1,1,1,1,1,1,1,1,1,1
290390,1,1,1,1,1,1,1,1,1,1,1,1
290391,1,1,0,0,0,0,0,0,0,0,0,0
290391,2,1,0,0,0,0,0,0,0,0,0,0
290392,1,1,0,0,0,0,0,0,0,0,0,0
290392,2,1,0,0,0,0,0,0,0,0,0,0
290393,1,1,1,1,1,1,1,1,1,1,1,1
290393,2,1,1,1,1,1,1,1,1,1,1,1
290394,1,1,0,0,0,0,0,0,0,0,0,0
290394,2,1,0,0,0,0,0,0,0,0,0,0
290395,1,1,0,0,0,0,0,0,0,0,0,0
290395,2,1,0,0,0,0,0,0,0,0,0,0
290396,1,1,0,0,0,0,0,0,0,0,0,0
290396,2,1,0,0,0,0,0,0,0,0,0,0
290397,1,1,0,0,0,0,0,0,0,0,0,0
290397,2,1,0,0,0,0,0,0,0,0,0,0
290397,3,1,0,0,0,0,0,0,0,0,0,0
290397,4,1,0,0,0,0,0,0,0,0,0,0
290398,1,1,0,0,0,0,0,0,0,0,0,0
290398,2,1,0,0,0,0,0,0,0,0,0,0
290399,1,1,0,0,0,0,0,0,0,0,0,0
290399,2,1,0,0,0,0,0,0,0,0,0,0
290401,1,1,0,0,0,0,0,0,0,0,0,0
290401,2,1,0,0,0,0,0,0,0,0,0,0
290402,0,1,0,0,0,0,0,0,0,0,0,0
290402,1,1,0,0,0,0,0,0,0,0,0,0
290403,1,1,8,8,8,8,8,8,8,8,8,8
290403,2,1,0,0,0,0,0,0,0,0,0,0
290404,1,1,0,0,0,0,0,0,0,0,0,0
290405,1,1,0,0,0,0,0,0,0,0,0,0
290405,2,1,0,0,0,0,0,0,0,0,0,0
290407,1,1,6,6,6,6,6,6,6,6,6,6
290408,1,1,25,25,25,25,25,25,25,25,25,25
290409,0,1,0,0,0,20,32,0,0,0,0,0
290409,1,1,0,0,0,0,0,0,0,0,0,0
290411,1,1,11,11,11,11,11,11,11,11,11,11
290412,1,1,13,13,13,13,13,13,13,13,13,13
290413,1,1,0,0,0,0,0,0,0,0,0,0
290414,1,1,48,48,48,48,48,48,48,48,48,48
290415,1,1,7,7,7,7,7,7,7,7,7,7
290416,1,1,0,0,0,0,0,0,0,0,0,0
290416,2,1,0,0,0,0,0,0,0,0,0,0
290417,1,1,0,0,0,0,0,0,0,0,0,0
290418,1,1,0,0,0,0,0,0,0,0,0,0
290418,2,1,0,0,0,0,0,0,0,0,0,0
290419,1,1,0,0,0,26,0,11,0,31,0,0
290420,1,1,0,12,0,0,16,10,24,21,0,21
290421,0,1,0,0,0,0,0,0,0,0,0,0
290421,1,1,0,0,0,0,0,0,0,0,0,0
290423,0,1,0,0,0,16,0,0,0,0,0,0
290423,1,1,0,0,0,0,0,0,0,0,0,0
290424,1,1,22,22,22,22,22,22,22,22,22,22
290425,1,1,0,0,0,0,0,0,0,0,0,0
290425,2,1,0,0,0,0,0,0,0,0,0,0
290426,1,1,0,0,0,0,0,0,0,0,0,0
290426,2,1,0,0,0,0,0,0,0,0,0,0
290427,0,1,12,12,12,12,12,12,12,12,12,12
290427,1,1,0,9,5,0,16,0,0,10,0,0
290428,1,1,0,0,0,0,0,0,0,0,0,0
290428,2,1,0,0,0,0,0,0,0,0,0,0
290428,3,1,0,0,0,0,0,0,0,0,0,0
290429,1,1,0,0,0,0,0,0,0,0,0,0
290429,2,1,0,0,0,0,0,0,0,0,0,0
290430,1,1,0,0,0,0,0,0,0,0,0,0
290431,1,1,0,13,0,0,17,0,0,0,0,10
290432,1,1,0,0,0,0,0,0,0,0,0,0
290433,1,1,0,0,0,0,0,0,0,0,0,0
290433,2,1,0,0,0,0,3,0,0,0,0,0
290434,1,1,34,34,34,34,34,34,34,34,34,34
290435,1,1,27,27,27,27,27,27,27,27,27,27
290436,1,1,0,0,0,0,0,0,0,0,0,33
290437,1,1,26,26,26,26,26,26,26,26,26,26
290438,1,1,24,24,24,24,24,24,24,24,24,24
290440,1,1,25,30,0,10,19,35,20,5,0,27
290440,2,1,0,0,0,0,0,0,0,0,0,0
290441,1,1,0,0,0,0,0,0,0,0,0,0
290441,2,1,0,0,0,0,0,0,0,0,0,0
290443,0,1,0,0,0,0,0,0,0,0,0,0
290443,1,1,14,0,0,11,0,23,21,16,0,18
290444,1,1,19,19,19,19,19,19,19,19,19,19
290445,1,1,20,20,20,20,20,20,20,20,20,20
290446,1,1,0,0,0,0,0,0,0,0,0,0
290447,0,1,0,0,0,20,0,0,0,0,0,0
290447,1,1,28,0,0,0,0,0,0,0,0,0
290448,1,1,0,0,0,0,0,0,6,0,0,0
290448,2,1,0,0,0,0,0,0,0,0,0,0
290448,3,1,0,0,0,0,0,0,0,0,0,0
290448,4,1,0,0,0,0,0,0,0,0,0,0
290448,5,1,0,0,0,0,0,0,0,0,0,0
290448,6,1,0,0,0,0,0,0,0,0,0,0
290448,7,1,0,0,0,0,0,0,0,0,0,0
290448,8,1,0,0,0,0,0,0,19,0,0,0
290448,9,1,0,0,0,0,0,0,0,0,0,10
290448,10,1,0,0,0,0,0,0,0,0,0,0
290449,1,1,17,17,17,17,17,17,17,17,17,17
290450,1,1,0,0,0,0,0,0,0,0,0,0
290451,1,1,0,0,0,0,0,0,0,0,0,0
290452,1,1,0,0,0,0,0,0,0,0,0,0
290453,0,1,0,0,0,0,0,0,0,0,0,0
290453,1,1,0,0,0,0,0,0,0,0,0,0
290454,1,1,8,8,8,8,8,8,8,8,8,8
290455,1,1,6,6,6,6,6,6,6,6,6,6
290455,2,1,0,0,0,0,0,0,0,0,0,0
290456,1,1,0,0,0,0,0,0,0,0,0,0
290457,0,1,0,0,0,0,0,0,0,0,0,0
290457,1,1,9,9,9,9,9,9,9,9,9,9
290458,1,1,0,0,0,0,0,0,0,0,0,0
290460,1,1,0,0,0,0,0,0,0,0,0,0
290460,2,1,0,0,0,0,0,0,0,0,0,0
290461,0,1,0,0,16,19,0,0,15,0,0,0
290461,1,1,0,0,0,0,0,0,0,0,0,0
290462,1,1,0,0,0,0,12,0,0,0,0,0
290462,2,1,1,1,1,1,1,1,1,1,1,1
290463,1,1,30,30,30,30,30,30,30,30,30,30
290463,2,1,0,0,0,0,0,0,0,0,0,0
290463,3,1,0,0,0,0,0,0,0,0,0,0
290464,1,1,0,0,0,0,0,0,0,0,0,0
290464,2,1,0,0,0,0,0,0,0,0,0,0
290465,1,1,0,0,0,0,0,0,0,0,0,0
290465,2,1,0,0,0,0,0,0,0,0,0,0
290466,1,1,0,0,0,0,0,0,0,0,0,0
290466,2,1,0,0,0,0,0,0,0,0,0,0
290467,1,1,0,0,0,0,0,0,0,0,0,0
290467,2,1,0,0,0,0,0,0,0,0,0,0
290468,1,1,21,21,21,21,21,21,21,21,21,21
290469,1,1,0,0,0,0,0,0,0,0,0,0
290469,2,1,0,0,0,0,0,0,0,0,0,0
290470,1,1,0,0,0,0,0,0,0,0,0,0
290470,2,1,0,0,0,0,0,0,0,0,0,0
290471,1,1,0,0,0,0,0,0,0,0,0,0
290472,1,1,24,24,24,24,24,24,24,24,24,24
290472,2,1,0,0,0,0,0,0,0,0,0,0
290473,1,1,0,0,0,0,0,0,0,0,0,0
290474,1,1,0,0,0,0,0,0,0,0,0,0
290475,0,1,9,9,9,9,9,9,9,9,9,9
290475,1,1,0,0,0,0,0,0,0,0,0,0
290476,1,1,0,0,0,0,0,0,0,0,0,0
290477,0,1,0,0,0,0,0,0,0,0,0,0
290477,1,1,0,0,0,0,0,0,0,0,0,0
290478,1,1,18,18,18,18,18,18,18,18,18,18
290479,1,1,3,3,3,3,3,3,3,3,3,3
290480,1,1,0,0,0,0,0,0,0,0,0,0
290480,2,1,0,0,0,0,0,0,0,0,0,0
290481,1,1,0,0,0,0,0,0,0,0,0,0
290482,1,1,0,19,0,0,0,0,0,0,0,0
290483,1,1,0,0,0,0,9,0,0,0,0,0
290483,2,1,0,19,0,0,0,0,0,0,0,0
290484,1,1,0,0,0,0,0,0,0,0,0,0
290484,2,1,0,0,0,0,0,0,0,0,0,0
290485,1,1,0,0,0,0,0,0,0,0,0,31
290486,1,1,0,0,0,0,0,0,0,0,0,0
290486,2,1,0,0,0,34,0,0,0,0,17,14
290487,1,1,0,0,0,0,0,0,0,0,0,0
290488,1,1,0,0,0,0,0,0,0,0,0,0
290488,2,1,4,4,4,4,4,4,4,4,4,4
290489,1,1,0,0,0,0,0,0,0,0,0,0
290489,2,1,0,0,0,0,11,0,0,0,0,0
290490,1,1,0,0,0,0,0,0,0,0,0,0
290490,2,1,0,0,0,0,0,0,0,0,0,0
290491,1,1,0,0,0,0,0,0,0,0,0,0
290491,2,1,0,0,0,0,0,0,0,0,0,0
290492,1,1,25,25,25,25,25,25,25,25,25,25
290493,1,1,0,0,0,0,0,0,0,0,0,0
290494,1,1,0,0,0,0,0,0,0,0,0,0
290495,1,1,25,25,25,25,25,25,25,25,25,25
290496,1,1,0,0,0,0,0,0,0,0,0,0
290497,1,1,0,30,0,0,0,0,0,0,0,0
290497,2,1,0,0,13,0,16,16,0,10,0,17
290497,3,1,0,0,0,0,0,0,0,0,0,0
290497,4,1,39,39,39,39,39,39,39,39,39,39
290498,0,1,10,0,14,0,0,0,0,0,0,0
290498,1,1,0,0,15,0,0,0,0,0,0,0
290499,1,1,0,0,0,0,0,0,0,0,0,0
290499,2,1,0,0,0,0,11,0,0,0,0,0
290500,1,1,9,9,9,9,9,9,9,9,9,9
290501,1,1,0,0,0,0,0,0,0,0,0,0
290501,2,1,0,0,0,0,0,0,0,0,0,0
290502,1,1,0,0,0,0,0,0,0,0,0,0
290502,2,1,0,0,0,0,0,0,0,0,0,0
290503,1,1,0,0,0,0,0,0,0,0,0,0
290503,2,1,0,0,0,0,0,0,4,0,0,0
290504,1,1,26,26,26,26,26,26,26,26,26,26
290504,2,1,0,0,0,0,0,0,0,0,0,0
290505,1,1,0,0,0,0,0,0,0,0,0,0
290506,1,1,14,14,14,14,14,14,14,14,14,14
290507,1,1,0,0,0,0,0,0,0,0,0,0
290508,1,1,0,0,0,0,0,0,0,0,0,0
290509,0,1,0,0,0,0,0,0,0,0,0,0
290509,1,1,0,0,0,0,0,0,0,0,0,0
290509,2,1,5,13,5,0,10,0,0,6,0,0
290510,1,1,0,0,0,0,0,0,0,0,0,0
290512,1,1,0,0,0,0,0,0,0,0,0,0
290513,1,1,0,0,0,0,0,0,0,0,0,0
290514,1,1,0,0,0,0,0,0,0,0,0,0
290515,1,1,0,0,0,0,0,0,0,0,0,0
290516,0,1,0,0,0,0,0,0,0,0,0,0
290516,1,1,0,0,0,0,0,0,0,0,0,0
290517,1,1,14,14,14,14,14,14,14,14,14,14
290518,1,1,0,13,0,0,0,14,0,3,0,0
290519,1,1,0,0,0,0,0,0,0,0,0,0
290520,1,1,0,0,0,0,0,0,0,0,0,0
290521,1,1,0,22,0,18,0,11,0,0,17,0
290522,1,1,16,0,0,23,0,0,0,7,0,0
290523,1,1,0,0,0,0,0,0,0,0,0,0
290524,1,1,0,0,0,0,0,0,0,0,0,0
290525,1,1,0,0,0,0,0,0,0,0,0,0
290525,2,1,0,0,0,0,0,0,0,0,0,0
290526,1,1,0,0,0,0,0,0,0,0,0,0
290527,1,1,0,0,0,0,0,0,0,0,0,0
290527,2,1,0,0,0,0,0,0,0,0,0,0
290528,1,1,0,0,0,0,0,0,0,0,0,0
290528,2,1,0,0,0,0,0,0,0,0,0,0
290529,1,1,0,0,0,0,0,0,0,0,0,0
290530,1,1,0,0,0,0,0,0,0,0,0,0
290530,2,1,7,7,7,7,7,7,7,7,7,7
290531,1,1,0,0,0,0,0,0,0,0,0,0
290532,0,1,28,28,28,28,28,28,28,28,28,28
290532,1,1,0,0,0,0,0,0,0,0,0,0
290533,1,1,14,14,14,14,14,14,14,14,14,14
290533,2,1,0,6,7,0,18,16,18,0,0,0
290534,1,1,0,0,0,0,0,0,0,0,0,0
290534,2,1,26,16,0,0,29,20,0,8,0,0
290535,1,1,0,0,0,0,0,0,0,0,0,0
290535,2,1,0,0,0,0,0,0,0,0,0,0
290536,1,1,14,0,0,0,0,0,0,0,0,0
290536,2,1,0,0,0,0,0,0,0,0,0,0
290537,1,1,0,0,0,0,0,0,0,0,0,0
290538,1,1,0,0,0,0,0,0,0,0,0,0
290539,0,1,21,18,27,34,26,21,14,19,9,10
290539,1,1,13,0,0,0,0,0,0,5,0,16
290540,1,1,0,25,0,4,8,0,21,0,4,8
290540,2,1,7,7,7,7,7,7,7,7,7,7
290541,1,1,0,0,0,0,0,0,0,0,0,0
290541,2,1,0,0,0,0,0,0,0,0,0,0
290542,1,1,0,0,0,0,4,0,0,0,0,26
290543,1,1,0,0,0,0,0,0,0,0,0,0
290543,2,1,0,0,0,0,0,0,0,0,0,0
290544,1,1,0,7,0,0,0,0,4,0,0,0
290544,2,1,0,0,0,0,0,11,0,0,23,0
290545,1,1,10,0,12,0,0,0,0,27,11,0
290546,1,1,0,0,0,0,0,0,0,0,0,0
290546,2,1,0,0,0,0,0,0,0,0,0,0
290547,0,1,0,37,0,0,0,0,0,31,0,0
290547,1,1,0,0,0,0,0,0,0,0,0,0
290549,1,1,15,15,15,15,15,15,15,15,15,15
290550,1,1,0,0,0,0,0,0,0,0,0,0
290550,2,1,0,0,0,0,0,0,0,0,0,0
290551,1,1,2,2,2,2,2,2,2,2,2,2
290552,1,1,0,0,0,0,0,0,0,0,0,0
290552,2,1,0,0,0,0,0,0,0,0,0,0
290553,1,1,16,16,16,16,16,16,16,16,16,16
290553,2,1,0,0,0,0,0,0,0,0,0,0
290554,1,1,0,0,0,0,0,0,0,0,0,0
290554,2,1,0,9,0,0,0,0,0,0,0,0
290555,1,1,10,0,0,18,20,0,12,0,0,17
290555,2,1,0,0,0,0,0,0,0,0,0,0
290556,1,1,0,0,0,0,0,0,0,0,0,0
290556,2,1,0,0,0,0,0,0,0,0,0,0
290557,1,1,3,3,3,3,3,3,3,3,3,3
290558,1,1,0,0,0,0,0,0,0,0,0,0
290558,2,1,0,0,0,0,0,0,0,0,0,0
290559,1,1,0,0,0,0,0,0,0,0,0,0
290559,2,1,0,0,0,0,0,0,0,0,0,0
290560,1,1,0,0,0,0,0,0,0,0,0,0
290560,2,1,0,0,0,0,0,0,0,0,0,0
290560,3,1,0,0,0,0,0,0,0,0,0,0
290560,4,1,0,0,0,0,0,0,0,0,0,0
290561,0,1,28,28,28,28,28,28,28,28,28,28
290561,1,1,0,0,0,0,0,0,0,0,0,0
290562,0,1,25,25,25,25,25,25,25,25,25,25
290562,1,1,0,8,0,0,0,0,0,0,0,7
290563,1,1,0,0,0,0,0,0,0,0,0,0
290564,1,1,25,25,25,25,25,25,25,25,25,25
290565,1,1,0,0,0,0,0,0,0,0,0,0
290566,0,1,0,0,0,0,0,0,0,0,0,0
290566,1,1,1,1,1,1,1,1,1,1,1,1
290567,1,1,0,0,0,0,11,0,0,0,0,0
290568,1,1,9,9,9,9,9,9,9,9,9,9
290569,0,1,18,13,21,0,0,28,0,13,0,20
290569,0,2,0,0,0,0,0,0,0,0,0,0
290569,1,1,0,0,0,0,0,0,0,0,0,22
290570,0,1,0,0,0,0,0,0,0,0,0,0
290570,1,1,0,0,0,0,0,0,0,0,0,0
290571,1,1,0,0,0,0,0,0,0,0,0,0
290572,1,1,25,25,25,25,25,25,25,25,25,25
290573,1,1,0,0,0,0,0,0,0,0,0,0
290574,1,1,0,0,0,0,0,0,0,0,0,0
290575,1,1,29,29,29,29,29,29,29,29,29,29
290575,2,1,4,4,4,4,4,4,4,4,4,4
290576,1,1,0,0,0,0,0,0,0,0,0,0
290576,2,1,0,0,0,0,0,0,0,0,0,0
290577,1,1,0,0,0,0,0,0,0,0,0,0
290578,1,1,0,0,0,0,0,0,0,0,0,0
290578,2,1,0,0,0,0,0,0,0,0,0,0
290578,3,1,0,0,0,0,0,0,0,0,0,0
290579,1,1,0,17,8,0,0,31,0,0,0,13
290580,1,1,0,0,0,0,0,0,0,0,0,29
290581,1,1,0,22,21,0,11,5,10,28,26,14
290582,1,1,0,0,0,0,0,0,0,0,0,0
290582,2,1,0,0,0,0,0,0,0,0,0,0
290583,1,1,0,0,0,0,0,0,0,0,0,0
290583,2,1,0,0,0,0,0,0,0,0,0,0
290584,1,1,13,13,13,13,13,13,13,13,13,13
290585,0,1,0,0,0,0,0,0,0,0,0,0
290585,1,1,0,0,0,14,0,0,0,0,0,0
290586,1,1,0,0,0,0,0,0,0,0,0,0
290586,2,1,0,0,0,0,0,0,0,0,0,0
290587,1,1,0,0,0,0,0,0,0,0,0,0
290587,2,1,0,0,0,0,0,0,0,0,0,0
290588,1,1,16,16,16,16,16,16,16,16,16,16
290589,1,1,0,0,0,0,0,0,0,0,0,0
290590,1,1,0,0,0,26,0,0,26,21,22,0
290590,2,1,0,0,0,0,0,0,0,0,0,0
290591,1,1,0,0,0,0,0,0,0,0,0,0
290591,2,1,0,0,0,0,0,0,0,0,0,0
290592,1,1,0,0,0,0,0,0,0,0,0,0
290592,2,1,0,0,0,0,0,0,0,0,0,0
290593,1,1,0,0,0,0,0,0,0,0,0,0
290594,1,1,10,10,10,10,10,10,10,10,10,10
290594,2,1,0,0,0,0,0,0,0,0,0,0
290595,1,1,10,10,10,10,10,10,10,10,10,10
290595,2,1,3,3,3,3,3,3,3,3,3,3
290596,1,1,0,0,0,0,0,0,0,0,0,0
290596,2,1,0,0,0,0,0,0,0,0,0,0
290597,1,1,0,0,0,0,0,0,0,0,0,0
290598,1,1,0,0,0,0,0,0,0,0,0,0
290598,2,1,0,0,0,0,0,0,0,0,0,0
290599,1,1,12,12,12,12,12,12,12,12,12,12
290600,1,1,0,0,0,0,0,0,0,0,0,0
290601,1,1,13,13,13,13,13,13,13,13,13,13
290602,1,1,1,1,1,1,1,1,1,1,1,1
290603,1,1,0,0,0,0,0,0,0,0,0,0
290604,1,1,23,23,23,23,23,23,23,23,23,23
290605,1,1,0,0,0,0,0,0,0,0,0,0
290605,2,1,0,0,0,8,0,0,0,0,0,0
290606,1,1,23,23,23,23,23,23,23,23,23,23
290607,1,1,17,17,17,17,17,17,17,17,17,17
290608,1,1,0,0,0,0,0,0,0,0,0,0
290608,2,1,0,0,0,0,0,0,0,0,0,0
290609,1,1,0,0,0,0,0,0,0,0,0,0
290610,1,1,0,0,0,0,0,0,0,0,0,0
290611,1,1,0,0,0,0,0,0,0,0,13,0
290612,1,1,0,0,0,0,0,0,0,0,0,0
290613,1,1,24,24,24,24,24,24,24,24,24,24
290614,1,1,0,0,0,0,0,0,0,0,0,0
290615,1,1,0,0,0,0,0,0,0,0,0,0
290616,1,1,0,15,0,0,0,0,0,0,0,0
290617,1,1,0,0,0,0,0,0,0,0,0,0
290618,1,1,7,7,7,7,7,7,7,7,7,7
290619,1,1,0,0,0,0,0,0,0,0,0,0
290620,1,1,0,0,0,0,0,22,0,0,0,0
290621,1,1,0,0,0,0,0,0,0,0,0,0
290621,2,1,0,0,0,0,0,0,0,0,0,0
290622,1,1,0,0,0,0,0,26,0,0,0,0
290623,1,1,33,33,33,33,33,33,33,33,33,33
290623,2,1,0,0,0,0,0,0,0,0,0,0
290624,1,1,0,0,0,0,0,0,0,0,0,0
290625,0,1,0,0,0,0,0,0,0,0,0,0
290625,1,1,0,0,0,0,0,0,0,0,0,0
290626,1,1,0,0,0,0,0,0,0,0,0,0
290626,2,1,0,0,0,0,0,0,0,0,0,0
290627,1,1,0,0,0,0,0,0,0,0,0,0
290627,2,1,0,0,0,0,0,0,0,0,0,0
290628,1,1,22,22,22,22,22,22,22,22,22,22
290629,0,1,0,0,0,0,0,0,0,0,10,0
290629,1,1,0,0,0,0,0,14,0,0,16,0
290630,1,1,0,0,0,0,0,21,0,21,0,0
290630,2,1,0,0,0,0,0,0,0,0,0,25
290631,1,1,0,0,0,0,0,0,0,0,0,0
290631,2,1,0,0,0,0,0,0,0,0,0,0
290631,3,1,0,0,0,0,0,0,0,0,0,0
290632,1,1,0,0,0,0,0,0,0,0,0,0
290632,2,1,0,0,0,0,0,0,0,0,0,0
290633,1,1,0,0,0,0,0,0,0,0,0,0
290633,2,1,27,27,27,27,27,27,27,27,27,27
290634,1,1,0,0,0,0,0,0,0,0,0,0
290634,3,1,0,0,0,0,0,0,0,0,0,0
290635,1,1,0,0,0,0,0,0,0,0,0,0
290635,2,1,0,0,0,0,0,0,0,0,0,0
290636,1,1,0,0,0,0,0,0,0,0,0,0
290636,2,1,0,0,0,0,0,0,0,0,0,0
290637,1,1,17,17,17,17,17,17,17,17,17,17
290638,1,1,0,0,0,0,0,0,0,0,0,25
290639,1,1,1,1,1,1,1,1,1,1,1,1
290641,1,1,0,0,0,0,0,0,0,0,0,0
290641,2,1,0,0,0,0,0,0,0,0,0,0
290642,1,1,26,26,26,26,26,26,26,26,26,26
290643,1,1,2,2,2,2,2,2,2,2,2,2
290643,2,1,0,0,0,0,0,0,0,0,0,0
290644,1,1,0,0,0,0,0,0,0,0,0,0
290645,1,1,18,18,18,18,18,18,18,18,18,18
290645,2,1,19,19,19,19,19,19,19,19,19,19
290646,1,1,25,25,25,25,25,25,25,25,25,25
290647,1,1,23,23,23,23,23,23,23,23,23,23
290648,1,1,15,15,15,15,15,15,15,15,15,15
290649,1,1,0,0,0,0,0,0,0,0,0,0
290650,1,1,0,0,0,0,0,0,0,0,0,0
290650,2,1,0,0,0,0,0,0,0,0,0,0
290651,1,1,0,0,0,0,0,0,0,0,0,0
290651,2,1,0,0,0,0,0,0,0,0,0,0
290651,3,1,0,0,0,0,0,0,0,0,0,0
290652,1,1,0,0,0,0,0,0,0,0,0,0
290652,2,1,0,0,0,0,0,0,0,0,0,0
290653,1,1,0,0,0,0,0,0,0,0,0,0
290654,0,1,0,0,0,0,0,0,0,0,0,0
290654,2,1,0,0,0,0,0,0,0,0,0,0
290655,1,1,5,5,5,5,5,5,5,5,5,5
290655,2,1,0,0,0,0,0,0,0,0,0,0
290656,1,1,22,22,22,22,22,22,22,22,22,22
290656,2,1,0,0,0,0,0,0,0,0,0,0
290657,1,1,0,0,0,0,0,0,0,0,0,0
290658,1,1,0,0,0,0,0,0,0,0,0,0
290658,2,1,0,0,0,0,0,0,0,0,0,0
290659,1,1,0,0,0,0,0,0,0,0,0,0
290659,2,1,0,0,0,0,0,0,0,0,0,0
290660,1,1,0,13,0,0,0,0,0,0,0,0
290661,1,1,0,0,0,0,0,0,0,0,0,0
290662,1,1,11,11,11,11,11,11,11,11,11,11
290663,1,1,4,4,4,4,4,4,4,4,4,4
290664,0,1,0,0,0,0,0,0,0,0,0,0
290664,1,1,0,0,0,0,0,0,0,0,0,0
290665,1,1,16,16,16,16,16,16,16,16,16,16
290666,1,1,18,18,18,18,18,18,18,18,18,18
290667,1,1,0,0,0,0,0,0,0,0,0,0
290667,2,1,0,0,0,0,0,0,0,0,0,0
290667,3,1,0,0,0,0,0,0,0,0,0,0
290668,1,1,0,0,0,0,0,0,0,6,0,0
290668,2,1,0,0,0,0,0,0,0,0,0,0
290669,1,1,0,0,0,0,0,0,0,0,0,0
290669,2,1,0,0,0,0,0,0,0,0,0,26
290670,1,1,0,0,0,0,0,0,0,0,0,0
290671,1,1,0,15,29,6,27,21,0,36,0,33
290672,1,1,0,0,0,0,0,0,0,0,0,0
290672,2,1,0,0,0,0,0,0,0,0,14,0
290672,3,1,0,0,0,0,0,0,0,0,0,0
290672,4,1,0,0,0,0,0,0,0,0,0,0
290672,5,1,0,0,0,0,0,0,0,0,0,0
290673,1,1,0,0,0,0,0,0,0,0,0,0