ST_CASE,VEH_NO,PER_NO,P1,P2,P3,P4,P5,P6,P7,P8,P9,P10
290673,2,1,0,0,0,0,0,0,0,0,0,0
290674,1,1,0,0,0,0,0,0,0,0,0,0
290675,1,1,25,25,25,25,25,25,25,25,25,25
290676,1,1,0,0,0,0,0,0,0,0,0,0
290676,2,1,0,0,0,0,0,0,0,0,0,0
290677,1,1,13,22,17,10,5,20,8,18,8,25
290678,1,1,22,22,22,22,22,22,22,22,22,22
290679,1,1,0,0,0,0,0,0,0,0,0,0
290680,1,1,0,0,0,0,0,0,0,0,0,0
290681,1,1,25,22,21,37,8,23,22,24,18,26
290682,0,1,0,0,0,0,0,0,0,0,0,0
290684,1,1,0,0,0,0,0,0,0,0,0,0
290685,1,1,0,0,0,0,0,0,0,0,0,0
290685,2,1,0,0,0,0,0,0,0,0,0,0
290685,3,1,0,0,0,0,0,0,0,0,0,0
290686,0,1,28,28,28,28,28,28,28,28,28,28
290686,1,1,0,0,12,0,0,0,0,9,0,0
290687,1,1,0,0,0,0,0,0,0,0,0,0
290687,2,1,0,0,0,0,0,0,0,0,0,0
290688,1,1,0,0,0,0,0,0,0,0,0,0
290688,2,1,0,0,0,0,0,0,0,0,0,0
290689,1,1,6,16,17,24,0,14,26,18,0,11
290690,1,1,23,23,23,23,23,23,23,23,23,23
290690,2,1,22,22,22,22,22,22,22,22,22,22
290691,0,1,7,7,7,7,7,7,7,7,7,7
290691,1,1,0,0,0,0,9,3,0,8,0,17
290692,1,1,0,0,0,0,0,0,0,0,0,0
290692,2,1,0,0,0,0,0,0,0,0,0,0
290693,1,1,18,0,0,0,0,0,0,0,0,0
290693,2,1,0,0,0,0,0,0,0,0,0,0
290694,1,1,16,16,16,16,16,16,16,16,16,16
290694,2,1,0,0,0,0,0,0,0,0,0,0
290694,3,1,0,14,10,0,17,21,0,0,15,10
290694,4,1,5,16,0,0,0,0,16,8,19,0
290695,1,1,0,0,0,0,0,0,0,0,0,0
290695,2,1,0,0,0,0,0,0,0,0,0,0
290696,0,1,20,20,20,20,20,20,20,20,20,20
290696,1,1,0,0,7,0,0,0,0,0,0,0
290697,1,1,0,0,0,0,0,0,0,0,0,0
290698,1,1,0,0,0,0,0,0,0,0,0,0
290699,1,1,0,0,0,0,0,0,0,0,0,0
290699,2,1,0,0,0,0,0,0,0,0,0,0
290700,0,1,29,29,29,29,29,29,29,29,29,29
290700,1,1,0,0,0,0,0,0,0,0,0,11
290700,2,1,0,0,0,0,0,0,13,0,5,0
290701,1,1,0,0,0,0,0,0,0,0,0,0
290702,0,1,0,0,0,0,0,0,0,0,0,0
290702,1,1,0,0,0,0,0,0,0,0,0,0
290703,0,1,24,24,24,24,24,24,24,24,24,24
290703,1,1,0,0,0,0,0,17,0,16,0,10
290704,1,1,0,0,0,0,0,0,0,0,0,0
290705,0,1,0,0,0,0,0,0,0,0,0,0
290705,1,1,0,0,0,0,0,0,0,0,0,0
290705,2,1,0,0,0,0,0,0,0,0,0,0
290706,1,1,0,0,39,21,0,0,29,16,0,0
290707,0,1,0,0,0,0,0,0,17,35,32,0
290707,1,1,0,0,0,0,0,0,0,0,0,0
290708,1,1,0,0,0,0,22,0,0,0,0,0
290708,2,1,0,0,0,0,0,0,0,0,0,0
290708,3,1,0,0,0,0,0,0,0,0,0,0
290709,1,1,14,14,14,14,14,14,14,14,14,14
290710,1,1,4,0,0,0,0,0,9,0,0,0
290711,0,1,0,0,0,0,0,0,0,0,0,0
290711,1,1,0,0,0,0,0,0,0,0,0,0
290712,1,1,0,0,0,0,0,0,0,0,0,0
290712,2,1,0,0,0,0,0,0,0,0,0,0
290713,1,1,0,13,0,0,0,0,0,0,0,0
290714,1,1,0,29,10,0,0,0,0,0,0,0
290714,2,1,0,0,0,0,0,0,0,0,0,0
300001,1,1,0,0,0,0,0,0,0,0,0,0
300002,1,1,4,4,4,4,4,4,4,4,4,4
300002,2,1,0,0,0,0,0,0,0,0,0,0
300003,1,1,26,26,26,26,26,26,26,26,26,26
300004,1,1,26,26,26,26,26,26,26,26,26,26
300005,1,1,0,0,0,0,0,0,0,0,0,0
300005,2,1,0,0,0,0,0,0,0,0,0,0
300006,1,1,19,19,19,19,19,19,19,19,19,19
300007,1,1,18,18,18,18,18,18,18,18,18,18
300008,1,1,0,0,0,0,0,0,0,0,0,0
300009,1,1,20,14,0,12,14,6,15,20,20,6
300010,1,1,0,0,0,0,0,0,0,0,0,0
300010,2,1,0,0,0,0,0,0,0,0,0,0
300011,0,1,28,28,28,28,28,28,28,28,28,28
300011,1,1,12,0,0,0,27,14,12,0,0,16
300012,1,1,0,0,0,0,0,0,0,0,0,0
300012,2,1,0,0,0,0,0,0,0,0,0,0
300013,1,1,19,19,19,19,19,19,19,19,19,19
300013,2,1,0,0,0,0,0,0,0,0,0,0
300014,1,1,0,0,0,0,0,0,0,0,0,0
300015,1,1,0,0,0,0,0,0,0,0,0,0
300015,2,1,0,0,0,0,0,0,0,0,0,0
300016,0,1,29,29,29,29,29,29,29,29,29,29
300016,1,1,0,0,0,0,0,0,0,0,0,0
300017,1,1,14,14,14,14,14,14,14,14,14,14
300017,2,1,0,0,0,0,0,0,0,0,0,0
300018,1,1,0,0,0,0,0,0,0,0,23,0
300018,2,1,0,0,0,0,0,0,0,0,0,0
300019,1,1,25,25,25,25,25,25,25,25,25,25
300020,1,1,9,9,9,9,9,9,9,9,9,9
300020,2,1,0,0,0,0,0,0,0,0,0,0
300021,1,1,0,0,0,0,0,0,0,0,0,0
300022,1,1,15,15,15,15,15,15,15,15,15,15
300023,1,1,0,0,0,0,0,0,0,0,0,0
300024,1,1,0,0,0,0,0,0,0,0,0,0
300024,2,1,0,0,0,0,0,0,0,0,0,0
300025,1,1,16,16,16,16,16,16,16,16,16,16
300026,1,1,21,21,21,21,21,21,21,21,21,21
300027,1,1,0,0,0,0,0,0,0,0,0,0
300028,1,1,18,18,18,18,18,18,18,18,18,18
300029,1,1,25,25,25,25,25,25,25,25,25,25
300030,1,1,15,0,14,0,7,7,0,0,0,0
300031,1,1,9,9,0,19,42,5,27,22,9,9
300032,1,1,0,0,0,0,0,0,0,0,0,0
300032,2,1,0,0,0,0,0,0,0,0,0,0
300033,1,1,17,17,17,17,17,17,17,17,17,17
300034,1,1,20,20,20,20,20,20,20,20,20,20
300035,1,1,0,0,0,0,0,0,0,0,0,0
300036,1,1,17,17,17,17,17,17,17,17,17,17
300037,1,1,0,0,0,0,0,0,0,0,0,0
300037,2,1,0,0,0,0,0,0,0,0,0,0
300038,1,1,0,0,12,0,23,0,20,0,0,0
300039,1,1,25,25,25,25,25,25,25,25,25,25
300040,1,1,22,22,22,22,22,22,22,22,22,22
300041,1,1,20,16,33,0,12,17,30,13,7,11
300042,1,1,0,0,0,0,0,0,0,0,0,0
300042,2,1,0,0,0,0,0,0,0,0,0,0
300043,1,1,12,12,12,12,12,12,12,12,12,12
300044,1,1,0,37,0,0,0,20,0,0,20,0
300045,1,1,23,12,4,0,9,0,13,32,20,0
300046,1,1,20,20,20,20,20,20,20,20,20,20
300047,1,1,19,19,19,19,19,19,19,19,19,19
300048,1,1,0,0,0,0,0,0,0,0,0,0
300048,2,1,0,0,0,0,0,0,0,0,0,0
300049,1,1,0,0,33,15,0,0,13,13,0,15
300050,1,1,17,17,17,17,17,17,17,17,17,17
300051,1,1,0,0,0,0,0,0,0,0,0,0
300052,1,1,24,24,24,24,24,24,24,24,24,24
300053,1,1,4,4,4,4,4,4,4,4,4,4
300054,0,1,0,0,0,0,0,0,0,0,0,0
300054,1,1,0,0,0,0,0,0,0,0,0,0
300055,1,1,0,0,0,0,0,0,0,0,0,0
300056,1,1,0,0,0,21,0,0,0,0,0,16
300057,1,1,0,0,0,0,0,0,0,0,0,0
300057,2,1,0,0,0,0,0,0,0,0,0,0
300058,1,1,5,5,5,5,5,5,5,5,5,5
300059,1,1,2,2,2,2,2,2,2,2,2,2
300060,1,1,13,13,13,13,13,13,13,13,13,13
300061,1,1,20,20,20,20,20,20,20,20,20,20
300062,1,1,6,6,6,6,6,6,6,6,6,6
300063,1,1,0,0,0,0,0,0,22,0,0,0
300064,1,1,13,13,13,13,13,13,13,13,13,13
300065,1,1,12,12,12,12,12,12,12,12,12,12
300066,1,1,0,0,0,0,0,0,0,0,0,0
300066,2,1,0,0,0,0,0,0,0,0,0,0
300067,1,1,0,0,0,0,0,0,0,0,0,0
300068,0,1,0,0,0,0,0,0,0,0,0,0
300068,1,1,0,0,0,0,0,0,0,0,0,0
300069,1,1,0,0,0,0,0,0,0,0,0,0
300070,1,1,0,0,0,0,0,0,0,0,0,0
300071,1,1,24,32,5,14,25,0,6,8,19,20
300072,1,1,0,0,0,0,0,0,0,0,0,0
300072,2,1,0,0,0,0,0,0,0,0,0,0
300073,1,1,0,0,0,0,0,0,0,0,0,0
300074,1,1,0,0,0,0,0,0,0,0,0,0
300075,0,1,0,0,0,0,0,0,0,0,0,0
300075,1,1,0,0,0,0,0,0,0,0,0,0
300076,1,1,20,20,20,20,20,20,20,20,20,20
300077,1,1,24,24,24,24,24,24,24,24,24,24
300078,1,1,0,0,0,0,0,0,0,0,0,0
300079,1,1,23,23,23,23,23,23,23,23,23,23
300080,1,1,0,0,15,0,0,0,0,0,0,0
300080,2,1,6,6,6,6,6,6,6,6,6,6
300081,1,1,0,0,0,0,0,0,0,0,0,0
300081,2,1,0,0,0,0,0,0,0,0,0,0
300082,1,1,0,0,0,0,0,0,0,0,0,0
300083,1,1,0,0,0,0,0,0,0,0,0,0
300083,2,1,0,0,0,0,0,0,0,0,0,0
300084,1,1,20,20,20,20,20,20,20,20,20,20
300085,1,1,20,20,20,20,20,20,20,20,20,20
300086,1,1,20,20,20,20,20,20,20,20,20,20
300087,0,1,17,17,17,17,17,17,17,17,17,17
300087,1,1,0,0,0,0,0,22,0,0,0,0
300088,1,1,30,30,30,30,30,30,30,30,30,30
300089,1,1,0,0,0,0,0,0,0,0,0,0
300090,1,1,0,0,0,0,0,0,0,0,0,0
300091,1,1,0,0,0,0,0,0,0,0,0,0
300092,1,1,0,0,0,0,0,0,0,0,0,0
300092,2,1,9,9,9,9,9,9,9,9,9,9
300093,1,1,0,0,0,0,0,0,0,0,0,0
300093,2,1,0,0,0,7,0,0,0,0,0,0
300093,3,1,0,0,0,0,0,0,0,0,0,0
300094,1,1,0,0,0,0,0,0,0,0,0,0
300095,1,1,0,0,0,0,0,0,0,0,0,0
300096,1,1,15,15,15,15,15,15,15,15,15,15
300096,2,1,0,0,0,0,0,0,0,0,0,0
300097,1,1,0,0,0,0,0,0,0,0,0,0
300098,1,1,0,0,0,0,0,0,0,0,0,0
300099,1,1,0,0,0,0,0,0,0,0,0,0
300099,2,1,0,0,0,0,0,0,0,0,0,0
300100,1,1,0,0,0,0,0,0,0,0,0,0
300100,2,1,0,0,0,0,0,0,0,0,0,0
300101,1,1,9,9,9,9,9,9,9,9,9,9
300102,1,1,0,0,0,0,0,0,0,0,0,0
300102,2,1,0,0,0,0,0,0,0,0,0,0
300103,1,1,0,3,15,13,0,8,24,0,17,0
300104,1,1,0,0,0,0,0,26,0,0,10,0
300105,1,1,21,21,21,21,21,21,21,21,21,21
300106,1,1,38,38,38,38,38,38,38,38,38,38
300107,1,1,0,0,0,0,0,0,0,0,0,0
300108,1,1,0,0,0,0,0,0,0,0,0,0
300109,1,1,0,0,0,0,0,0,0,0,0,0
300110,1,1,29,29,29,29,29,29,29,29,29,29
300111,1,1,0,0,0,0,0,0,0,0,0,0
300111,2,1,9,9,9,9,9,9,9,9,9,9
300112,1,1,12,12,12,12,12,12,12,12,12,12
300113,1,1,0,0,0,0,0,0,0,0,0,0
300113,2,1,0,0,0,0,0,0,0,0,0,0
300114,1,1,0,0,0,0,0,0,0,0,0,0
300115,1,1,0,0,0,0,0,0,0,0,0,0
300115,2,1,0,0,0,0,0,0,0,0,0,0
300116,1,1,0,0,0,0,0,0,0,0,0,0
300117,1,1,27,27,27,27,27,27,27,27,27,27
300118,1,1,22,22,22,22,22,22,22,22,22,22
300119,1,1,4,4,4,4,4,4,4,4,4,4
300120,1,1,19,19,19,19,19,19,19,19,19,19
300121,1,1,0,0,0,0,7,0,0,0,0,0
300122,1,1,0,0,0,0,0,0,0,0,0,0
300122,2,1,0,0,0,0,0,0,0,0,0,0
300123,1,1,0,0,0,0,0,0,0,0,0,0
300123,2,1,0,0,0,0,0,0,0,0,0,0
300124,1,1,0,0,0,0,0,0,0,0,0,0
300125,1,1,0,0,0,0,0,0,0,0,0,0
300126,0,1,26,0,0,21,22,15,0,9,29,0
300126,1,1,0,0,0,0,0,0,0,0,0,0
300127,1,1,0,0,0,0,0,0,0,0,0,0
300127,2,1,0,0,0,0,0,0,0,0,0,0
300128,1,1,0,0,0,0,0,0,0,0,0,0
300128,2,1,0,0,0,0,0,0,0,0,0,0
300129,1,1,36,36,36,36,36,36,36,36,36,36
300130,1,1,0,0,0,0,0,0,0,0,0,0
300131,1,1,0,0,0,0,0,0,0,0,0,0
300132,1,1,0,0,0,0,0,0,0,0,0,0
300133,1,1,32,32,32,32,32,32,32,32,32,32
300134,1,1,20,20,20,20,20,20,20,20,20,20
300135,1,1,27,27,27,27,27,27,27,27,27,27
300135,2,1,0,0,0,0,0,0,0,0,0,0
300136,1,1,0,0,0,0,0,0,0,0,0,0
300137,1,1,0,0,0,0,0,0,0,0,0,0
300137,2,1,0,0,0,0,0,0,0,0,0,0
300138,1,1,24,0,22,13,24,11,26,23,10,9
300139,0,1,0,0,0,0,0,0,0,0,0,0
300139,1,1,0,0,0,0,0,0,0,0,0,0
300140,0,1,7,17,0,25,0,27,37,0,0,0
300140,1,1,2,2,2,2,2,2,2,2,2,2
300141,1,1,22,8,0,30,26,0,31,25,10,17
300142,1,1,3,3,3,3,3,3,3,3,3,3
300143,0,1,28,28,28,28,28,28,28,28,28,28
300143,0,2,20,20,20,20,20,20,20,20,20,20
300143,1,1,0,0,16,0,0,0,0,0,0,0
300144,1,1,24,24,24,24,24,24,24,24,24,24
300145,1,1,23,23,23,23,23,23,23,23,23,23
300146,1,1,0,0,0,0,0,0,0,0,0,0
300146,2,1,0,0,0,0,0,0,0,0,0,0
300147,1,1,12,24,5,14,8,7,13,24,12,17
300148,1,1,22,22,22,22,22,22,22,22,22,22
300149,1,1,0,0,0,0,0,0,0,0,0,0
300149,2,1,0,0,0,0,0,0,0,0,0,0
300150,1,1,0,0,0,0,0,0,0,0,0,0
300150,2,1,0,0,0,0,0,0,0,0,0,0
300150,3,1,0,0,0,0,0,0,0,0,0,0
300151,1,1,34,0,24,0,28,0,0,9,0,0
300152,1,1,19,19,19,19,19,19,19,19,19,19
300153,1,1,0,0,0,0,0,0,0,0,0,0
300154,1,1,10,10,10,10,10,10,10,10,10,10
300155,1,1,2,2,2,2,2,2,2,2,2,2
300156,1,1,0,0,0,0,0,0,0,0,0,0
300157,1,1,0,0,0,0,0,0,0,0,0,0
300157,2,1,0,0,0,0,0,0,0,0,0,0
300158,1,1,28,28,28,28,28,28,28,28,28,28
300159,1,1,0,0,0,0,0,0,0,0,0,0
300159,2,1,0,0,0,0,0,0,0,0,0,0
300160,1,1,0,0,0,0,0,0,0,0,0,0
300160,2,1,0,0,0,0,0,0,0,0,0,0
300161,1,1,29,29,29,29,29,29,29,29,29,29
300162,1,1,0,0,0,0,0,0,0,0,0,0
300163,0,1,0,0,0,0,0,0,0,0,0,0
300163,1,1,0,0,0,0,0,0,0,0,0,12
300164,1,1,16,16,16,16,16,16,16,16,16,16
300165,1,1,0,0,0,0,0,0,0,0,0,0
300165,2,1,0,0,0,0,0,0,0,0,0,0
300166,1,1,0,0,0,0,0,0,0,0,0,0
300167,1,1,0,0,0,0,0,0,0,0,0,0
300167,2,1,0,0,0,0,0,0,0,0,0,0
300168,1,1,0,0,0,0,0,0,0,0,0,0
300168,2,1,0,0,0,0,0,0,0,0,0,0
300169,1,1,16,22,13,15,26,17,24,31,20,10
300170,1,1,0,0,0,0,0,0,0,0,0,0
300171,1,1,0,0,0,0,0,0,0,0,0,0
300172,1,1,23,23,23,23,23,23,23,23,23,23
300173,1,1,0,0,0,0,0,0,0,0,0,0
300174,1,1,0,0,0,0,0,0,0,0,0,0
300174,2,1,0,0,0,0,0,0,0,0,0,0
300175,1,1,0,0,0,0,0,0,0,0,0,0
300176,1,1,3,3,3,3,3,3,3,3,3,3
310001,1,1,28,28,28,28,28,28,28,28,28,28
310001,2,1,0,0,0,0,0,0,0,0,0,0
310002,1,1,20,14,25,19,16,24,29,6,3,28
310003,0,1,0,0,0,0,0,0,0,0,0,0
310003,1,1,0,0,0,0,0,0,0,0,0,0
310004,1,1,23,23,23,23,23,23,23,23,23,23
310005,1,1,5,5,5,5,5,5,5,5,5,5
310006,1,1,0,12,6,8,12,6,0,7,0,0
310006,2,1,0,0,0,0,0,0,0,0,0,0
310007,1,1,27,27,27,27,27,27,27,27,27,27
310008,1,1,0,0,0,0,0,0,0,0,0,0
310008,2,1,0,0,0,0,0,0,0,0,0,0
310009,1,1,0,0,0,0,0,0,0,0,0,0
310009,2,1,0,0,0,0,0,0,0,0,0,0
310009,3,1,0,0,0,0,0,0,0,0,0,0
310010,1,1,0,0,0,0,0,0,0,0,0,0
310011,1,1,0,0,0,0,0,0,0,0,0,0
310011,2,1,0,0,0,0,0,0,0,0,0,0
310011,3,1,0,0,0,0,0,0,0,0,0,0
310012,1,1,2,2,2,2,2,2,2,2,2,2
310013,1,1,0,0,0,0,0,0,0,0,0,0
310013,2,1,0,0,0,0,0,0,0,0,0,0
310014,1,1,0,0,0,0,0,0,0,0,0,0
310014,2,1,0,0,0,0,0,0,0,0,0,0
310015,1,1,18,18,18,18,18,18,18,18,18,18
310016,1,1,0,0,0,0,0,0,0,0,0,0
310016,2,1,0,0,0,0,0,0,0,0,0,0
310017,1,1,0,0,0,0,0,0,0,0,0,0
310017,2,1,0,0,0,0,0,0,0,0,0,0
310018,1,1,21,21,21,21,21,21,21,21,21,21
310019,1,1,24,24,24,24,24,24,24,24,24,24
310020,1,1,15,15,15,15,15,15,15,15,15,15
310021,1,1,0,0,0,0,0,0,0,0,0,0
310022,1,1,13,13,13,13,13,13,13,13,13,13
310023,0,1,14,14,14,14,14,14,14,14,14,14
310023,1,1,0,0,0,0,0,0,0,0,0,0
310024,1,1,0,0,0,0,0,0,0,0,0,0
310024,2,1,0,0,0,0,0,0,0,0,0,0
310025,1,1,12,12,12,12,12,12,12,12,12,12
310026,1,1,0,0,0,0,0,0,0,0,0,0
310026,2,1,0,0,0,0,0,0,0,0,0,0
310027,1,1,10,10,10,10,10,10,10,10,10,10
310028,1,1,0,0,0,0,0,0,0,0,0,0
310028,2,1,0,0,0,0,0,0,0,0,0,0
310029,1,1,0,0,0,0,0,0,0,0,0,0
310030,1,1,0,0,0,0,0,0,0,0,0,0
310030,2,1,0,0,0,0,0,0,0,0,0,0
310031,1,1,0,0,0,0,0,0,0,0,0,0
310032,0,1,0,0,0,0,0,0,0,0,0,0
310032,1,1,0,0,0,0,0,0,0,0,0,0
310033,0,1,0,0,0,0,0,0,0,0,0,0
310033,1,1,0,0,0,0,0,0,0,0,0,0
310034,1,1,0,0,0,0,0,0,0,0,0,0
310035,1,1,39,39,39,39,39,39,39,39,39,39
310036,1,1,0,0,0,0,0,0,0,0,0,0
310037,1,1,0,0,0,0,0,0,0,0,10,0
310037,2,1,0,0,0,0,0,0,0,0,0,0
310038,1,2,0,0,0,0,29,0,25,7,17,17
310039,1,1,0,0,0,0,0,0,0,0,0,0
310040,1,1,0,0,0,0,0,0,0,0,0,0
310041,1,1,0,0,0,0,0,0,0,0,0,0
310041,2,1,0,0,0,0,0,0,0,0,0,0
310042,1,1,0,0,0,0,0,0,0,0,0,0
310042,2,1,0,0,0,0,0,0,0,0,0,0
310043,1,1,0,0,0,0,0,0,0,0,0,0
310043,2,1,0,0,0,0,0,0,0,0,0,0
310044,1,1,7,7,7,7,7,7,7,7,7,7
310044,2,1,4,4,4,4,4,4,4,4,4,4
310045,1,1,0,0,0,0,0,0,0,0,0,0
310045,2,1,0,0,0,0,0,0,0,0,0,0
310046,1,1,0,0,0,0,0,0,0,0,0,0
310046,2,1,0,0,0,0,0,0,0,0,0,0
310047,1,1,0,0,0,0,0,0,0,0,0,0
310047,2,1,0,0,0,0,0,0,0,0,0,0
310047,3,1,0,0,0,0,0,0,0,0,0,0
310048,1,1,0,0,0,0,0,0,0,0,0,0
310048,2,1,0,0,0,0,0,0,0,0,0,0
310049,1,1,0,0,0,0,0,0,0,0,0,0
310049,2,1,0,0,0,0,0,0,0,0,0,0
310051,1,1,0,0,0,0,0,0,0,0,0,0
310051,2,1,0,0,0,0,0,0,0,0,0,0
310051,3,1,0,0,0,0,0,0,0,0,0,0
310052,0,1,0,0,0,0,0,0,0,0,0,0
310052,1,1,23,0,0,27,11,23,9,17,29,12
310053,1,1,5,5,5,5,5,5,5,5,5,5
310053,2,1,14,14,14,14,14,14,14,14,14,14
310054,1,1,26,26,26,26,26,26,26,26,26,26
310055,1,1,0,0,0,0,0,0,0,0,0,0
310055,2,1,0,0,0,0,0,0,0,0,0,0
310056,1,1,20,20,10,14,10,17,33,19,18,9
310057,1,1,0,0,0,0,0,0,0,0,0,0
310057,2,1,0,0,0,0,0,0,0,0,0,0
310058,1,1,18,18,18,18,18,18,18,18,18,18
310059,1,1,0,0,0,0,0,0,0,0,0,0
310060,1,1,14,14,14,14,14,14,14,14,14,14
310061,1,1,15,15,15,15,15,15,15,15,15,15
310061,2,1,0,0,0,0,0,0,0,0,0,0
310062,1,1,0,11,0,19,21,27,18,0,0,0
310063,1,1,9,9,9,9,9,9,9,9,9,9
310064,1,1,0,0,0,0,0,0,0,0,0,0
310064,2,1,0,0,0,0,0,0,0,0,0,0
310065,1,1,24,24,24,24,24,24,24,24,24,24
310066,1,1,0,0,0,0,0,0,0,0,0,0
310066,2,1,0,0,0,0,0,0,0,0,0,0
310067,1,1,0,0,0,0,0,0,0,0,0,0
310068,1,1,0,0,0,0,0,0,0,0,0,0
310069,1,1,22,22,22,22,22,22,22,22,22,22
310070,1,1,0,0,0,0,0,0,0,0,0,0
310071,1,1,0,0,0,0,0,0,0,0,0,0
310072,1,1,0,0,0,0,0,0,0,0,0,0
310072,2,1,0,0,0,0,0,0,0,0,0,0
310073,1,1,0,0,0,0,0,0,0,0,0,0
310074,1,1,25,25,25,25,25,25,25,25,25,25
310075,1,1,2,2,2,2,2,2,2,2,2,2
310076,1,1,0,0,0,0,0,0,0,0,0,0
310076,2,1,0,0,0,0,0,0,0,0,0,0
310077,2,1,0,0,0,0,0,0,0,0,0,0
310078,1,1,0,0,0,0,0,0,0,0,0,0
310078,2,1,0,0,0,0,0,0,0,0,0,0
310079,1,1,0,0,0,0,0,0,0,0,0,0
310080,1,1,11,11,11,11,11,11,11,11,11,11
310080,2,1,0,0,0,0,0,0,0,0,0,0
310081,1,1,0,0,0,0,0,0,0,0,0,0
310081,2,1,0,0,0,0,0,0,0,0,0,0
310082,1,1,17,17,17,17,17,17,17,17,17,17
310083,1,1,0,0,0,0,0,0,0,0,0,0
310084,1,1,22,22,22,22,22,22,22,22,22,22
310085,1,1,0,0,0,0,0,0,0,0,0,0
310085,2,1,0,0,0,0,0,0,0,0,0,0
310086,0,1,0,0,0,0,0,0,0,0,0,0
310086,1,1,26,26,26,26,26,26,26,26,26,26
310086,2,1,0,0,0,0,0,0,0,0,0,0
310087,1,1,17,17,17,17,17,17,17,17,17,17
310087,2,1,0,0,0,0,0,0,0,0,0,0
310088,1,1,0,0,0,0,0,0,0,0,0,0
310088,2,1,0,0,0,0,0,0,0,0,0,0
310089,1,1,0,0,0,0,0,0,0,0,0,0
310090,1,1,0,0,0,0,0,0,0,0,0,0
310090,2,1,0,0,0,0,0,0,0,0,0,0
310091,1,1,0,11,0,0,0,0,0,0,0,0
310092,1,1,26,26,26,26,26,26,26,26,26,26
310093,1,1,0,0,0,0,0,0,0,0,0,0
310093,2,1,0,0,0,0,0,0,0,0,0,0
310094,1,1,0,0,0,0,0,0,0,0,0,0
310094,2,1,0,0,0,0,0,0,0,0,0,0
310095,1,1,0,0,0,0,0,0,0,0,0,0
310096,1,1,0,0,0,0,0,0,0,0,0,0
310096,2,1,0,0,0,0,0,0,0,0,0,0
310097,1,1,0,0,0,0,0,0,0,0,0,0
310097,2,1,0,0,0,0,0,0,0,0,0,0
310098,1,1,21,21,21,21,21,21,21,21,21,21
310099,1,1,1,1,1,1,1,1,1,1,1,1
310100,1,1,0,0,0,0,0,0,0,0,0,0
310100,2,1,2,2,2,2,2,2,2,2,2,2
310101,1,1,0,0,0,0,0,0,0,0,0,0
310101,2,1,0,0,0,0,0,0,0,0,0,0
310102,1,1,23,17,24,21,2,26,14,25,29,17
310103,1,1,0,0,0,0,0,0,0,0,0,0
310103,2,1,0,0,0,0,0,0,0,0,0,0
310104,1,1,0,0,0,0,0,0,0,0,0,0
310105,1,1,23,23,23,23,23,23,23,23,23,23
310105,2,1,0,0,0,0,0,0,0,0,0,0
310106,1,1,24,24,24,24,24,24,24,24,24,24
310107,1,1,0,0,0,0,0,0,0,0,0,0
310108,1,1,0,0,0,0,0,0,0,0,0,0
310109,1,1,1,1,1,1,1,1,1,1,1,1
310110,1,1,0,0,21,25,19,11,18,11,10,17
310111,1,1,21,21,21,21,21,21,21,21,21,21
310112,1,1,0,0,0,0,0,0,0,0,0,0
310112,2,1,28,28,28,28,28,28,28,28,28,28
310113,1,1,0,0,0,0,0,0,0,0,0,0
310114,1,1,0,0,0,0,0,0,0,0,0,0
310115,1,1,12,12,12,12,12,12,12,12,12,12
310116,1,1,0,0,0,0,0,0,0,0,0,0
310116,2,1,0,0,0,0,0,0,0,0,0,0
310117,1,1,0,0,0,0,0,0,0,0,0,0
310117,2,1,0,0,0,0,0,0,0,0,0,0
310118,1,1,0,0,0,0,0,0,0,0,0,0
310119,1,1,12,12,12,12,12,12,12,12,12,12
310120,1,1,2,2,2,2,2,2,2,2,2,2
310121,1,1,0,0,0,0,0,0,0,0,0,0
310122,1,1,0,0,0,0,0,0,0,0,0,0
310122,2,1,0,0,0,0,0,0,0,0,0,0
310123,1,1,1,1,1,1,1,1,1,1,1,1
310123,2,1,0,0,0,0,0,0,0,0,0,0
310123,3,1,1,1,1,1,1,1,1,1,1,1
310124,1,1,0,0,0,0,0,0,0,0,0,0
310124,2,1,0,0,0,0,0,0,0,0,0,0
310125,1,1,0,0,0,0,0,0,0,0,0,0
310125,2,1,0,0,0,0,0,0,0,0,0,0
310126,1,1,12,10,11,14,13,12,7,24,0,6
310127,1,1,0,0,0,0,0,0,0,0,0,0
310127,2,1,0,0,0,0,0,0,0,0,0,0
310128,1,1,5,5,5,5,5,5,5,5,5,5
310129,1,1,0,0,0,0,0,0,0,0,0,0
310130,1,1,0,0,0,0,0,0,0,0,0,0
310130,2,1,0,0,0,0,0,0,0,0,0,0
310131,1,1,24,24,24,24,24,24,24,24,24,24
310132,1,1,0,0,0,0,0,0,0,0,0,0
310133,1,1,0,0,0,0,0,0,0,0,0,0
310133,2,1,0,0,0,0,0,0,0,0,0,0
310134,1,1,0,0,0,0,0,0,0,0,0,0
310134,2,1,0,0,0,0,0,0,0,0,0,0