ST_CASE,VEH_NO,PER_NO,P1,P2,P3,P4,P5,P6,P7,P8,P9,P10
310135,1,1,4,4,4,4,4,4,4,4,4,4
310135,2,1,0,0,0,0,0,0,0,0,0,0
310136,1,1,0,0,0,0,0,0,0,0,0,0
310136,2,1,0,0,0,0,0,0,0,0,0,0
310137,1,1,0,0,0,0,0,0,0,0,0,0
310137,2,1,0,0,0,0,0,0,0,0,0,0
310137,3,1,0,0,0,0,0,0,0,0,0,0
310138,1,1,0,0,0,0,0,0,0,0,0,0
310138,2,1,0,0,0,0,0,0,0,0,24,38
310139,1,1,0,0,0,0,0,0,0,0,0,0
310140,1,1,0,0,0,0,0,0,0,0,0,0
310140,2,1,0,0,0,0,0,0,0,0,0,0
310141,1,1,11,11,11,11,11,11,11,11,11,11
310142,1,1,0,0,0,0,0,0,0,0,0,0
310143,1,1,7,7,7,7,7,7,7,7,7,7
310144,1,1,19,19,19,19,19,19,19,19,19,19
310144,2,1,0,0,0,0,0,0,0,0,0,0
310145,1,1,0,0,0,0,0,0,0,0,0,0
310145,2,1,0,0,0,0,0,0,0,0,0,0
310146,1,1,0,0,0,0,0,0,0,0,0,0
310147,0,1,0,0,0,0,0,0,0,0,0,0
310147,1,1,18,18,18,18,18,18,18,18,18,18
310148,1,1,11,11,11,11,11,11,11,11,11,11
310149,1,1,0,0,0,0,0,0,0,0,0,0
310149,2,1,0,0,0,0,0,0,0,0,0,0
310150,1,1,0,0,0,0,0,0,0,0,0,0
310151,1,1,0,0,0,0,0,0,0,0,0,0
310151,2,1,0,0,0,0,0,0,0,0,0,0
310152,1,1,0,0,0,0,0,0,0,0,0,0
310153,1,1,0,0,0,0,0,0,0,0,0,0
310154,1,1,14,14,14,14,14,14,14,14,14,14
310155,1,1,0,0,0,0,0,0,0,0,0,0
310156,1,1,27,27,27,27,27,27,27,27,27,27
310157,1,1,0,0,0,0,0,0,0,0,0,0
310157,2,1,0,0,0,0,0,0,0,0,0,0
310158,0,1,0,0,0,0,0,0,0,0,0,0
310158,1,1,0,0,0,0,0,0,0,0,0,0
310159,0,1,24,24,24,24,24,24,24,24,24,24
310159,1,1,0,0,14,0,14,0,0,3,22,0
310159,2,1,0,0,0,0,0,0,0,0,0,0
310159,3,1,0,21,0,4,16,0,0,10,6,0
310160,1,1,24,24,24,24,24,24,24,24,24,24
310161,1,1,0,0,0,0,0,0,0,0,0,0
310162,1,1,0,0,0,0,0,0,0,0,0,0
310163,1,1,0,0,0,0,0,0,0,0,0,0
310164,1,1,0,0,0,0,0,0,0,0,0,0
310164,2,1,0,0,0,0,0,0,0,0,0,0
310164,3,1,0,0,0,0,0,0,0,0,0,0
310165,1,1,0,0,0,0,0,0,0,0,0,0
310166,1,1,0,0,0,0,0,0,0,0,0,0
310166,2,1,0,0,0,0,0,0,0,0,0,0
310167,1,1,7,7,7,7,7,7,7,7,7,7
310168,1,1,0,0,0,0,0,0,0,0,0,0
310168,2,1,0,0,0,0,0,0,0,0,0,0
310169,1,1,25,25,25,25,25,25,25,25,25,25
310170,1,1,0,0,0,8,0,0,0,0,0,0
310170,2,1,0,0,0,0,0,0,0,0,0,0
310170,3,1,0,0,0,0,0,0,0,0,13,0
310171,1,1,2,2,2,2,2,2,2,2,2,2
310172,1,1,0,0,0,0,0,0,0,0,0,0
310172,2,1,0,0,0,0,0,0,0,0,0,0
310173,1,1,0,0,0,0,0,0,0,0,0,0
310173,2,1,0,0,0,0,0,0,0,0,0,0
310174,1,1,0,0,0,0,0,0,0,0,0,0
310174,2,1,0,0,0,0,0,0,0,0,0,0
310175,1,1,0,0,0,0,0,0,0,0,0,0
310176,1,1,0,0,0,0,0,0,2,0,0,0
310176,2,1,0,0,0,0,0,0,0,0,0,0
310177,1,1,0,0,0,0,0,0,0,0,0,0
310177,2,1,0,0,0,0,0,0,0,0,0,0
310178,1,1,0,0,0,0,0,0,0,0,0,0
310178,2,1,0,0,0,0,0,0,0,0,0,0
310179,1,1,27,27,27,27,27,27,27,27,27,27
310180,1,1,0,0,0,0,0,0,0,0,0,0
310180,2,1,18,18,18,18,18,18,18,18,18,18
310181,1,1,5,5,5,5,5,5,5,5,5,5
310181,2,1,0,0,0,0,0,0,0,0,0,0
310182,1,1,0,0,0,0,0,0,0,0,0,0
310182,2,1,0,0,0,0,0,0,0,0,0,0
310183,1,1,22,22,22,22,22,22,22,22,22,22
310183,2,1,21,0,6,0,0,0,0,0,0,14
310184,1,1,0,0,0,0,0,0,0,0,0,0
310185,1,1,17,17,17,17,17,17,17,17,17,17
310186,1,1,0,0,0,0,0,0,0,0,0,0
310187,1,1,0,0,0,0,0,0,0,0,0,0
310187,2,1,0,0,0,0,0,0,0,0,0,0
310187,3,1,0,0,0,0,0,0,0,0,0,0
310188,1,1,0,0,0,0,0,0,0,0,0,0
310188,2,1,0,0,0,0,0,0,0,0,0,0
310189,1,1,9,9,9,9,9,9,9,9,9,9
310190,0,1,22,10,12,20,15,0,15,27,45,17
310190,1,1,0,0,0,0,0,0,0,0,0,10
310191,1,1,0,0,0,0,0,0,0,0,0,0
310191,2,1,0,0,0,0,0,0,0,0,0,0
310192,1,1,22,22,22,22,22,22,22,22,22,22
310193,1,1,1,1,1,1,1,1,1,1,1,1
310193,2,1,0,0,0,0,0,0,0,0,0,0
310194,1,1,0,0,0,0,0,0,0,0,0,0
310195,1,1,11,11,11,11,11,11,11,11,11,11
310196,1,1,0,0,0,0,0,0,0,0,0,0
310197,1,1,12,12,12,12,12,12,12,12,12,12
310198,0,1,0,0,0,0,12,26,18,3,13,0
310198,1,1,0,0,0,0,0,0,0,0,0,0
310199,1,1,0,0,0,0,0,0,0,0,0,0
310199,2,1,0,0,0,0,0,0,0,0,0,0
310200,1,1,0,0,0,0,0,0,0,0,0,0
310200,2,1,0,0,0,0,0,0,0,0,0,0
310201,1,1,19,19,19,19,19,19,19,19,19,19
310202,1,1,0,0,0,0,0,0,0,0,0,0
310203,1,1,0,0,0,0,0,0,0,0,0,0
310203,2,1,0,0,0,13,0,0,0,0,0,0
310204,1,1,0,0,18,0,0,0,0,0,0,0
310204,2,1,0,0,0,0,0,2,0,0,0,0
310204,3,1,0,0,0,0,0,0,0,0,0,0
320001,0,1,0,0,0,0,0,0,0,0,0,0
320001,1,1,16,16,16,16,16,16,16,16,16,16
320002,1,1,7,0,7,22,11,16,0,0,0,38
320003,1,1,0,0,0,0,0,0,0,0,0,0
320003,2,1,0,0,0,0,0,0,0,0,0,0
320004,1,1,0,0,0,0,0,0,0,0,0,0
320005,1,1,0,0,0,0,0,0,0,0,0,0
320005,2,1,0,0,0,0,0,0,0,0,0,0
320005,3,1,0,0,0,0,0,0,0,0,0,0
320006,1,1,29,29,29,29,29,29,29,29,29,29
320007,1,1,0,0,0,0,0,0,0,0,0,0
320007,2,1,0,0,9,0,0,8,0,0,0,0
320008,1,1,25,25,25,25,25,25,25,25,25,25
320008,2,1,0,0,0,0,0,0,0,0,0,0
320009,0,1,0,0,0,0,0,0,0,0,0,0
320009,1,1,0,0,0,0,0,0,0,0,0,0
320010,0,1,22,22,22,22,22,22,22,22,22,22
320010,1,1,0,0,14,0,0,0,0,0,0,0
320011,1,1,15,15,15,15,15,15,15,15,15,15
320011,2,1,0,0,0,0,0,0,0,0,0,0
320012,1,1,0,0,0,0,0,0,0,0,0,0
320013,1,1,17,17,17,17,17,17,17,17,17,17
320013,2,1,0,0,0,0,0,0,0,0,0,0
320014,1,1,18,18,18,18,18,18,18,18,18,18
320015,1,1,13,13,13,13,13,13,13,13,13,13
320016,1,1,18,18,18,18,18,18,18,18,18,18
320017,1,1,0,0,0,0,0,0,0,0,0,0
320017,2,1,0,0,0,0,0,0,0,0,0,0
320017,3,1,0,0,0,0,0,0,0,0,0,0
320018,1,1,0,0,0,0,0,0,0,0,0,0
320018,2,1,0,0,0,0,0,0,0,0,0,0
320018,3,1,0,0,0,0,0,0,0,0,0,0
320018,4,1,0,0,0,0,0,0,18,0,0,0
320019,1,1,15,15,15,15,15,15,15,15,15,15
320020,1,1,28,28,28,28,28,28,28,28,28,28
320020,2,1,0,0,0,0,0,0,0,5,0,0
320021,0,1,0,0,0,0,0,0,0,0,0,0
320021,1,1,0,0,0,0,0,0,0,0,0,0
320022,1,1,3,3,3,3,3,3,3,3,3,3
320023,1,1,0,0,0,0,0,0,0,0,0,0
320024,0,1,24,24,24,24,24,24,24,24,24,24
320024,1,1,0,0,7,0,0,0,0,0,0,0
320025,1,1,0,0,0,0,0,0,0,0,0,0
320025,2,1,0,0,0,0,0,0,0,0,0,0
320026,0,1,19,19,19,19,19,19,19,19,19,19
320026,1,1,4,4,4,4,4,4,4,4,4,4
320027,1,1,0,0,0,0,0,0,0,0,0,0
320027,2,1,0,0,0,0,0,0,0,27,0,0
320028,1,1,0,0,0,0,0,0,0,0,0,0
320028,2,1,0,0,0,0,0,0,0,0,0,0
320029,1,1,0,0,0,0,0,0,0,0,0,0
320029,2,1,0,0,0,0,0,0,0,0,0,0
320030,1,1,14,14,14,14,14,14,14,14,14,14
320031,0,1,0,0,0,0,0,0,0,0,0,0
320031,1,1,0,0,0,0,0,0,0,0,0,0
320032,1,1,0,0,0,0,0,0,0,0,0,0
320032,2,1,0,0,0,0,0,0,0,0,0,0
320033,0,1,0,0,0,0,0,0,0,0,0,0
320033,1,1,0,0,0,0,0,0,0,0,0,0
320034,1,1,5,11,21,24,20,30,3,27,19,11
320035,1,1,8,8,8,8,8,8,8,8,8,8
320036,1,1,0,0,0,0,0,0,0,0,0,0
320037,1,1,0,0,0,0,0,0,0,0,0,0
320038,1,1,0,0,0,0,0,0,0,0,0,0
320039,0,1,23,23,23,23,23,23,23,23,23,23
320039,1,1,0,0,0,0,0,0,0,0,0,0
320040,1,1,19,19,19,19,19,19,19,19,19,19
320040,2,1,0,0,0,0,0,0,0,0,0,0
320041,1,1,0,0,0,0,0,0,0,0,0,0
320042,1,1,19,19,19,19,19,19,19,19,19,19
320042,2,1,0,0,0,0,0,0,0,0,0,0
320043,0,1,0,0,0,0,0,0,0,0,0,0
320043,1,1,0,0,0,0,12,0,0,0,0,0
320044,1,1,2,2,2,2,2,2,2,2,2,2
320045,1,1,0,0,0,0,0,0,0,0,0,0
320045,2,1,0,0,0,0,19,0,0,0,0,0
320046,1,1,0,0,13,0,0,0,0,0,0,0
320047,0,1,0,0,0,0,0,0,0,0,0,0
320047,1,1,0,0,0,0,0,0,0,0,0,0
320048,0,1,7,7,7,7,7,7,7,7,7,7
320048,1,1,0,0,0,0,0,0,0,0,0,0
320049,1,1,27,27,27,27,27,27,27,27,27,27
320049,2,1,0,0,0,0,0,0,0,0,0,0
320050,1,1,0,0,0,0,0,0,0,0,0,0
320051,1,1,0,0,0,0,0,0,0,0,0,0
320051,2,1,0,0,0,0,0,0,0,0,0,0
320052,0,1,27,27,27,27,27,27,27,27,27,27
320052,1,1,0,0,0,0,0,0,0,0,0,0
320053,1,1,16,16,16,16,16,16,16,16,16,16
320053,2,1,0,0,0,0,0,0,0,0,0,0
320054,1,1,0,0,0,0,0,0,0,0,0,0
320055,1,1,8,23,0,0,0,0,0,0,0,4
320055,2,1,0,0,0,0,0,0,0,0,0,0
320056,0,1,0,0,0,0,0,0,0,0,0,0
320056,1,1,0,0,0,0,0,0,0,0,0,0
320057,1,1,0,0,0,0,0,0,0,0,0,0
320058,1,1,0,0,0,0,0,0,0,0,0,0
320058,2,1,0,0,23,0,0,11,8,4,23,0
320059,1,1,0,0,18,22,0,0,0,0,0,0
320059,2,1,0,0,0,0,0,0,0,0,0,0
320060,1,1,0,0,0,0,0,0,0,0,0,0
320061,0,1,0,0,0,0,0,0,0,0,0,0
320061,1,1,0,0,0,0,0,0,0,0,0,0
320062,1,1,16,16,16,16,16,16,16,16,16,16
320063,1,1,23,23,23,23,23,23,23,23,23,23
320064,1,1,0,0,0,0,0,0,0,0,0,0
320065,1,1,19,19,19,19,19,19,19,19,19,19
320066,1,1,0,0,0,0,0,0,0,0,0,0
320066,2,1,0,0,0,0,0,0,0,0,0,0
320066,3,1,0,0,0,0,0,0,0,0,0,0
320066,4,1,0,0,0,0,0,0,0,0,0,0
320066,5,1,0,0,0,6,0,0,0,2,0,0
320066,6,1,0,0,0,0,0,0,0,0,0,0
320067,1,1,0,0,0,0,15,0,0,0,0,0
320067,2,1,0,0,0,12,0,0,0,0,0,0
320067,3,1,0,0,0,0,0,0,0,0,0,0
320067,4,1,0,0,0,0,21,0,0,0,0,0
320068,1,1,0,0,0,0,0,0,0,0,0,0
320068,2,1,0,0,11,0,0,0,0,0,0,0
320068,3,1,0,0,7,0,19,0,0,0,0,0
320069,1,1,0,0,0,0,0,0,0,0,0,0
320069,2,1,0,0,0,0,0,0,0,0,0,0
320070,1,1,0,0,0,0,0,0,0,0,0,0
320071,1,1,0,0,0,0,0,0,0,0,0,0
320071,2,1,1,1,1,1,1,1,1,1,1,1
320072,1,1,0,0,0,0,0,0,0,0,0,0
320073,1,1,18,0,10,0,0,0,0,0,0,0
320074,1,1,0,0,0,0,0,0,0,0,0,0
320074,2,1,26,26,26,26,26,26,26,26,26,26
320075,1,1,0,0,0,0,0,0,0,0,0,0
320076,1,1,23,23,23,23,23,23,23,23,23,23
320077,1,1,0,0,0,0,0,0,0,0,0,0
320078,1,1,26,9,22,17,23,16,11,18,14,20
320078,2,1,0,0,0,0,0,0,0,0,0,0
320079,1,1,1,1,1,1,1,1,1,1,1,1
320080,0,1,17,17,17,17,17,17,17,17,17,17
320080,1,1,0,0,0,0,0,0,0,0,0,0
320081,0,1,0,0,0,0,0,0,0,0,0,0
320081,1,1,0,0,0,0,0,0,0,0,0,0
320082,1,1,28,28,28,28,28,28,28,28,28,28
320082,2,1,0,0,0,0,0,0,0,0,0,0
320083,1,1,0,0,0,0,0,0,0,0,0,0
320083,2,1,0,0,0,0,0,0,0,0,0,0
320084,0,1,5,5,5,5,5,5,5,5,5,5
320084,1,1,0,0,22,13,0,0,9,0,0,0
320085,1,1,15,15,15,15,15,15,15,15,15,15
320085,2,1,0,0,0,0,0,0,0,0,0,0
320085,3,1,0,0,0,0,0,0,0,0,0,0
320086,1,1,0,0,0,0,0,0,0,0,0,0
320087,1,1,0,0,0,0,0,0,0,0,0,0
320087,2,1,0,0,0,0,0,0,0,0,0,0
320088,0,1,31,31,31,31,31,31,31,31,31,31
320088,1,1,18,18,18,18,18,18,18,18,18,18
320089,1,1,0,0,0,0,0,0,0,0,0,0
320089,2,1,0,0,0,0,0,0,0,0,0,0
320089,3,1,0,0,0,0,0,0,0,0,0,0
320090,1,1,0,0,0,0,0,0,0,0,0,0
320091,1,1,0,0,0,0,0,0,0,0,0,0
320091,2,1,0,0,0,0,0,0,0,0,0,0
320092,0,1,0,0,0,0,0,0,0,0,0,0
320092,1,1,0,0,0,0,0,0,0,0,0,0
320093,1,1,0,0,0,0,0,0,0,0,0,0
320094,1,1,0,0,0,0,0,0,0,0,0,0
320094,2,1,0,0,0,0,0,0,0,0,0,0
320095,1,1,0,0,0,0,0,0,0,0,0,0
320095,2,1,0,0,0,0,0,0,0,0,18,0
320095,3,1,0,0,0,0,0,0,0,0,0,0
320096,1,1,0,0,0,0,0,0,0,0,0,0
320096,2,1,0,0,0,0,0,0,0,0,0,12
320097,0,1,0,0,0,0,0,0,0,0,0,0
320097,1,1,0,0,0,0,0,0,0,0,0,0
320098,0,1,0,0,0,0,0,0,0,0,0,0
320098,1,1,0,0,0,0,0,0,0,0,0,0
320099,1,1,0,0,0,0,0,0,0,0,0,0
320100,1,1,0,0,0,0,0,0,0,0,0,0
320100,2,1,9,9,9,9,9,9,9,9,9,9
320101,0,1,0,0,0,0,0,0,0,0,0,0
320101,1,1,0,0,0,0,0,0,0,0,0,0
320102,1,1,20,20,20,20,20,20,20,20,20,20
320103,1,1,22,0,0,0,0,0,0,0,0,0
320103,2,1,0,0,0,0,0,0,0,0,0,0
320104,0,1,0,0,0,0,0,0,0,0,0,0
320104,1,1,10,10,10,10,10,10,10,10,10,10
320105,1,1,0,0,0,0,0,0,0,0,0,0
320105,2,1,0,0,0,0,0,0,0,0,0,0
320106,1,1,0,0,0,0,0,0,0,0,0,0
320107,1,1,0,0,0,0,0,0,7,0,0,0
320107,2,1,0,0,0,0,0,0,0,0,0,0
320108,0,1,0,0,0,0,0,0,0,0,0,0
320108,1,1,0,13,0,0,0,0,0,0,0,0
320109,1,1,0,0,0,0,0,0,0,0,0,0
320110,1,1,35,35,35,35,35,35,35,35,35,35
320111,1,1,0,0,0,0,0,0,0,0,0,0
320111,2,1,15,15,15,15,15,15,15,15,15,15
320112,0,1,0,0,0,0,0,0,0,0,0,0
320112,1,1,0,0,0,0,0,0,0,0,0,0
320113,1,1,0,0,0,0,0,0,0,0,0,0
320114,1,1,12,12,12,12,12,12,12,12,12,12
320115,1,1,16,16,16,16,16,16,16,16,16,16
320116,1,1,19,19,19,19,19,19,19,19,19,19
320116,2,1,1,1,1,1,1,1,1,1,1,1
320117,1,1,0,0,0,0,0,0,0,0,0,0
320117,2,1,0,0,0,0,0,0,0,0,0,0
320118,0,1,0,0,0,0,0,0,0,0,0,0
320118,1,1,0,0,0,0,0,0,0,0,0,0
320119,1,1,22,22,22,22,22,22,22,22,22,22
320120,1,1,0,0,0,0,0,0,0,0,0,0
320120,2,1,0,0,0,0,0,0,0,0,0,0
320120,3,1,0,0,0,0,0,0,0,0,0,0
320120,4,1,0,0,0,0,0,0,0,0,0,0
320120,5,1,0,0,0,0,0,0,0,0,0,0
320120,6,1,0,0,0,0,13,0,0,0,0,0
320120,7,1,9,0,0,13,0,0,0,0,0,0
320120,8,1,0,0,0,0,0,7,0,0,0,18
320121,1,1,0,0,0,0,0,0,0,0,0,0
320122,0,1,36,36,36,36,36,36,36,36,36,36
320122,1,1,0,20,0,0,0,0,0,0,0,11
320123,0,1,0,0,0,0,0,0,0,0,0,0
320123,0,2,0,7,0,0,0,0,0,0,0,2
320123,1,1,0,0,0,0,0,0,0,15,0,0
320124,1,1,0,0,0,0,0,0,0,0,0,0
320125,1,1,19,19,19,19,19,19,19,19,19,19
320125,2,1,0,0,0,0,0,0,0,0,0,0
320126,1,1,14,14,14,14,14,14,14,14,14,14
320127,0,1,4,4,4,4,4,4,4,4,4,4
320127,1,1,5,5,5,5,5,5,5,5,5,5
320128,0,1,0,0,0,0,0,0,0,0,0,0
320128,1,1,0,0,14,0,19,0,0,9,0,0
320130,0,1,0,0,0,0,0,0,0,0,0,0
320130,1,1,4,4,4,4,4,4,4,4,4,4
320131,1,1,0,0,0,0,0,0,0,0,0,0
320131,2,1,5,5,5,5,5,5,5,5,5,5
320132,1,1,0,0,0,0,0,0,0,0,0,0
320132,2,1,0,0,0,0,0,0,0,0,0,0
320133,0,1,0,0,0,0,0,0,0,0,0,0
320133,1,1,0,0,0,0,0,0,0,0,0,0
320134,1,1,5,5,5,5,5,5,5,5,5,5
320134,2,1,5,0,0,0,0,0,0,0,0,0
320135,1,1,14,14,14,14,14,14,14,14,14,14
320136,1,1,0,0,0,0,0,0,0,0,0,0
320136,2,1,0,0,0,0,0,0,0,0,0,0
320137,1,1,0,0,0,0,0,0,0,0,0,0
320138,1,1,0,0,0,0,0,0,0,0,0,0
320138,2,1,0,0,0,0,0,0,0,0,0,0
320139,1,1,0,0,0,0,0,0,0,0,0,0
320139,2,1,0,0,0,0,0,0,0,0,0,0
320139,3,1,0,0,0,0,0,0,0,0,0,0
320140,1,1,0,0,0,0,0,0,0,0,0,0
320141,0,1,0,0,0,0,0,0,0,0,0,0
320141,0,2,0,0,0,0,0,0,0,0,0,0
320141,1,1,0,17,0,0,13,0,0,2,4,0
320142,1,1,11,11,11,11,11,11,11,11,11,11
320143,1,1,21,21,21,21,21,21,21,21,21,21
320143,2,1,10,10,10,10,10,10,10,10,10,10
320144,1,1,42,42,42,42,42,42,42,42,42,42
320145,1,1,0,11,0,0,0,0,11,28,30,0
320145,2,1,0,0,0,0,0,0,0,0,0,0
320145,3,1,0,0,0,0,0,0,0,0,0,0
320146,1,1,32,32,32,32,32,32,32,32,32,32
320147,0,1,0,0,0,0,0,0,0,0,0,0
320147,1,1,0,12,9,7,0,4,0,0,0,0
320148,1,1,0,0,0,0,0,0,0,0,17,0
320148,2,1,0,0,0,0,0,0,0,0,0,0
320149,1,1,0,0,0,0,0,0,0,0,0,0
320149,2,1,26,0,0,0,0,0,14,0,0,0
320150,1,1,0,0,0,0,0,0,0,0,0,0
320150,2,1,0,0,0,0,0,0,0,0,0,0
320151,1,1,1,1,1,1,1,1,1,1,1,1
320152,0,1,21,21,21,21,21,21,21,21,21,21
320152,1,1,9,18,0,0,0,0,0,0,0,0
320153,0,1,24,24,24,24,24,24,24,24,24,24
320153,1,1,8,23,3,0,8,11,21,3,6,3
320154,1,1,0,0,0,0,0,0,0,0,0,0
320155,0,1,0,0,0,0,0,0,0,0,0,0
320155,1,1,0,0,0,0,0,0,0,0,0,0
320156,0,1,0,0,0,0,0,0,0,0,0,0
320156,1,1,0,8,0,0,0,0,0,0,0,0
320157,0,1,0,0,0,0,0,0,0,0,0,0
320157,1,1,0,0,0,0,0,0,0,0,0,0
320158,0,1,11,11,11,11,11,11,11,11,11,11
320158,1,1,0,0,0,0,0,0,0,0,0,0
320159,1,1,22,22,22,22,22,22,22,22,22,22
320159,2,1,0,0,0,0,0,0,0,0,0,0
320160,1,1,0,0,0,0,0,0,0,0,0,0
320161,0,1,0,0,0,0,0,0,0,0,0,0
320161,1,1,0,0,0,0,0,0,0,0,0,0
320161,2,1,0,0,0,0,0,0,0,0,0,0
320161,3,1,0,0,0,0,0,0,0,0,0,0
320162,1,1,24,24,24,24,24,24,24,24,24,24
320163,1,1,0,0,0,0,0,0,0,0,0,0
320163,2,1,0,0,0,0,0,0,0,0,0,0
320164,1,1,0,0,0,0,0,0,0,0,0,0
320164,2,1,0,19,0,0,0,0,0,0,2,0
320165,0,1,0,0,0,0,0,0,0,0,0,0
320165,1,1,22,3,20,0,0,10,18,0,20,34
320166,1,1,0,0,0,0,0,0,0,0,0,0
320167,1,1,6,6,6,6,6,6,6,6,6,6
320167,2,1,0,0,0,0,0,0,0,0,0,0
320168,1,1,0,0,0,0,0,0,0,0,0,0
320168,2,1,0,0,0,0,0,0,0,11,0,0
320169,1,1,0,0,0,0,0,0,0,0,0,0
320169,2,1,0,0,0,0,0,0,0,0,0,0
320170,1,1,0,0,0,0,0,0,0,0,0,0
320170,2,1,0,0,0,0,0,0,0,0,0,0
320171,1,1,0,15,8,0,0,2,0,0,0,0
320172,1,1,0,0,0,0,0,0,11,0,0,0
320172,2,1,0,0,0,0,0,0,0,0,0,0
320173,0,1,0,0,0,0,0,0,0,0,0,0
320173,1,1,0,0,0,0,0,0,0,0,0,0
320174,1,1,0,0,0,0,0,0,0,0,0,0
320174,2,1,0,0,0,0,0,0,0,0,0,0
320175,1,1,0,0,0,0,0,0,0,0,0,0
320176,0,1,44,0,0,0,6,21,0,19,35,23
320176,0,2,0,0,0,0,0,0,0,0,0,0
320176,1,1,0,0,8,0,0,0,0,0,22,7
320177,1,1,9,9,9,9,9,9,9,9,9,9
320178,1,1,4,4,4,4,4,4,4,4,4,4
320179,1,1,0,0,4,5,0,0,0,0,0,0
320180,1,1,0,0,0,0,0,0,0,0,0,0
320181,1,1,12,0,21,0,2,23,7,0,0,17
320182,1,1,0,0,0,0,0,0,0,0,0,0
320182,2,1,0,0,0,0,0,0,0,0,0,0
320183,1,1,15,15,15,15,15,15,15,15,15,15
320183,2,1,0,0,0,0,0,0,0,0,0,0
320184,1,1,20,20,20,20,20,20,20,20,20,20
320185,1,1,0,0,0,0,0,0,0,0,0,0
320186,1,1,0,0,0,0,0,0,0,0,0,0
320186,2,1,16,16,16,16,16,16,16,16,16,16
320187,1,1,25,25,25,25,25,25,25,25,25,25
320188,0,1,25,25,25,25,25,25,25,25,25,25
320188,1,1,0,0,0,0,0,0,0,0,0,0
320189,0,1,34,34,34,34,34,34,34,34,34,34
320189,1,1,0,0,0,0,0,0,0,0,0,0
320190,0,1,0,0,0,0,0,0,0,0,0,0
320190,1,1,0,0,0,0,0,0,0,0,0,0
320191,1,1,6,6,6,6,6,6,6,6,6,6
320191,2,1,0,0,0,0,0,0,0,0,0,9
320192,1,1,0,0,0,0,0,0,0,0,0,0
320193,1,1,0,0,0,0,0,0,0,0,0,0
320193,2,1,0,0,0,0,0,0,0,0,0,0
320194,1,1,24,0,0,0,0,0,0,0,0,0
320195,0,1,1,1,1,1,1,1,1,1,1,1
320195,1,1,0,12,0,0,0,0,0,18,0,0
320196,1,1,0,0,0,0,0,0,0,0,0,0
320196,2,1,0,0,0,0,0,0,0,0,0,0
320197,1,1,18,18,18,18,18,18,18,18,18,18
320198,1,1,6,6,6,6,6,6,6,6,6,6
320198,2,1,0,0,0,0,0,0,0,0,0,0
320199,0,1,0,0,0,0,0,0,0,0,0,0
320199,1,1,0,0,0,0,0,0,0,0,0,0
320200,1,1,0,0,0,0,0,0,0,0,0,0
320200,2,1,0,0,0,0,0,0,0,0,0,0
320200,3,1,0,0,0,0,0,0,0,0,0,0
320201,1,1,0,0,0,0,0,0,0,0,0,0
320201,2,1,0,12,0,0,0,0,0,0,0,0
320202,0,1,0,0,0,0,0,0,0,0,0,0
320202,1,1,0,0,0,0,20,0,0,0,0,8
320203,0,1,0,0,0,0,0,0,0,0,0,0
320203,1,1,0,0,0,0,0,0,0,0,0,0
320204,1,1,13,13,13,13,13,13,13,13,13,13
320205,0,1,11,11,11,11,11,11,11,11,11,11
320205,0,2,0,0,0,0,0,0,0,0,0,0
320205,1,1,0,0,0,0,0,0,0,52,22,0
320206,1,1,0,0,0,0,0,0,0,0,0,0
320207,0,1,14,14,14,14,14,14,14,14,14,14
320207,1,1,0,0,0,0,0,0,0,0,0,0
320207,2,1,0,0,0,0,0,0,0,0,0,0
320207,3,1,0,0,0,0,0,16,0,0,0,0
320207,4,1,0,0,0,0,0,0,0,0,0,0
320208,1,1,0,0,0,0,0,0,0,0,0,0
320208,2,1,12,12,12,12,12,12,12,12,12,12
320209,1,1,0,0,0,0,0,0,0,0,0,0
320209,2,1,0,0,0,0,0,0,0,0,0,0
320209,3,1,0,0,0,0,0,9,0,0,0,0
320209,4,1,0,0,0,0,0,0,0,0,0,0
320210,0,1,0,0,0,0,0,0,0,0,0,0
320210,1,1,0,0,0,0,0,0,0,0,0,0
320211,1,1,9,9,9,9,9,9,9,9,9,9
320212,0,1,0,0,0,0,0,0,0,0,0,0
320213,1,1,0,0,0,0,0,0,0,0,0,0
320214,1,1,8,23,11,0,21,23,15,0,44,20
320215,1,1,19,19,19,19,19,19,19,19,19,19
320216,0,1,6,6,6,6,6,6,6,6,6,6
320216,1,1,13,13,13,13,13,13,13,13,13,13
320217,0,1,0,0,0,0,0,0,0,0,0,0
320217,1,1,27,27,27,27,27,27,27,27,27,27
320218,0,1,0,0,0,0,0,0,0,0,0,0
320218,1,1,0,0,0,0,0,0,0,0,0,0
320219,0,1,0,0,0,0,0,0,0,0,0,0
320219,0,2,0,0,0,0,0,0,0,0,0,0
320219,1,1,0,27,0,0,0,0,4,0,12,0
320219,2,1,0,0,0,0,0,0,0,22,0,0
320220,0,1,28,28,28,28,28,28,28,28,28,28
320220,1,1,0,0,0,0,0,0,0,0,0,0
320221,1,1,0,0,0,0,0,0,0,0,0,0
320221,2,1,0,0,0,0,0,0,0,0,0,0
320222,1,1,20,20,20,20,20,20,20,20,20,20
320223,1,1,0,0,0,0,0,0,0,0,0,0
320224,1,1,0,0,0,0,0,0,0,0,0,0
320224,2,1,0,0,0,0,0,0,0,0,0,0
320225,1,1,0,0,0,0,0,0,0,0,0,0
320225,2,1,0,0,0,0,0,0,0,0,0,0