ST_CASE,VEH_NO,PER_NO,P1,P2,P3,P4,P5,P6,P7,P8,P9,P10
320226,1,1,28,28,28,28,28,28,28,28,28,28
320226,2,1,0,0,0,0,0,0,0,0,0,0
320227,1,1,0,0,0,0,0,0,0,0,0,0
320227,2,1,0,0,0,0,0,0,0,0,0,0
320227,3,1,0,0,0,0,0,0,0,0,0,0
320227,4,1,0,0,0,0,0,0,0,0,0,0
320227,5,1,0,0,0,0,0,0,0,0,0,0
320228,1,1,0,0,0,0,0,0,0,0,0,0
320229,1,1,0,0,0,0,0,0,0,0,0,0
320230,1,1,0,0,0,0,0,0,0,0,0,0
320231,1,1,0,15,34,0,15,21,11,15,0,8
320231,2,1,0,0,0,0,0,0,0,0,0,0
320231,3,1,11,26,0,11,0,16,0,0,8,0
320232,0,1,0,0,0,0,0,0,0,0,0,0
320232,1,1,0,0,0,0,0,0,23,10,0,0
320233,1,1,18,18,18,18,18,18,18,18,18,18
320234,1,1,0,0,0,0,13,0,0,0,0,0
320235,0,1,4,4,4,4,4,4,4,4,4,4
320235,1,1,8,8,8,8,8,8,8,8,8,8
320236,1,1,0,0,0,0,0,0,0,0,0,0
320236,2,1,0,0,0,0,0,0,0,0,0,0
320237,1,1,19,19,19,19,19,19,19,19,19,19
320238,1,1,0,0,0,0,0,0,0,0,0,0
320238,2,1,0,0,0,0,0,0,0,0,0,0
320238,3,1,0,0,0,0,0,0,0,0,0,0
320238,4,1,0,0,0,0,0,0,0,0,0,0
320238,5,1,0,0,0,0,0,23,0,0,0,0
320238,6,1,0,0,0,0,0,0,0,0,0,0
320239,1,1,9,9,9,9,9,9,9,9,9,9
320240,0,1,4,4,4,4,4,4,4,4,4,4
320240,1,1,0,0,8,0,0,0,0,17,18,0
320241,0,1,0,0,0,0,0,0,0,0,0,0
320241,1,1,0,0,0,0,0,0,0,0,0,0
320242,1,1,0,0,0,0,0,0,0,0,0,0
320243,0,1,21,21,21,21,21,21,21,21,21,21
320243,1,1,0,0,0,0,0,7,0,0,0,0
320244,0,1,0,0,0,0,0,0,0,0,0,0
320244,1,1,9,0,29,8,0,23,0,15,0,9
320245,1,1,19,19,19,19,19,19,19,19,19,19
320246,1,1,0,0,0,0,0,0,0,0,0,0
320246,2,1,18,21,0,0,0,0,12,6,21,2
320247,1,1,0,0,0,0,0,0,0,0,0,0
320247,2,1,0,0,0,0,0,0,0,0,0,0
320248,1,1,20,20,20,20,20,20,20,20,20,20
320249,0,1,0,0,0,0,0,0,0,0,0,0
320249,1,1,8,8,8,8,8,8,8,8,8,8
320250,0,1,0,0,0,0,0,0,0,0,0,0
320250,1,1,0,0,0,0,0,0,0,13,0,0
320251,0,1,0,0,0,0,0,0,0,0,0,0
320251,1,1,0,0,0,0,0,0,0,10,0,0
320252,1,1,0,0,0,0,0,0,0,0,0,0
320252,2,1,0,0,0,0,0,0,0,0,0,0
320253,1,1,0,0,0,0,0,0,0,19,0,0
320254,1,1,12,12,12,12,12,12,12,12,12,12
320254,2,1,0,0,0,0,0,0,0,0,0,0
320255,1,1,0,0,0,0,0,0,0,0,0,0
320255,2,1,0,0,0,0,0,0,0,0,0,0
320255,3,1,0,0,0,0,0,0,0,0,0,0
320256,0,1,29,29,29,29,29,29,29,29,29,29
320256,1,1,0,0,0,0,0,0,0,0,0,0
320257,1,1,0,0,0,0,0,0,0,0,0,0
320257,2,1,0,0,0,0,0,0,0,0,0,0
320258,0,1,0,0,0,0,0,0,0,0,0,0
320258,1,1,0,0,0,0,0,0,0,0,0,0
320259,0,1,0,0,0,0,0,0,0,0,0,0
320259,1,1,0,0,8,0,0,0,0,7,8,14
320259,2,1,0,6,0,0,9,0,0,4,15,0
320260,0,1,0,0,0,0,0,0,0,0,0,0
320260,1,1,0,0,0,0,0,0,0,0,0,0
320261,1,1,18,18,18,18,18,18,18,18,18,18
320261,2,1,0,0,0,0,0,0,0,0,0,0
320262,0,1,0,0,0,0,0,0,0,0,0,0
320262,1,1,15,15,15,15,15,15,15,15,15,15
320263,1,1,0,0,0,0,0,0,0,0,0,0
320263,2,1,0,0,0,0,0,0,0,0,0,0
320264,0,1,0,0,0,0,0,0,0,0,0,0
320264,1,1,0,0,0,0,0,0,0,0,0,0
320265,0,1,22,22,22,22,22,22,22,22,22,22
320265,1,1,14,10,24,0,0,0,0,10,0,9
320266,1,1,12,12,12,12,12,12,12,12,12,12
320266,2,1,0,0,5,9,7,0,0,0,0,0
320267,0,1,0,0,0,0,0,0,0,0,0,0
320267,1,1,0,0,0,0,0,0,0,0,0,10
320268,1,1,0,0,0,0,0,0,0,0,0,0
320268,2,1,6,0,0,0,0,0,0,0,0,0
320269,0,1,17,17,17,17,17,17,17,17,17,17
320269,1,1,0,0,0,0,0,0,0,0,0,0
330001,1,1,14,14,14,14,14,14,14,14,14,14
330001,2,1,0,19,0,11,12,0,15,16,0,0
330002,1,1,0,0,0,0,0,0,0,0,0,0
330002,2,1,0,11,0,0,0,0,16,0,0,0
330003,0,1,0,0,0,0,0,0,0,0,0,0
330003,1,1,0,0,0,0,0,0,0,0,0,0
330004,0,1,0,0,0,0,0,0,0,0,0,0
330004,1,1,0,0,0,0,0,0,0,0,0,0
330005,1,1,22,22,22,22,22,22,22,22,22,22
330006,1,1,32,32,32,32,32,32,32,32,32,32
330007,1,1,19,19,19,19,19,19,19,19,19,19
330008,1,1,0,0,0,0,0,0,0,0,0,0
330008,2,1,3,0,0,0,0,0,0,10,0,0
330009,1,1,0,0,0,0,0,9,0,27,17,0
330009,2,1,0,0,0,0,4,0,0,5,0,0
330010,1,1,23,23,23,23,23,23,23,23,23,23
330010,2,1,0,0,0,0,0,16,0,0,0,0
330010,3,1,0,0,0,0,0,0,0,0,0,0
330010,4,1,17,0,0,0,24,0,14,0,0,0
330011,1,1,15,15,15,15,15,15,15,15,15,15
330011,2,1,0,0,0,0,0,0,0,20,0,4
330011,3,1,0,10,0,18,0,0,0,25,22,0
330012,0,1,0,0,0,0,0,0,0,0,0,0
330012,1,1,9,0,0,0,0,0,0,0,0,0
330013,0,1,40,40,40,40,40,40,40,40,40,40
330013,1,1,0,0,0,0,0,0,0,0,0,0
330014,1,1,22,22,22,22,22,22,22,22,22,22
330015,1,1,0,0,0,0,0,0,0,0,0,0
330016,0,1,27,27,27,27,27,27,27,27,27,27
330016,1,1,0,0,0,0,0,0,0,0,0,0
330017,1,1,0,0,0,0,0,0,0,0,0,0
330017,2,1,0,0,0,0,0,6,0,2,0,0
330018,1,1,2,2,2,2,2,2,2,2,2,2
330019,1,1,0,0,0,0,0,0,0,0,0,0
330020,1,1,0,0,0,0,0,0,0,0,0,0
330021,1,1,12,12,12,12,12,12,12,12,12,12
330021,2,1,0,0,0,0,0,0,0,0,0,0
330022,1,1,0,0,0,0,0,0,0,0,0,0
330023,1,1,19,19,19,19,19,19,19,19,19,19
330024,1,1,6,6,6,6,6,6,6,6,6,6
330024,2,1,0,0,0,0,0,0,0,0,0,0
330025,1,1,0,0,0,0,0,0,0,0,0,0
330025,2,1,0,0,0,0,0,0,0,0,0,0
330026,1,1,0,0,0,0,0,0,0,0,0,0
330026,2,1,0,0,0,0,0,0,0,0,0,0
330027,1,1,14,14,14,14,14,14,14,14,14,14
330027,2,1,15,13,10,0,10,0,0,0,5,18
330028,0,1,0,0,0,0,0,0,0,0,0,0
330028,1,1,0,0,0,0,0,0,0,0,0,0
330029,1,1,0,0,0,0,0,0,0,0,0,0
330030,1,1,38,38,38,38,38,38,38,38,38,38
330031,1,1,0,0,0,0,0,0,0,0,0,0
330032,1,1,22,22,22,22,22,22,22,22,22,22
330033,1,1,0,0,0,0,0,0,0,0,0,0
330033,2,1,0,0,0,0,0,0,0,0,0,0
330034,1,1,18,18,18,18,18,18,18,18,18,18
330035,1,1,0,0,0,0,0,0,0,0,0,0
330036,0,1,0,0,0,0,0,0,0,0,0,0
330036,1,1,0,0,0,0,0,0,0,0,0,0
330037,0,1,0,0,0,0,0,0,26,0,0,0
330037,1,1,0,0,0,0,0,0,0,0,0,0
330038,1,1,12,12,12,12,12,12,12,12,12,12
330039,0,1,0,0,0,0,0,0,0,0,0,0
330039,1,1,9,0,0,0,0,0,5,0,0,0
330040,1,1,23,0,0,0,0,14,0,14,0,0
330041,1,1,0,0,0,0,0,0,0,0,0,0
330042,1,1,0,0,0,0,0,0,0,0,0,0
330042,2,1,0,0,0,0,0,0,0,0,0,0
330043,1,1,11,11,11,11,11,11,11,11,11,11
330044,1,1,0,0,0,0,0,0,0,0,0,0
330044,2,1,6,6,6,6,6,6,6,6,6,6
330045,0,1,0,0,0,0,0,11,23,0,0,0
330045,1,1,0,0,0,0,0,0,0,0,0,0
330046,1,1,0,0,0,0,0,0,0,0,0,0
330046,2,1,0,0,0,0,0,0,0,0,0,0
330047,1,1,0,0,0,0,0,0,0,0,0,0
330047,2,1,0,0,0,0,0,0,0,0,0,0
330048,1,1,0,0,0,0,0,0,0,0,0,0
330048,2,1,0,0,0,0,0,0,0,0,0,0
330049,1,1,0,0,0,0,0,18,12,11,15,0
330050,1,1,0,0,0,0,0,0,0,0,0,0
330050,2,1,0,0,0,0,0,0,0,0,0,0
330051,1,1,0,0,0,0,0,0,0,0,0,0
330052,1,1,0,0,0,0,0,0,0,0,0,0
330053,1,1,20,20,20,20,20,20,20,20,20,20
330054,1,1,0,0,0,0,0,0,0,0,0,0
330054,2,1,0,0,0,0,0,0,0,0,0,0
330055,0,1,0,0,0,0,0,0,18,0,29,0
330055,1,1,0,0,0,0,0,0,0,0,0,0
330056,1,1,20,20,20,20,20,20,20,20,20,20
330057,1,1,0,0,0,0,0,0,0,0,0,0
330057,2,1,0,0,0,0,0,0,0,0,0,0
330058,1,1,0,0,0,0,0,0,0,0,0,0
330058,2,1,0,0,0,0,0,0,0,0,0,0
330059,1,1,0,0,0,0,0,0,0,0,0,0
330059,2,1,29,0,0,0,0,0,13,0,0,0
330060,1,1,0,0,0,0,0,0,0,0,0,0
330060,2,1,0,0,0,0,0,0,0,0,0,0
330061,1,1,4,4,4,4,4,4,4,4,4,4
330062,1,1,0,0,0,0,0,0,0,0,0,0
330063,1,1,0,0,0,0,0,0,0,0,0,0
330063,2,1,0,0,0,0,0,0,0,0,0,0
330064,1,1,0,0,0,0,0,0,0,0,0,0
330064,2,1,0,0,0,0,0,0,0,0,0,0
330064,3,1,0,0,0,0,0,0,0,0,0,0
330065,1,1,0,33,0,0,0,0,0,0,0,0
330065,2,1,0,0,12,0,0,0,0,0,0,0
330066,1,1,0,0,0,0,0,0,0,0,0,0
330067,1,1,8,8,8,8,8,8,8,8,8,8
330068,1,1,12,12,12,12,12,12,12,12,12,12
330069,1,1,25,25,25,25,25,25,25,25,25,25
330070,1,1,0,0,0,0,0,0,0,0,0,0
330070,2,1,0,0,0,0,0,0,0,0,0,0
330071,1,1,17,17,17,17,17,17,17,17,17,17
330071,2,1,2,2,2,2,2,2,2,2,2,2
330072,0,1,37,37,37,37,37,37,37,37,37,37
330072,1,1,0,0,0,0,0,0,0,0,0,0
330072,2,1,0,0,0,0,0,0,0,0,0,0
330072,3,1,0,0,0,0,0,0,0,0,0,0
330073,1,1,0,0,0,0,0,0,0,0,0,0
330073,2,1,0,0,0,0,0,0,0,0,0,0
330074,1,1,0,0,0,0,0,0,0,0,0,0
330074,2,1,0,0,0,0,0,0,0,0,0,0
330075,0,1,13,13,13,13,13,13,13,13,13,13
330075,1,1,0,0,0,0,0,0,0,0,0,0
330076,1,1,20,20,20,20,20,20,20,20,20,20
330077,1,1,0,0,0,0,0,0,0,0,0,0
330078,1,1,0,0,0,0,0,0,0,0,0,0
330079,1,1,0,0,0,0,0,0,0,0,0,0
330080,0,1,0,0,0,0,0,0,0,0,0,0
330080,1,1,0,0,0,0,0,0,0,0,0,0
330081,0,1,0,0,0,0,0,0,0,0,0,0
330081,1,1,0,0,0,0,0,0,0,0,0,0
330082,0,1,0,0,16,0,0,0,0,0,22,0
330082,1,1,0,0,0,0,0,0,0,0,0,0
330083,1,1,12,12,12,12,12,12,12,12,12,12
330084,1,1,0,0,0,0,0,0,0,0,0,0
330085,1,1,15,15,15,15,15,15,15,15,15,15
330086,1,1,22,22,22,22,22,22,22,22,22,22
330087,1,1,24,24,24,24,24,24,24,24,24,24
330088,1,1,0,0,0,0,0,0,0,0,0,0
330089,1,1,0,0,0,0,0,0,0,0,0,0
340001,1,1,0,0,0,0,0,0,0,0,0,0
340001,2,1,0,0,0,0,0,0,0,0,0,0
340002,1,1,0,0,0,0,0,0,0,0,0,0
340003,1,1,29,29,29,29,29,29,29,29,29,29
340004,1,1,0,0,0,0,10,0,0,0,0,0
340004,2,1,0,0,0,0,14,0,19,0,0,0
340004,3,1,7,0,0,0,0,18,0,0,0,0
340005,1,1,0,0,0,0,0,0,0,0,0,0
340006,0,1,30,0,46,32,17,28,21,30,0,18
340006,1,1,0,15,0,0,0,0,0,13,0,0
340007,1,1,17,17,17,17,17,17,17,17,17,17
340008,1,1,0,0,0,0,0,0,0,0,0,0
340008,2,1,0,0,0,0,0,0,0,0,0,0
340010,1,1,0,0,0,0,0,0,0,0,0,0
340011,1,1,0,11,0,0,0,0,0,16,0,25
340012,1,1,0,0,0,0,20,0,14,0,13,0
340012,2,1,0,0,0,0,0,0,0,0,0,0
340012,3,1,0,0,0,0,0,0,0,0,0,0
340013,1,1,17,17,17,17,17,17,17,17,17,17
340013,2,1,0,0,0,0,0,0,0,0,12,0
340013,3,1,0,0,0,0,0,0,0,0,0,18
340014,1,1,0,0,9,0,0,0,0,0,0,0
340014,2,1,0,0,0,0,0,0,0,0,0,0
340015,1,1,0,15,24,22,19,0,0,38,0,22
340016,0,1,26,0,0,39,0,23,17,0,0,25
340016,1,1,14,0,28,11,16,0,13,0,0,0
340017,1,1,24,24,24,24,24,24,24,24,24,24
340018,1,1,0,5,0,3,0,0,0,14,13,0
340019,1,1,0,0,0,0,0,0,0,0,0,0
340019,2,1,0,0,0,0,0,0,0,0,0,0
340020,1,1,0,0,0,0,0,0,0,0,0,0
340020,2,1,0,0,0,0,0,0,0,0,0,0
340021,0,1,0,0,0,0,0,0,0,0,0,0
340021,1,1,0,0,0,0,0,0,0,0,0,0
340022,1,1,18,18,18,18,18,18,18,18,18,18
340023,1,1,0,0,0,0,0,0,0,0,0,0
340023,2,1,0,0,0,0,0,0,0,0,0,0
340024,1,1,0,0,0,0,0,0,0,0,0,0
340024,2,1,0,0,14,16,14,0,4,0,4,0
340025,1,1,20,20,20,20,20,20,20,20,20,20
340026,1,1,21,0,0,0,0,0,0,0,0,0
340026,2,1,0,0,0,0,0,0,0,0,0,0
340027,0,1,0,0,0,0,0,0,0,0,0,0
340027,1,1,0,15,0,0,25,0,0,11,0,19
340028,0,1,11,11,11,11,11,11,11,11,11,11
340028,1,1,0,0,0,0,0,0,0,11,0,0
340028,2,1,0,0,7,17,0,0,45,0,0,0
340028,3,1,0,7,0,0,0,0,4,0,0,0
340029,0,1,27,27,27,27,27,27,27,27,27,27
340029,1,1,0,0,0,0,2,0,0,0,12,0
340030,0,1,0,0,0,0,0,0,0,0,0,0
340030,0,2,11,0,0,0,0,0,0,0,43,0
340030,1,1,0,0,0,0,0,0,0,0,0,0
340031,0,1,0,0,0,0,0,0,0,0,0,0
340031,1,1,0,0,0,15,20,0,0,0,0,0
340032,1,1,0,0,0,0,0,0,0,0,0,0
340032,2,1,0,0,0,0,0,0,28,0,0,0
340033,1,1,25,25,25,25,25,25,25,25,25,25
340034,1,1,0,0,0,0,0,0,0,0,0,0
340035,1,1,14,11,15,15,0,0,0,15,0,0
340036,0,1,0,0,0,0,0,0,0,0,0,0
340036,1,1,0,0,0,0,0,0,0,0,0,0
340037,1,1,0,0,0,0,0,0,0,0,0,0
340037,2,1,0,0,0,0,0,0,0,0,0,0
340038,1,1,28,28,28,28,28,28,28,28,28,28
340038,2,1,0,11,0,0,0,0,0,0,0,0
340039,1,1,0,0,0,0,0,0,0,0,0,21
340039,2,1,0,0,22,0,0,0,0,0,0,0
340040,1,1,0,0,0,0,0,0,0,0,0,0
340041,1,1,0,0,0,0,0,0,0,0,0,0
340041,2,1,0,0,0,0,0,0,0,0,0,0
340042,0,1,0,0,0,0,0,0,0,0,0,0
340042,1,1,0,29,0,3,20,0,17,0,19,0
340043,1,1,0,0,0,0,0,0,0,0,0,0
340043,2,1,0,0,0,0,0,0,0,0,0,0
340043,3,1,0,0,0,0,0,0,0,0,0,0
340044,1,1,19,19,19,19,19,19,19,19,19,19
340045,1,1,0,0,0,19,0,0,0,0,0,0
340045,2,1,0,0,0,0,0,0,11,0,0,0
340046,1,1,4,4,4,4,4,4,4,4,4,4
340046,2,1,0,0,0,0,0,0,0,0,0,0
340047,0,1,0,0,0,0,0,0,0,0,0,0
340047,1,1,0,0,0,0,0,0,0,0,0,0
340048,0,1,0,0,0,0,0,0,0,0,0,0
340048,1,1,0,0,0,0,0,0,0,0,0,0
340048,3,1,0,0,0,0,0,0,0,0,0,0
340048,4,1,0,0,0,0,0,0,0,0,0,0
340049,1,1,18,18,18,18,18,18,18,18,18,18
340050,0,1,0,13,0,0,0,10,0,22,10,15
340050,1,1,0,0,15,0,0,0,0,0,0,0
340051,0,1,0,0,0,0,0,0,0,0,0,0
340051,1,1,0,0,0,10,0,0,0,31,0,0
340052,0,1,42,42,42,42,42,42,42,42,42,42
340052,1,1,0,0,0,0,12,12,0,0,12,14
340053,0,1,16,16,16,16,16,16,16,16,16,16
340053,1,1,0,0,0,0,0,0,0,0,0,0
340054,1,1,0,0,0,0,0,0,0,0,0,0
340054,2,1,0,0,0,0,0,0,0,0,0,17
340055,0,1,16,16,16,16,16,16,16,16,16,16
340055,1,1,0,0,0,0,17,18,0,0,8,5
340056,1,1,3,3,3,3,3,3,3,3,3,3
340057,0,1,18,18,18,18,18,18,18,18,18,18
340057,1,1,0,0,0,0,0,0,0,0,0,21
340057,2,1,0,0,0,0,17,0,0,0,0,0
340058,1,1,0,0,0,0,0,0,0,0,0,0
340059,1,1,14,0,0,0,19,0,0,0,0,0
340060,1,1,0,0,0,0,0,0,0,0,0,0
340061,0,1,0,0,0,0,0,0,0,0,0,0
340061,1,1,0,0,0,0,0,0,0,0,0,0
340062,1,1,0,0,0,0,0,0,0,0,0,0
340062,2,1,0,0,0,0,0,0,0,0,0,0
340063,1,1,0,0,0,0,0,0,0,0,0,0
340063,2,1,0,0,0,0,10,0,0,0,0,0
340063,3,1,0,0,0,0,28,0,0,31,0,0
340064,1,1,11,11,11,11,11,11,11,11,11,11
340065,0,1,1,1,1,1,1,1,1,1,1,1
340065,1,1,0,0,0,0,14,0,0,0,0,0
340066,0,1,0,0,0,0,0,0,0,0,0,0
340066,1,1,19,0,0,0,0,0,0,0,0,0
340067,0,1,31,31,31,31,31,31,31,31,31,31
340067,1,1,0,0,0,0,0,0,0,0,0,0
340068,1,1,0,0,0,0,0,0,0,0,0,0
340069,1,1,0,0,0,0,0,0,0,0,0,0
340070,0,1,1,1,1,1,1,1,1,1,1,1
340070,1,1,0,0,0,0,0,0,0,0,0,0
340071,1,1,23,23,23,23,23,23,23,23,23,23
340072,0,1,0,0,0,0,0,0,0,0,0,0
340072,1,1,0,0,0,0,0,0,0,0,0,6
340073,0,1,30,30,30,30,30,30,30,30,30,30
340073,1,1,0,0,0,6,0,0,0,0,0,0
340074,1,1,0,9,3,12,12,0,0,0,0,4
340074,2,1,15,0,0,0,0,0,0,3,9,0
340074,3,1,24,0,0,0,14,0,0,0,0,0
340075,1,1,18,18,18,18,18,18,18,18,18,18
340076,0,1,32,32,32,32,32,32,32,32,32,32
340076,1,1,0,0,0,0,0,0,0,0,0,0
340077,0,1,0,0,0,0,0,0,0,0,0,0
340077,1,1,0,0,0,0,0,0,0,0,0,0
340077,2,1,0,0,0,0,0,0,0,0,0,0
340078,1,1,0,0,0,0,0,0,0,0,0,0
340078,2,1,20,20,20,20,20,20,20,20,20,20
340079,1,1,0,0,0,0,0,0,0,0,0,0
340080,1,1,0,0,0,0,0,0,0,0,0,0
340081,1,1,19,19,19,19,19,19,19,19,19,19
340082,1,1,14,14,14,14,14,14,14,14,14,14
340082,2,1,0,0,10,0,0,0,12,0,3,7
340083,1,1,0,0,0,0,0,0,0,0,0,0
340084,0,1,5,5,5,5,5,5,5,5,5,5
340084,0,2,4,0,0,15,0,0,9,0,17,0
340084,1,1,0,0,0,0,0,0,0,0,0,0
340085,0,1,20,6,7,0,0,14,14,17,12,18
340085,0,2,0,0,12,15,0,36,0,0,0,0
340085,1,1,0,0,0,0,0,0,0,0,14,0
340086,0,1,0,0,0,0,0,0,0,0,0,0
340086,1,1,0,17,8,0,0,0,0,0,22,0
340087,1,1,0,0,0,0,0,0,0,0,0,0
340088,0,1,0,0,0,0,0,0,0,0,0,0
340088,1,1,0,0,0,0,0,0,23,19,0,0
340089,1,1,0,0,0,0,0,0,0,0,0,0
340089,2,1,0,0,0,4,14,0,0,4,11,0
340090,0,1,0,0,0,0,0,0,0,0,0,0
340090,0,2,13,5,21,0,0,0,0,0,28,27
340090,1,1,0,15,8,0,0,0,15,0,0,0
340091,1,1,4,4,4,4,4,4,4,4,4,4
340092,1,1,2,2,2,2,2,2,2,2,2,2
340093,1,1,18,0,0,11,4,0,22,13,15,12
340094,1,1,0,0,0,0,0,0,0,0,0,0
340094,2,1,0,0,0,0,10,0,20,0,0,0
340095,1,1,0,0,9,7,26,0,10,0,18,22
340096,0,1,10,10,10,10,10,10,10,10,10,10
340096,1,1,0,0,0,0,0,0,0,0,0,0
340097,1,1,0,0,0,0,0,0,0,0,0,0
340098,1,1,0,0,0,0,0,0,0,0,0,0
340099,1,1,0,0,0,0,0,0,0,0,0,0
340100,1,1,0,0,0,0,0,0,0,0,0,0
340100,2,1,0,0,0,0,0,0,0,0,0,0
340101,1,1,1,1,1,1,1,1,1,1,1,1
340102,1,1,0,0,0,0,0,0,0,0,0,0
340102,2,1,0,0,0,0,0,0,0,0,0,0
340103,1,1,11,0,0,10,18,10,0,0,0,0
340103,2,1,0,0,17,15,0,0,0,0,0,0
340104,1,1,22,22,22,22,22,22,22,22,22,22
340104,2,1,0,14,0,10,12,0,10,0,9,0
340104,3,1,0,0,0,0,0,0,0,0,0,0
340106,1,1,0,0,0,0,0,0,0,0,27,0
340106,2,1,1,1,1,1,1,1,1,1,1,1
340107,1,1,17,17,17,17,17,17,17,17,17,17
340108,1,1,13,13,13,13,13,13,13,13,13,13
340108,2,1,0,0,0,0,0,0,0,0,0,0
340109,1,1,0,0,0,0,0,0,0,0,0,0
340109,2,1,21,15,0,0,0,0,7,14,21,17
340110,0,1,0,0,0,20,0,0,0,0,0,0
340110,1,1,0,32,0,0,4,18,21,0,0,15
340111,1,1,0,0,0,0,0,24,0,0,0,0
340111,2,1,0,5,0,0,0,0,0,0,0,0
340112,1,1,0,0,0,0,0,0,0,0,0,0
340113,1,1,0,0,0,0,0,0,0,0,0,0
340113,2,1,0,0,0,0,0,0,0,4,0,0
340113,3,1,0,0,0,0,0,0,0,0,0,0
340113,4,1,0,0,0,0,0,19,0,0,0,0
340114,1,1,0,0,0,0,0,0,0,0,0,0
340114,2,1,0,0,0,0,0,0,0,0,0,0
340115,1,1,0,0,0,0,19,0,0,0,0,0
340115,2,1,0,0,0,0,0,0,0,0,0,0
340116,0,1,22,22,22,22,22,22,22,22,22,22
340116,1,1,22,15,0,0,0,0,0,0,0,0
340117,0,1,0,0,0,0,0,0,0,0,0,0
340117,1,1,20,0,17,0,0,0,0,0,0,0
340118,1,1,0,0,0,0,0,0,0,0,0,0
340118,2,1,0,0,0,0,0,20,0,0,0,0
340119,1,1,0,0,0,5,0,0,0,0,0,0
340119,2,1,0,0,0,0,0,0,0,0,0,0
340120,1,1,0,0,0,0,0,0,0,0,0,0
340120,2,1,0,0,0,0,0,0,0,0,0,0
340121,1,1,0,0,0,0,0,0,0,0,0,0
340121,2,1,0,0,0,0,20,0,0,0,0,0
340122,1,1,0,0,0,0,0,0,0,0,0,0
340122,2,1,0,0,0,0,0,0,8,0,9,0
340122,3,1,0,46,11,0,0,0,0,0,0,0
340122,4,1,0,0,0,0,0,0,0,0,0,0
340123,1,1,0,0,0,0,0,0,0,0,0,0
340124,1,1,0,0,0,0,0,0,0,0,0,17
340124,2,1,0,0,0,0,0,0,0,16,0,0
340125,0,1,0,0,0,0,0,0,0,0,0,0
340125,1,1,0,15,0,0,0,13,0,0,0,10
340126,0,1,0,0,0,0,0,0,0,0,0,0
340126,1,1,16,16,16,16,16,16,16,16,16,16
340127,1,1,0,0,0,0,0,0,0,0,0,0
340127,2,1,16,0,0,0,0,0,0,2,0,0
340128,0,1,0,0,0,0,0,0,0,0,0,0
340128,0,2,18,0,0,0,26,0,0,15,0,0
340128,1,1,0,0,10,0,0,0,0,0,0,0
340129,0,1,9,0,27,0,0,0,0,0,0,0
340129,0,2,0,0,37,0,0,5,0,0,0,0
340129,1,1,0,0,0,0,0,0,0,0,0,0
340130,0,1,5,5,5,5,5,5,5,5,5,5
340130,1,1,16,0,10,7,0,0,0,8,0,0
340131,0,1,0,0,0,0,0,0,0,0,0,0
340131,1,1,0,0,0,27,0,6,0,0,0,0
340132,0,1,24,24,24,24,24,24,24,24,24,24
340132,1,1,8,15,0,0,0,0,0,0,0,0
340133,1,1,6,6,6,6,6,6,6,6,6,6
340133,2,1,0,0,0,0,0,0,0,0,0,0
340133,3,1,0,0,31,0,0,0,0,0,8,0
340134,0,1,9,17,0,0,0,0,0,19,0,0
340134,0,2,0,26,30,33,39,0,13,16,0,0
340134,1,1,0,0,0,0,0,0,0,3,0,0
340134,2,1,10,10,10,10,10,10,10,10,10,10
340135,1,1,0,0,0,0,0,12,0,0,0,0
340135,2,1,0,0,0,0,0,0,0,0,0,0
340136,0,1,29,29,29,29,29,29,29,29,29,29
340136,1,1,0,0,0,0,0,0,17,0,0,0
340137,0,1,1,1,1,1,1,1,1,1,1,1
340137,1,1,0,0,0,0,0,0,0,0,0,0
340138,1,1,0,0,0,0,0,0,0,0,0,0
340139,1,1,16,16,16,16,16,16,16,16,16,16
340140,0,1,0,0,0,0,0,0,0,0,0,0
340140,4,1,14,14,14,14,14,14,14,14,14,14
340141,1,1,29,29,29,29,29,29,29,29,29,29
340142,0,1,0,0,0,0,0,0,0,0,0,0
340142,1,1,14,14,14,14,14,14,14,14,14,14
340143,1,1,16,16,16,16,16,16,16,16,16,16
340143,2,1,23,0,0,0,0,0,0,0,0,0
340143,3,1,0,0,0,0,0,0,0,7,0,0
340143,4,1,0,0,0,0,0,0,0,0,0,0
340143,5,1,11,0,0,0,5,0,0,0,0,0
340144,2,1,3,3,3,3,3,3,3,3,3,3
340145,1,1,0,0,0,0,0,0,0,0,0,0
340145,2,1,8,11,18,0,0,0,0,10,0,0
340146,1,1,0,0,0,0,0,0,0,10,0,0
340146,2,1,13,0,0,0,0,0,0,0,0,0
340147,1,1,0,0,0,0,0,0,0,0,0,0
340147,2,1,0,0,0,0,0,0,0,0,0,0
340148,1,1,0,0,0,0,0,0,0,0,0,0
340149,0,1,0,0,0,0,0,0,0,0,0,20
340149,1,1,0,0,0,20,26,5,14,0,0,0
340149,2,1,0,0,0,0,0,0,0,0,0,0
340150,1,1,16,16,16,16,16,16,16,16,16,16
340150,2,1,13,19,0,0,0,33,0,0,0,0
340151,1,1,33,33,33,33,33,33,33,33,33,33
340151,2,1,0,16,0,20,0,19,11,0,0,0
340151,3,1,0,0,22,0,0,0,2,1,4,7