ST_CASE,VEH_NO,PER_NO,P1,P2,P3,P4,P5,P6,P7,P8,P9,P10
360161,0,1,0,0,0,0,0,0,0,0,0,0
360161,1,1,0,12,0,0,0,0,0,0,0,0
360162,0,1,0,0,0,0,0,0,0,0,0,0
360162,1,1,0,0,17,0,0,0,0,0,0,0
360163,0,1,11,11,11,11,11,11,11,11,11,11
360163,1,1,20,0,0,0,13,0,19,0,0,0
360163,2,1,13,0,0,0,0,29,0,0,14,0
360164,1,1,24,24,24,24,24,24,24,24,24,24
360164,2,1,0,0,0,0,0,0,0,0,0,0
360165,0,1,0,0,0,0,0,0,0,0,0,0
360165,1,1,0,0,22,0,0,0,0,0,0,0
360166,1,1,16,16,16,16,16,16,16,16,16,16
360167,0,1,0,0,0,0,0,0,0,0,0,0
360167,1,1,11,0,0,0,0,0,0,0,0,0
360168,1,1,0,0,0,0,0,0,0,0,0,0
360169,1,1,2,17,10,14,8,2,29,0,20,23
360169,2,1,0,10,0,0,0,0,0,19,0,0
360170,1,1,0,0,0,0,0,0,0,0,0,0
360171,1,1,14,14,14,14,14,14,14,14,14,14
360172,1,1,0,0,0,0,0,0,0,0,0,0
360172,2,1,0,0,0,0,8,0,0,0,0,0
360173,1,1,0,0,0,0,0,0,0,0,0,0
360174,1,1,0,0,0,0,0,0,0,0,0,0
360174,2,1,23,0,0,0,0,0,8,0,0,0
360174,3,1,0,7,0,0,0,13,0,15,6,0
360175,1,1,0,0,0,0,0,0,0,0,0,0
360175,2,1,0,0,0,0,0,0,0,0,0,0
360176,1,1,0,0,0,0,0,0,0,0,0,0
360176,2,1,0,0,0,0,0,0,0,0,0,6
360176,3,1,0,0,0,0,0,0,0,0,0,0
360177,1,1,0,0,0,0,0,0,0,0,0,0
360178,1,1,0,29,0,0,22,0,3,10,16,18
360179,1,1,0,0,0,0,0,0,0,0,0,0
360179,2,1,0,21,0,0,9,0,0,0,0,0
360180,0,1,0,0,0,0,0,0,0,0,0,0
360180,1,1,9,9,9,9,9,9,9,9,9,9
360181,1,1,0,0,0,0,0,0,0,0,0,0
360182,1,1,0,0,0,0,0,0,0,0,0,0
360183,1,1,0,0,0,0,0,0,0,0,0,0
360184,1,1,0,0,0,0,0,0,0,0,0,0
360185,0,1,0,0,0,0,0,0,0,0,0,0
360185,1,1,0,0,0,0,0,7,0,0,0,0
360186,1,1,3,3,3,3,3,3,3,3,3,3
360187,1,1,19,19,19,19,19,19,19,19,19,19
360187,2,1,0,0,16,0,0,0,0,0,6,0
360187,3,1,8,0,0,12,8,2,0,10,0,14
360188,1,1,10,10,10,10,10,10,10,10,10,10
360189,2,1,7,0,11,0,0,9,0,0,0,0
360189,3,1,0,0,0,0,0,0,0,0,0,0
360189,4,1,0,0,0,5,0,0,18,0,0,0
360189,5,1,0,0,0,0,0,0,0,0,0,0
360189,6,1,0,0,0,0,0,0,0,0,0,0
360189,7,1,0,0,0,0,0,0,0,0,0,0
360190,1,1,0,5,0,0,0,23,0,11,0,9
360191,1,1,0,0,0,0,0,0,0,0,0,0
360192,1,1,5,14,0,4,8,5,13,13,11,5
360192,2,1,0,0,0,0,0,0,0,0,0,0
360193,0,1,0,0,0,0,0,0,0,0,0,0
360193,1,1,0,0,0,0,0,0,0,0,0,6
360194,1,1,0,0,0,0,0,0,0,0,0,0
360195,0,1,21,21,21,21,21,21,21,21,21,21
360195,1,1,0,0,0,0,4,7,8,0,0,0
360196,0,1,0,0,0,0,0,0,0,0,0,0
360196,1,1,0,0,0,0,0,0,0,0,0,4
360197,1,1,0,0,0,0,0,0,0,3,2,0
360197,2,1,0,0,0,0,0,0,0,0,0,0
360198,0,1,0,0,0,0,0,0,0,0,0,0
360198,1,1,7,5,19,17,18,17,23,27,16,13
360199,1,1,0,0,9,0,0,0,0,0,16,0
360199,2,1,0,0,0,0,0,0,0,0,0,0
360200,0,1,0,0,0,0,0,0,0,0,0,0
360200,1,1,0,0,17,0,0,8,0,0,0,5
360201,0,1,24,24,24,24,24,24,24,24,24,24
360201,1,1,0,0,0,0,0,16,0,0,0,0
360201,2,1,0,0,0,5,6,0,0,0,0,0
360202,1,1,0,0,0,0,0,0,0,0,0,0
360203,1,1,20,20,20,20,20,20,20,20,20,20
360204,0,1,0,0,0,0,0,0,0,0,0,0
360204,0,2,0,0,0,0,0,0,0,0,0,0
360204,1,1,0,0,0,0,0,0,0,0,0,0
360205,1,1,25,0,0,8,0,0,0,0,15,0
360205,2,1,0,0,19,8,0,0,14,0,0,0
360206,1,1,16,16,16,16,16,16,16,16,16,16
360207,1,1,0,0,0,0,0,0,0,0,0,0
360208,1,1,0,0,0,0,0,0,0,0,0,0
360208,2,1,0,0,0,0,0,12,0,0,0,0
360208,3,1,0,0,0,0,0,0,21,0,0,0
360209,1,1,16,16,16,16,16,16,16,16,16,16
360210,0,1,23,23,23,23,23,23,23,23,23,23
360210,1,1,0,0,0,0,0,0,8,11,8,0
360211,0,1,15,0,0,0,0,0,0,19,0,0
360211,0,2,0,0,0,0,0,0,0,0,0,0
360211,1,1,0,0,0,0,0,0,0,0,31,0
360211,2,1,0,0,0,0,0,0,0,0,0,0
360212,1,1,0,0,0,0,0,0,0,0,0,0
360213,1,1,12,12,12,12,12,12,12,12,12,12
360214,1,1,12,0,0,21,0,29,0,0,0,0
360214,2,1,0,0,0,0,0,0,0,0,0,0
360215,0,1,0,0,0,0,0,0,0,0,0,0
360215,1,1,0,0,0,0,16,0,17,0,0,0
360216,1,1,11,8,0,7,10,19,0,13,0,0
360217,1,1,0,0,0,0,0,0,0,0,0,0
360218,0,1,0,0,0,0,0,0,0,0,0,0
360218,1,1,25,0,12,12,0,0,0,36,6,0
360219,1,1,14,17,16,15,15,25,12,15,23,15
360220,1,1,7,7,7,7,7,7,7,7,7,7
360221,1,1,0,0,0,0,0,0,0,0,0,0
360221,2,1,0,0,0,0,0,0,0,0,0,0
360222,0,1,0,0,0,0,0,0,0,0,0,0
360222,1,1,8,0,0,0,0,0,0,10,0,0
360223,1,1,0,0,0,0,0,0,0,0,0,0
360224,1,1,0,0,0,0,0,0,0,0,0,0
360225,1,1,0,0,0,0,0,0,0,0,0,0
360226,1,1,0,0,0,0,0,0,0,0,0,0
360226,2,1,0,0,0,0,0,0,0,0,0,0
360227,0,1,0,0,0,0,0,0,0,0,0,0
360227,1,1,0,0,30,0,25,0,0,40,0,0
360228,0,1,0,0,0,0,0,0,0,0,0,0
360228,1,1,0,0,0,0,0,0,0,12,7,0
360229,1,1,0,0,0,0,0,0,0,0,0,0
360230,1,1,0,0,0,0,0,0,7,0,0,0
360230,2,1,25,0,0,0,0,0,10,0,13,0
360230,3,1,0,0,0,0,0,0,0,0,0,0
360230,4,1,0,0,0,0,34,4,0,0,0,10
360231,1,1,0,0,0,0,0,0,0,0,0,0
360231,2,1,0,0,12,0,0,0,0,0,0,0
360231,3,1,0,0,0,0,0,0,0,0,0,0
360232,0,1,0,0,0,0,0,0,0,0,0,0
360232,1,1,0,0,0,0,0,0,0,0,0,0
360233,0,1,0,0,0,0,0,0,0,0,0,0
360233,1,1,0,19,0,0,0,0,0,0,0,0
360234,1,1,15,15,15,15,15,15,15,15,15,15
360235,1,1,0,0,7,9,0,24,5,0,0,0
360236,0,1,0,0,0,0,0,0,0,0,0,0
360236,1,1,0,0,0,0,0,0,0,0,0,0
360237,1,1,0,0,0,0,0,0,0,0,0,0
360237,2,1,0,0,0,0,0,0,0,0,0,0
360238,1,1,0,0,0,0,0,0,0,0,0,0
360238,2,1,0,0,0,0,0,0,0,0,0,0
360239,1,1,0,0,0,0,0,0,0,0,0,0
360240,0,1,0,0,0,0,0,0,0,0,0,0
360240,1,1,0,0,0,0,0,0,0,0,0,0
360241,1,1,0,0,0,0,0,0,0,0,0,0
360241,2,1,0,0,0,0,0,0,0,0,0,0
360241,3,1,0,0,0,0,0,0,0,0,12,0
360242,1,1,22,22,22,22,22,22,22,22,22,22
360243,1,1,19,19,19,19,19,19,19,19,19,19
360244,0,1,0,0,0,0,0,0,0,0,0,0
360244,1,1,0,13,13,0,10,0,7,6,13,3
360245,1,1,4,4,4,4,4,4,4,4,4,4
360246,1,1,0,0,0,0,12,0,18,0,0,0
360246,2,1,0,0,0,0,0,0,0,0,0,0
360247,0,1,26,26,26,26,26,26,26,26,26,26
360247,1,1,0,0,0,0,0,0,0,0,0,0
360248,1,1,0,0,0,0,0,0,0,0,0,0
360249,1,1,0,0,0,0,0,0,0,0,0,0
360250,1,1,7,0,0,0,0,9,0,0,0,0
360250,2,1,0,0,0,0,6,0,0,0,0,0
360251,1,1,0,0,0,0,0,0,0,0,0,0
360251,2,1,0,0,0,0,0,0,0,0,0,0
360252,1,1,0,0,0,0,0,0,0,0,0,0
360252,2,1,0,0,0,26,16,0,17,0,0,0
360253,0,1,0,0,0,0,0,0,0,0,0,0
360253,1,1,0,0,0,0,10,0,0,0,0,0
360254,1,1,0,0,0,0,0,0,0,0,0,0
360254,2,1,0,0,0,0,0,0,0,0,0,0
360255,1,1,0,0,0,0,0,33,0,0,0,0
360256,0,1,0,0,0,0,0,0,0,0,0,0
360256,1,1,0,0,0,0,14,0,0,0,14,0
360257,1,1,0,0,0,0,0,0,0,0,0,0
360257,2,1,0,0,0,0,0,0,0,0,25,0
360258,1,1,6,6,6,6,6,6,6,6,6,6
360258,2,1,0,0,23,0,0,17,0,0,0,0
360259,0,1,4,4,4,4,4,4,4,4,4,4
360259,1,1,0,0,0,6,0,16,0,0,11,0
360260,1,1,20,0,0,0,16,0,0,0,0,0
360260,2,1,1,1,1,1,1,1,1,1,1,1
360261,1,1,0,0,0,0,0,0,0,0,0,0
360262,0,1,26,26,26,26,26,26,26,26,26,26
360262,1,1,0,0,13,0,17,0,0,0,0,0
360263,1,1,0,0,0,0,0,0,0,0,2,0
360263,2,1,0,26,0,0,0,0,0,0,0,21
360263,3,1,0,0,0,0,0,0,0,0,0,0
360264,1,1,0,14,0,0,0,0,0,0,0,0
360264,2,1,0,31,0,0,0,0,0,0,0,0
360264,3,1,0,0,0,3,4,0,0,0,19,0
360265,1,1,0,0,0,0,0,0,0,0,0,0
360266,1,1,0,0,0,0,0,0,0,0,0,0
360267,1,1,0,0,0,0,0,0,0,0,0,0
360268,1,1,27,27,27,27,27,27,27,27,27,27
360269,1,1,7,7,7,7,7,7,7,7,7,7
360269,2,1,0,0,3,0,0,0,0,0,0,0
360270,1,1,0,0,0,0,0,9,0,0,6,0
360270,2,1,0,0,0,0,0,0,0,0,20,18
360271,1,1,0,0,0,0,0,0,0,0,0,0
360271,2,1,0,0,0,0,0,0,0,6,0,0
360272,0,1,0,0,0,0,0,0,0,0,0,0
360272,1,1,0,0,0,0,0,0,0,0,0,0
360273,1,1,0,0,0,0,0,0,0,0,0,0
360273,2,1,9,14,0,0,0,9,13,0,26,0
360274,0,1,0,0,0,0,0,0,0,0,0,0
360274,1,1,0,0,0,0,0,3,0,0,5,0
360275,0,1,17,17,17,17,17,17,17,17,17,17
360275,1,1,0,7,5,0,0,0,10,0,0,19
360276,1,1,13,13,13,13,13,13,13,13,13,13
360277,1,1,0,0,0,0,0,0,0,0,16,11
360277,2,1,0,0,0,0,0,0,0,0,0,0
360278,1,1,0,0,0,0,0,0,0,0,0,0
360278,2,1,0,0,0,0,0,0,0,0,0,0
360279,0,1,0,0,0,0,0,0,0,0,0,0
360279,1,1,11,0,0,0,0,0,3,32,26,0
360280,1,1,0,0,0,0,0,0,0,0,0,0
360280,2,1,0,0,0,0,0,0,0,0,0,0
360281,1,1,0,0,0,0,0,0,0,0,0,0
360282,1,1,0,0,0,0,0,0,0,0,0,0
360282,2,1,0,0,0,0,0,0,0,0,0,0
360283,1,1,21,12,21,0,0,0,0,0,16,0
360285,1,1,0,0,0,0,0,0,0,0,0,0
360285,2,1,0,5,0,12,0,15,0,0,0,0
360286,1,1,0,0,0,0,0,0,0,0,0,0
360286,2,1,0,0,36,0,26,0,0,17,0,0
360287,1,1,0,0,0,0,0,0,0,0,0,0
360288,1,1,10,12,21,17,15,31,23,10,13,10
360289,1,1,0,0,0,0,0,0,0,0,0,0
360290,1,1,0,0,0,0,0,0,0,0,0,0
360291,1,1,0,0,0,0,0,0,0,0,0,0
360292,1,1,0,0,0,0,0,0,0,0,0,0
360293,1,1,28,28,28,28,28,28,28,28,28,28
360293,2,1,0,0,0,0,0,0,0,0,0,0
360294,1,1,15,15,15,15,15,15,15,15,15,15
360295,0,1,0,0,0,0,0,0,0,0,0,0
360295,1,1,0,0,0,0,0,0,0,0,0,0
360295,2,1,0,8,0,0,0,0,0,0,0,0
360296,1,1,0,0,15,0,0,0,0,0,0,14
360296,2,1,0,0,18,0,0,11,19,0,14,0
360297,1,1,0,0,0,0,0,0,0,0,0,0
360298,1,1,0,0,0,0,0,0,0,0,0,0
360299,2,1,0,0,0,0,0,0,0,0,0,0
360300,1,1,0,0,0,0,0,0,0,0,0,0
360301,1,1,0,0,0,0,19,0,27,0,9,0
360301,2,1,6,6,6,6,6,6,6,6,6,6
360301,3,1,0,28,0,0,0,18,0,0,0,12
360302,1,1,0,0,0,0,0,0,0,0,0,0
360302,2,1,0,9,0,0,0,0,0,0,10,0
360303,0,1,0,0,0,0,0,0,0,0,0,0
360303,1,1,27,0,25,23,10,17,18,12,6,5
360304,1,1,0,0,0,0,0,0,0,0,0,0
360304,2,1,0,0,0,0,0,0,0,0,0,0
360305,0,1,0,0,0,0,0,0,0,0,0,0
360305,1,1,13,0,0,0,0,0,0,7,0,0
360306,1,1,0,24,0,0,0,0,0,0,0,0
360306,2,1,0,0,0,0,0,0,0,0,4,0
360307,1,1,0,0,0,0,0,0,0,0,0,0
360307,2,1,0,0,0,0,0,0,0,0,0,0
360307,3,1,0,0,0,0,0,0,0,0,0,0
360307,4,1,0,0,0,22,0,0,0,0,0,13
360307,5,1,11,0,0,0,0,8,0,0,0,0
360307,6,1,0,0,0,0,0,0,0,0,0,2
360308,0,1,0,0,0,0,0,0,0,0,0,0
360309,0,1,0,0,0,0,0,0,0,0,0,0
360309,1,1,0,0,14,0,0,14,0,5,0,0
360310,1,1,0,24,0,20,0,0,17,0,0,0
360310,2,1,0,0,0,0,0,0,0,0,0,0
360311,1,1,7,0,0,0,11,0,28,0,9,0
360312,1,1,0,0,0,0,0,0,0,0,0,0
360312,2,1,0,0,0,0,0,0,0,0,5,0
360313,1,1,0,0,0,0,0,0,0,0,0,0
360313,2,1,0,0,0,0,0,0,0,0,0,0
360314,1,1,13,0,15,0,20,0,0,34,18,12
360315,0,1,0,0,0,0,0,0,0,0,0,0
360315,1,1,15,0,0,0,0,0,19,0,0,0
360316,1,1,17,17,17,17,17,17,17,17,17,17
360317,1,1,25,25,25,25,25,25,25,25,25,25
360317,2,1,8,8,8,8,8,8,8,8,8,8
360318,1,1,0,0,0,0,0,0,0,0,0,0
360319,0,1,0,0,0,0,0,0,0,0,0,0
360319,1,1,19,12,5,12,0,0,0,0,0,12
360320,1,1,15,15,15,15,15,15,15,15,15,15
360321,1,1,16,16,16,16,16,16,16,16,16,16
360322,1,1,0,0,0,0,0,0,0,0,0,0
360323,1,1,0,0,0,0,0,0,0,0,3,7
360323,2,1,0,0,0,0,0,0,0,0,0,0
360324,0,1,0,0,0,0,0,0,0,0,0,0
360324,0,2,0,0,0,0,0,0,0,0,0,17
360324,1,1,8,0,0,5,0,0,0,0,0,0
360325,1,1,10,10,10,10,10,10,10,10,10,10
360326,1,1,0,0,0,0,0,0,0,0,0,0
360327,0,1,27,27,27,27,27,27,27,27,27,27
360327,1,1,0,0,0,0,0,0,0,0,16,0
360328,1,1,0,0,0,0,0,0,0,0,0,0
360329,1,1,13,13,13,13,13,13,13,13,13,13
360330,0,1,0,0,0,0,0,0,0,0,0,0
360330,1,1,0,0,0,0,0,0,0,0,0,0
360331,1,1,0,0,0,0,0,0,0,0,0,0
360332,1,1,0,0,0,0,0,0,19,0,0,0
360332,2,1,0,0,0,0,0,0,0,0,0,0
360333,1,1,3,3,3,3,3,3,3,3,3,3
360333,2,1,0,0,0,0,6,0,0,0,0,0
360334,0,1,10,10,10,10,10,10,10,10,10,10
360334,1,1,0,0,10,9,25,20,0,9,0,0
360335,1,1,0,0,0,0,0,0,0,0,0,0
360335,2,1,18,22,0,0,0,0,0,0,0,0
360336,1,1,0,0,0,0,0,0,0,0,0,0
360337,0,1,0,0,0,0,0,0,0,0,0,0
360337,1,1,0,0,18,0,15,0,0,0,0,0
360338,1,1,0,0,0,0,0,0,0,0,0,0
360338,2,1,11,5,0,43,0,0,6,15,18,18
360339,1,1,20,20,20,20,20,20,20,20,20,20
360340,1,1,29,0,0,0,0,4,0,0,0,0
360341,1,1,0,0,0,0,0,0,0,0,0,0
360341,2,1,0,0,0,0,0,0,0,0,0,0
360342,0,1,0,0,0,0,0,0,0,0,0,0
360342,1,1,0,0,0,0,0,10,0,0,13,4
360343,1,1,18,18,18,18,18,18,18,18,18,18
360344,1,1,0,0,0,0,0,0,0,0,0,24
360344,2,1,30,0,0,0,0,0,0,0,0,0
360345,1,1,12,12,12,12,12,12,12,12,12,12
360346,1,1,16,0,0,9,6,0,0,12,0,0
360347,1,1,8,0,0,0,0,0,0,0,0,0
360347,2,1,0,0,0,0,3,0,0,0,0,0
360348,1,1,0,0,0,0,0,0,0,0,0,0
360348,2,1,0,0,0,0,0,0,0,0,0,0
360349,1,1,0,0,0,0,0,0,0,0,0,0
360349,2,1,0,0,22,0,3,0,0,0,0,0
360350,0,1,0,0,0,0,0,0,0,0,0,0
360350,1,1,0,21,13,0,0,0,23,16,0,0
360351,1,1,0,0,0,0,0,0,0,0,0,0
360351,2,1,0,0,0,0,0,0,0,0,0,0
360352,0,1,0,0,0,0,0,0,0,0,0,0
360352,1,1,0,21,0,0,0,0,16,21,0,18
360353,1,1,0,0,0,0,0,0,0,0,0,0
360353,2,1,0,0,0,0,10,0,0,0,0,0
360354,1,1,0,0,0,0,0,0,0,0,0,0
360354,2,1,0,0,0,0,0,0,0,8,0,0
360355,0,1,0,0,0,0,0,0,0,0,0,0
360355,1,1,0,0,0,0,0,0,23,0,0,0
360356,1,1,0,0,0,0,0,17,0,21,17,0
360356,2,1,21,0,0,14,24,11,0,0,0,14
360357,1,1,0,0,0,0,0,0,0,0,0,0
360357,2,1,0,0,0,0,3,0,0,0,0,0
360358,1,1,0,0,0,0,0,0,0,0,0,0
360359,1,1,18,18,18,18,18,18,18,18,18,18
360360,1,1,0,5,0,0,0,0,0,0,0,0
360361,0,1,0,18,7,0,0,0,0,0,11,33
360361,1,1,0,0,0,0,0,0,0,0,0,0
360362,1,1,0,0,0,0,0,0,0,0,0,0
360362,2,1,0,0,0,0,0,0,0,0,0,0
360363,0,1,0,0,0,0,0,0,0,0,0,0
360363,1,1,10,0,0,0,7,0,0,0,0,0
360364,1,1,0,0,0,0,0,0,0,0,12,0
360364,2,1,0,20,0,0,0,0,15,0,0,0
360364,3,1,0,0,0,0,0,0,0,0,0,0
360365,1,1,0,0,0,0,0,0,0,0,0,0
360366,0,1,23,23,23,23,23,23,23,23,23,23
360366,1,1,0,0,0,0,0,0,0,0,0,0
360367,1,1,0,0,0,0,0,0,0,0,0,0
360367,2,1,0,0,0,0,0,0,0,0,0,0
360368,1,1,0,0,0,0,0,0,0,0,0,0
360369,1,1,0,0,0,0,0,0,0,0,0,0
360370,1,1,7,7,7,7,7,7,7,7,7,7
360371,1,1,25,25,25,25,25,25,25,25,25,25
360372,1,1,0,0,0,0,0,0,0,0,19,0
360372,2,1,0,0,0,0,0,0,0,0,0,0
360373,1,1,0,0,0,0,0,0,0,0,0,0
360374,0,1,2,2,2,2,2,2,2,2,2,2
360374,1,1,0,0,0,0,0,0,14,0,0,0
360375,1,1,0,0,1,0,0,0,0,0,0,0
360375,2,1,0,0,0,9,0,29,0,11,0,0
360376,1,1,0,10,0,0,0,0,0,0,0,0
360377,1,1,17,17,17,17,17,17,17,17,17,17
360378,1,1,1,1,1,1,1,1,1,1,1,1
360378,2,1,0,0,5,0,0,0,0,0,0,0
360379,0,1,0,0,0,0,0,0,0,0,0,0
360379,0,2,0,0,0,0,0,0,0,0,0,0
360379,0,3,57,0,17,0,0,0,29,0,0,0
360379,1,1,4,0,2,0,0,0,4,0,6,0
360380,0,1,0,0,0,0,0,0,0,0,0,0
360380,1,1,0,0,0,0,0,0,0,0,0,0
360381,0,1,35,35,35,35,35,35,35,35,35,35
360381,1,1,24,0,0,0,12,0,0,0,10,0
360382,1,1,0,0,0,0,0,0,0,0,0,0
360382,2,1,0,0,0,0,0,0,0,0,0,0
360382,3,1,0,0,0,0,1,0,0,0,0,0
360382,4,1,3,0,0,0,0,0,0,0,0,14
360382,5,1,4,0,6,10,10,0,0,8,15,0
360382,6,1,0,0,17,0,0,0,0,0,0,8
360383,0,1,0,0,0,0,0,0,0,0,0,0
360383,1,1,0,0,0,0,0,0,0,0,0,0
360384,1,1,0,0,0,0,0,0,0,0,0,0
360385,0,1,28,28,28,28,28,28,28,28,28,28
360385,1,1,3,20,12,15,8,14,22,17,13,13
360386,0,1,0,0,0,0,0,0,0,0,0,0
360386,1,1,29,0,0,0,0,0,0,14,0,18
360387,1,1,33,8,0,21,0,7,0,0,0,0
360387,2,1,0,0,0,0,0,0,0,0,0,25
360388,0,1,0,0,0,0,0,0,0,0,0,0
360388,1,1,0,14,0,25,0,0,0,5,0,11
360389,0,1,9,9,9,9,9,9,9,9,9,9
360389,1,1,0,0,0,0,0,0,2,9,20,0
360390,1,1,0,0,0,0,0,0,0,0,0,9
360390,2,1,7,7,7,7,7,7,7,7,7,7
360391,1,1,25,9,5,7,2,16,15,26,21,20
360391,2,1,0,0,0,0,0,0,0,11,0,0
360392,0,1,0,0,0,0,0,0,0,0,0,0
360392,1,1,0,0,0,0,0,0,0,0,0,0
360393,1,1,9,24,25,0,0,0,0,11,13,20
360394,1,1,11,0,5,0,4,0,15,5,25,5
360395,0,1,0,0,0,0,0,0,0,0,0,0
360395,1,1,13,0,0,0,0,0,0,0,0,0
360396,1,1,28,6,8,11,22,25,4,11,12,16
360397,1,1,0,0,0,0,0,0,0,0,0,0
360398,1,1,0,0,0,0,0,0,0,0,0,0
360398,2,1,0,0,0,0,0,0,0,0,0,0
360399,1,1,0,21,0,0,0,16,0,0,0,19
360399,2,1,2,2,2,2,2,2,2,2,2,2
360400,0,1,0,0,0,0,0,0,0,0,0,0
360400,1,1,0,0,0,0,0,0,0,0,8,0
360401,0,1,12,12,12,12,12,12,12,12,12,12
360401,1,1,26,38,11,23,0,8,10,16,16,14
360402,1,1,0,0,0,0,0,0,0,0,0,0
360402,2,1,0,0,0,0,0,0,0,0,0,0
360403,1,1,0,0,0,0,0,9,0,0,0,0
360403,2,1,0,0,0,0,0,0,0,9,4,0
360404,0,1,0,0,0,0,0,0,0,0,0,0
360404,1,1,0,0,0,8,0,0,11,21,0,0
360405,0,1,0,0,0,0,0,0,0,0,0,0
360405,1,1,8,0,26,10,4,0,8,0,0,4
360406,0,1,0,0,0,0,0,0,0,0,0,0
360406,1,1,0,0,0,0,0,0,0,0,0,0
360406,2,1,0,17,0,23,31,0,20,0,0,23
360406,3,1,17,0,0,0,0,0,14,17,0,0
360406,4,1,0,0,0,0,0,0,0,0,0,0
360407,0,1,0,0,0,0,0,0,0,0,0,0
360407,1,1,0,0,0,0,0,0,0,0,0,0
360408,0,1,0,0,0,0,0,0,0,0,0,0
360408,1,1,9,0,0,0,0,0,0,5,5,22
360409,1,1,0,0,0,0,0,0,0,0,0,0
360409,2,1,0,0,0,0,0,0,0,0,0,0
360410,1,1,0,0,0,0,0,0,0,0,0,0
360410,2,1,0,0,0,0,0,0,0,0,3,0
360411,1,1,0,0,0,0,0,0,0,0,0,0
360412,1,1,0,0,0,0,0,0,0,0,0,0
360412,2,1,0,0,0,0,0,0,0,0,0,0
360413,0,1,0,0,0,0,0,0,0,0,0,0
360413,1,1,0,0,0,0,0,0,0,0,0,0
360414,1,1,0,0,0,0,0,0,0,0,0,0
360415,1,1,0,0,0,0,0,0,0,0,0,0
360415,2,1,10,0,0,0,11,0,16,0,17,3
360416,0,1,0,0,0,0,0,0,0,0,0,0
360416,1,1,0,0,0,0,0,0,0,0,0,0
360417,1,1,0,0,0,16,0,0,19,14,16,0
360417,2,1,0,0,0,0,0,0,0,0,0,0
360418,1,1,37,37,37,37,37,37,37,37,37,37
360419,0,1,0,0,0,0,0,0,0,0,0,0
360419,0,2,0,0,5,36,21,0,0,0,12,0
360419,0,3,0,0,0,0,0,0,0,0,0,0
360419,1,1,0,0,0,0,0,0,0,0,0,0
360420,0,1,0,0,0,0,0,0,0,0,18,10
360420,0,2,0,0,0,0,0,0,0,0,0,0
360420,1,1,0,0,0,0,0,0,0,0,0,0
360421,1,1,0,0,0,0,0,0,0,0,0,0
360421,2,1,0,0,0,0,0,0,0,0,0,0
360422,1,1,0,0,0,0,0,0,0,0,0,11
360423,0,1,0,0,0,0,0,0,0,0,0,0
360423,1,1,0,0,0,0,0,0,0,0,0,0
360424,1,1,0,0,0,0,0,0,0,0,0,0
360424,2,1,11,0,0,16,0,0,14,0,0,0
360424,3,1,0,0,0,0,0,0,0,0,0,0
360425,1,1,41,0,0,0,0,0,0,5,0,0
360425,2,1,10,10,10,10,10,10,10,10,10,10
360425,3,1,23,0,0,0,0,0,0,0,10,0
360426,0,1,0,0,0,0,0,0,0,0,0,0
360426,1,1,0,16,0,0,0,0,25,0,0,0
360426,2,1,0,0,0,0,0,0,0,0,0,0
360426,3,1,0,7,0,0,0,0,0,0,4,0
360427,1,1,15,15,15,15,15,15,15,15,15,15
360428,1,1,0,0,0,0,0,0,0,0,0,0
360428,2,1,0,13,5,15,23,15,17,15,0,11
360429,1,1,18,18,18,18,18,18,18,18,18,18
360430,0,1,21,21,21,21,21,21,21,21,21,21
360430,1,1,0,9,0,0,0,16,0,0,17,0
360431,1,1,14,14,14,14,14,14,14,14,14,14
360432,0,1,0,0,0,0,0,0,0,0,0,0
360432,1,1,0,0,0,0,0,9,0,0,0,0
360433,1,1,0,0,0,0,0,0,0,0,0,0
360433,2,1,0,0,0,0,0,0,0,0,0,0
360434,0,1,0,0,0,0,0,0,0,0,0,0
360434,1,1,14,0,0,14,27,9,0,36,0,0
360435,1,1,0,0,0,0,0,0,0,0,0,0
360436,0,1,0,0,0,0,0,0,0,0,0,0
360436,1,1,0,0,0,0,0,0,0,0,0,0
360437,1,1,25,25,25,25,25,25,25,25,25,25
360438,1,1,0,0,0,0,0,0,0,0,0,0
360438,2,1,9,0,26,0,8,0,0,7,0,0
360439,1,1,0,0,0,0,0,0,0,0,0,0
360440,1,1,2,2,2,2,2,2,2,2,2,2
360440,2,1,0,0,0,0,0,0,0,0,0,0
360441,1,1,19,19,19,19,19,19,19,19,19,19
360442,1,1,0,0,0,0,0,0,0,0,0,0
360442,2,1,5,3,14,11,12,12,0,17,9,9
360443,1,1,20,20,20,20,20,20,20,20,20,20
360444,1,1,8,8,8,8,8,8,8,8,8,8
360444,2,1,9,15,18,7,0,30,18,19,21,11
360444,3,1,22,18,13,28,18,11,13,12,19,25
360445,0,1,0,0,0,0,0,0,0,0,0,0
360445,1,1,0,0,0,0,0,0,0,17,0,0
360446,1,1,19,19,19,19,19,19,19,19,19,19
360446,2,1,0,0,0,0,0,0,0,0,0,0
360447,1,1,0,0,0,0,0,0,0,0,0,0
360448,1,1,12,12,12,12,12,12,12,12,12,12
360449,0,1,0,0,0,0,0,0,0,0,0,0
360449,1,1,0,0,18,0,0,0,0,0,0,0
360450,1,1,0,0,0,0,0,0,0,0,0,0
360450,2,1,0,0,0,0,0,0,0,0,0,0
360451,0,1,0,0,0,0,0,0,0,0,0,0
360451,1,1,0,0,0,0,0,0,0,0,16,0
360452,1,1,0,0,0,0,0,0,0,0,0,0
360453,0,1,0,0,0,0,0,0,0,0,0,0