ST_CASE,VEH_NO,PER_NO,P1,P2,P3,P4,P5,P6,P7,P8,P9,P10
370043,1,1,0,0,0,0,0,0,0,0,0,0
370044,1,1,27,27,27,27,27,27,27,27,27,27
370045,1,1,0,0,0,0,0,0,0,0,0,0
370045,2,1,0,22,0,0,0,0,0,0,0,11
370045,3,1,0,0,0,0,0,0,0,8,0,0
370045,4,1,0,0,0,0,0,0,0,0,0,0
370046,1,1,0,0,0,0,0,0,0,0,0,0
370046,2,1,0,0,0,0,0,0,0,0,0,0
370047,1,1,0,0,0,0,0,0,0,0,0,0
370048,1,1,0,0,0,0,0,0,0,0,0,0
370048,2,1,0,0,0,0,13,0,0,0,0,0
370049,1,1,0,0,0,0,0,0,0,0,0,0
370050,0,1,0,0,0,0,0,0,0,0,0,0
370050,1,1,0,0,0,0,0,0,0,0,0,0
370051,1,1,0,0,20,0,0,0,0,0,0,0
370051,2,1,0,0,0,0,0,0,0,0,0,0
370051,3,1,0,9,0,0,0,0,0,0,0,0
370051,4,1,0,0,0,0,0,0,0,0,0,0
370052,1,1,19,19,19,19,19,19,19,19,19,19
370053,1,1,0,0,0,0,0,0,0,0,0,0
370054,1,1,24,24,24,24,24,24,24,24,24,24
370055,1,1,0,0,0,0,0,0,17,0,0,16
370055,2,1,0,0,0,0,0,0,0,0,0,0
370056,0,1,38,38,38,38,38,38,38,38,38,38
370056,1,1,0,0,0,0,0,0,0,0,0,0
370057,1,1,22,22,22,22,22,22,22,22,22,22
370058,1,1,0,0,0,0,0,0,0,0,0,0
370059,1,1,15,15,15,15,15,15,15,15,15,15
370060,1,1,21,21,21,21,21,21,21,21,21,21
370061,1,1,0,0,0,0,0,0,0,0,0,0
370061,2,1,0,0,0,0,0,0,0,0,0,0
370062,0,1,0,0,0,0,0,0,0,0,0,0
370062,1,1,0,0,0,0,0,0,0,14,0,0
370063,1,1,0,0,0,0,0,0,0,0,0,0
370063,2,1,0,0,0,0,0,0,0,0,0,0
370064,1,1,0,0,0,0,0,0,0,0,0,0
370064,2,1,0,0,10,0,0,0,0,0,0,0
370065,1,1,0,0,0,0,0,0,0,0,0,0
370065,2,1,0,0,0,0,0,0,0,0,0,0
370066,0,1,0,0,0,0,0,0,0,0,0,0
370066,1,1,0,17,0,17,10,2,16,0,0,30
370066,2,1,9,0,0,0,0,0,7,0,0,0
370067,1,1,0,0,0,0,0,0,0,0,0,0
370067,2,1,0,0,0,0,0,0,0,0,0,0
370068,0,1,0,0,0,0,0,0,0,0,0,0
370068,1,1,12,25,8,22,11,0,0,0,9,0
370069,1,1,0,0,0,0,0,0,0,0,0,0
370070,0,1,14,0,0,0,0,0,11,0,46,20
370070,1,1,0,0,13,0,0,0,0,0,0,0
370071,1,1,12,12,12,12,12,12,12,12,12,12
370072,1,1,0,0,0,0,0,0,0,0,0,0
370073,1,1,7,7,7,7,7,7,7,7,7,7
370074,1,1,0,0,0,0,0,0,0,0,0,0
370075,1,1,20,20,20,20,20,20,20,20,20,20
370076,1,1,0,0,0,0,0,0,0,0,0,0
370077,1,1,0,0,0,0,0,0,0,0,0,0
370078,1,1,0,0,0,0,0,0,0,0,0,0
370079,1,1,17,17,17,17,17,17,17,17,17,17
370080,1,1,0,0,0,0,0,0,0,0,0,0
370080,2,1,0,0,0,0,0,0,0,0,0,0
370081,1,1,0,0,0,0,0,0,0,0,0,0
370081,2,1,22,22,22,22,22,22,22,22,22,22
370082,1,1,0,0,0,0,0,0,0,0,0,0
370083,1,1,0,0,0,0,0,0,0,0,0,0
370083,2,1,0,0,0,0,0,0,0,0,0,0
370084,1,1,0,0,0,0,0,0,0,0,0,0
370084,2,1,3,0,0,0,0,0,0,0,0,0
370085,0,1,0,0,0,0,0,0,0,0,0,0
370085,1,1,0,15,16,0,9,0,10,8,0,0
370086,1,1,25,25,25,25,25,25,25,25,25,25
370087,1,1,0,0,0,0,0,0,0,0,0,0
370087,2,1,0,0,0,0,0,0,0,0,0,0
370088,1,1,0,0,16,0,0,0,0,28,0,0
370089,1,1,12,12,12,12,12,12,12,12,12,12
370090,1,1,0,0,0,0,0,0,0,0,0,0
370090,2,1,0,0,0,0,0,0,0,0,0,0
370091,1,1,0,0,0,0,0,0,0,0,0,0
370092,1,1,11,0,0,0,17,0,0,0,0,0
370092,2,1,0,7,0,0,0,0,0,0,0,0
370093,0,1,0,0,0,0,0,0,0,0,0,0
370093,0,2,0,0,0,0,0,0,0,0,0,0
370093,1,1,13,13,13,13,13,13,13,13,13,13
370094,1,1,16,16,16,16,16,16,16,16,16,16
370094,2,1,0,0,0,0,0,0,0,0,0,0
370095,1,1,12,12,12,12,12,12,12,12,12,12
370095,2,1,0,0,0,0,0,0,0,0,0,0
370095,3,1,0,0,0,0,12,0,0,0,0,0
370096,1,1,0,0,0,0,0,0,0,0,0,0
370097,1,1,37,37,37,37,37,37,37,37,37,37
370098,1,1,0,0,0,0,0,0,0,0,0,0
370098,2,1,0,0,0,0,0,0,0,0,0,0
370099,1,1,0,0,0,0,0,0,0,0,0,0
370099,2,1,0,12,0,0,0,0,0,0,0,0
370100,0,1,0,0,0,0,0,0,0,0,0,0
370100,1,1,17,7,0,0,0,0,8,0,0,0
370101,1,1,17,17,17,17,17,17,17,17,17,17
370102,1,1,0,0,0,0,0,0,0,0,0,0
370103,1,1,0,0,0,0,0,0,0,0,0,0
370103,2,1,0,0,0,0,0,0,0,0,0,0
370104,1,1,0,0,0,0,0,0,0,0,0,0
370104,2,1,0,0,0,0,0,0,0,0,0,0
370104,3,1,0,0,0,0,0,0,0,0,0,0
370105,0,1,8,8,8,8,8,8,8,8,8,8
370105,1,1,0,0,0,0,0,0,0,0,0,0
370106,1,1,0,0,0,0,0,0,0,0,0,0
370106,2,1,9,0,0,0,0,0,0,0,0,0
370107,1,1,0,0,0,0,0,0,0,0,0,0
370108,0,1,0,0,0,0,0,0,0,0,0,0
370108,1,1,0,0,0,0,0,0,0,0,0,0
370109,0,1,2,2,2,2,2,2,2,2,2,2
370109,1,1,0,0,0,0,0,0,0,0,0,0
370110,1,1,20,20,20,20,20,20,20,20,20,20
370111,1,1,0,0,0,0,0,0,0,0,0,0
370111,2,1,0,0,0,0,0,0,0,0,0,0
370112,0,1,26,26,26,26,26,26,26,26,26,26
370112,1,1,0,0,0,0,0,0,0,0,0,0
370113,1,1,0,0,0,0,0,0,0,0,0,0
370113,2,1,0,0,0,11,0,0,0,0,0,0
370114,1,1,23,23,23,23,23,23,23,23,23,23
370114,2,1,0,0,0,0,0,0,0,0,0,0
370116,1,1,20,20,20,20,20,20,20,20,20,20
370117,1,1,9,9,9,9,9,9,9,9,9,9
370117,2,1,0,0,0,0,0,0,0,0,0,0
370118,1,1,0,0,0,0,0,0,15,0,0,0
370118,2,1,0,0,0,0,0,0,0,0,0,0
370119,0,1,0,0,15,0,0,0,0,0,0,0
370119,1,1,0,0,0,0,0,0,0,0,0,0
370120,1,1,0,0,0,0,0,0,0,0,0,0
370120,2,1,0,0,0,0,0,0,0,0,0,0
370121,1,1,0,0,0,0,0,0,0,0,0,0
370122,0,1,0,0,0,0,0,0,0,0,0,0
370122,1,1,0,0,0,0,0,0,0,0,0,0
370123,1,1,0,0,0,0,0,0,0,0,0,0
370124,1,1,0,0,0,0,0,0,0,0,0,0
370124,2,1,0,0,0,0,0,0,0,0,0,0
370124,3,1,0,0,0,0,0,0,0,0,0,0
370124,4,1,0,0,0,0,0,0,0,0,0,0
370125,1,1,17,17,17,17,17,17,17,17,17,17
370126,1,1,0,0,0,0,0,0,0,0,0,0
370126,2,1,0,0,0,0,0,0,0,0,0,0
370127,1,1,0,0,0,0,0,0,19,0,0,0
370127,2,1,8,8,8,8,8,8,8,8,8,8
370128,0,1,17,32,23,14,27,8,7,22,26,14
370128,1,1,11,15,32,7,10,27,1,19,15,20
370129,1,1,0,0,0,0,0,0,8,0,0,0
370130,1,1,26,26,26,26,26,26,26,26,26,26
370131,1,1,13,0,0,0,0,0,0,0,0,0
370131,2,1,11,11,11,11,11,11,11,11,11,11
370132,1,1,20,20,20,20,20,20,20,20,20,20
370133,0,1,0,18,0,0,26,0,0,0,37,0
370133,1,1,0,0,0,0,0,0,0,0,0,0
370134,1,1,11,11,11,11,11,11,11,11,11,11
370135,0,1,0,0,13,0,0,0,0,0,0,0
370135,1,1,0,0,0,0,0,0,0,0,0,0
370136,1,1,19,19,19,19,19,19,19,19,19,19
370137,1,1,0,0,0,0,0,0,0,0,0,0
370138,1,1,13,13,13,13,13,13,13,13,13,13
370139,1,1,0,0,0,0,0,0,0,0,0,0
370140,1,1,0,0,0,0,0,0,0,0,0,0
370140,2,1,0,0,0,0,0,0,0,0,0,0
370141,1,1,23,23,23,23,23,23,23,23,23,23
370141,2,1,0,0,23,0,0,0,0,0,0,0
370141,3,1,0,0,0,0,0,0,0,0,0,0
370142,1,1,0,0,0,0,0,0,0,0,0,0
370143,1,1,15,15,15,15,15,15,15,15,15,15
370144,1,1,0,0,0,0,0,0,0,0,0,0
370145,0,1,0,0,0,0,0,0,0,0,0,0
370145,1,1,0,0,0,0,0,0,0,0,0,0
370146,1,1,0,0,0,0,0,0,0,0,6,0
370146,2,1,0,0,0,0,0,0,0,0,0,0
370147,0,1,13,13,13,13,13,13,13,13,13,13
370147,1,1,0,0,0,0,0,0,0,0,0,0
370148,1,1,0,0,0,0,0,0,0,0,0,0
370148,2,1,0,0,0,0,0,0,0,0,0,0
370148,3,1,0,0,0,0,0,0,0,0,0,0
370148,4,1,0,0,0,0,0,0,0,0,0,0
370149,1,1,0,0,0,0,0,0,0,0,0,0
370151,1,1,0,0,0,0,0,0,0,0,0,0
370152,1,1,3,3,3,3,3,3,3,3,3,3
370152,2,1,0,0,0,0,0,0,0,0,0,0
370153,1,1,0,0,41,0,38,0,0,17,0,0
370154,1,1,19,19,19,19,19,19,19,19,19,19
370154,2,1,7,0,0,0,0,0,0,0,0,0
370154,3,1,0,0,0,0,0,0,0,0,0,0
370155,0,1,0,0,0,0,0,0,0,0,0,0
370155,1,1,0,0,0,0,0,0,4,0,0,0
370155,2,1,0,0,0,0,0,0,0,0,0,0
370156,0,1,0,0,0,0,0,0,0,0,0,0
370156,1,1,0,0,4,0,0,0,0,0,0,0
370157,1,1,0,11,0,0,0,0,0,3,0,0
370157,2,1,0,0,0,0,0,0,0,0,0,0
370158,1,1,0,0,0,0,0,0,0,0,0,0
370158,2,1,0,0,0,0,0,0,0,0,0,0
370158,3,1,0,0,0,0,0,0,0,0,2,0
370159,1,1,11,11,11,11,11,11,11,11,11,11
370160,1,1,0,0,0,0,0,0,0,0,0,0
370161,1,1,16,0,0,28,0,0,17,0,0,0
370162,1,1,0,0,0,0,0,0,0,0,0,0
370163,1,1,0,0,0,0,0,0,12,0,0,0
370164,1,1,0,0,0,0,0,0,0,0,0,0
370164,2,1,0,0,0,0,0,0,0,0,0,0
370165,1,1,22,22,22,22,22,22,22,22,22,22
370166,1,1,26,26,26,26,26,26,26,26,26,26
370167,1,1,0,0,0,0,0,0,0,0,0,0
370167,2,1,0,0,0,0,0,0,0,0,0,0
370168,1,1,0,0,0,0,0,0,0,0,0,0
370168,2,1,0,0,0,0,0,0,0,0,0,0
370169,1,1,0,0,0,0,0,0,0,0,0,0
370171,0,1,0,0,0,0,0,0,0,0,0,0
370171,0,2,0,0,0,0,0,0,0,0,0,0
370171,1,1,16,0,0,0,0,0,0,0,0,0
370172,1,1,0,0,0,0,0,0,0,0,0,0
370173,1,1,0,0,0,0,0,0,0,0,0,0
370173,2,1,0,0,0,0,0,0,0,0,0,0
370174,1,1,21,21,21,21,21,21,21,21,21,21
370175,0,1,21,21,21,21,21,21,21,21,21,21
370175,1,1,0,0,0,0,0,0,0,0,0,0
370176,1,1,9,0,0,0,0,0,18,0,0,0
370176,2,1,0,0,0,0,0,0,0,0,0,0
370177,1,1,0,0,0,0,0,0,0,0,0,0
370177,2,1,0,0,0,0,0,0,0,0,0,0
370178,1,1,9,9,9,9,9,9,9,9,9,9
370179,1,1,0,0,0,0,0,0,0,0,0,0
370179,2,1,0,0,0,0,0,0,0,0,0,0
370180,1,1,11,11,11,11,11,11,11,11,11,11
370181,1,1,19,0,0,0,17,0,18,0,24,10
370182,1,1,0,0,0,0,0,0,0,0,0,0
370182,2,1,5,5,5,5,5,5,5,5,5,5
370183,1,1,0,0,0,0,0,0,0,0,0,0
370184,1,1,0,0,0,0,0,12,0,11,0,0
370184,2,1,0,15,0,0,0,0,0,3,0,0
370185,1,1,0,0,0,0,0,0,0,0,0,0
370185,2,1,0,0,0,0,7,0,0,0,0,0
370186,1,1,21,21,21,21,21,21,21,21,21,21
370186,2,1,0,0,0,0,0,0,0,0,0,0
370187,1,1,0,0,0,0,0,0,0,0,0,0
370187,2,1,0,0,0,0,0,12,0,0,0,0
370187,3,1,0,0,0,0,0,0,0,0,0,0
370188,1,1,0,0,0,0,0,0,0,0,0,0
370189,1,1,0,0,0,0,0,0,0,0,0,0
370189,2,1,0,0,0,0,0,0,0,0,0,0
370190,1,1,0,0,0,0,0,0,0,0,0,0
370190,2,1,0,0,0,0,0,0,0,0,0,0
370190,3,1,0,0,0,0,0,0,0,0,0,0
370191,1,1,0,0,0,0,0,0,0,0,0,0
370191,2,1,0,0,0,0,0,0,0,0,0,0
370192,1,1,0,25,0,0,22,15,0,0,0,11
370192,2,1,0,0,0,0,0,0,0,0,0,0
370193,1,1,0,0,0,0,0,0,0,0,0,0
370194,1,1,0,0,0,0,0,0,0,0,0,0
370195,1,1,0,0,0,0,0,0,0,0,0,0
370196,1,1,0,0,0,0,0,0,0,0,0,0
370196,2,1,0,0,0,0,0,0,0,0,0,0
370197,1,1,0,0,0,0,0,0,0,0,0,0
370197,2,1,0,0,0,0,0,0,0,0,0,0
370198,1,1,0,0,0,0,0,0,0,0,0,0
370199,1,1,0,0,0,0,0,0,0,0,0,0
370200,1,1,0,0,0,0,0,0,0,0,0,0
370200,2,1,0,0,0,0,0,0,0,0,0,0
370201,1,1,17,17,17,17,17,17,17,17,17,17
370202,1,1,20,20,20,20,20,20,20,20,20,20
370203,1,1,0,0,0,0,0,0,0,0,0,0
370203,2,1,0,0,0,0,0,0,0,0,0,0
370203,3,1,0,0,0,0,0,0,0,0,0,0
370204,1,1,15,15,15,15,15,15,15,15,15,15
370205,1,1,0,0,0,0,13,0,20,0,0,15
370205,2,1,20,20,20,20,20,20,20,20,20,20
370206,1,1,21,21,21,21,21,21,21,21,21,21
370207,1,1,0,0,0,0,0,0,0,0,0,0
370207,2,1,0,0,0,0,0,0,0,0,0,0
370208,1,1,0,0,0,0,0,0,0,0,0,0
370208,2,1,0,0,0,0,0,0,0,0,0,0
370209,1,1,0,0,0,0,0,0,0,0,0,0
370210,1,1,0,0,0,0,0,0,0,0,0,0
370210,2,1,0,0,0,0,0,0,0,0,0,0
370211,1,1,4,2,18,4,12,16,0,16,0,6
370211,2,1,0,0,0,0,0,0,0,0,0,0
370212,1,1,30,30,30,30,30,30,30,30,30,30
370213,1,1,18,18,18,18,18,18,18,18,18,18
370214,1,1,15,15,15,15,15,15,15,15,15,15
370215,1,1,2,2,2,2,2,2,2,2,2,2
370216,1,1,0,0,0,0,0,0,0,0,0,0
370217,0,1,0,0,0,0,0,0,0,0,0,0
370217,1,1,0,0,0,0,0,0,0,0,0,0
370218,0,1,0,0,0,0,0,0,0,0,0,0
370218,1,1,19,0,0,0,0,0,0,0,0,0
370218,2,1,0,0,0,0,0,0,0,0,0,0
370219,1,1,0,0,0,0,0,0,0,0,0,0
370220,1,1,0,0,0,0,0,0,0,0,0,0
370221,1,1,10,10,10,10,10,10,10,10,10,10
370222,1,1,9,9,9,9,9,9,9,9,9,9
370223,1,1,0,0,0,0,0,0,0,0,0,0
370224,0,1,35,35,35,35,35,35,35,35,35,35
370224,1,1,0,0,0,0,0,0,0,0,0,0
370224,2,1,6,0,0,0,0,0,0,0,0,0
370225,1,1,0,0,0,0,0,0,0,0,0,0
370225,2,1,0,0,0,0,0,22,0,0,0,0
370226,1,1,0,0,0,0,0,0,0,0,0,0
370227,1,1,34,34,34,34,34,34,34,34,34,34
370227,2,1,0,0,0,0,0,0,0,0,0,0
370228,1,1,0,0,0,0,0,0,0,0,0,0
370228,2,1,0,0,0,0,0,0,0,0,0,0
370229,1,1,0,0,0,0,0,0,0,0,0,0
370229,2,1,0,0,0,0,0,0,0,0,0,0
370230,1,1,22,22,22,22,22,22,22,22,22,22
370231,1,1,23,23,23,23,23,23,23,23,23,23
370232,0,1,0,0,0,0,0,0,0,0,0,0
370232,1,1,0,0,0,0,0,0,0,0,0,0
370233,0,1,0,0,0,0,0,0,0,0,0,0
370233,1,1,0,0,0,0,0,0,0,0,0,0
370234,1,1,0,0,0,0,0,0,0,0,0,0
370235,1,1,21,13,16,7,11,6,11,6,7,19
370235,2,1,0,0,0,0,0,0,0,0,0,0
370236,1,1,0,0,0,0,0,0,0,0,0,0
370236,2,1,0,0,0,0,0,0,0,0,0,0
370237,1,1,0,12,0,0,0,0,0,0,0,0
370238,1,1,13,13,13,13,13,13,13,13,13,13
370239,1,1,26,12,13,28,19,16,13,20,18,6
370240,0,1,33,33,33,33,33,33,33,33,33,33
370240,1,1,0,9,0,0,0,0,0,0,0,0
370241,1,1,0,0,0,0,0,0,0,0,0,0
370242,1,1,0,22,0,0,0,0,0,0,0,0
370243,1,1,0,0,0,0,0,0,0,0,0,0
370243,2,1,0,0,0,0,0,0,0,0,0,0
370243,3,1,0,0,0,0,0,0,0,0,0,0
370244,1,1,0,0,0,0,0,0,0,0,0,0
370244,2,1,0,0,0,0,0,0,0,0,0,0
370245,1,1,0,0,0,0,0,0,0,0,0,0
370245,2,1,0,17,0,0,0,0,0,0,17,0
370246,0,1,0,0,0,0,0,0,0,0,0,0
370246,1,1,0,0,0,0,0,0,0,0,14,0
370247,1,1,18,18,18,18,18,18,18,18,18,18
370248,1,1,0,0,0,0,0,0,0,0,0,0
370249,0,1,0,0,0,0,0,0,0,0,0,0
370249,1,1,0,0,0,0,0,0,0,0,0,0
370250,1,1,15,15,15,15,15,15,15,15,15,15
370251,1,1,0,0,0,0,0,0,0,0,0,0
370252,1,1,0,0,0,0,0,0,0,0,0,0
370253,1,1,7,9,0,10,0,2,22,19,14,0
370253,2,1,0,0,0,0,0,0,0,0,0,0
370254,1,1,0,0,0,8,0,19,4,0,0,0
370255,1,1,11,11,11,11,11,11,11,11,11,11
370256,1,1,0,0,0,7,0,15,0,0,0,0
370257,1,1,10,8,11,5,22,16,13,25,23,14
370258,1,1,0,0,0,0,0,0,0,0,0,0
370259,1,1,29,29,29,29,29,29,29,29,29,29
370260,1,1,34,34,34,34,34,34,34,34,34,34
370261,1,1,0,0,15,0,0,0,0,0,10,0
370262,1,1,4,4,4,4,4,4,4,4,4,4
370263,1,1,0,0,0,0,0,0,0,0,20,0
370264,1,1,0,0,0,0,0,0,0,0,0,0
370264,2,1,0,0,0,0,0,0,0,0,0,0
370265,0,1,0,0,0,0,0,0,0,0,0,0
370265,1,1,0,0,0,0,0,0,0,0,0,0
370266,1,1,0,0,0,0,0,0,0,0,0,0
370266,2,1,0,13,29,0,0,0,0,0,0,0
370267,0,1,0,0,0,0,0,0,0,0,0,0
370267,1,1,0,0,0,0,0,0,0,0,0,0
370268,1,1,0,0,0,0,0,0,0,0,0,0
370268,2,1,0,0,0,0,0,0,0,0,0,0
370268,3,1,0,0,0,0,0,0,0,0,0,0
370269,1,1,0,0,0,0,0,0,0,0,0,0
370270,1,1,0,0,0,0,0,0,0,0,0,0
370270,2,1,0,0,0,0,0,0,0,0,0,0
370271,0,1,0,0,0,0,0,0,0,0,0,0
370271,1,1,0,0,0,0,0,0,0,0,0,0
370272,1,1,0,0,0,0,0,0,0,0,0,0
370272,2,1,0,0,0,0,0,0,0,0,0,0
370273,0,1,25,25,25,25,25,25,25,25,25,25
370273,1,1,0,0,0,0,12,0,0,0,0,0
370274,1,1,0,0,0,0,0,0,0,0,0,0
370274,2,1,0,0,0,0,0,0,0,0,0,0
370275,1,1,0,0,0,0,0,0,0,0,0,0
370276,1,1,0,0,0,0,0,0,0,0,0,0
370276,2,1,0,0,0,0,0,0,0,0,0,0
370277,0,1,0,0,0,0,0,0,0,0,0,0
370277,1,1,0,0,0,0,0,0,0,0,0,0
370277,2,1,0,0,0,0,0,0,0,0,0,0
370278,1,1,0,0,0,0,0,0,0,0,0,0
370279,1,1,10,10,10,10,10,10,10,10,10,10
370280,1,1,0,0,0,0,0,0,0,0,0,0
370280,2,1,0,0,0,0,0,0,0,0,0,0
370280,3,1,0,0,0,0,17,5,0,0,0,0
370280,4,1,0,0,0,0,0,0,0,0,0,0
370281,1,1,0,0,0,0,0,0,0,0,0,0
370281,2,1,0,0,0,0,0,0,0,0,0,0
370282,0,1,0,0,28,0,0,0,6,0,0,20
370282,1,1,0,0,0,0,0,0,0,0,7,0
370282,2,1,0,0,0,0,0,0,0,10,0,0
370283,1,1,0,0,0,0,0,0,0,0,0,0
370284,1,1,0,0,0,0,0,0,0,0,0,0
370285,1,1,0,0,0,20,21,0,0,0,0,0
370286,1,1,10,10,10,10,10,10,10,10,10,10
370287,1,1,0,0,0,0,0,0,0,0,0,0
370288,1,1,0,0,0,0,0,0,0,0,0,0
370288,2,1,0,0,0,0,0,0,9,0,0,0
370289,1,1,22,22,22,22,22,22,22,22,22,22
370289,2,1,0,11,0,0,0,0,0,0,0,0
370290,1,1,0,0,0,0,0,0,0,0,0,0
370290,2,1,0,0,0,0,0,0,0,0,0,0
370291,1,1,0,0,0,0,0,0,0,0,0,0
370291,2,1,0,0,0,0,0,0,0,0,0,0
370292,1,1,0,0,0,0,0,0,0,0,0,0
370293,0,1,21,21,21,21,21,21,21,21,21,21
370293,1,1,0,0,0,0,0,29,0,0,0,0
370294,1,1,9,9,9,9,9,9,9,9,9,9
370294,2,1,0,0,0,0,0,0,0,0,0,0
370295,1,1,0,0,0,0,0,0,0,0,0,0
370295,2,1,27,27,27,27,27,27,27,27,27,27
370296,1,1,0,0,0,0,0,0,0,0,0,0
370296,2,1,22,22,22,22,22,22,22,22,22,22
370297,1,1,21,21,21,21,21,21,21,21,21,21
370298,1,1,0,0,0,34,0,0,0,0,0,0
370298,2,1,0,0,0,0,0,0,0,0,0,0
370299,0,1,21,21,21,21,21,21,21,21,21,21
370299,1,1,0,26,0,0,0,0,0,0,17,0
370300,1,1,0,0,0,0,0,0,0,0,0,0
370300,2,1,0,0,0,0,0,0,0,0,0,0
370301,1,1,29,0,0,0,15,0,0,9,0,9
370302,1,1,0,0,0,0,0,0,0,0,0,0
370303,1,1,0,0,0,0,0,0,0,17,0,0
370304,1,1,0,0,0,0,0,0,0,0,0,0
370304,2,1,0,0,0,0,0,0,0,0,0,0
370305,1,1,18,18,5,20,12,24,26,22,7,39
370306,1,1,0,0,0,0,0,0,0,0,0,0
370307,1,1,0,0,0,0,0,0,0,0,0,0
370307,2,1,0,0,0,0,19,0,0,0,0,0
370308,1,1,0,0,0,0,0,0,0,0,0,0
370308,2,1,0,0,0,0,0,0,0,0,0,0
370309,1,1,0,0,0,0,0,0,0,0,0,0
370309,2,1,0,0,0,0,0,0,0,0,0,0
370310,1,1,0,0,0,0,0,0,0,0,0,0
370310,2,1,0,0,0,0,0,0,0,0,0,0
370311,1,1,0,0,0,0,0,0,0,0,0,0
370311,2,1,0,0,0,16,0,0,0,0,0,0
370312,0,1,17,15,13,19,23,40,32,15,30,21
370312,1,1,0,0,0,0,0,0,0,0,0,0
370313,1,1,0,0,0,0,0,0,0,0,0,0
370314,1,1,13,13,13,13,13,13,13,13,13,13
370315,1,1,0,0,0,0,0,0,0,0,0,0
370316,1,1,0,0,0,0,0,0,0,0,0,0
370316,2,1,0,0,0,0,0,0,0,0,0,0
370317,1,1,4,4,4,4,4,4,4,4,4,4
370318,1,1,16,16,16,16,16,16,16,16,16,16
370318,2,1,0,0,0,0,0,0,0,0,0,0
370319,1,1,0,0,0,0,0,0,0,0,0,0
370320,1,1,0,0,0,0,0,0,0,0,0,0
370320,2,1,0,0,0,0,0,0,0,0,0,0
370320,3,1,0,0,0,0,0,0,0,0,0,0
370320,4,1,0,0,0,0,0,0,0,0,0,0
370321,1,1,0,0,0,0,0,0,0,0,0,0
370321,2,1,0,0,0,0,0,0,0,0,0,0
370321,3,1,0,0,0,0,0,0,0,0,0,0
370322,1,1,0,0,0,0,0,0,0,0,0,0
370322,2,1,0,0,0,0,0,0,0,0,0,0
370323,1,1,14,14,14,14,14,14,14,14,14,14
370324,1,1,16,16,16,16,16,16,16,16,16,16
370325,1,1,21,21,21,21,21,21,21,21,21,21
370325,2,1,0,0,0,0,0,0,0,0,0,15
370326,1,1,19,30,24,33,8,12,3,20,35,48
370327,1,1,0,0,16,0,7,0,0,0,0,0
370328,1,1,25,25,25,25,25,25,25,25,25,25
370329,1,1,0,0,0,0,0,0,0,0,0,0
370329,2,1,0,0,0,0,0,0,0,0,0,0
370330,1,1,0,0,0,0,0,0,0,0,0,0
370330,2,1,0,0,0,0,0,0,0,0,0,0
370331,1,1,30,30,30,30,30,30,30,30,30,30
370332,1,1,0,0,0,0,0,0,0,0,0,0
370332,2,1,0,0,0,0,0,0,0,0,0,0
370333,1,1,0,0,0,0,0,0,0,0,0,0
370334,1,1,0,0,0,0,0,0,0,0,0,0
370334,2,1,0,0,0,0,0,0,0,0,0,7
370335,1,1,0,0,0,0,0,0,0,0,0,19
370336,2,1,0,0,0,0,0,0,0,0,0,0
370337,1,1,9,18,8,9,11,15,5,0,14,8
370338,1,1,0,0,0,0,0,0,0,0,0,0
370338,2,1,0,0,0,0,0,0,0,0,0,0
370339,1,1,0,0,0,0,0,0,0,0,0,0
370339,2,1,0,0,0,0,0,0,0,0,12,0
370340,1,1,0,0,0,0,0,0,0,0,0,0
370340,2,1,0,5,0,0,0,0,0,0,0,0
370341,1,1,0,0,0,0,0,0,0,0,0,0
370341,2,1,0,0,0,0,0,0,0,0,0,0
370342,1,1,0,0,0,0,0,0,0,0,0,0
370343,1,1,0,0,0,0,0,0,0,0,0,0
370343,2,1,0,0,0,0,0,0,0,0,0,0
370344,1,1,0,0,0,0,0,0,0,0,0,0
370344,2,1,0,0,0,0,0,0,0,0,0,0
370345,1,1,0,0,0,0,0,0,0,0,0,0
370345,2,1,27,20,17,6,4,17,19,16,25,21
370346,1,1,0,0,0,0,0,0,0,0,0,0
370346,2,1,0,0,0,0,0,0,0,0,0,0
370347,1,1,0,0,0,0,0,0,0,6,0,0
370348,1,1,0,0,0,0,0,0,0,0,0,0
370348,2,1,0,0,3,0,0,0,0,0,0,0
370349,1,1,22,22,22,22,22,22,22,22,22,22
370350,1,1,0,0,0,0,0,0,0,0,0,0
370350,2,1,18,0,23,0,0,5,0,0,0,0
370351,1,1,0,0,0,0,0,0,0,0,0,0
370352,1,1,0,0,0,0,0,0,0,0,0,0
370353,0,1,25,25,25,25,25,25,25,25,25,25
370353,1,1,0,0,21,0,0,0,0,0,0,0
370354,1,1,0,0,0,0,0,0,0,0,0,0
370354,2,1,0,0,0,0,0,0,20,0,0,0
370354,3,1,0,0,0,0,0,0,0,0,0,0
370355,0,1,26,18,22,21,32,15,20,27,24,8
370355,1,1,0,0,0,0,0,0,0,0,0,0
370356,1,1,0,0,0,0,0,0,0,0,0,0
370357,1,1,6,6,6,6,6,6,6,6,6,6
370358,1,1,16,16,16,16,16,16,16,16,16,16
370359,1,1,14,14,14,14,14,14,14,14,14,14
370360,1,1,0,0,0,0,0,0,0,0,0,0
370361,1,1,21,21,21,21,21,21,21,21,21,21
370361,2,1,0,0,0,7,0,0,0,0,0,0
370362,1,1,28,28,28,28,28,28,28,28,28,28