ST_CASE,VEH_NO,PER_NO,P1,P2,P3,P4,P5,P6,P7,P8,P9,P10
370363,1,1,0,0,0,0,0,0,0,0,0,0
370363,2,1,0,0,0,0,0,0,0,0,0,0
370364,1,1,19,19,19,19,19,19,19,19,19,19
370365,1,1,22,22,22,22,22,22,22,22,22,22
370366,1,1,0,0,0,0,0,0,0,0,0,0
370367,1,1,0,0,0,0,0,0,0,0,0,0
370368,1,1,0,0,0,0,0,0,0,0,0,0
370369,0,1,18,18,18,18,18,18,18,18,18,18
370369,1,1,8,20,0,14,17,22,24,20,20,13
370369,2,1,0,0,0,0,0,0,0,0,0,0
370370,1,1,17,17,17,17,17,17,17,17,17,17
370371,1,1,19,19,19,19,19,19,19,19,19,19
370372,1,1,0,0,0,0,0,0,0,0,0,0
370373,0,1,0,0,0,0,0,0,0,0,0,0
370373,1,1,0,0,0,0,0,0,0,21,0,0
370374,1,1,9,9,9,9,9,9,9,9,9,9
370375,1,1,7,7,7,7,7,7,7,7,7,7
370375,2,1,21,21,21,21,21,21,21,21,21,21
370376,0,1,31,31,31,31,31,31,31,31,31,31
370376,1,1,0,0,0,0,0,0,0,0,0,0
370377,1,1,0,0,0,0,0,0,0,0,0,0
370377,2,1,0,15,0,0,0,0,0,27,0,0
370378,0,1,11,11,11,11,11,11,11,11,11,11
370378,1,1,0,0,0,0,0,0,0,0,0,0
370379,1,1,12,12,12,12,12,12,12,12,12,12
370379,2,1,0,0,0,0,0,0,0,0,0,0
370379,3,1,0,0,9,0,0,0,0,0,13,0
370379,4,1,0,0,0,0,0,0,0,0,0,0
370379,5,1,0,0,0,0,0,0,0,0,27,0
370380,1,1,0,0,0,0,0,0,0,0,0,0
370381,1,1,0,0,0,0,0,0,0,0,0,0
370381,2,1,0,0,0,0,0,0,0,0,0,0
370382,1,1,0,0,0,0,0,0,0,0,0,0
370383,1,1,17,27,43,19,0,38,16,24,18,33
370384,1,1,0,0,0,0,0,0,0,0,0,0
370385,0,1,16,16,16,16,16,16,16,16,16,16
370385,1,1,0,0,0,0,0,0,0,21,0,0
370386,1,1,25,25,25,25,25,25,25,25,25,25
370387,1,1,14,5,18,7,11,0,21,0,0,0
370388,1,1,0,0,0,0,0,0,0,0,0,0
370389,1,1,0,0,0,0,0,0,0,0,0,0
370390,0,1,0,0,0,0,0,0,0,0,0,0
370390,1,1,0,0,0,0,0,0,6,0,13,0
370391,1,1,0,0,0,0,0,0,0,0,0,0
370391,2,1,0,0,0,0,0,0,0,0,0,0
370392,1,1,0,0,0,0,0,0,0,0,0,0
370393,1,1,0,0,0,0,0,0,0,0,0,0
370393,2,1,0,0,0,0,0,0,0,0,0,0
370394,1,1,27,27,27,27,27,27,27,27,27,27
370395,0,1,13,13,13,13,13,13,13,13,13,13
370395,1,1,0,0,0,0,0,0,0,0,0,0
370396,0,1,0,0,0,0,27,0,0,12,0,20
370396,0,2,0,0,0,0,0,0,0,0,0,0
370396,2,1,0,0,0,0,0,0,0,0,0,0
370397,1,1,0,0,0,0,0,0,0,0,0,0
370397,2,1,0,0,0,0,0,0,0,0,0,0
370397,3,1,0,0,0,0,0,0,0,0,0,0
370398,1,1,10,16,16,17,17,0,8,0,15,17
370398,2,1,0,0,0,0,0,0,0,0,0,0
370399,1,1,0,0,0,0,0,0,0,0,0,0
370399,2,1,30,30,30,30,30,30,30,30,30,30
370400,1,1,0,0,0,0,0,0,0,0,0,0
370401,0,1,15,15,15,15,15,15,15,15,15,15
370401,1,1,0,0,0,0,0,0,0,0,0,0
370402,0,1,0,0,0,0,0,0,0,0,0,0
370402,1,1,9,11,18,5,3,15,4,7,15,13
370403,1,1,19,19,19,19,19,19,19,19,19,19
370403,2,1,0,0,0,0,0,0,0,0,0,0
370404,1,1,0,0,0,0,0,0,0,0,0,0
370404,2,1,0,0,0,0,0,0,0,0,0,11
370405,1,1,9,4,13,4,7,8,7,16,9,18
370406,1,1,0,0,0,0,0,0,0,0,0,0
370407,1,1,0,0,0,0,0,0,0,0,0,0
370407,2,1,0,0,0,0,0,0,0,0,0,0
370408,0,1,24,24,24,24,24,24,24,24,24,24
370408,1,1,0,0,0,0,0,0,0,0,0,0
370409,1,1,24,24,24,24,24,24,24,24,24,24
370410,0,1,0,0,0,0,0,0,0,0,34,0
370410,1,1,0,0,0,7,0,0,0,0,0,0
370411,1,1,0,0,0,0,0,0,0,0,0,0
370411,2,1,0,0,0,0,0,0,0,0,0,0
370411,3,1,0,0,0,0,0,0,0,0,0,25
370412,1,1,0,0,0,0,0,0,0,0,0,0
370413,1,1,0,0,0,0,0,0,0,0,0,0
370414,1,1,19,19,19,19,19,19,19,19,19,19
370415,1,1,0,0,0,0,0,0,0,0,0,0
370415,2,1,0,0,0,0,5,0,0,0,0,0
370416,1,1,0,0,0,0,0,0,0,0,0,0
370417,1,1,0,0,0,0,0,0,2,0,0,0
370417,2,1,9,9,9,9,9,9,9,9,9,9
370418,1,1,28,28,28,28,28,28,28,28,28,28
370418,2,1,0,0,0,0,0,0,0,0,0,0
370419,1,1,10,10,10,10,10,10,10,10,10,10
370419,2,1,0,0,0,0,0,0,0,0,0,18
370419,3,1,0,0,0,0,0,0,0,0,0,0
370420,0,1,29,29,29,29,29,29,29,29,29,29
370420,1,1,0,0,0,0,0,0,0,0,0,0
370421,1,1,0,0,0,0,0,0,0,0,0,0
370421,2,1,0,0,0,0,0,0,0,0,0,0
370423,1,1,0,0,0,0,0,0,0,0,0,0
370424,1,1,0,0,0,0,0,0,0,0,0,0
370424,2,1,0,0,0,0,0,0,0,0,0,0
370425,1,1,0,0,0,0,0,0,0,0,0,0
370426,1,1,6,6,6,6,6,6,6,6,6,6
370427,1,1,0,0,0,0,0,0,0,0,0,0
370427,2,1,0,0,0,0,0,0,0,0,0,0
370428,0,1,0,0,0,0,0,0,0,0,0,0
370428,1,1,0,0,0,0,0,0,0,0,0,0
370429,1,1,0,0,0,0,0,0,0,0,0,0
370429,2,1,0,0,0,0,0,0,0,0,0,0
370430,1,1,0,0,0,0,0,0,0,0,0,0
370431,1,1,0,0,0,0,0,0,0,0,0,0
370431,2,1,0,0,0,0,0,0,0,0,0,0
370432,1,1,7,7,7,7,7,7,7,7,7,7
370433,0,1,0,0,0,0,0,0,0,0,0,0
370433,1,1,0,0,0,0,0,0,0,0,0,0
370434,1,1,17,17,17,17,17,17,17,17,17,17
370435,1,1,15,15,15,15,15,15,15,15,15,15
370436,1,1,0,0,0,0,0,0,0,0,0,0
370436,2,1,8,8,8,8,8,8,8,8,8,8
370437,1,1,0,0,0,0,0,0,0,0,0,0
370437,2,1,0,0,0,0,0,0,0,0,0,0
370438,1,1,18,6,0,0,24,0,20,31,20,28
370439,0,1,0,0,0,0,0,0,0,0,0,0
370439,1,1,0,0,0,0,0,0,0,0,0,0
370440,1,1,20,20,20,20,20,20,20,20,20,20
370441,1,1,0,0,0,0,0,0,0,0,0,0
370441,2,1,0,0,0,0,0,0,0,0,0,0
370442,1,1,18,0,0,0,0,0,23,0,0,0
370443,1,1,0,0,0,0,0,0,0,0,0,0
370443,2,1,3,0,0,13,0,0,0,0,0,0
370444,1,1,0,0,0,0,0,0,0,0,0,0
370444,2,1,0,0,0,0,0,0,0,0,0,0
370445,0,1,0,0,0,0,0,0,0,0,0,0
370445,1,1,0,0,0,0,0,0,26,23,0,0
370446,1,1,0,0,0,0,0,0,0,0,0,0
370447,1,1,0,0,0,0,0,0,0,0,0,0
370447,2,1,0,0,0,0,0,0,0,0,0,0
370448,1,1,0,0,0,0,0,0,0,0,0,0
370448,2,1,0,0,0,0,0,0,0,0,0,0
370449,1,1,0,0,0,2,0,0,0,0,0,0
370449,2,1,0,14,17,0,11,20,0,0,8,0
370450,1,1,0,0,0,0,0,0,0,0,0,0
370450,2,1,0,0,0,0,0,0,0,0,0,0
370451,0,1,10,10,10,10,10,10,10,10,10,10
370451,1,1,0,0,0,0,0,0,0,0,0,0
370452,1,1,0,0,0,0,0,0,0,0,0,0
370452,2,1,0,0,0,0,0,0,0,0,0,0
370453,1,1,0,0,0,0,0,0,0,0,0,0
370454,1,1,29,29,29,29,29,29,29,29,29,29
370455,1,1,7,0,0,0,30,0,0,0,0,0
370456,1,1,0,0,0,0,0,0,0,0,0,0
370457,1,1,0,0,0,0,0,0,0,0,0,0
370458,0,1,0,0,0,0,0,0,0,0,0,0
370458,1,1,0,0,0,0,0,0,0,0,0,0
370459,1,1,5,5,5,5,5,5,5,5,5,5
370460,1,1,0,0,0,0,0,0,0,0,0,0
370460,2,1,0,0,0,0,0,0,0,0,0,0
370461,1,1,0,0,0,0,0,0,0,0,0,0
370462,0,1,16,16,16,16,16,16,16,16,16,16
370462,1,1,0,0,0,0,0,0,0,0,0,0
370463,1,1,0,0,0,0,0,0,0,0,0,0
370464,1,1,0,0,0,0,0,0,0,0,0,0
370465,1,1,29,29,29,29,29,29,29,29,29,29
370466,1,1,0,0,0,0,0,0,0,0,0,0
370466,2,1,0,0,0,0,0,0,0,0,0,0
370467,1,1,11,11,11,11,11,11,11,11,11,11
370468,1,1,0,0,0,0,0,0,0,0,0,0
370468,2,1,7,0,0,31,0,0,0,0,0,0
370469,1,1,0,0,0,0,0,0,0,0,6,0
370470,1,1,0,0,0,0,0,0,0,0,0,0
370470,2,1,0,0,0,0,0,0,0,0,0,0
370471,1,1,0,0,0,0,0,0,0,0,0,0
370472,1,1,0,0,0,0,0,0,0,0,0,0
370473,0,1,0,0,0,0,0,0,0,0,0,0
370473,1,1,10,0,3,0,0,0,0,0,0,0
370474,1,1,7,0,0,0,0,0,0,0,0,0
370474,2,1,0,0,0,0,0,0,0,0,0,0
370475,1,1,18,18,18,18,18,18,18,18,18,18
370476,0,1,0,0,0,0,0,0,0,0,0,0
370476,1,1,0,0,0,0,0,0,0,0,0,0
370477,1,1,0,0,0,0,0,0,0,0,0,0
370478,1,1,12,12,12,12,12,12,12,12,12,12
370479,0,1,0,0,0,0,0,0,0,0,0,0
370479,1,1,0,0,0,0,0,0,0,0,0,0
370480,1,1,0,0,0,0,0,0,0,0,0,0
370481,1,1,16,16,16,16,16,16,16,16,16,16
370482,0,1,24,24,24,24,24,24,24,24,24,24
370482,1,1,0,0,0,0,0,0,0,0,0,0
370483,1,1,0,0,0,0,0,0,0,0,0,0
370483,2,1,0,0,0,0,0,0,0,0,0,0
370484,1,1,30,0,0,0,0,0,8,0,0,0
370484,2,1,0,0,0,0,0,0,0,0,0,0
370485,1,1,0,0,0,0,0,0,0,0,0,0
370485,2,1,0,0,10,0,0,0,0,0,0,0
370486,1,1,4,4,4,4,4,4,4,4,4,4
370487,0,1,0,0,0,0,0,0,0,0,0,0
370487,1,1,0,0,0,0,0,0,0,0,0,0
370488,1,1,0,0,0,0,0,0,0,0,0,0
370488,2,1,0,0,0,0,0,0,0,0,0,0
370488,3,1,0,0,0,0,0,0,0,0,0,0
370489,1,1,0,0,0,0,0,0,0,0,0,0
370490,1,1,8,8,8,8,8,8,8,8,8,8
370491,0,1,0,28,0,0,0,24,0,0,30,0
370491,1,1,0,0,0,0,0,0,0,0,0,0
370493,1,1,0,0,0,0,0,0,0,0,0,0
370493,2,1,0,0,0,0,0,0,0,0,0,0
370493,3,1,0,0,0,0,0,0,0,0,0,0
370493,4,1,0,0,0,0,0,0,0,0,0,0
370494,0,1,22,22,22,22,22,22,22,22,22,22
370494,1,1,12,12,12,12,12,12,12,12,12,12
370496,1,1,0,0,0,0,0,0,0,0,0,0
370496,2,1,0,0,0,0,0,0,0,0,0,0
370497,1,1,16,16,16,16,16,16,16,16,16,16
370498,1,1,0,0,0,0,0,0,0,0,0,0
370498,2,1,12,12,12,12,12,12,12,12,12,12
370499,1,1,20,20,20,20,20,20,20,20,20,20
370500,1,1,0,0,0,0,0,0,0,0,0,0
370500,2,1,0,0,0,0,0,0,0,0,0,0
370501,1,1,0,0,0,0,0,0,0,0,0,0
370501,2,1,0,0,0,0,0,0,0,0,0,0
370502,1,1,0,0,0,0,0,0,0,0,0,0
370504,0,1,22,22,22,22,22,22,22,22,22,22
370504,1,1,16,16,16,16,16,16,16,16,16,16
370505,0,1,0,0,0,0,0,0,0,0,0,0
370505,0,2,0,0,0,0,0,0,0,0,24,0
370505,1,1,0,0,0,0,0,0,0,0,0,0
370506,1,1,11,11,11,11,11,11,11,11,11,11
370507,0,1,19,27,0,0,0,0,0,22,26,0
370507,1,1,0,0,14,0,0,0,0,0,0,0
370508,1,1,11,11,11,11,11,11,11,11,11,11
370509,1,1,6,6,6,6,6,6,6,6,6,6
370510,1,1,15,15,15,15,15,15,15,15,15,15
370511,1,1,0,0,0,0,0,0,0,0,0,0
370511,2,1,0,0,0,0,0,0,0,5,17,0
370512,1,1,0,0,0,0,0,0,0,0,0,0
370513,1,1,30,30,30,30,30,30,30,30,30,30
370514,1,1,0,0,0,0,0,0,0,0,0,0
370515,1,1,0,0,0,0,0,0,0,0,0,0
370515,2,1,0,0,0,0,0,0,0,0,0,0
370517,1,1,20,20,20,20,20,20,20,20,20,20
370518,1,1,0,0,0,0,0,0,0,0,0,0
370518,2,1,0,0,0,0,0,0,0,0,0,0
370519,1,1,0,0,0,0,0,0,0,0,0,0
370520,0,1,0,0,0,0,0,0,0,0,0,0
370520,1,1,0,0,0,0,0,0,0,0,0,0
370521,1,1,0,0,0,0,0,0,0,0,0,0
370522,1,1,0,0,0,0,0,0,0,0,0,0
370523,1,1,0,0,0,0,0,0,0,0,0,0
370523,2,1,0,0,0,0,0,0,0,0,0,0
370524,1,1,0,0,0,0,0,0,0,0,0,0
370524,2,1,0,0,0,0,0,0,0,0,0,0
370525,1,1,0,0,0,0,0,0,0,0,0,0
370525,2,1,0,0,0,0,0,0,0,0,0,0
370526,1,1,20,20,20,20,20,20,20,20,20,20
370527,1,1,0,0,0,0,7,19,0,0,3,0
370527,2,1,0,40,0,0,0,0,0,0,0,0
370528,1,1,16,16,16,16,16,16,16,16,16,16
370529,1,1,0,0,0,0,0,0,0,0,0,0
370530,1,1,27,27,27,27,27,27,27,27,27,27
370530,2,1,0,0,0,0,0,0,0,0,0,0
370531,1,1,0,0,0,0,0,0,0,0,0,0
370531,2,1,0,0,0,0,0,0,0,0,0,0
370532,0,1,12,12,12,12,12,12,12,12,12,12
370532,1,1,0,0,0,0,0,0,0,0,0,0
370533,1,1,0,0,0,0,0,0,0,0,0,0
370533,2,1,0,0,0,0,0,0,0,0,0,0
370534,1,1,0,0,0,0,0,0,0,0,0,0
370535,0,1,0,0,0,0,0,0,0,0,0,0
370535,1,1,31,10,0,0,10,30,16,0,0,7
370536,1,1,34,34,34,34,34,34,34,34,34,34
370537,1,1,0,0,0,0,0,0,0,0,0,0
370537,2,1,0,0,0,0,0,0,0,0,0,0
370538,0,1,0,0,0,0,0,0,0,0,0,0
370538,1,1,0,0,0,5,0,13,0,0,16,0
370539,1,1,0,0,0,0,0,0,0,0,0,0
370539,2,1,0,0,0,0,0,0,12,0,0,0
370540,1,1,0,0,0,0,0,0,0,0,0,0
370541,1,1,0,0,0,0,0,0,0,0,0,0
370542,1,1,0,0,0,0,0,0,0,0,0,0
370543,1,1,6,6,6,6,6,6,6,6,6,6
370543,2,1,0,0,0,0,0,0,0,0,0,0
370544,1,1,0,0,0,0,0,0,0,0,0,0
370545,1,1,0,0,0,0,0,0,0,0,0,0
370545,2,1,0,0,0,0,0,0,0,0,0,0
370546,1,1,0,0,0,0,0,0,0,0,0,0
370547,1,1,0,0,0,0,0,0,0,0,0,0
370547,2,1,0,0,0,0,0,0,0,0,0,0
370548,1,1,0,0,0,0,0,0,0,0,0,0
370549,1,1,4,4,4,4,4,4,4,4,4,4
370549,2,1,0,0,12,0,0,0,0,0,0,0
370550,1,1,21,21,21,21,21,21,21,21,21,21
370551,1,1,0,0,0,0,0,0,0,0,0,0
370552,1,1,0,0,0,0,0,0,0,0,0,0
370552,2,1,0,0,0,0,0,0,0,0,0,0
370552,3,1,0,0,0,0,0,0,0,0,0,0
370553,1,1,18,18,18,18,18,18,18,18,18,18
370553,2,1,0,0,0,0,0,0,0,0,0,0
370554,1,1,0,0,0,0,0,0,0,0,0,0
370555,0,1,0,0,0,0,0,0,0,0,0,0
370555,1,1,0,0,0,0,0,0,0,0,0,0
370556,1,1,29,29,29,29,29,29,29,29,29,29
370557,1,1,16,16,16,16,16,16,16,16,16,16
370558,1,1,0,0,0,0,0,0,0,0,0,0
370559,1,1,0,0,0,0,0,0,0,0,0,0
370560,1,1,20,20,20,20,20,20,20,20,20,20
370561,1,1,0,0,0,0,0,0,0,0,0,0
370561,2,1,0,0,0,0,0,0,0,0,0,0
370562,1,1,0,0,0,0,0,0,0,0,0,0
370562,2,1,0,0,0,0,0,0,0,0,0,0
370563,1,1,18,18,18,18,18,18,18,18,18,18
370564,0,1,0,0,0,0,0,0,0,0,0,0
370564,1,1,17,11,0,0,0,0,0,0,10,0
370565,1,1,13,13,13,13,13,13,13,13,13,13
370566,1,1,19,19,19,19,19,19,19,19,19,19
370567,1,1,0,0,0,0,0,0,0,0,0,0
370567,2,1,0,0,0,0,0,0,0,0,0,0
370569,1,1,10,0,0,0,0,0,0,12,0,0
370570,0,1,0,0,0,0,0,0,0,0,0,0
370570,0,2,23,0,0,7,19,0,19,11,14,0
370570,3,1,0,0,0,0,0,0,0,0,0,0
370571,0,1,22,22,22,22,22,22,22,22,22,22
370571,1,1,0,0,0,0,0,0,17,0,0,0
370572,0,1,0,0,0,0,0,0,0,0,0,0
370572,1,1,0,0,0,0,0,0,0,0,0,0
370573,1,1,0,0,0,0,0,0,0,0,0,0
370574,1,1,0,0,0,0,0,0,0,0,0,0
370574,2,1,0,0,0,0,0,0,0,0,0,0
370574,3,1,0,0,0,16,0,0,0,0,0,0
370575,1,1,0,0,0,0,0,0,0,0,0,0
370575,2,1,0,0,0,0,0,0,0,0,0,0
370576,1,1,0,0,0,0,0,0,0,0,0,0
370576,2,1,0,0,0,0,0,0,0,0,0,0
370577,1,1,0,0,0,0,0,0,0,0,0,0
370577,2,1,0,0,0,0,0,0,0,0,0,0
370578,1,1,4,4,4,4,4,4,4,4,4,4
370579,0,1,0,0,0,0,0,0,0,0,0,0
370579,1,1,0,0,0,0,0,0,0,0,0,0
370580,1,1,0,0,0,0,0,0,0,0,0,0
370581,1,1,0,0,0,0,0,0,0,0,0,0
370581,2,1,0,0,0,0,0,0,0,0,0,0
370581,3,1,0,0,0,0,0,0,0,0,0,0
370581,4,1,0,0,0,0,0,0,0,0,0,0
370582,1,1,0,0,0,0,0,0,0,0,0,0
370582,2,1,0,0,0,0,0,0,0,0,0,0
370583,1,1,0,0,0,0,0,16,0,0,0,0
370583,2,1,0,0,0,0,0,0,0,0,0,0
370584,1,1,0,0,0,0,0,0,0,0,0,0
370584,2,1,0,0,0,0,0,0,0,0,0,0
370585,1,1,0,0,0,0,0,0,0,0,0,0
370586,1,1,0,0,0,0,0,0,13,0,0,0
370586,2,1,10,10,10,10,10,10,10,10,10,10
370587,1,1,0,0,0,0,0,0,0,0,0,0
370587,2,1,0,0,0,0,0,0,0,0,0,0
370588,1,1,0,0,0,0,0,0,0,0,0,0
370588,2,1,0,0,0,0,0,0,0,0,0,0
370589,1,1,0,0,0,0,0,0,0,0,0,0
370589,2,1,0,0,0,0,0,0,0,0,0,0
370590,1,1,0,0,0,0,0,0,0,0,0,0
370591,1,1,10,15,9,17,16,17,14,18,11,9
370591,2,1,15,15,15,15,15,15,15,15,15,15
370592,0,1,28,28,28,28,28,28,28,28,28,28
370592,1,1,0,0,0,0,0,0,19,0,0,0
370593,1,1,0,0,22,0,0,0,0,0,0,0
370593,2,1,21,0,0,0,0,0,0,0,0,0
370594,0,1,0,0,0,0,0,0,0,0,0,0
370594,1,1,0,0,0,0,0,0,0,0,0,0
370595,0,1,0,0,0,0,0,0,0,0,0,0
370595,1,1,0,0,0,0,0,0,0,0,22,0
370596,1,1,0,0,0,0,0,0,0,0,0,0
370596,2,1,0,0,0,0,0,0,0,0,6,0
370597,1,1,0,0,0,0,8,0,0,0,0,0
370597,2,1,0,0,0,0,0,0,0,0,0,0
370598,1,1,0,0,0,0,0,0,0,0,0,0
370599,0,1,21,21,21,21,21,21,21,21,21,21
370599,1,1,0,7,0,0,0,0,0,0,0,0
370600,0,1,0,0,0,0,0,0,0,0,0,0
370600,2,1,0,0,0,0,0,0,0,0,0,0
370601,1,1,0,0,0,0,0,0,0,0,0,0
370602,1,1,27,27,27,27,27,27,27,27,27,27
370603,1,1,0,0,0,0,0,0,0,0,0,0
370603,2,1,0,0,0,0,0,0,0,0,0,0
370604,1,1,0,0,0,0,0,0,0,0,0,0
370604,2,1,0,0,0,0,0,0,0,0,0,0
370605,1,1,0,0,0,0,0,0,0,0,0,0
370605,2,1,0,0,0,0,0,0,0,0,0,0
370606,1,1,16,16,16,16,16,16,16,16,16,16
370607,1,1,0,0,0,0,0,0,0,0,0,0
370608,1,1,0,0,10,0,0,0,0,0,0,0
370608,2,1,0,0,0,0,0,0,0,0,0,0
370608,3,1,0,0,11,0,0,0,0,0,0,0
370609,1,1,0,0,0,0,0,0,0,0,0,0
370609,2,1,0,0,0,0,0,0,0,0,0,0
370610,1,1,0,0,0,0,0,0,0,0,0,0
370610,2,1,0,0,0,0,0,0,0,0,0,0
370611,0,1,0,0,0,0,0,0,0,0,0,0
370611,1,1,27,12,13,0,15,22,0,17,0,0
370611,2,1,9,14,0,0,12,0,18,16,5,7
370612,1,1,0,0,0,0,0,0,0,0,0,0
370613,1,1,0,0,0,0,0,0,0,0,0,0
370613,2,1,0,26,0,0,0,0,0,12,0,0
370614,1,1,0,0,0,0,0,0,0,0,0,0
370615,1,1,0,0,0,0,0,0,0,0,0,0
370615,2,1,33,0,0,0,0,0,0,0,0,0
370615,3,1,0,0,0,0,0,0,0,0,0,10
370616,1,1,22,22,22,22,22,22,22,22,22,22
370617,1,1,0,0,0,0,0,0,0,0,0,0
370617,2,1,0,13,0,0,0,0,0,0,0,0
370618,1,1,0,0,0,0,0,0,0,0,0,0
370618,2,1,0,0,0,0,0,0,0,0,0,0
370619,1,1,0,0,0,0,0,0,0,0,0,0
370619,2,1,0,0,0,0,0,0,0,0,0,0
370620,1,1,0,0,0,0,0,0,0,0,0,0
370621,1,1,7,7,7,7,7,7,7,7,7,7
370622,1,1,23,23,23,23,23,23,23,23,23,23
370623,1,1,0,0,0,0,0,0,0,0,0,0
370623,2,1,0,0,0,0,0,0,0,0,0,0
370624,1,2,16,0,0,29,0,42,0,19,14,11
370625,1,1,16,16,16,16,16,16,16,16,16,16
370626,0,1,0,0,0,0,0,0,0,0,0,0
370626,1,1,0,0,0,0,0,0,0,0,0,0
370627,1,1,0,0,0,0,0,0,0,0,0,0
370627,2,1,0,0,0,0,0,0,0,0,0,0
370628,1,1,0,0,0,0,0,0,0,0,0,0
370629,1,1,0,0,0,0,0,0,0,0,0,8
370629,2,1,0,0,0,0,0,0,0,0,0,0
370630,1,1,0,0,0,0,0,0,0,0,0,0
370630,2,1,0,0,0,0,0,0,0,0,0,0
370631,1,1,0,0,0,0,0,0,0,0,0,0
370631,2,1,0,0,0,0,0,0,0,0,0,0
370632,1,1,0,0,0,0,0,0,0,0,0,0
370633,1,1,0,0,0,0,0,0,0,0,0,0
370634,0,1,0,0,0,0,0,0,0,0,0,0
370634,1,1,0,0,0,0,0,0,0,0,0,0
370635,1,1,12,12,12,12,12,12,12,12,12,12
370635,2,1,28,28,28,28,28,28,28,28,28,28
370636,1,1,26,26,26,26,26,26,26,26,26,26
370637,1,1,0,0,0,0,0,0,0,0,0,0
370638,1,1,24,24,24,24,24,24,24,24,24,24
370639,1,1,19,19,19,19,19,19,19,19,19,19
370640,1,1,0,0,0,0,0,0,0,0,0,0
370641,1,1,21,21,21,21,21,21,21,21,21,21
370642,1,1,3,3,3,3,3,3,3,3,3,3
370643,1,1,0,0,0,0,0,0,0,0,0,0
370644,1,1,18,18,18,18,18,18,18,18,18,18
370645,0,1,20,20,20,20,20,20,20,20,20,20
370645,1,1,0,0,0,0,0,0,0,0,0,0
370646,1,1,20,0,0,0,15,0,0,0,0,0
370647,0,1,14,14,14,14,14,14,14,14,14,14
370647,1,1,0,0,11,5,12,14,0,0,0,17
370648,1,1,14,9,12,3,21,7,12,32,12,11
370649,1,1,11,11,11,11,11,11,11,11,11,11
370650,1,1,0,0,0,0,0,0,0,0,0,0
370651,0,1,0,0,0,0,0,20,0,0,0,0
370651,1,1,0,0,0,0,0,0,5,0,0,0
370652,1,1,0,0,0,0,0,0,0,0,0,0
370652,2,1,0,0,0,0,0,0,0,0,0,0
370652,3,1,0,0,0,0,0,13,0,0,0,0
370653,1,1,0,0,0,0,0,0,0,0,0,0
370653,2,1,0,0,13,0,0,0,0,0,0,15
370653,3,1,0,0,13,0,0,0,0,0,10,0
370654,1,1,18,18,18,18,18,18,18,18,18,18
370655,1,1,0,0,0,0,0,0,0,0,0,0
370656,1,1,20,20,20,20,20,20,20,20,20,20
370657,1,1,0,0,0,0,0,0,0,0,0,0
370658,1,1,0,0,0,0,0,0,0,0,0,0
370659,1,1,0,0,0,0,0,0,0,0,0,0
370660,1,1,14,14,14,14,14,14,14,14,14,14
370661,0,1,2,2,2,2,2,2,2,2,2,2
370661,1,1,19,0,0,0,0,0,7,0,0,0
370662,1,1,0,0,0,0,0,0,0,0,0,0
370662,2,1,0,0,3,0,0,0,0,0,0,0
370663,1,1,35,35,35,35,35,35,35,35,35,35
370664,1,1,0,0,0,0,0,0,0,0,0,0
370665,1,1,13,13,13,13,13,13,13,13,13,13
370667,1,1,0,0,0,0,0,0,0,0,0,0
370668,1,1,0,0,0,0,0,0,0,0,0,0
370668,2,1,0,0,0,0,0,0,0,0,0,0
370669,1,1,0,0,0,0,0,0,0,0,0,0
370669,2,1,0,0,0,0,0,0,0,0,0,0
370670,1,1,22,22,22,22,22,22,22,22,22,22
370670,2,1,0,0,0,0,0,18,0,0,0,0
370671,1,1,3,3,3,3,3,3,3,3,3,3
370672,1,1,0,0,0,0,0,0,0,0,0,0
370673,1,1,0,0,0,0,0,0,0,0,0,0
370673,2,1,0,0,0,0,0,0,0,0,0,0
370674,1,1,0,0,0,0,0,0,0,0,0,0
370675,0,1,0,0,0,0,0,0,0,0,0,0
370675,1,1,14,0,0,0,0,0,0,0,0,0
370676,1,1,22,22,22,22,22,22,22,22,22,22
370677,1,1,14,14,14,14,14,14,14,14,14,14
370678,1,1,23,23,23,23,23,23,23,23,23,23
370679,1,1,18,18,18,18,18,18,18,18,18,18
370680,1,1,0,0,0,0,0,0,0,0,0,0
370681,1,1,0,0,0,0,0,0,0,0,0,0
370681,2,1,5,16,14,19,0,17,6,14,0,8
370682,0,1,22,17,29,43,9,23,29,27,14,28
370682,1,1,0,0,0,7,0,0,0,0,0,0
370683,1,1,0,0,0,0,0,0,7,0,0,0
370683,2,1,0,0,0,0,0,0,0,0,0,0
370684,1,1,0,0,0,0,0,0,0,0,0,0
370684,2,1,0,0,0,0,0,0,0,0,0,0
370685,1,1,2,9,4,11,10,0,0,14,11,15
370685,2,1,4,4,4,4,4,4,4,4,4,4
370686,1,1,12,12,12,12,12,12,12,12,12,12
370687,1,1,10,15,10,19,11,10,5,18,23,14
370688,1,1,24,24,24,24,24,24,24,24,24,24
370689,0,1,21,21,21,21,21,21,21,21,21,21
370689,1,1,14,14,14,14,14,14,14,14,14,14
370690,1,1,0,0,0,0,0,0,0,0,0,0
370691,1,1,24,24,24,24,24,24,24,24,24,24