ST_CASE,VEH_NO,PER_NO,P1,P2,P3,P4,P5,P6,P7,P8,P9,P10
370692,1,1,0,0,0,0,0,0,0,0,0,0
370692,2,1,0,0,0,0,0,0,0,0,0,0
370693,1,1,0,0,0,0,0,0,0,0,0,0
370693,2,1,0,0,0,0,0,0,0,0,0,0
370694,0,1,0,0,0,0,0,0,0,0,0,0
370694,1,1,0,0,0,0,0,0,0,0,0,0
370695,1,1,0,0,0,0,0,0,0,0,0,0
370695,2,1,0,0,0,0,0,0,0,0,0,0
370695,3,1,0,0,0,0,0,0,0,0,0,0
370695,4,1,0,0,0,0,0,0,0,0,0,0
370695,5,1,0,0,0,0,0,0,0,0,0,0
370696,1,1,0,0,0,0,0,0,0,0,0,0
370696,2,1,0,0,0,0,0,0,12,0,0,0
370696,3,1,0,0,0,0,0,9,0,0,0,0
370696,4,1,0,0,0,0,0,0,0,0,0,0
370697,1,1,0,0,0,0,0,0,0,0,0,0
370697,2,1,0,0,0,0,0,0,0,0,0,0
370698,1,1,7,36,7,13,20,6,15,6,28,16
370699,1,1,0,0,0,0,0,0,0,0,0,0
370699,2,1,0,0,0,0,0,22,0,0,0,0
370699,3,1,0,0,0,0,0,0,0,0,0,0
370700,1,1,0,0,0,0,0,0,0,0,0,0
370700,2,1,0,0,0,0,0,0,0,0,0,0
370701,1,1,0,0,0,0,0,0,0,0,0,0
370701,2,1,0,0,0,0,0,0,0,0,0,0
370702,0,1,6,6,6,6,6,6,6,6,6,6
370702,1,1,0,0,0,0,0,0,0,0,0,0
370703,1,1,0,0,0,0,0,0,0,0,0,0
370704,1,1,0,0,0,0,0,0,0,0,0,0
370704,2,1,0,0,0,0,0,0,0,0,0,0
370705,0,1,22,22,22,22,22,22,22,22,22,22
370705,1,1,0,0,0,0,10,3,17,8,18,0
370706,1,1,14,14,14,14,14,14,14,14,14,14
370706,2,1,0,0,0,0,0,0,0,0,0,0
370707,0,1,24,24,24,24,24,24,24,24,24,24
370707,1,1,0,0,0,0,0,0,0,0,0,18
370708,1,1,9,9,9,9,9,9,9,9,9,9
370709,1,1,30,3,9,7,14,0,8,10,4,21
370710,1,1,0,0,0,0,0,0,0,0,0,0
370710,2,1,0,0,0,0,0,0,0,0,0,0
370711,0,1,19,19,19,19,19,19,19,19,19,19
370711,1,1,16,11,29,0,20,0,0,0,16,8
370712,1,1,0,0,0,0,0,0,0,0,0,0
370712,2,1,0,0,0,0,0,0,0,0,0,0
370713,0,1,2,2,2,2,2,2,2,2,2,2
370713,1,1,7,0,0,0,0,0,10,0,0,5
370714,1,1,34,34,34,34,34,34,34,34,34,34
370715,1,1,0,0,0,0,0,0,0,0,0,0
370716,1,1,24,24,24,24,24,24,24,24,24,24
370717,1,1,0,0,0,0,0,0,0,0,0,0
370717,2,1,0,0,0,0,0,0,0,0,0,0
370717,3,1,0,0,0,0,0,0,0,0,0,0
370718,1,1,0,0,0,0,0,0,0,0,0,0
370719,1,1,0,0,0,0,13,0,8,10,0,0
370719,2,1,0,0,0,0,0,0,0,0,0,0
370720,1,1,0,0,0,0,0,0,0,0,0,0
370721,1,1,0,0,0,0,0,0,0,0,0,0
370722,1,1,0,0,0,0,0,0,0,0,0,0
370722,2,1,0,0,0,0,0,0,0,0,0,0
370722,3,1,9,9,9,9,9,9,9,9,9,9
370723,0,1,21,21,21,21,21,21,21,21,21,21
370723,1,1,0,0,0,0,0,0,0,0,0,0
370724,1,1,0,0,0,0,0,0,0,0,0,0
370724,2,1,0,0,0,0,0,0,0,0,0,0
370725,1,1,2,2,2,2,2,2,2,2,2,2
370725,2,1,0,0,0,0,0,0,0,0,0,0
370725,3,1,0,0,0,0,0,0,0,0,0,0
370726,0,1,0,0,0,0,0,0,0,0,0,0
370726,1,1,13,12,0,12,12,7,6,4,23,11
370727,0,1,31,31,31,31,31,31,31,31,31,31
370727,1,1,0,0,0,0,0,0,0,0,0,0
370728,1,1,30,30,30,30,30,30,30,30,30,30
370729,1,1,0,0,0,0,0,0,0,0,0,0
370730,1,1,0,0,0,29,15,19,0,0,0,0
370731,1,1,0,0,0,0,0,0,0,0,0,0
370732,1,1,0,0,0,0,0,0,0,0,0,0
370733,1,1,0,0,0,0,0,0,0,0,0,0
370733,2,1,0,0,0,0,0,0,0,0,0,0
370734,1,1,4,13,0,17,21,0,19,24,21,26
370735,1,1,0,0,0,0,0,0,0,0,0,0
370736,1,1,26,26,26,26,26,26,26,26,26,26
370737,1,1,26,26,26,26,26,26,26,26,26,26
370738,1,1,0,0,0,0,0,0,0,0,0,0
370739,1,1,0,0,0,0,0,0,0,0,0,0
370740,1,1,0,0,0,0,0,0,24,0,0,0
370740,2,1,0,0,0,0,0,0,0,0,0,0
370741,1,1,0,0,0,0,0,0,0,0,0,0
370742,0,1,0,0,0,0,0,0,0,0,0,0
370742,1,1,0,0,0,0,0,19,0,0,0,0
370743,1,1,0,0,0,0,0,0,0,0,0,0
370744,0,1,0,0,0,0,0,0,0,0,0,0
370744,1,1,0,0,9,0,0,0,0,0,0,0
370745,1,1,0,0,0,0,0,0,0,0,0,0
370746,1,1,0,0,16,0,0,0,0,0,0,0
370746,2,1,0,0,0,0,0,0,0,0,0,0
370746,3,1,0,0,0,0,0,0,0,0,0,0
370746,4,1,0,0,0,0,0,0,0,0,0,0
370747,1,1,25,24,35,30,15,12,16,11,15,17
370748,1,1,0,0,0,0,0,0,0,0,0,0
370749,1,1,35,0,0,0,0,0,0,0,0,0
370750,1,1,0,0,0,0,0,0,0,0,0,0
370750,2,1,0,0,0,0,0,0,0,0,0,0
370750,3,1,0,25,0,0,0,0,0,0,0,0
370751,1,1,19,19,19,19,19,19,19,19,19,19
370752,1,1,45,26,26,14,36,17,12,16,6,0
370753,0,1,24,24,24,24,24,24,24,24,24,24
370753,1,1,0,0,18,5,0,0,0,0,0,0
370754,1,1,18,18,18,18,18,18,18,18,18,18
370754,2,1,18,18,18,18,18,18,18,18,18,18
370755,1,1,35,35,35,35,35,35,35,35,35,35
370756,1,1,1,1,1,1,1,1,1,1,1,1
370756,2,1,0,0,0,0,0,0,0,0,0,0
370757,1,1,0,0,0,0,0,0,0,0,0,0
370758,1,1,0,0,0,12,0,24,26,8,23,0
370759,1,1,0,0,0,0,0,0,0,0,0,0
370759,2,1,0,0,0,0,0,0,0,0,0,0
370760,1,1,28,28,28,28,28,28,28,28,28,28
370761,0,1,19,19,19,19,19,19,19,19,19,19
370761,1,1,0,0,0,0,0,0,0,0,0,0
370762,0,1,29,32,9,7,33,20,21,6,6,10
370762,1,1,0,0,0,0,0,0,0,0,0,0
370763,0,1,35,35,35,35,35,35,35,35,35,35
370763,1,1,0,0,0,0,0,0,0,13,0,0
370764,1,1,22,22,22,22,22,22,22,22,22,22
370765,1,1,0,0,0,0,0,0,0,0,0,0
370765,2,1,0,0,0,0,0,0,0,0,0,0
370766,1,1,0,0,0,0,0,0,0,0,0,0
370767,1,1,0,0,0,0,0,0,22,0,0,11
370767,2,1,0,0,0,0,0,0,0,0,0,0
370768,1,1,0,0,0,0,0,0,0,0,0,0
370768,2,1,0,0,0,0,0,0,0,0,0,0
370769,1,1,16,16,16,16,16,16,16,16,16,16
370770,1,1,18,18,18,18,18,18,18,18,18,18
370771,1,1,16,16,16,16,16,16,16,16,16,16
370771,2,1,0,0,0,0,0,0,0,0,0,0
370772,1,1,0,0,0,0,0,0,11,0,0,0
370772,2,1,0,0,0,0,0,0,0,0,0,0
370772,3,1,0,0,0,0,0,0,0,0,0,0
370772,4,1,0,19,0,0,0,0,0,29,0,12
370773,0,1,31,31,31,31,31,31,31,31,31,31
370773,1,1,0,23,0,0,0,0,0,0,0,0
370774,1,1,0,0,0,0,0,0,0,0,0,0
370775,1,1,0,0,0,0,0,0,0,0,0,0
370776,1,1,2,2,2,2,2,2,2,2,2,2
370777,0,1,20,5,20,16,8,27,22,20,15,20
370777,1,1,0,0,0,0,0,28,0,0,0,0
370778,1,1,0,20,0,0,0,0,0,0,0,0
370778,2,1,31,31,31,31,31,31,31,31,31,31
370779,1,1,0,0,0,0,0,0,0,0,0,0
370779,2,1,0,0,0,0,0,0,0,0,0,0
370779,3,1,0,0,0,0,0,0,0,0,0,0
370780,1,1,0,0,0,0,0,0,0,0,0,0
370781,1,1,0,0,0,0,0,0,0,0,0,0
370781,2,1,0,0,0,0,0,0,23,0,0,0
370782,1,1,0,0,0,0,0,0,0,0,0,0
370782,2,1,0,0,11,0,0,0,0,0,22,0
370783,0,1,0,0,0,0,0,0,0,0,0,0
370783,0,2,12,23,6,0,0,0,0,0,0,0
370783,0,3,30,14,17,0,0,0,14,0,0,15
370783,1,1,0,16,0,11,0,0,17,12,0,15
370784,1,1,16,16,16,16,16,16,16,16,16,16
370784,2,1,0,0,0,0,0,0,0,0,0,0
370785,1,1,0,0,0,0,0,0,0,0,0,0
370786,1,1,0,0,0,0,0,0,0,0,0,0
370787,1,1,0,0,0,0,0,0,0,0,0,0
370787,2,1,0,0,0,0,0,0,0,0,0,0
370788,0,1,0,0,0,0,0,0,0,0,0,0
370788,1,1,0,0,0,0,0,0,0,0,0,0
370789,1,1,0,0,0,0,0,0,0,0,0,0
370790,0,1,27,27,27,27,27,27,27,27,27,27
370790,1,1,0,0,0,0,0,0,0,0,0,0
370790,2,1,0,0,0,0,0,0,0,0,0,0
370791,1,1,0,0,0,0,0,0,0,0,0,0
370792,1,1,4,4,4,4,4,4,4,4,4,4
370793,1,1,7,7,7,7,7,7,7,7,7,7
370794,1,1,8,8,8,8,8,8,8,8,8,8
370795,1,1,13,13,13,13,13,13,13,13,13,13
370795,2,1,0,0,0,0,0,0,0,0,0,0
370796,0,1,3,3,3,3,3,3,3,3,3,3
370796,1,1,0,0,0,0,0,0,0,0,0,0
370797,0,1,26,26,26,26,26,26,26,26,26,26
370797,1,1,0,0,0,0,0,0,0,0,0,0
370798,0,1,0,0,0,0,0,0,0,0,0,0
370798,1,1,0,0,0,0,0,0,0,0,0,0
370799,1,1,0,0,0,0,0,0,0,0,0,0
370800,1,1,0,0,0,16,0,0,0,0,0,5
370801,1,1,0,0,0,0,0,0,0,0,0,0
370802,0,1,0,14,0,28,0,0,0,0,0,0
370802,2,1,0,0,0,0,0,0,0,0,0,0
370803,0,1,0,0,0,0,0,0,0,0,0,0
370803,1,1,0,0,0,0,0,0,0,7,0,0
370804,1,1,22,22,22,22,22,22,22,22,22,22
370805,1,1,0,0,0,0,0,0,0,0,0,0
370806,1,1,0,0,0,0,0,0,0,0,0,0
370807,1,1,13,13,13,13,13,13,13,13,13,13
370808,1,1,0,0,0,0,0,0,0,0,0,0
370809,1,1,0,0,0,0,0,0,0,0,0,0
370810,1,1,0,0,0,0,4,0,0,0,0,0
370811,1,1,0,0,0,0,0,0,0,0,0,0
370811,2,1,0,0,0,0,0,0,0,0,0,0
370812,1,1,0,17,0,0,0,0,0,0,0,0
370813,1,1,0,0,0,0,0,0,0,0,0,0
370813,2,1,0,0,0,0,0,0,21,0,0,0
370814,1,1,0,0,0,0,0,0,0,0,0,0
370814,2,1,0,0,0,0,0,10,0,0,0,0
370815,1,1,0,0,0,0,0,0,0,0,0,0
370815,2,1,0,0,0,0,0,0,0,0,0,0
370815,3,1,0,0,0,0,0,0,0,0,0,0
370815,4,1,0,0,0,0,16,0,0,0,0,0
370816,1,1,0,0,0,0,0,0,0,0,0,0
370816,2,1,0,0,0,0,0,0,0,0,0,0
370817,1,1,0,0,0,0,0,0,0,0,0,8
370817,2,1,0,0,0,0,0,0,0,0,0,25
370818,1,1,0,0,14,0,0,0,0,0,0,0
370818,2,1,0,0,0,0,0,0,0,0,0,0
370819,1,1,16,16,16,16,16,16,16,16,16,16
370819,2,1,0,0,0,0,0,0,0,0,0,0
370820,1,1,0,0,0,0,0,0,0,0,0,0
370821,1,1,0,0,0,0,0,0,0,0,0,0
370822,1,1,0,0,0,0,0,0,0,0,0,0
370823,1,1,18,18,18,18,18,18,18,18,18,18
370824,1,1,0,0,0,0,0,0,0,0,0,0
370825,1,1,0,22,0,26,0,26,16,12,9,21
370826,1,1,0,0,0,0,0,0,0,0,0,0
370826,2,1,0,0,0,0,0,0,0,0,0,0
370827,1,1,15,0,0,0,0,0,0,0,0,0
370827,2,1,0,9,0,0,0,0,0,0,0,0
370828,1,1,0,0,0,0,0,0,0,0,0,0
370829,0,1,0,0,0,0,0,0,0,0,0,0
370829,1,1,0,0,0,0,0,0,0,0,0,0
370830,1,1,4,4,4,4,4,4,4,4,4,4
370831,0,1,0,0,0,0,0,0,0,0,0,0
370831,1,1,0,0,0,0,0,0,0,0,0,0
370832,0,1,10,10,10,10,10,10,10,10,10,10
370832,1,1,0,0,0,0,0,0,0,0,0,0
370833,1,1,0,0,0,0,0,0,0,0,0,0
370833,2,1,0,0,0,0,0,0,0,20,0,0
370833,3,1,0,0,0,0,0,0,0,0,0,0
370834,1,1,0,0,0,0,0,0,0,0,0,0
370835,1,1,0,0,0,0,0,0,0,0,0,0
370835,2,1,0,0,0,0,0,0,0,0,0,0
370836,1,1,0,0,0,0,0,0,11,0,0,0
370836,2,1,0,0,0,0,0,0,0,0,0,0
370836,3,1,0,0,0,0,0,0,0,0,0,0
370837,1,1,0,0,0,0,0,0,0,0,0,0
370837,2,1,0,0,0,0,0,0,0,0,0,0
370838,1,1,0,0,0,0,0,0,0,0,0,0
370838,2,1,0,0,0,0,0,0,0,0,0,0
370838,3,1,0,0,0,0,0,0,0,0,0,0
370839,1,1,0,0,13,0,0,0,4,0,0,0
370839,2,1,17,17,17,17,17,17,17,17,17,17
370840,2,1,0,0,0,0,0,0,0,0,0,0
370841,1,1,0,0,0,0,0,0,0,0,0,0
370841,2,1,0,0,0,0,0,0,0,13,0,0
370842,1,1,0,0,0,0,0,0,0,0,0,0
370843,1,1,0,0,0,0,0,0,0,0,0,0
370843,2,1,26,0,0,0,0,0,0,0,0,0
370844,1,1,0,0,0,0,0,0,0,0,0,0
370844,2,1,0,0,0,0,0,0,0,0,0,0
370845,0,1,0,0,0,0,0,0,0,0,0,0
370845,1,1,0,0,0,0,0,0,0,14,0,0
370846,1,1,0,0,0,0,0,0,0,0,0,0
370846,2,1,0,0,0,0,0,0,0,0,0,0
370846,3,1,0,0,0,0,0,0,0,0,0,0
370847,1,1,15,16,11,17,11,4,16,8,11,14
370848,1,1,0,0,0,0,0,0,0,0,0,0
370848,2,1,0,0,16,0,0,0,0,0,0,0
370849,1,1,0,0,0,0,0,0,0,0,0,0
370850,1,1,0,0,0,0,0,0,0,0,0,0
370850,2,1,0,0,0,0,0,0,0,0,0,12
370850,3,1,7,0,0,0,0,20,0,0,0,0
370850,4,1,0,0,0,0,0,0,0,0,0,0
370851,0,1,0,0,0,0,0,0,0,0,0,0
370851,1,1,8,8,8,8,8,8,8,8,8,8
370852,0,1,0,0,0,0,0,0,0,0,0,0
370852,1,1,0,0,0,0,0,0,0,0,0,0
370853,0,1,0,0,0,0,0,0,0,0,0,0
370853,1,1,0,0,0,0,0,0,0,0,0,0
370853,2,1,0,0,0,0,0,0,0,0,0,0
370853,3,1,0,0,0,0,0,0,0,11,0,0
370853,4,1,0,0,0,0,0,0,0,0,0,0
370854,1,1,0,0,0,0,0,0,0,0,0,0
370855,1,1,0,0,0,0,0,0,0,0,0,0
370856,1,1,19,19,19,19,19,19,19,19,19,19
370857,1,1,0,0,0,0,0,0,0,0,0,0
370857,2,1,0,0,0,0,0,0,12,0,0,6
370858,1,1,11,0,0,0,18,0,0,0,0,0
370858,2,1,0,0,0,0,0,0,0,0,0,0
370859,1,1,34,34,34,34,34,34,34,34,34,34
370860,0,1,28,28,28,28,28,28,28,28,28,28
370860,1,1,0,0,0,0,0,0,0,0,0,0
370861,1,1,0,0,0,0,0,0,0,0,0,0
370862,1,1,0,0,0,0,0,0,0,0,0,0
370862,2,1,0,0,0,0,0,0,0,0,0,0
370863,1,1,20,20,20,20,20,20,20,20,20,20
370864,0,1,0,0,0,0,0,0,0,0,0,0
370864,1,1,0,0,0,0,0,0,0,0,0,0
370865,1,1,27,27,27,27,27,27,27,27,27,27
370866,1,1,8,8,8,8,8,8,8,8,8,8
370867,1,1,0,0,0,0,0,0,0,0,0,0
370868,1,1,0,0,0,0,0,0,0,0,0,0
370869,1,1,0,0,0,0,0,0,0,0,0,0
370869,2,1,0,0,0,0,0,0,0,0,0,0
370870,1,1,0,0,0,0,0,0,0,0,0,0
370870,2,1,0,0,0,0,0,0,0,0,0,0
370871,1,1,0,0,0,0,0,0,21,0,0,0
370871,2,1,0,0,0,0,0,0,0,0,0,0
370872,1,1,0,0,0,0,0,0,0,0,0,0
370873,1,1,0,0,0,0,0,0,0,0,0,0
370874,0,1,0,0,0,0,0,0,0,0,0,0
370874,1,1,11,9,25,13,5,16,15,12,0,33
370874,2,1,0,0,0,0,0,14,0,0,0,0
370875,1,1,0,0,0,29,0,0,0,0,0,0
370876,0,1,0,0,0,0,0,0,0,0,0,0
370876,1,1,0,0,0,0,0,0,0,0,0,0
370877,1,1,0,0,0,0,0,0,0,0,0,0
370877,2,1,0,0,0,0,0,0,0,0,0,0
370878,0,1,36,36,36,36,36,36,36,36,36,36
370878,1,1,0,0,0,0,0,0,0,0,0,0
370879,1,1,0,0,0,0,0,0,0,0,0,0
370880,1,1,27,27,27,27,27,27,27,27,27,27
370881,1,1,0,0,0,0,0,0,0,0,0,0
370881,2,1,0,0,0,0,0,0,0,0,0,0
370881,3,1,0,0,0,0,0,0,0,0,0,0
370881,4,1,0,0,0,0,0,0,0,0,0,0
370882,1,1,22,22,22,22,22,22,22,22,22,22
370883,0,1,0,0,0,0,0,0,0,0,0,0
370883,1,1,0,0,0,0,0,0,0,0,0,0
370884,1,1,0,0,0,0,0,0,0,0,0,0
370884,2,1,0,0,0,0,0,0,0,0,0,0
370885,0,1,18,18,18,18,18,18,18,18,18,18
370885,1,1,0,0,0,0,0,7,0,0,0,0
370886,1,1,0,0,0,0,0,0,0,0,0,0
370887,1,1,23,23,23,23,23,23,23,23,23,23
370888,1,1,0,0,0,0,0,0,0,0,0,0
370889,1,1,0,0,0,0,0,0,0,0,0,0
370889,2,1,0,0,0,17,0,0,0,0,0,0
370890,1,1,18,18,18,18,18,18,18,18,18,18
370891,0,1,0,0,0,0,0,0,0,0,0,0
370891,0,2,0,0,0,0,0,38,0,0,31,0
370891,1,1,0,0,0,0,0,0,0,0,0,0
370892,1,1,0,0,0,0,0,0,0,0,0,0
370892,2,1,0,0,0,0,0,0,0,0,0,0
370893,1,1,32,32,32,32,32,32,32,32,32,32
370894,1,1,0,0,0,0,0,0,0,0,0,0
370894,2,1,0,0,0,0,0,0,0,0,0,0
370895,0,1,0,0,0,0,0,0,0,0,0,0
370895,1,1,0,0,0,0,0,0,0,0,0,0
370896,1,1,0,15,0,9,0,7,0,0,16,11
370897,1,1,0,0,0,0,0,0,0,0,0,0
370897,2,1,0,0,0,0,0,0,0,0,0,0
370898,1,1,6,6,6,6,6,6,6,6,6,6
370899,1,1,24,24,24,24,24,24,24,24,24,24
370899,2,1,0,0,0,0,0,0,0,0,0,0
370900,1,1,18,18,18,18,18,18,18,18,18,18
370900,2,1,0,0,25,0,0,0,0,0,0,0
370901,1,1,5,5,5,5,5,5,5,5,5,5
370902,1,1,0,0,0,0,0,0,0,0,0,0
370902,2,1,0,0,0,0,0,0,0,0,0,0
370903,1,1,0,0,0,0,0,0,0,0,0,0
370904,1,1,0,0,0,0,0,0,0,0,0,0
370904,2,1,0,0,3,0,0,0,0,0,0,0
370905,1,1,10,10,10,10,10,10,10,10,10,10
370906,1,1,0,0,0,0,0,0,0,0,0,0
370906,2,1,0,0,0,0,0,0,0,0,0,0
370907,1,1,0,0,0,22,0,19,0,0,0,0
370908,1,1,0,0,0,0,0,0,0,0,0,0
370908,2,1,0,0,0,0,0,0,0,0,0,0
370909,1,1,0,0,0,0,0,0,0,0,0,0
370909,2,1,0,0,0,0,0,0,0,0,0,0
370909,3,1,0,0,8,0,0,0,0,0,0,0
370910,1,1,0,0,0,0,0,0,0,0,0,0
370910,2,1,0,0,0,0,0,0,0,0,0,0
370911,1,1,0,0,0,0,0,0,0,0,0,0
370912,1,1,15,15,15,15,15,15,15,15,15,15
370912,2,1,0,0,0,0,0,0,0,0,0,0
370913,1,1,26,26,26,26,26,26,26,26,26,26
370914,1,1,0,0,0,0,25,7,0,0,0,0
370914,2,1,0,0,0,0,0,0,0,0,0,0
370915,1,1,0,0,0,0,0,0,0,0,0,0
370916,1,1,0,0,0,0,0,0,0,0,15,8
370916,2,1,0,0,0,0,0,0,0,0,0,0
370917,1,1,0,0,0,0,0,0,0,0,0,0
370918,1,1,0,0,0,0,0,0,0,0,0,0
370918,2,1,0,0,0,0,0,0,17,0,0,0
370919,0,1,1,1,1,1,1,1,1,1,1,1
370919,1,1,0,0,0,0,0,0,0,0,0,0
370920,1,1,0,0,0,0,0,0,0,0,0,0
370921,1,1,0,0,0,0,0,0,0,0,0,0
370922,1,1,0,0,0,0,0,0,0,0,0,0
370922,2,1,0,0,0,3,0,0,0,0,0,0
370923,0,1,27,27,27,27,27,27,27,27,27,27
370923,1,1,0,0,8,0,0,0,14,0,0,0
370924,1,1,0,0,0,0,0,0,0,0,0,0
370925,0,1,0,0,0,0,0,0,0,0,0,0
370925,1,1,0,0,0,0,0,0,0,0,0,0
370925,2,1,0,0,0,0,0,0,0,0,0,0
370926,0,1,24,24,24,24,24,24,24,24,24,24
370926,1,1,13,0,0,0,7,0,0,0,0,0
370927,1,1,0,0,0,0,0,0,0,0,0,0
370927,2,1,0,0,0,0,0,0,0,0,0,0
370928,0,1,28,28,28,28,28,28,28,28,28,28
370928,1,1,0,0,0,0,0,13,25,9,0,0
370929,0,1,21,21,21,21,21,21,21,21,21,21
370929,1,1,0,0,0,0,0,0,0,0,0,0
370930,0,1,0,0,0,0,0,0,0,0,0,0
370930,1,1,0,0,0,0,0,0,0,0,18,0
370931,1,1,0,0,0,0,0,0,0,0,0,0
370931,2,1,0,0,0,0,0,0,0,0,0,0
370932,1,1,0,0,0,0,0,0,0,0,0,0
370933,1,1,31,6,0,0,0,0,0,0,0,0
370934,1,1,0,0,0,0,0,0,0,0,0,0
370934,2,1,0,0,0,0,0,0,0,0,0,0
370935,1,1,0,0,0,0,0,0,0,0,0,0
370935,2,1,0,0,0,0,0,0,0,0,0,0
370936,1,1,23,23,23,23,23,23,23,23,23,23
370937,1,1,0,0,0,0,0,0,0,0,0,0
370937,2,1,0,0,0,0,0,0,0,0,0,0
370938,0,1,8,8,8,8,8,8,8,8,8,8
370938,1,1,0,0,23,0,0,0,0,12,5,0
370939,0,1,0,0,0,0,0,0,0,0,0,0
370939,1,1,0,0,0,0,0,0,0,0,0,0
370940,1,1,4,0,0,0,10,0,0,0,0,0
370940,2,1,0,0,0,0,0,0,0,0,0,0
370941,1,1,30,30,30,30,30,30,30,30,30,30
370942,1,1,0,0,0,0,0,0,0,0,0,0
370942,2,1,0,0,0,0,0,0,0,0,0,0
370943,1,1,0,8,0,0,0,0,0,0,0,0
370944,1,1,22,22,22,22,22,22,22,22,22,22
370944,2,1,4,4,4,4,4,4,4,4,4,4
370945,1,1,25,25,25,25,25,25,25,25,25,25
370946,1,1,0,0,0,0,0,0,0,0,0,0
370946,2,1,0,0,0,0,0,0,0,0,0,0
370947,1,1,20,20,20,20,20,20,20,20,20,20
370948,1,1,0,0,0,0,0,0,0,0,0,0
370948,2,1,0,0,0,0,0,0,0,0,0,33
370949,1,1,0,0,0,0,0,0,0,0,0,0
370949,2,1,0,0,0,0,0,0,0,0,0,0
370950,1,1,19,19,19,19,19,19,19,19,19,19
370951,1,1,0,0,0,0,0,0,0,0,0,0
370951,2,1,0,0,0,0,0,0,0,0,0,0
370951,3,1,0,0,0,0,0,0,0,0,0,0
370952,0,1,0,0,0,0,0,0,0,0,0,0
370952,1,1,0,0,0,0,0,0,0,0,0,0
370953,1,1,0,0,0,0,0,0,0,0,0,0
370953,2,1,0,0,0,0,0,0,0,0,0,0
370954,0,1,5,5,5,5,5,5,5,5,5,5
370954,1,1,0,0,0,0,0,0,0,0,4,0
370955,1,1,17,17,17,17,17,17,17,17,17,17
370956,1,1,0,5,0,0,0,0,0,13,0,0
370956,2,1,17,17,17,17,17,17,17,17,17,17
370957,0,1,0,0,0,0,0,0,0,0,0,0
370957,1,1,0,0,0,10,0,0,0,0,0,0
370958,1,1,0,0,0,0,0,0,0,0,0,0
370958,2,1,0,0,0,0,0,0,0,0,0,0
370958,3,1,0,0,0,0,0,0,0,0,0,0
370958,4,1,0,0,0,0,0,0,0,0,0,0
370958,5,1,0,0,0,0,0,0,0,0,0,0
370958,6,1,0,0,0,0,0,0,0,0,0,0
370959,0,1,0,0,0,0,0,0,0,0,0,0
370959,1,1,0,0,0,0,0,0,0,0,0,0
370960,1,1,0,0,0,0,0,0,0,0,0,0
370960,2,1,0,0,0,0,0,0,0,0,0,0
370961,1,1,0,0,0,0,0,0,0,0,0,0
370961,2,1,0,0,0,0,0,0,0,0,0,0
370962,1,1,0,0,0,0,0,0,0,0,0,0
370962,2,1,0,28,18,0,25,10,0,17,13,6
370963,1,1,7,7,7,7,7,7,7,7,7,7
370963,2,1,0,11,21,19,12,8,4,41,19,24
370964,1,1,12,12,12,12,12,12,12,12,12,12
370965,1,1,0,0,0,0,0,0,0,0,0,0
370965,2,1,0,0,0,0,0,0,0,0,0,0
370966,1,1,0,0,0,0,0,0,0,0,13,0
370966,2,1,0,0,0,0,0,0,0,0,0,0
370966,3,1,0,0,0,0,0,0,0,0,0,0
370967,0,1,0,0,0,0,0,0,0,0,0,0
370967,1,1,0,0,0,0,0,0,0,0,0,0
370968,1,1,0,0,0,0,0,0,0,0,0,0
370968,2,1,10,10,10,10,10,10,10,10,10,10
370969,1,1,31,31,31,31,31,31,31,31,31,31
370970,1,1,0,0,0,0,0,0,0,0,0,0
370970,2,1,0,0,0,0,0,0,0,0,0,0
370970,3,1,0,0,0,0,0,0,0,0,0,0
370971,0,1,0,0,0,0,0,0,0,0,0,0
370971,1,1,0,0,0,0,0,0,0,0,0,0
370972,0,1,0,0,0,0,0,0,0,0,0,0
370972,1,1,0,0,0,0,0,0,0,0,0,0
370973,1,1,2,2,2,2,2,2,2,2,2,2
370973,2,1,0,0,0,0,0,0,0,0,0,0
370974,1,1,0,0,0,0,0,0,0,0,0,0
370975,1,1,4,4,4,4,4,4,4,4,4,4
370975,2,1,0,0,0,0,0,0,0,0,0,0
370976,1,1,0,0,0,0,0,0,0,0,0,0
370976,2,1,10,10,10,10,10,10,10,10,10,10
370977,1,1,10,10,10,10,10,10,10,10,10,10
370978,1,1,25,25,25,25,25,25,25,25,25,25
370979,1,1,0,0,0,0,0,0,0,0,0,0
370979,2,1,0,0,0,0,0,14,0,0,0,0
370980,1,1,0,0,0,0,0,0,0,0,0,0
370981,1,1,21,21,21,21,21,21,21,21,21,21
370982,0,1,0,0,0,0,0,0,0,0,0,0
370982,1,1,0,0,0,0,0,0,0,0,0,0
370982,2,1,0,0,0,0,0,0,0,0,0,11
370983,1,1,6,6,6,6,6,6,6,6,6,6
370983,2,1,0,0,0,0,0,0,0,0,0,0
370984,1,1,0,0,0,0,0,0,0,0,0,0
370985,1,1,0,0,0,0,0,0,0,0,0,0
370985,2,1,0,0,0,0,0,0,0,0,0,0
370986,1,1,0,0,0,0,0,0,0,0,0,0
370986,2,1,0,0,0,0,0,0,0,0,0,0
370986,3,1,0,0,0,0,0,0,14,0,0,0
370987,1,1,24,24,24,24,24,24,24,24,24,24
370988,1,1,0,0,0,0,0,0,0,0,0,0
370988,2,1,0,0,0,0,0,0,0,0,0,0
370988,3,1,0,0,0,0,0,0,0,0,0,0
370989,1,1,16,16,16,16,16,16,16,16,16,16
370990,1,1,26,26,26,26,26,26,26,26,26,26