ST_CASE,VEH_NO,PER_NO,P1,P2,P3,P4,P5,P6,P7,P8,P9,P10
370991,1,1,8,11,25,20,13,11,14,20,10,21
370992,1,1,12,12,12,12,12,12,12,12,12,12
370993,1,1,0,0,0,0,0,0,0,0,0,0
370993,2,1,21,0,0,0,0,0,0,0,0,0
370994,1,1,21,21,21,21,21,21,21,21,21,21
370995,1,1,21,21,21,21,21,21,21,21,21,21
370996,1,1,0,0,0,0,0,0,0,0,0,0
370996,2,1,14,14,14,14,14,14,14,14,14,14
370997,1,1,0,0,0,0,0,0,0,0,0,0
370998,1,1,39,0,0,11,0,21,0,21,0,28
370999,1,1,19,19,19,19,19,19,19,19,19,19
371000,1,1,0,0,0,0,0,0,0,0,0,0
371000,2,1,0,0,0,0,0,0,0,0,0,0
371001,1,1,0,0,0,0,0,0,0,0,0,0
371001,2,1,0,0,0,0,0,0,0,0,0,0
371002,1,1,0,0,0,0,0,0,0,0,0,0
371003,1,1,19,0,0,0,0,0,0,0,0,0
371003,2,1,1,1,1,1,1,1,1,1,1,1
371004,1,1,12,21,32,0,18,15,0,0,18,15
371005,1,1,10,10,10,10,10,10,10,10,10,10
371006,1,1,0,0,0,0,0,0,0,0,0,0
371007,1,1,0,0,0,0,0,0,0,0,0,0
371007,2,1,10,10,10,10,10,10,10,10,10,10
371008,1,1,25,25,25,25,25,25,25,25,25,25
371009,1,1,38,38,38,38,38,38,38,38,38,38
371010,1,1,22,22,22,22,22,22,22,22,22,22
371010,2,1,0,0,0,0,0,0,0,0,0,0
371011,0,1,0,0,0,0,0,0,0,0,0,0
371011,1,1,0,0,0,0,0,0,14,0,21,0
371012,0,1,33,33,33,33,33,33,33,33,33,33
371012,1,1,17,0,0,0,0,0,0,0,0,0
371013,1,1,0,0,0,0,0,0,0,0,0,0
371013,2,1,4,4,4,4,4,4,4,4,4,4
371014,1,1,0,0,0,0,0,0,0,0,0,0
371015,1,1,0,0,0,0,0,0,0,0,0,0
371015,2,1,0,0,0,0,0,0,0,0,0,0
371016,1,1,0,0,0,0,0,0,0,0,0,0
371016,2,1,0,0,0,0,0,0,0,0,0,0
371017,1,1,0,0,0,0,0,0,0,0,0,0
371018,1,1,0,0,0,0,0,0,0,0,0,0
371018,2,1,0,0,0,0,0,0,0,0,0,0
371018,3,1,0,0,0,0,0,0,0,0,0,0
371019,1,1,0,0,0,0,0,0,0,0,0,0
371019,2,1,0,0,0,0,0,0,0,0,0,0
371019,3,1,0,0,0,0,0,0,0,0,0,0
371019,4,1,0,0,0,0,0,0,0,0,0,0
371020,1,1,17,17,17,17,17,17,17,17,17,17
371021,1,1,0,0,0,15,9,0,0,0,0,0
371021,2,1,25,11,15,23,19,5,20,3,7,0
371022,1,1,16,16,16,16,16,16,16,16,16,16
371023,1,1,0,0,0,0,0,0,0,0,0,0
371023,2,1,0,0,0,0,0,0,0,0,0,0
371024,1,1,0,0,0,0,0,0,0,0,0,0
371025,1,1,0,0,0,0,0,0,0,0,0,0
371025,2,1,0,0,0,0,0,0,0,0,0,0
371026,1,1,0,0,0,0,0,0,0,0,6,0
371026,2,1,0,0,0,0,0,0,0,0,0,0
371027,0,1,0,0,0,0,0,0,0,0,0,0
371027,0,2,0,0,0,0,0,0,0,0,0,0
371027,1,1,0,0,0,0,0,0,0,0,0,0
371028,1,1,0,0,0,0,0,0,0,0,0,0
371028,2,1,0,0,0,0,0,0,0,0,0,0
371029,1,1,0,0,0,0,0,0,0,12,0,0
371030,1,1,0,0,0,0,0,0,0,0,0,0
371031,0,1,0,0,0,0,0,0,0,0,0,0
371031,1,1,0,0,0,0,0,0,0,0,0,0
371032,1,1,0,0,0,0,0,0,0,0,0,0
371032,2,1,0,0,0,0,0,0,0,0,0,0
371032,3,1,0,0,0,12,15,0,0,0,0,0
371033,1,1,0,0,0,0,0,0,0,0,0,0
371034,1,1,30,30,30,30,30,30,30,30,30,30
371035,1,1,0,0,0,0,0,0,0,0,0,0
371036,1,1,24,24,24,24,24,24,24,24,24,24
371036,2,1,14,14,14,14,14,14,14,14,14,14
371037,1,1,0,0,0,0,0,0,0,0,0,0
371037,2,1,0,0,0,0,0,0,0,27,0,0
371038,0,1,11,0,0,0,0,0,0,0,0,0
371038,1,1,0,13,8,0,12,2,0,0,0,0
371039,1,1,21,17,21,9,13,16,15,15,13,13
371041,1,1,0,0,0,0,0,0,0,0,0,0
371041,2,1,0,0,0,0,0,0,0,0,0,0
371042,0,1,0,0,0,0,0,0,0,0,0,0
371042,1,1,0,0,0,0,0,0,0,0,0,0
371043,1,1,0,0,0,0,0,0,0,0,0,0
371044,1,1,16,16,16,16,16,16,16,16,16,16
371044,2,1,24,30,12,20,12,7,9,7,15,13
371045,1,1,30,30,30,30,30,30,30,30,30,30
371046,0,1,23,23,23,23,23,23,23,23,23,23
371046,1,1,0,0,0,0,0,0,0,0,0,0
371047,1,1,21,21,21,21,21,21,21,21,21,21
371048,0,1,0,0,0,0,0,0,0,0,0,0
371048,1,1,0,0,0,0,0,0,0,0,0,6
371048,2,1,0,0,0,0,0,0,0,0,0,0
371048,3,1,0,0,0,0,0,0,0,0,0,0
371049,1,1,0,0,0,0,0,0,0,0,0,0
371049,2,1,0,0,0,0,0,0,0,0,0,0
371050,1,1,0,0,0,0,0,0,0,0,0,0
371050,2,1,0,0,0,0,0,0,0,0,0,0
371050,3,1,0,0,0,0,0,0,0,0,0,0
371050,4,1,0,0,0,0,0,0,0,0,0,0
371050,5,1,0,0,0,0,0,0,0,0,0,0
371051,1,1,0,0,0,0,0,0,0,0,0,0
371052,1,1,0,0,0,0,0,0,0,0,0,0
371052,2,1,0,0,0,0,0,0,12,0,0,0
371053,1,1,9,9,9,9,9,9,9,9,9,9
371054,0,1,0,0,0,0,0,0,0,0,0,0
371054,1,1,0,0,0,0,0,0,0,0,0,0
371055,1,1,0,0,18,17,9,0,14,2,22,11
371056,1,1,0,0,0,0,0,0,0,0,0,0
371057,1,1,21,0,0,0,0,0,0,12,0,0
371057,2,1,0,0,0,0,0,0,0,0,0,0
371058,1,1,0,0,0,0,0,0,0,0,0,0
371059,1,1,0,0,7,0,0,0,0,9,0,0
371059,2,1,0,0,0,0,13,9,0,0,12,0
371060,1,1,30,4,15,39,24,16,11,15,2,6
371060,2,1,0,0,0,13,0,0,0,0,0,0
371061,1,1,31,31,31,31,31,31,31,31,31,31
371062,1,1,0,0,0,0,0,35,0,0,0,0
371062,2,1,20,20,20,20,20,20,20,20,20,20
371063,1,1,0,0,0,0,0,0,0,0,0,9
371063,2,1,0,0,0,0,0,0,0,0,0,0
371064,1,1,0,0,0,0,0,0,0,0,0,0
371064,2,1,0,0,0,0,0,0,0,0,0,0
371064,3,1,20,0,0,0,0,0,0,0,0,0
371065,1,1,0,0,0,0,0,0,0,0,0,0
371066,1,1,30,30,30,30,30,30,30,30,30,30
371067,1,1,4,4,4,4,4,4,4,4,4,4
371067,2,1,0,0,0,0,0,0,0,0,0,0
371068,1,1,0,0,0,0,0,0,0,0,0,0
371069,1,1,0,0,0,0,0,0,0,0,0,0
371069,2,1,0,0,0,0,0,0,0,0,0,0
371070,1,1,2,2,2,2,2,2,2,2,2,2
371071,1,1,0,0,0,0,9,0,0,0,0,18
371071,2,1,0,0,0,0,0,0,0,0,0,0
371072,1,1,0,0,0,0,0,0,0,0,0,0
371072,2,1,21,0,0,0,0,0,0,0,0,0
371073,1,1,11,11,11,11,11,11,11,11,11,11
371074,1,1,0,0,0,0,0,0,0,0,0,0
371075,1,1,0,18,11,0,15,0,23,0,0,0
371076,1,1,0,0,0,0,0,0,0,0,0,0
371077,0,1,19,0,4,14,0,0,0,0,14,0
371077,1,1,0,0,0,0,0,0,21,0,0,0
371078,1,1,0,0,0,0,0,0,0,0,0,0
371078,2,1,0,0,0,0,0,0,0,0,0,0
371079,1,1,0,0,0,9,0,0,0,0,0,11
371080,1,1,0,0,0,0,0,0,0,0,0,0
371081,1,1,11,11,11,11,11,11,11,11,11,11
371082,1,1,0,0,0,0,0,0,0,0,0,0
371083,0,1,30,30,30,30,30,30,30,30,30,30
371083,1,1,0,0,0,0,0,0,0,0,0,0
371084,1,1,0,27,0,0,0,0,0,0,0,0
371084,2,1,0,0,0,0,0,0,0,0,0,0
371085,1,1,0,0,0,0,0,0,0,0,0,0
371086,1,1,0,0,0,0,0,0,0,0,0,0
371086,2,1,0,0,24,0,0,0,0,11,14,0
371087,1,1,0,0,0,0,0,0,0,0,0,22
371087,2,1,0,0,0,0,0,0,0,0,0,0
371088,1,1,0,0,0,0,0,4,0,0,0,0
371088,2,1,0,0,0,0,0,0,0,0,0,0
371089,1,1,4,20,0,13,10,26,19,20,12,23
371090,1,1,0,0,0,0,0,0,0,0,0,0
371090,2,1,0,0,0,0,0,0,0,0,0,0
371091,1,1,0,0,0,0,0,0,0,0,0,0
371091,2,1,0,0,0,0,0,0,0,0,0,0
371092,1,1,0,0,0,0,0,0,0,0,0,0
371092,2,1,0,0,0,0,0,0,0,0,0,0
371093,1,1,17,4,19,0,0,0,0,6,0,0
371093,2,1,12,12,12,12,12,12,12,12,12,12
371094,0,1,0,0,0,0,0,0,0,0,0,0
371094,1,1,0,0,0,0,0,0,0,0,0,13
371095,1,1,22,22,22,22,22,22,22,22,22,22
371096,1,1,19,19,19,19,19,19,19,19,19,19
371097,1,1,0,0,0,0,0,0,0,0,0,0
371097,2,1,0,0,0,0,0,0,0,0,0,0
371098,0,1,0,0,0,0,0,0,0,0,0,0
371098,1,1,0,9,0,0,0,0,0,0,0,0
371099,1,1,0,0,0,0,0,0,0,0,0,0
371099,2,1,0,0,0,0,0,0,0,23,5,0
371100,1,1,7,7,0,0,16,11,22,5,3,18
371100,2,1,0,0,0,0,0,0,0,11,0,0
371101,1,1,0,0,0,0,0,0,0,0,0,0
371102,1,1,33,33,33,33,33,33,33,33,33,33
371103,1,1,29,29,29,29,29,29,29,29,29,29
371103,2,1,0,0,0,0,0,0,0,0,0,0
371103,3,1,0,0,0,0,5,0,0,0,0,0
371104,1,1,0,0,0,0,0,0,0,0,0,0
371105,0,1,0,0,0,0,0,0,0,0,0,0
371105,1,1,0,0,0,0,0,0,0,0,0,0
371106,0,1,0,0,0,0,0,0,0,0,0,0
371106,2,1,0,0,0,0,0,0,0,0,0,0
371106,3,1,0,0,10,0,0,0,0,0,0,0
371107,0,1,0,0,0,0,0,0,0,0,0,0
371107,1,1,0,0,0,0,0,0,0,0,0,0
371108,1,1,0,0,0,0,0,0,0,0,0,0
371108,2,1,0,0,0,0,0,0,0,0,0,0
371109,0,1,14,14,14,14,14,14,14,14,14,14
371109,1,1,0,0,0,0,0,0,0,0,0,0
371109,2,1,0,0,0,0,0,0,0,0,0,0
371110,1,1,0,12,16,6,3,15,0,17,8,15
371111,1,1,9,9,9,9,9,9,9,9,9,9
371112,1,1,0,0,0,0,0,0,0,0,0,0
371112,2,1,0,0,0,0,0,0,0,0,0,0
371113,1,1,0,0,0,0,0,0,0,0,0,0
371113,2,1,0,0,0,5,0,0,0,0,0,0
371114,1,1,0,0,0,0,0,0,0,0,0,0
371114,2,1,0,0,0,0,0,0,0,0,0,14
371115,0,1,0,0,0,0,0,0,0,0,0,0
371115,1,1,0,0,0,0,0,0,0,0,0,0
371116,1,1,0,0,0,0,0,0,0,0,0,0
371116,2,1,0,0,0,0,0,0,0,0,0,0
371117,1,1,0,0,0,0,0,0,0,0,0,0
371118,1,1,18,17,0,17,27,7,5,18,2,17
371118,2,1,0,0,0,14,0,0,0,0,0,2
371119,0,1,0,0,0,0,0,0,0,0,0,0
371119,1,1,0,0,0,0,0,0,0,0,0,0
371120,0,1,15,15,15,15,15,15,15,15,15,15
371120,1,1,0,0,0,0,0,0,0,0,0,0
371121,1,1,23,23,23,23,23,23,23,23,23,23
371122,1,1,0,0,0,0,0,0,0,0,0,0
371123,1,1,25,25,25,25,25,25,25,25,25,25
371124,1,1,24,24,24,24,24,24,24,24,24,24
371124,2,1,0,12,0,0,0,0,10,0,0,0
371125,0,1,26,26,26,26,26,26,26,26,26,26
371125,1,1,0,0,0,9,0,0,0,0,0,0
371126,1,1,0,0,0,0,0,0,0,0,0,0
371126,2,1,0,0,0,0,0,0,0,0,0,0
371127,1,1,5,0,0,40,0,11,11,0,16,7
371127,2,1,0,0,0,0,0,0,0,0,0,0
371128,1,1,0,0,0,0,0,0,0,0,0,0
371128,2,1,0,0,0,0,0,0,0,0,0,0
371129,1,1,13,13,13,13,13,13,13,13,13,13
371130,1,1,0,0,0,0,0,0,0,0,0,0
371130,2,1,0,0,0,0,0,0,0,0,0,0
371131,1,1,3,3,3,3,3,3,3,3,3,3
371132,1,1,15,15,15,15,15,15,15,15,15,15
371133,1,1,0,0,0,0,0,0,0,0,0,0
371134,1,1,0,0,0,0,0,0,0,0,0,0
371135,1,1,0,0,0,0,0,0,0,0,0,0
371135,2,1,20,20,20,20,20,20,20,20,20,20
371136,1,1,0,0,0,0,0,0,0,0,0,0
371137,1,1,0,17,0,0,0,0,0,0,0,2
371138,1,1,0,0,0,0,0,0,0,0,0,0
371139,1,1,15,15,15,15,15,15,15,15,15,15
371141,1,1,0,0,0,0,0,0,0,0,0,0
371142,1,1,0,0,0,0,0,0,0,0,0,0
371143,1,1,0,0,8,0,0,0,0,0,0,0
371144,1,1,0,0,0,0,0,0,0,0,0,0
371144,2,1,0,0,0,0,0,0,0,0,0,0
371145,1,1,22,22,22,22,22,22,22,22,22,22
371146,1,1,0,0,0,0,0,0,0,0,0,0
371146,2,1,0,0,0,0,0,0,0,0,0,0
371147,1,1,0,0,0,0,23,0,0,0,0,0
371148,1,1,24,24,24,24,24,24,24,24,24,24
371149,1,1,9,9,9,9,9,9,9,9,9,9
371150,1,1,0,0,0,0,0,0,0,0,0,3
371150,2,1,0,0,0,0,0,0,0,0,0,0
371151,1,1,0,0,0,0,0,0,0,0,0,0
371151,2,1,0,0,0,0,0,0,0,0,0,0
371151,3,1,0,0,0,0,0,0,0,0,0,0
371152,1,1,0,0,0,0,0,0,0,0,0,0
371152,2,1,0,0,0,0,0,0,0,0,0,0
371153,1,1,0,0,10,0,0,0,0,0,0,0
371153,2,1,0,0,0,0,0,0,0,0,0,0
371153,3,1,0,0,0,0,0,0,0,0,0,0
371154,1,1,0,0,0,0,0,0,19,0,0,0
371154,2,1,21,21,21,21,21,21,21,21,21,21
371155,1,1,0,0,0,0,0,0,0,0,0,0
371155,2,1,0,0,0,0,0,0,0,0,0,0
371156,1,1,0,0,0,0,0,0,0,0,0,0
371156,2,1,0,0,0,0,0,0,0,0,0,0
371157,0,1,0,0,0,0,0,0,0,0,0,0
371157,1,1,0,0,0,0,0,0,0,0,0,0
371158,1,1,0,0,0,0,0,0,0,0,0,0
371159,1,1,0,0,0,0,0,0,0,0,0,0
371159,2,1,0,0,0,0,0,0,0,0,0,0
371160,1,1,0,0,0,0,0,0,0,0,0,0
371161,0,1,0,0,0,0,0,0,0,0,0,0
371161,1,1,0,0,0,0,0,0,0,0,0,0
371162,1,1,0,0,0,0,0,0,0,0,0,0
371162,2,1,0,0,0,0,0,0,27,0,0,0
371163,1,1,0,0,0,10,0,0,0,0,0,0
371163,2,1,0,0,0,0,0,0,0,0,0,0
371163,3,1,0,0,0,0,14,0,0,0,0,0
371164,1,1,0,0,0,0,0,0,0,0,0,0
371165,1,1,6,0,0,0,0,0,0,0,0,0
371165,2,1,0,0,0,0,0,0,0,0,0,0
371166,0,1,23,23,23,23,23,23,23,23,23,23
371166,1,1,0,0,0,0,0,0,10,5,0,0
371167,1,1,0,0,0,0,0,0,0,0,0,0
371167,2,1,0,0,0,0,0,0,0,0,0,0
371168,1,1,0,0,0,0,0,0,0,0,0,0
371169,1,1,0,0,0,0,0,0,0,0,0,0
371169,2,1,0,0,0,0,0,0,0,0,0,0
371169,3,1,0,0,0,0,0,0,0,0,0,0
371169,4,1,0,0,0,0,0,0,0,0,0,0
371170,0,1,0,0,0,0,0,0,0,0,0,0
371170,1,1,0,0,0,0,0,0,0,0,0,0
371171,1,1,0,0,0,0,0,0,0,0,0,0
371171,2,1,0,0,0,0,0,0,0,0,0,0
371172,0,1,10,10,10,10,10,10,10,10,10,10
371172,1,1,0,0,0,0,0,0,0,0,0,13
371173,0,1,0,0,0,0,0,0,0,0,0,0
371173,1,1,0,0,0,0,0,0,0,0,0,0
371174,1,1,0,0,0,0,0,0,0,0,0,0
371175,1,1,0,0,0,0,9,0,0,0,0,0
371175,2,1,0,0,0,0,0,0,0,0,0,0
371176,1,1,0,0,0,0,0,0,0,0,0,0
371176,2,1,0,0,0,0,0,0,0,0,0,0
371177,0,1,0,0,0,0,0,0,28,0,0,30
371177,0,2,10,10,10,10,10,10,10,10,10,10
371177,1,1,0,0,0,0,0,0,0,0,0,0
371178,1,1,0,0,0,0,0,0,0,0,0,0
371179,1,1,29,16,9,12,0,0,15,0,19,12
371179,2,1,0,0,0,0,0,0,0,0,0,0
371180,1,1,0,0,0,0,0,0,0,0,0,0
371180,2,1,0,0,0,0,0,0,0,0,0,0
371181,1,1,11,11,11,11,11,11,11,11,11,11
371181,2,1,0,0,0,0,0,0,0,0,0,0
371182,1,1,8,8,8,8,8,8,8,8,8,8
371182,2,1,24,24,24,24,24,24,24,24,24,24
371183,1,1,0,0,0,0,0,0,0,0,0,0
371183,2,1,0,0,0,0,0,0,0,0,0,0
371184,1,1,0,0,0,0,0,0,0,0,0,13
371184,2,1,0,0,0,0,0,0,0,0,0,0
371185,1,1,0,0,0,0,0,0,0,0,0,0
371186,1,1,0,0,0,0,0,0,0,0,0,0
371186,2,1,0,0,0,0,0,0,0,0,0,0
371187,1,1,0,0,0,0,0,0,0,0,0,0
371187,2,1,0,0,0,0,0,0,0,0,0,0
371188,0,1,0,0,0,0,0,0,0,0,0,0
371188,1,1,0,0,0,0,0,0,0,0,0,0
371189,1,1,0,0,0,0,0,0,0,0,0,0
371190,1,1,0,0,0,0,0,0,0,0,0,0
371191,1,1,25,25,25,25,25,25,25,25,25,25
371192,0,1,0,0,0,0,0,0,0,0,0,0
371192,1,1,0,0,0,0,0,0,0,0,0,0
371193,1,1,0,0,27,11,15,2,21,34,0,12
371193,2,1,0,0,0,0,0,0,0,0,0,0
371193,3,1,0,0,0,0,0,0,0,0,0,0
371193,4,1,0,0,0,0,0,0,0,0,0,0
371194,2,1,0,0,0,0,0,0,0,0,0,0
371195,1,1,0,0,0,0,0,0,15,0,0,0
371195,2,1,0,0,0,0,0,0,0,0,0,0
371196,1,1,10,10,10,10,10,10,10,10,10,10
371197,1,1,0,11,0,0,0,0,0,0,14,20
371198,0,1,0,21,0,0,0,0,0,0,0,0
371198,1,1,0,0,0,0,0,0,0,0,0,0
371199,1,1,10,10,10,10,10,10,10,10,10,10
371200,1,1,0,0,0,0,0,0,0,0,0,0
371200,2,1,0,0,0,0,0,0,0,0,0,0
380002,1,1,0,0,0,0,0,0,0,0,0,0
380003,1,1,0,0,0,0,0,0,0,0,0,0
380003,2,1,0,0,0,0,0,0,0,0,0,0
380004,1,1,0,0,0,0,0,0,0,0,0,0
380005,0,1,0,0,0,0,0,0,0,0,0,0
380005,0,2,0,0,0,0,0,0,0,0,19,0
380005,0,3,0,0,0,0,0,0,0,0,0,0
380005,1,1,0,0,0,0,0,0,0,0,0,0
380005,3,1,0,0,0,0,0,0,0,0,0,0
380005,4,1,0,0,0,0,0,0,0,0,0,0
380006,0,1,2,2,2,2,2,2,2,2,2,2
380006,1,1,22,22,22,22,22,22,22,22,22,22
380007,1,1,0,0,0,0,0,0,0,0,0,0
380007,2,1,0,0,0,0,0,0,0,0,0,0
380008,1,1,0,0,0,0,0,0,0,0,0,0
380008,2,1,0,0,0,0,0,0,0,0,0,0
380009,1,1,0,0,0,0,0,0,0,0,0,0
380009,2,1,0,0,0,0,0,0,0,0,0,0
380010,1,1,0,0,0,0,0,0,0,0,0,0
380010,2,1,0,0,0,0,0,0,0,0,0,0
380010,3,1,0,0,0,0,0,0,0,0,0,0
380010,4,1,7,0,0,0,0,0,0,0,0,0
380011,1,1,0,0,0,0,0,0,0,0,0,0
380012,1,1,0,0,0,0,0,0,0,0,0,0
380012,2,1,0,0,0,0,0,0,0,0,0,0
380013,1,1,13,13,13,13,13,13,13,13,13,13
380013,2,1,21,21,21,21,21,21,21,21,21,21
380014,1,1,0,0,0,0,0,0,0,0,0,0
380014,2,1,0,0,0,0,0,0,0,0,0,0
380014,3,1,0,0,0,0,0,0,0,0,0,0
380015,1,1,0,0,0,0,0,0,0,0,0,0
380015,2,1,0,0,0,0,0,0,0,0,0,0
380016,1,1,0,0,0,0,0,0,0,0,0,0
380016,2,1,0,0,0,0,0,0,0,0,0,0
380017,1,1,45,45,45,45,45,45,45,45,45,45
380018,1,1,0,0,0,0,0,0,0,0,0,0
380018,2,1,0,0,0,0,0,0,0,0,0,0
380019,1,1,25,25,25,25,25,25,25,25,25,25
380019,2,1,0,0,0,0,0,0,0,0,0,0
380020,1,1,18,18,18,18,18,18,18,18,18,18
380020,2,1,0,3,0,0,0,0,0,0,0,0
380021,1,1,0,0,0,0,0,0,0,0,0,0
380022,1,1,0,0,16,0,0,0,0,5,0,7
380023,1,1,10,10,10,10,10,10,10,10,10,10
380024,1,1,0,0,0,0,0,0,0,0,0,0
380024,2,1,0,0,0,0,0,0,0,0,0,0
380025,1,1,0,0,0,0,0,0,0,0,0,0
380025,2,1,0,0,0,0,0,0,0,0,0,0
380026,1,1,12,12,12,12,12,12,12,12,12,12
380026,2,1,0,0,0,0,0,0,0,0,0,0
380027,1,1,26,26,26,26,26,26,26,26,26,26
380028,1,1,14,14,14,14,14,14,14,14,14,14
380028,2,1,0,0,0,0,0,0,0,0,0,0
380029,0,1,0,0,0,0,0,0,0,0,0,0
380029,1,1,0,0,0,0,0,0,0,0,0,0
380030,1,1,0,0,0,0,0,0,0,0,0,0
380031,1,1,0,0,0,0,0,0,0,0,0,0
380031,2,1,0,0,13,0,16,0,31,0,0,0
380032,1,1,23,23,23,23,23,23,23,23,23,23
380032,2,1,0,0,0,0,0,0,0,0,0,0
380033,1,1,4,4,4,4,4,4,4,4,4,4
380034,1,1,14,14,14,14,14,14,14,14,14,14
380035,1,1,22,22,22,22,22,22,22,22,22,22
380035,2,1,17,17,17,17,17,17,17,17,17,17
380036,1,1,0,0,0,0,0,0,0,0,0,0
380036,2,1,0,0,0,0,0,0,0,0,0,0
380037,1,1,19,19,19,19,19,19,19,19,19,19
380038,1,1,0,10,0,0,0,0,0,0,0,0
380039,1,1,0,0,0,0,0,0,0,0,0,0
380040,1,1,0,0,0,0,0,0,0,0,0,0
380040,2,1,0,0,0,0,0,0,0,0,0,0
380041,1,1,0,0,0,0,0,0,0,0,0,0
380041,2,1,0,0,0,0,0,0,0,0,0,0
380042,1,1,9,9,9,9,9,9,9,9,9,9
380043,0,1,0,0,0,0,0,0,0,0,0,0
380043,1,1,4,4,4,4,4,4,4,4,4,4
380044,1,1,16,16,16,16,16,16,16,16,16,16
380045,0,1,0,0,0,0,0,0,0,0,0,0
380045,1,1,0,0,0,0,0,0,0,0,0,0
380046,1,1,25,25,25,25,25,25,25,25,25,25
380047,0,1,16,16,16,16,16,16,16,16,16,16
380047,1,1,0,0,0,0,0,0,0,0,0,0
380048,1,1,6,0,0,0,12,0,15,0,0,0
380048,2,1,9,9,9,9,9,9,9,9,9,9
380049,1,1,22,22,22,22,22,22,22,22,22,22
380050,1,1,18,18,18,18,18,18,18,18,18,18
380051,1,1,15,15,15,15,15,15,15,15,15,15
380052,1,1,0,0,0,0,8,0,0,0,0,31
380053,1,1,0,0,0,0,0,0,0,0,0,0
380054,1,1,20,20,20,20,20,20,20,20,20,20
380055,1,1,10,10,10,10,10,10,10,10,10,10
380055,2,1,0,0,0,0,0,0,0,0,0,0
380056,1,1,25,25,25,25,25,25,25,25,25,25
380056,2,1,0,0,0,0,0,0,0,0,0,0
380057,1,1,0,0,0,0,0,0,0,0,0,0
380057,2,1,0,0,0,0,0,0,0,0,0,0
380058,1,1,0,0,0,0,0,0,0,0,0,0
380058,2,1,0,0,0,0,0,0,0,0,0,0
380059,1,1,37,37,37,37,37,37,37,37,37,37
380060,1,1,15,15,15,15,15,15,15,15,15,15
380061,1,1,0,0,0,0,0,0,0,0,0,0
380061,2,1,0,0,0,0,0,0,0,0,0,0
380062,0,1,0,0,0,0,0,0,0,0,0,0
380062,1,1,0,0,0,0,0,0,0,0,0,0
380063,0,1,0,0,0,0,0,0,0,0,0,0
380063,1,1,0,0,0,0,0,0,0,0,0,0
380064,1,1,17,17,17,17,17,17,17,17,17,17
380065,0,1,0,0,0,0,0,0,0,0,0,0
380065,1,1,0,0,0,0,0,0,10,0,0,12
380066,1,1,0,0,0,0,0,0,0,0,0,0
380066,2,1,0,0,0,0,0,0,0,0,0,0
380067,1,1,0,0,0,0,0,0,0,0,0,0
380067,2,1,0,0,0,0,0,0,0,0,0,0
380068,1,1,9,9,9,9,9,9,9,9,9,9
380069,0,1,0,0,0,0,0,0,0,0,0,0
380069,1,1,10,0,0,0,0,0,5,2,0,0
380070,1,1,0,0,0,0,0,0,0,0,0,0
380070,2,1,0,0,0,0,0,0,0,0,0,0
380071,1,1,13,13,13,13,13,13,13,13,13,13
380072,1,1,0,0,0,0,0,0,0,0,0,0
380073,1,1,0,0,0,0,0,0,0,0,0,0
380073,2,1,0,0,0,0,0,0,0,0,0,0
380074,1,1,8,0,0,0,21,22,48,24,0,19
380075,1,1,12,12,12,12,12,12,12,12,12,12
380076,1,1,11,11,11,11,11,11,11,11,11,11
380077,1,1,16,16,16,16,16,16,16,16,16,16
380078,1,1,12,12,12,12,12,12,12,12,12,12
380079,1,1,13,14,14,0,0,0,0,0,0,7
380080,1,1,0,0,0,0,0,0,0,0,0,0
380081,1,1,29,29,29,29,29,29,29,29,29,29
380082,1,1,15,15,15,15,15,15,15,15,15,15
380083,1,1,0,0,0,0,0,0,0,0,0,0
380083,2,1,16,0,0,0,15,0,0,15,0,0
380084,1,1,0,0,0,0,0,0,0,0,0,0
380085,1,1,0,0,0,0,0,0,0,0,0,0
380086,1,1,0,0,0,0,0,0,0,0,0,0
380086,2,1,19,19,19,19,19,19,19,19,19,19
380087,1,1,0,0,0,0,0,0,0,0,0,0
380088,1,1,26,26,26,26,26,26,26,26,26,26
380089,1,1,0,0,0,0,0,0,0,0,0,0
380090,1,1,17,17,17,17,17,17,17,17,17,17
380091,1,1,0,0,0,0,0,0,0,0,0,0
380092,0,1,0,0,0,0,0,0,0,0,0,0
380092,1,1,0,0,0,0,0,0,0,0,0,0
380093,1,1,0,0,0,0,0,0,0,0,0,0
380094,1,1,22,22,22,22,22,22,22,22,22,22
380095,1,1,23,23,23,23,23,23,23,23,23,23
380096,1,1,0,0,7,0,0,12,0,0,0,0
380097,0,1,12,0,0,0,0,0,0,0,0,32
380097,1,1,0,0,0,0,0,0,0,0,0,0
380098,1,1,20,20,20,20,20,20,20,20,20,20
380099,1,1,0,0,0,0,0,0,0,0,0,0
380099,2,1,0,0,0,0,0,0,0,0,0,0
380100,1,1,11,11,11,11,11,11,11,11,11,11
380100,2,1,0,0,0,0,0,0,0,0,0,0
380101,1,1,2,2,2,2,2,2,2,2,2,2
380102,1,1,0,0,0,0,0,0,0,0,0,0
380102,2,1,0,0,0,0,0,0,0,0,0,0
380103,1,1,10,10,10,10,10,10,10,10,10,10
380104,1,1,0,0,0,0,10,0,0,0,0,0
380104,2,1,0,0,0,0,0,0,0,0,0,0