ST_CASE,VEH_NO,PER_NO,P1,P2,P3,P4,P5,P6,P7,P8,P9,P10
380104,3,1,0,0,0,0,0,0,0,0,1,0
380106,1,1,21,21,21,21,21,21,21,21,21,21
380107,1,1,0,0,0,0,0,0,0,0,0,0
380108,1,1,0,0,0,0,0,0,0,0,0,0
380108,2,1,0,0,0,0,0,0,0,0,0,0
380109,1,1,5,5,5,5,5,5,5,5,5,5
380109,2,1,0,0,0,0,0,0,0,0,0,0
380110,1,1,0,0,0,0,0,0,0,0,0,0
380110,2,1,1,1,1,1,1,1,1,1,1,1
380111,1,1,0,0,0,0,0,0,0,0,0,0
380111,2,1,0,0,0,0,0,0,0,0,0,0
380112,1,1,0,0,0,0,0,0,0,0,0,0
380113,1,1,0,0,0,0,0,0,0,12,0,0
380113,2,1,0,0,0,19,0,0,26,0,0,0
380114,1,1,0,0,0,0,0,0,0,0,0,0
380114,2,1,0,0,0,0,0,0,0,0,0,0
380115,1,1,0,0,0,0,0,0,0,0,0,0
380116,1,1,0,0,0,0,0,0,0,0,0,0
380116,2,1,0,0,0,0,0,0,0,0,0,0
380117,1,1,0,0,0,0,0,0,0,0,0,0
380117,2,1,5,5,5,5,5,5,5,5,5,5
380117,3,1,0,0,0,0,0,0,0,0,0,0
380118,1,1,19,19,19,19,19,19,19,19,19,19
380119,0,1,12,11,16,20,8,26,0,40,25,22
380119,1,1,0,0,0,0,15,9,9,0,0,0
380120,1,1,6,6,6,6,6,6,6,6,6,6
380121,1,1,13,13,13,13,13,13,13,13,13,13
380122,1,1,0,0,0,0,0,0,0,0,0,0
380123,1,1,0,18,0,0,0,0,0,0,0,0
380123,2,1,0,0,0,0,0,0,0,0,0,0
390001,1,1,0,0,0,0,0,0,0,0,0,0
390002,1,1,0,0,0,0,0,0,0,0,0,0
390002,2,1,0,0,0,0,0,0,0,0,0,0
390003,1,1,0,0,0,0,0,0,0,39,0,0
390004,1,1,0,0,0,0,0,0,0,0,0,0
390005,1,1,0,0,0,0,0,0,0,0,0,0
390006,1,1,0,0,0,0,0,0,0,0,0,0
390006,2,1,0,0,0,0,0,0,0,0,0,0
390007,1,1,8,8,8,8,8,8,8,8,8,8
390007,2,1,0,0,0,0,0,0,0,0,0,0
390008,1,1,0,0,0,0,0,0,0,0,0,0
390008,2,1,0,0,0,0,0,0,0,0,0,0
390009,1,1,0,0,0,0,0,0,0,0,0,0
390010,1,1,20,20,20,20,20,20,20,20,20,20
390011,1,1,0,0,0,0,0,0,0,0,0,0
390012,1,1,0,0,0,0,0,0,0,0,0,0
390012,2,1,0,0,0,0,0,0,0,0,0,0
390013,1,1,0,0,0,0,0,0,0,0,0,0
390015,1,1,0,0,0,0,0,0,0,0,0,0
390016,1,1,0,0,0,0,0,0,0,0,0,0
390016,2,1,8,8,8,8,8,8,8,8,8,8
390017,1,1,0,0,0,0,0,0,0,0,0,0
390018,1,1,0,0,0,0,0,0,0,0,0,0
390018,2,1,0,0,0,0,0,0,0,0,0,0
390018,3,1,0,0,0,0,0,0,21,0,0,0
390018,4,1,0,0,0,0,0,0,0,0,0,0
390018,5,1,0,0,0,0,0,0,0,0,0,0
390019,1,1,0,0,0,0,0,0,0,0,0,0
390021,1,1,0,0,0,0,0,0,0,0,0,0
390021,2,1,0,0,0,0,0,0,0,0,0,0
390022,1,1,13,13,13,13,13,13,13,13,13,13
390023,0,1,0,0,0,0,0,0,0,0,0,0
390023,1,1,0,0,0,0,0,0,0,0,0,0
390024,1,1,0,0,0,0,0,0,0,0,0,0
390025,1,1,0,0,0,0,0,0,0,0,0,0
390025,2,1,0,0,0,0,0,0,0,0,0,0
390026,1,1,24,24,24,24,24,24,24,24,24,24
390027,2,1,0,0,0,0,0,0,0,0,0,0
390028,1,1,21,21,21,21,21,21,21,21,21,21
390029,1,1,26,26,26,26,26,26,26,26,26,26
390029,2,1,0,0,0,0,0,0,0,0,0,0
390030,1,1,13,13,13,13,13,13,13,13,13,13
390031,1,1,0,0,0,0,0,0,0,0,0,0
390032,1,1,0,0,0,0,0,0,0,0,0,0
390032,2,1,0,0,0,0,0,0,0,0,0,0
390033,1,1,11,20,5,0,0,8,10,21,13,23
390034,1,1,0,0,0,0,0,0,0,0,0,0
390035,1,1,18,18,18,18,18,18,18,18,18,18
390036,1,1,0,0,0,0,0,0,0,0,0,0
390036,2,1,0,0,0,0,0,0,18,0,0,0
390037,1,1,0,0,0,0,0,0,0,0,0,0
390037,2,1,0,0,0,0,0,0,0,0,0,0
390038,1,1,0,0,0,0,0,0,0,0,0,0
390038,2,1,0,0,0,0,0,0,0,0,0,0
390039,1,1,0,0,0,0,0,0,0,0,0,0
390039,2,1,0,0,0,0,0,0,0,0,0,0
390040,1,1,0,0,0,0,0,0,0,0,0,0
390040,2,1,0,0,0,0,0,0,0,0,0,0
390041,1,1,0,0,0,0,0,0,0,0,0,0
390041,2,1,0,0,0,0,0,0,0,0,0,0
390043,1,1,0,0,0,0,0,0,0,0,0,0
390044,1,1,0,0,0,0,0,0,0,0,0,0
390045,1,1,0,0,0,3,0,0,0,0,0,0
390046,1,1,9,9,9,9,9,9,9,9,9,9
390047,1,1,19,19,19,19,19,19,19,19,19,19
390048,1,1,0,0,0,0,0,0,0,0,0,0
390049,1,1,0,0,0,0,0,0,0,0,0,0
390050,1,1,0,0,0,0,0,0,0,0,0,0
390050,2,1,0,0,0,0,0,0,0,0,0,0
390052,1,1,0,0,0,0,0,0,0,0,0,0
390053,1,1,1,1,1,1,1,1,1,1,1,1
390054,1,1,24,24,24,24,24,24,24,24,24,24
390055,1,1,8,8,8,8,8,8,8,8,8,8
390056,1,1,0,0,0,0,0,0,0,0,0,0
390058,1,1,0,0,0,0,0,0,0,0,0,0
390058,2,1,0,0,0,0,0,0,0,0,0,0
390059,1,1,20,20,20,20,20,20,20,20,20,20
390060,0,1,0,0,0,0,0,0,0,0,0,0
390060,0,2,0,0,0,0,0,0,0,0,0,0
390060,1,1,0,0,17,0,0,0,0,0,0,0
390061,1,1,0,0,0,0,0,0,0,0,0,0
390061,2,1,0,0,0,0,0,0,0,0,0,0
390062,1,1,0,0,0,0,0,0,0,0,0,0
390062,2,1,0,0,0,0,0,0,0,0,0,0
390063,1,1,0,0,0,0,0,0,0,0,0,0
390064,1,1,0,0,0,0,0,0,0,0,0,0
390064,2,1,0,0,0,0,0,0,0,0,0,0
390065,1,1,0,0,22,0,0,0,0,0,0,0
390065,2,1,0,0,0,0,0,0,0,0,0,0
390066,1,1,0,0,0,0,0,0,0,0,0,0
390066,2,1,0,0,0,0,0,0,0,0,0,0
390067,1,1,0,0,0,0,0,0,0,0,0,0
390067,2,1,0,0,0,0,0,0,0,0,0,0
390068,1,1,0,0,0,0,0,0,0,0,0,0
390068,2,1,0,0,0,0,0,0,0,0,0,0
390069,1,1,0,0,0,0,0,0,0,0,0,0
390069,2,1,0,21,0,0,0,0,0,0,0,0
390071,1,1,25,25,25,25,25,25,25,25,25,25
390072,0,1,0,0,0,0,0,0,0,0,0,0
390072,2,1,7,22,7,18,16,16,0,38,17,4
390073,1,1,0,0,0,0,0,0,0,0,0,0
390074,1,1,0,0,0,0,0,0,0,0,0,0
390075,1,1,10,10,10,10,10,10,10,10,10,10
390076,1,1,0,0,0,0,0,0,0,0,0,0
390076,2,1,0,0,0,0,0,0,0,0,0,0
390076,3,1,0,0,0,0,0,0,0,0,0,0
390077,1,1,28,28,28,28,28,28,28,28,28,28
390077,2,1,0,0,0,0,0,0,0,0,0,0
390078,1,1,0,0,0,0,0,0,0,0,0,0
390078,2,1,0,0,0,0,0,0,0,0,0,0
390079,0,1,0,0,0,0,0,0,0,0,0,0
390079,1,1,0,0,0,0,0,0,0,0,0,0
390080,1,1,0,0,0,0,0,0,0,0,0,0
390080,2,1,0,0,0,0,0,0,0,0,0,0
390081,1,1,0,0,0,0,0,0,0,0,0,0
390082,1,1,0,0,0,0,0,0,0,0,0,0
390083,1,1,0,0,0,0,0,0,0,0,0,0
390084,1,1,18,18,18,18,18,18,18,18,18,18
390085,1,1,0,0,0,0,0,0,0,0,0,0
390085,2,1,0,0,0,0,0,0,0,0,0,0
390086,1,1,0,0,0,0,0,0,0,0,0,0
390087,1,1,0,0,0,0,0,0,0,0,0,0
390088,1,1,0,0,0,0,0,0,0,0,0,0
390089,1,1,32,32,32,32,32,32,32,32,32,32
390090,1,1,23,23,23,23,23,23,23,23,23,23
390091,1,1,0,0,0,0,0,0,0,0,0,0
390091,2,1,0,0,0,0,0,0,0,0,0,0
390092,1,1,16,16,16,16,16,16,16,16,16,16
390093,1,1,10,10,10,10,10,10,10,10,10,10
390094,0,1,0,0,0,0,0,0,0,0,0,0
390094,1,1,0,0,0,0,0,0,0,0,0,0
390096,1,1,11,11,11,11,11,11,11,11,11,11
390097,1,1,11,11,11,11,11,11,11,11,11,11
390098,1,1,0,0,0,0,0,0,0,0,0,0
390099,1,1,13,13,13,13,13,13,13,13,13,13
390100,1,1,13,13,13,13,13,13,13,13,13,13
390101,1,1,0,0,0,0,0,0,0,0,0,0
390102,0,1,23,23,23,23,23,23,23,23,23,23
390102,1,1,0,0,0,0,0,0,0,11,0,0
390103,1,1,0,0,0,0,0,0,0,0,0,0
390103,2,1,0,0,0,0,0,0,0,0,0,0
390104,1,1,26,26,26,26,26,26,26,26,26,26
390105,0,1,0,0,0,0,0,0,0,0,0,0
390105,1,1,0,0,0,0,0,0,0,0,0,0
390106,1,1,0,0,0,0,0,0,0,0,0,0
390106,2,1,0,0,0,0,0,0,0,0,0,0
390106,3,1,0,0,0,0,0,0,0,0,0,0
390107,1,1,0,0,0,0,0,0,0,0,0,0
390107,2,1,0,0,0,0,0,0,0,0,0,0
390108,1,1,0,0,0,0,0,0,0,0,0,0
390108,2,1,0,0,0,0,0,0,0,0,0,0
390109,1,1,19,19,19,19,19,19,19,19,19,19
390110,1,1,0,0,0,0,0,0,0,0,0,0
390110,2,1,0,0,0,0,0,0,0,0,0,0
390111,1,1,31,0,0,0,0,0,26,0,28,0
390112,0,1,0,0,0,0,0,0,0,0,0,0
390112,1,1,0,0,0,7,0,0,8,0,0,0
390113,1,1,0,0,0,0,0,0,0,0,0,0
390113,2,1,0,0,0,0,0,0,0,0,0,0
390114,1,1,0,0,0,0,0,0,0,0,0,0
390115,1,1,0,0,0,0,0,0,0,0,0,0
390115,2,1,0,0,0,0,0,0,0,0,0,0
390116,1,1,0,0,0,0,0,0,0,0,0,0
390117,1,1,19,19,19,19,19,19,19,19,19,19
390117,2,1,0,0,0,0,0,0,0,0,0,0
390117,3,1,0,0,0,0,0,0,0,0,0,0
390118,1,1,16,16,16,16,16,16,16,16,16,16
390119,1,1,6,11,10,10,20,7,10,20,18,13
390120,0,1,0,0,0,0,0,0,0,0,0,0
390120,1,1,0,14,0,0,0,0,0,0,0,0
390121,1,1,0,0,0,0,0,0,0,0,0,0
390121,2,1,0,0,0,0,0,0,0,0,23,0
390122,1,1,18,18,18,18,18,18,18,18,18,18
390123,1,1,21,21,21,21,21,21,21,21,21,21
390124,1,1,0,0,0,0,0,0,0,0,0,0
390125,1,1,0,0,0,0,0,0,0,0,0,0
390125,2,1,0,0,0,0,0,0,0,0,0,0
390125,3,1,0,0,0,0,0,0,0,0,0,0
390125,4,1,0,0,0,0,0,0,0,0,0,0
390126,1,1,0,0,0,0,0,0,0,0,0,0
390126,2,1,0,0,0,0,0,0,5,0,0,0
390127,0,1,0,0,0,0,0,0,0,0,0,0
390127,1,1,0,0,0,0,0,0,0,0,0,0
390127,2,1,0,0,0,0,0,0,0,0,0,0
390127,3,1,0,0,0,0,0,0,0,0,0,0
390127,4,1,0,0,0,0,0,0,0,0,0,0
390127,5,1,0,0,0,0,0,0,0,0,0,0
390127,7,1,0,0,0,0,0,0,0,0,0,0
390127,8,1,0,0,0,0,0,0,0,0,0,0
390128,1,1,0,0,0,0,0,0,0,0,0,0
390128,2,1,0,0,0,0,0,0,0,0,6,0
390128,3,1,0,0,0,0,0,0,0,0,0,0
390129,1,1,0,0,0,0,0,0,0,0,0,0
390129,2,1,0,0,0,0,0,0,0,0,0,0
390130,1,1,0,0,0,0,0,0,0,0,0,0
390131,1,1,0,0,0,0,0,0,0,0,0,0
390131,2,1,21,21,21,21,21,21,21,21,21,21
390132,1,1,0,0,0,0,0,0,0,0,0,0
390133,2,1,0,0,0,0,0,0,0,0,0,0
390134,1,1,0,0,0,0,0,0,0,0,0,0
390134,2,1,0,0,0,0,0,0,0,0,0,0
390135,1,1,0,0,0,0,0,0,0,0,0,0
390136,1,1,1,1,1,1,1,1,1,1,1,1
390136,2,1,0,0,0,0,0,0,0,0,0,0
390137,1,1,0,0,0,0,0,0,0,0,0,0
390138,1,1,25,0,0,0,0,0,0,0,0,0
390138,2,1,20,20,20,20,20,20,20,20,20,20
390139,1,1,0,0,0,0,0,0,0,0,0,0
390139,2,1,2,2,2,2,2,2,2,2,2,2
390140,1,1,10,10,10,10,10,10,10,10,10,10
390141,1,1,0,0,0,0,0,18,0,0,0,0
390141,2,1,0,0,0,0,0,0,0,0,0,0
390142,1,1,8,8,8,8,8,8,8,8,8,8
390143,1,1,0,0,0,0,0,0,0,0,0,0
390143,2,1,0,0,0,0,0,0,0,0,0,0
390144,1,1,13,13,13,13,13,13,13,13,13,13
390145,1,1,0,0,0,0,0,0,0,0,0,0
390146,1,1,0,0,0,0,0,0,0,0,0,0
390146,2,1,0,0,0,0,0,0,0,0,0,0
390147,1,1,0,0,0,0,0,0,0,0,0,0
390147,2,1,0,0,0,0,0,0,0,0,0,0
390148,1,1,0,0,0,0,0,0,0,0,0,0
390148,2,1,0,0,0,0,0,0,0,0,0,0
390149,0,1,0,0,0,0,0,0,0,0,0,0
390149,1,1,0,0,0,0,0,0,0,0,0,0
390150,0,1,17,17,17,17,17,17,17,17,17,17
390150,1,1,0,0,0,0,0,0,0,0,0,0
390151,1,1,0,0,0,0,0,0,0,0,0,0
390152,1,1,0,0,0,0,0,0,0,0,0,0
390153,1,1,0,0,0,0,0,0,0,0,0,0
390153,2,1,0,0,0,0,0,0,0,0,0,0
390154,1,1,13,13,13,13,13,13,13,13,13,13
390155,1,1,11,11,11,11,11,11,11,11,11,11
390156,1,1,19,19,19,19,19,19,19,19,19,19
390157,1,1,0,0,0,0,0,0,0,0,0,0
390157,2,1,0,0,0,0,0,0,0,0,0,0
390158,1,1,0,0,0,0,0,0,0,0,0,0
390158,2,1,0,0,0,0,0,0,0,0,0,0
390159,0,1,0,0,0,0,0,0,0,0,0,0
390159,1,1,0,0,0,0,0,0,0,0,0,0
390160,1,1,0,0,0,0,0,0,0,0,0,0
390160,2,1,0,0,0,0,0,0,0,0,0,0
390161,1,1,0,0,0,0,0,0,0,0,0,0
390162,1,1,0,0,0,0,0,0,0,0,0,0
390162,2,1,0,0,0,0,0,0,0,0,0,0
390163,1,1,0,0,0,0,0,0,0,0,0,0
390163,2,1,0,0,0,0,0,0,0,0,0,0
390164,1,1,0,0,0,0,0,0,0,0,0,0
390164,2,1,0,0,0,0,0,0,0,0,0,0
390165,0,1,0,0,0,0,0,0,0,0,0,0
390165,1,1,0,0,0,0,0,0,0,0,0,0
390166,1,1,0,0,0,0,0,0,0,0,0,0
390166,2,1,0,0,0,0,0,0,0,0,0,0
390167,1,1,0,0,0,0,0,0,0,0,0,0
390167,2,1,0,0,0,0,0,0,0,0,0,0
390168,1,1,0,0,0,0,0,0,0,0,0,0
390169,0,1,0,0,0,0,0,0,0,0,0,0
390169,1,1,0,0,0,0,0,0,0,0,0,0
390170,0,1,6,6,6,6,6,6,6,6,6,6
390170,1,1,12,0,14,17,13,0,0,3,0,18
390171,1,1,26,26,26,26,26,26,26,26,26,26
390172,1,1,0,0,0,0,0,0,0,0,0,0
390172,2,1,0,0,0,0,0,0,0,0,0,0
390173,1,1,0,0,0,0,0,0,0,0,0,0
390174,1,1,24,24,24,24,24,24,24,24,24,24
390175,1,1,0,0,0,0,0,0,0,0,0,0
390175,2,1,11,11,11,11,11,11,11,11,11,11
390176,1,1,0,0,0,0,0,0,0,0,0,0
390176,2,1,0,0,0,0,0,0,0,0,0,0
390177,1,1,0,0,0,0,0,0,0,0,0,0
390178,1,1,19,19,19,19,19,19,19,19,19,19
390179,1,1,0,0,0,0,0,0,0,0,0,0
390180,1,1,19,19,19,19,19,19,19,19,19,19
390180,2,1,3,0,0,16,0,0,0,0,0,0
390181,1,1,0,0,0,0,0,0,0,0,0,0
390182,1,1,0,0,0,0,0,0,0,0,0,0
390182,2,1,0,0,0,0,0,0,0,0,0,0
390183,1,1,0,0,0,0,0,0,0,0,0,0
390183,2,1,0,0,0,0,0,0,0,0,0,0
390184,0,1,0,0,0,0,0,0,0,0,0,0
390184,1,1,21,0,0,9,0,0,19,8,0,0
390184,2,1,0,0,0,0,10,0,0,0,0,0
390185,1,1,0,0,0,0,0,0,0,0,0,0
390185,2,1,0,0,0,9,0,0,0,0,0,0
390186,1,1,0,0,0,0,0,0,0,0,0,0
390186,2,1,0,0,0,0,0,0,0,0,23,0
390187,1,1,0,0,0,0,0,0,0,0,0,0
390187,2,1,0,0,0,0,0,0,0,0,0,0
390188,1,1,0,0,0,0,0,0,0,0,0,0
390188,2,1,0,0,0,0,0,0,0,0,0,0
390189,1,1,22,22,22,22,22,22,22,22,22,22
390190,1,1,18,18,18,18,18,18,18,18,18,18
390191,1,1,0,0,0,0,0,0,0,0,0,0
390192,1,1,0,0,0,0,0,0,0,0,0,0
390193,1,1,0,0,0,0,0,0,0,0,0,0
390193,2,1,2,2,2,2,2,2,2,2,2,2
390194,1,1,0,0,0,0,0,0,0,0,0,0
390194,2,1,19,19,19,19,19,19,19,19,19,19
390195,1,1,0,0,0,0,0,0,0,0,0,0
390195,2,1,0,0,0,0,0,0,0,0,0,0
390196,1,1,0,0,0,0,0,0,0,0,0,0
390197,1,1,0,0,0,0,0,0,0,0,0,0
390197,2,1,0,0,0,0,0,0,0,0,0,0
390197,3,1,0,0,0,0,0,0,0,0,0,0
390198,1,1,0,0,0,0,0,0,0,0,0,0
390198,2,1,0,0,0,0,0,0,0,0,0,0
390198,3,1,0,0,0,0,0,0,0,0,0,0
390199,1,1,0,0,0,0,0,0,0,0,0,0
390199,2,1,0,0,0,0,0,0,0,0,0,0
390200,1,1,0,0,0,0,0,0,0,0,0,0
390201,1,1,25,25,25,25,25,25,25,25,25,25
390201,2,1,0,0,0,0,0,0,0,0,0,0
390203,1,1,0,0,0,12,0,0,0,0,0,0
390203,2,1,0,0,0,0,0,0,0,0,0,0
390204,1,1,0,0,0,0,0,0,0,0,0,0
390204,2,1,0,0,0,0,0,0,0,0,14,0
390204,3,1,0,0,0,0,0,0,0,0,0,0
390205,1,1,0,0,0,0,0,0,0,0,0,0
390205,2,1,0,0,0,0,0,0,0,0,0,0
390206,1,1,30,30,30,30,30,30,30,30,30,30
390207,1,1,0,0,0,0,0,0,0,0,0,0
390208,1,1,0,0,0,0,0,0,0,0,0,0
390208,2,1,0,0,0,0,0,0,0,0,0,0
390209,1,1,10,10,10,10,10,10,10,10,10,10
390211,0,1,27,27,27,27,27,27,27,27,27,27
390211,1,1,0,0,0,0,0,0,0,0,0,0
390211,2,1,4,4,4,4,4,4,4,4,4,4
390212,0,1,0,0,0,0,0,0,0,0,0,0
390212,1,1,0,0,0,0,0,0,20,0,11,0
390213,1,1,0,0,0,0,0,0,0,0,0,0
390214,1,1,10,10,10,10,10,10,10,10,10,10
390215,1,1,0,0,0,0,0,0,0,0,0,0
390215,2,1,0,0,0,0,0,0,0,0,0,0
390216,1,1,0,0,0,0,0,0,0,0,0,0
390217,1,1,0,0,0,0,0,0,0,0,0,0
390218,1,1,6,6,6,6,6,6,6,6,6,6
390218,2,1,0,0,0,0,0,0,0,0,0,0
390219,1,1,0,12,0,0,0,0,0,0,0,0
390219,2,1,0,0,0,0,0,0,0,0,0,0
390220,1,1,13,13,13,13,13,13,13,13,13,13
390221,1,1,0,0,0,0,0,0,0,0,0,0
390222,1,1,0,0,0,0,0,0,0,0,0,0
390222,2,1,0,0,0,0,0,0,0,0,0,0
390223,1,1,0,0,0,0,0,0,0,0,0,0
390223,2,1,0,0,0,0,0,0,0,0,0,0
390224,1,1,0,0,0,0,0,0,0,0,0,0
390224,2,1,0,0,0,0,0,0,0,0,0,0
390225,0,1,0,0,0,0,0,0,0,0,0,0
390225,1,1,0,0,0,0,0,0,0,0,0,0
390226,1,1,28,28,28,28,28,28,28,28,28,28
390226,2,1,0,0,10,0,0,0,0,0,0,4
390227,1,1,5,5,5,5,5,5,5,5,5,5
390228,1,1,0,0,0,0,0,0,9,0,0,0
390228,2,1,0,0,0,0,0,0,0,0,0,0
390229,1,1,0,0,0,0,0,0,0,0,0,0
390229,2,1,0,0,0,0,0,0,0,0,0,0
390230,0,1,20,20,20,20,20,20,20,20,20,20
390230,1,1,0,0,0,0,0,0,0,0,0,0
390231,1,1,0,0,0,0,0,0,0,0,0,0
390232,1,1,0,0,0,0,0,0,0,0,0,0
390232,2,1,0,0,0,0,0,0,0,15,0,0
390232,3,1,0,0,0,0,0,0,0,0,0,0
390233,1,1,35,35,35,35,35,35,35,35,35,35
390233,2,1,0,0,0,0,0,0,0,0,0,0
390234,1,1,39,39,39,39,39,39,39,39,39,39
390234,2,1,0,0,0,0,0,0,0,0,0,0
390234,3,1,0,0,0,0,0,0,0,0,0,0
390235,1,1,13,13,13,13,13,13,13,13,13,13
390236,1,1,0,0,0,0,0,0,0,0,0,0
390236,2,1,0,0,0,0,0,0,0,0,0,0
390238,1,1,0,0,0,0,0,0,0,0,0,0
390239,1,1,0,0,0,0,0,0,0,0,0,0
390240,1,1,19,19,19,19,19,19,19,19,19,19
390241,0,1,0,0,0,0,0,0,0,0,0,0
390241,1,1,0,0,0,0,0,0,0,0,0,0
390242,1,1,22,13,14,18,39,33,9,10,22,25
390242,2,1,0,0,0,0,0,0,0,0,0,0
390243,1,1,0,0,0,0,0,0,0,0,0,0
390244,1,1,19,19,19,19,19,19,19,19,19,19
390244,2,1,0,0,0,0,0,26,0,0,0,0
390245,1,1,0,0,0,4,0,0,16,0,0,0
390245,2,1,18,18,18,18,18,18,18,18,18,18
390246,1,1,0,0,0,0,0,0,0,0,0,0
390247,0,1,31,31,31,31,31,31,31,31,31,31
390247,1,1,0,0,0,0,0,0,0,0,0,0
390249,1,1,14,14,14,14,14,14,14,14,14,14
390249,2,1,0,0,0,0,0,0,0,0,0,0
390250,1,1,0,21,0,6,15,10,19,11,21,0
390251,1,1,0,0,0,0,0,0,0,0,0,0
390251,2,1,23,19,21,15,12,14,7,12,9,4
390252,1,1,23,23,23,23,23,23,23,23,23,23
390253,1,1,0,0,0,0,0,0,0,0,0,0
390253,2,1,0,0,0,0,0,0,0,0,0,0
390254,1,1,14,14,14,14,14,14,14,14,14,14
390254,2,1,0,0,0,0,0,0,0,0,0,0
390255,1,1,7,7,7,7,7,7,7,7,7,7
390257,1,1,0,0,0,0,0,0,0,0,0,0
390257,2,1,0,0,0,0,0,0,0,0,0,0
390258,1,1,9,9,9,9,9,9,9,9,9,9
390259,1,1,14,0,0,0,0,0,5,0,0,16
390260,1,1,0,0,0,0,0,0,0,0,15,0
390260,2,1,0,0,0,0,0,0,0,0,0,0
390261,1,1,0,0,0,0,0,0,0,0,0,0
390261,2,1,0,0,0,0,0,0,0,0,0,0
390262,1,1,15,15,15,15,15,15,15,15,15,15
390262,2,1,0,0,0,0,0,0,0,0,0,0
390262,3,1,0,0,0,0,0,0,0,0,0,0
390263,0,1,0,0,0,0,0,0,0,0,0,0
390263,1,1,0,0,0,0,0,0,0,0,0,0
390264,1,1,17,17,17,17,17,17,17,17,17,17
390265,1,1,13,13,13,13,13,13,13,13,13,13
390266,1,1,0,0,0,0,0,0,0,0,0,0
390267,1,1,7,7,7,7,7,7,7,7,7,7
390268,1,1,27,27,27,27,27,27,27,27,27,27
390269,1,1,0,0,0,0,0,0,11,0,0,0
390269,2,1,0,0,0,0,0,0,0,0,0,0
390270,1,1,0,0,0,0,0,0,0,0,0,0
390271,1,1,14,14,14,14,14,14,14,14,14,14
390272,1,1,18,18,18,18,18,18,18,18,18,18
390273,1,1,0,0,0,0,0,0,0,0,0,0
390273,2,1,0,0,0,0,0,0,0,0,0,0
390273,3,1,0,0,0,0,0,0,0,0,0,0
390274,1,1,24,24,24,24,24,24,24,24,24,24
390274,2,1,0,0,0,0,0,0,0,0,0,0
390274,3,1,0,0,0,0,0,0,0,0,22,0
390274,4,1,0,0,0,0,0,0,0,0,0,14
390274,5,1,0,0,0,0,0,0,0,0,0,0
390275,1,1,0,0,0,0,0,0,0,0,0,0
390276,1,1,0,0,0,0,0,0,0,0,0,0
390277,1,1,0,0,31,0,0,0,0,0,0,0
390278,1,1,35,35,35,35,35,35,35,35,35,35
390279,1,1,0,0,0,0,0,0,0,0,0,0
390279,2,1,0,0,0,0,0,0,0,0,0,0
390280,1,1,0,0,0,0,0,0,0,0,0,0
390281,1,1,0,0,0,0,0,0,0,0,0,0
390282,1,1,0,0,0,0,0,0,0,0,0,0
390283,1,1,23,23,23,23,23,23,23,23,23,23
390285,1,1,8,8,8,8,8,8,8,8,8,8
390285,2,1,0,0,0,0,0,0,0,0,0,0
390285,3,1,0,0,0,0,0,0,0,0,0,0
390286,1,1,0,0,0,0,0,0,0,0,0,0
390287,1,1,0,0,0,0,0,0,0,0,0,0
390287,2,1,0,0,0,0,0,0,0,0,0,0
390288,1,1,0,0,0,0,18,0,0,0,0,0
390288,4,1,0,0,0,0,0,0,0,0,0,0
390289,1,1,0,0,0,0,0,0,0,0,0,0
390289,2,1,0,0,0,0,0,0,0,14,0,0
390289,3,1,0,0,0,0,0,0,0,0,0,0
390290,1,1,23,23,23,23,23,23,23,23,23,23
390291,1,1,0,0,0,0,0,0,0,0,0,0
390291,2,1,0,0,0,0,0,0,0,0,0,0
390292,1,1,0,0,0,0,0,0,0,0,0,0
390292,2,1,0,0,0,0,0,0,0,0,0,0
390293,1,1,0,0,0,0,0,0,0,0,0,0
390294,1,1,0,0,4,0,0,0,0,0,0,0
390294,2,1,0,0,0,0,0,0,0,0,0,0
390295,1,1,0,0,0,0,0,0,0,0,0,0
390295,2,1,0,0,0,0,0,0,0,0,0,0
390295,3,1,0,0,0,0,0,0,0,0,0,0
390296,1,1,0,0,0,0,0,0,0,0,0,0
390296,2,1,0,0,0,0,0,0,0,0,0,0
390296,3,1,0,0,0,0,0,0,0,0,0,0
390296,4,1,0,0,0,0,0,0,0,0,0,0
390297,1,1,0,0,0,0,0,0,0,0,0,0
390298,1,1,0,0,0,0,0,0,0,0,0,0
390298,2,1,0,0,0,0,20,0,0,0,0,0
390299,1,1,0,0,0,0,0,0,0,0,0,0
390299,2,1,0,0,0,0,0,0,0,0,0,0
390300,1,1,0,0,0,0,0,0,0,0,0,0
390301,1,1,24,0,0,0,0,0,0,0,13,0
390301,2,1,25,36,0,0,0,0,0,0,0,0
390302,1,1,0,0,8,9,0,0,12,0,4,14
390302,2,1,0,0,0,0,0,0,0,0,0,0
390303,1,1,0,0,0,0,11,0,0,0,0,0
390303,2,1,17,17,17,17,17,17,17,17,17,17
390304,1,1,0,0,0,0,0,0,0,0,0,0
390304,2,1,0,0,0,0,0,0,0,0,0,0
390305,1,1,0,0,0,0,0,0,0,0,0,0
390305,2,1,0,0,0,0,0,0,0,0,0,0
390305,3,1,0,0,0,0,0,0,0,0,0,0
390307,1,1,0,0,0,0,0,0,0,0,0,0
390307,2,1,0,0,0,0,0,0,0,0,0,0
390308,1,1,0,0,0,0,0,0,0,0,0,0
390309,1,1,0,0,0,0,0,0,0,0,0,0
390309,2,1,0,0,0,0,0,0,0,0,0,0
390310,1,1,0,0,0,0,0,0,0,0,0,0
390310,2,1,0,0,0,0,0,0,0,0,0,0
390311,1,1,0,0,0,0,0,0,0,0,0,0
390311,2,1,0,0,0,0,0,0,0,0,6,0