ST_CASE,VEH_NO,PER_NO,P1,P2,P3,P4,P5,P6,P7,P8,P9,P10
390312,1,1,0,0,0,0,0,0,0,0,0,0
390313,1,1,0,0,0,0,0,0,0,0,0,0
390313,2,1,0,0,0,0,0,0,0,0,0,0
390314,1,1,27,27,27,27,27,27,27,27,27,27
390315,1,1,17,17,17,17,17,17,17,17,17,17
390316,1,1,0,0,0,0,0,0,0,0,0,0
390317,1,1,29,29,29,29,29,29,29,29,29,29
390319,1,1,0,0,0,0,0,0,0,0,0,0
390319,2,1,0,0,0,0,0,0,0,0,0,0
390320,1,1,0,0,0,0,0,0,0,0,0,0
390321,1,1,24,24,24,24,24,24,24,24,24,24
390322,1,1,0,0,0,0,0,0,0,0,0,0
390322,2,1,0,0,0,0,0,0,0,0,0,0
390323,1,1,0,0,0,0,0,0,0,0,0,0
390323,2,1,0,0,0,0,0,0,0,0,0,0
390324,1,1,12,12,12,12,12,12,12,12,12,12
390324,2,1,0,0,0,0,0,0,0,0,0,0
390325,1,1,0,0,0,0,0,0,0,0,0,0
390325,2,1,0,0,0,0,0,0,0,0,0,0
390326,0,2,0,14,0,0,0,24,0,0,0,0
390326,1,1,0,0,0,0,23,0,0,0,0,0
390327,1,1,39,39,39,39,39,39,39,39,39,39
390327,2,1,0,0,0,0,0,0,0,0,0,0
390328,1,1,0,0,0,0,0,0,0,0,0,0
390329,1,1,0,0,0,0,0,0,0,0,0,0
390329,2,1,0,0,0,0,0,0,0,0,0,0
390330,1,1,15,15,15,15,15,15,15,15,15,15
390331,0,1,0,0,0,0,0,0,0,0,0,0
390331,1,1,0,0,0,0,0,0,0,0,0,0
390332,1,1,0,0,0,0,0,0,0,0,0,0
390332,2,1,0,0,0,0,0,0,0,0,14,0
390333,1,1,0,0,0,0,0,0,0,0,0,0
390334,1,1,0,0,0,0,0,0,0,0,0,0
390334,2,1,6,6,6,6,6,6,6,6,6,6
390336,1,1,11,11,11,11,11,11,11,11,11,11
390337,1,1,0,0,14,0,0,0,0,0,0,5
390337,2,1,0,0,0,0,0,0,0,0,0,0
390338,1,1,16,16,16,16,16,16,16,16,16,16
390339,1,1,0,0,0,0,0,0,0,0,0,0
390340,1,1,0,0,0,0,0,11,0,0,0,0
390341,0,1,22,22,22,22,22,22,22,22,22,22
390341,1,1,11,0,26,0,0,0,0,0,0,0
390342,1,1,0,0,0,0,0,0,0,0,0,0
390342,2,1,0,0,0,0,0,0,0,0,0,0
390344,1,1,0,0,0,0,0,0,0,0,0,0
390344,2,1,0,0,0,9,0,0,0,0,16,0
390344,3,1,0,0,0,0,0,0,0,0,0,0
390344,4,1,0,0,0,0,0,0,0,0,0,0
390345,0,1,13,13,13,13,13,13,13,13,13,13
390345,1,1,10,0,0,15,18,16,7,24,11,5
390347,1,1,0,0,0,0,0,0,0,0,0,0
390348,1,1,22,22,22,22,22,22,22,22,22,22
390349,1,1,0,0,0,0,0,23,0,0,0,0
390349,2,1,0,0,0,0,0,0,15,0,0,0
390350,1,1,0,0,0,0,0,0,0,0,0,0
390351,1,1,21,21,21,21,21,21,21,21,21,21
390352,1,1,22,22,22,22,22,22,22,22,22,22
390353,1,1,0,0,0,0,0,0,0,0,0,0
390354,1,1,0,0,0,0,0,0,0,0,0,0
390354,2,1,0,0,0,0,0,0,0,0,0,0
390355,1,1,18,18,18,18,18,18,18,18,18,18
390355,2,1,0,0,0,0,0,0,0,0,0,0
390356,1,1,0,0,0,0,0,0,0,0,0,0
390356,2,1,0,0,0,0,0,0,0,0,0,0
390357,1,1,0,0,0,0,0,0,0,0,0,0
390357,2,1,0,0,0,0,0,0,0,0,0,0
390358,1,1,35,35,35,35,35,35,35,35,35,35
390359,1,1,28,0,0,0,0,0,0,0,0,0
390360,1,1,21,13,10,11,15,23,8,17,16,7
390360,2,1,0,0,0,0,0,0,0,0,0,0
390361,1,1,0,0,0,0,0,0,0,0,0,0
390362,1,1,20,20,20,20,20,20,20,20,20,20
390363,1,1,0,0,0,0,0,0,0,0,0,0
390364,1,1,25,25,25,25,25,25,25,25,25,25
390365,1,1,0,0,0,0,0,0,0,8,0,0
390365,2,1,10,10,10,10,10,10,10,10,10,10
390366,1,1,0,0,0,0,0,0,0,0,0,0
390367,1,1,0,0,0,9,0,0,0,0,34,0
390368,1,1,0,0,0,0,0,0,0,0,0,0
390369,1,1,0,0,0,0,0,0,0,0,0,0
390369,2,1,0,0,0,0,0,0,0,0,0,0
390370,1,1,23,23,23,23,23,23,23,23,23,23
390371,1,1,23,23,23,23,23,23,23,23,23,23
390372,1,1,0,3,0,0,0,0,0,0,0,0
390372,2,1,0,0,0,0,0,0,0,0,0,0
390373,1,1,0,0,0,0,0,0,0,0,0,0
390374,0,1,14,14,14,14,14,14,14,14,14,14
390374,1,1,0,0,0,0,0,0,0,0,0,0
390375,1,1,0,0,0,0,0,0,0,0,0,0
390377,1,1,0,0,0,0,0,0,0,0,0,0
390378,1,1,23,23,23,23,23,23,23,23,23,23
390379,1,1,39,39,39,39,39,39,39,39,39,39
390379,2,1,0,0,0,0,0,0,0,0,0,0
390380,1,1,22,22,22,22,22,22,22,22,22,22
390381,1,1,0,0,0,0,21,0,0,0,0,0
390381,2,1,0,0,0,0,0,0,0,0,0,0
390381,3,1,0,0,0,0,0,0,0,0,0,0
390382,1,1,2,2,2,2,2,2,2,2,2,2
390384,1,1,0,0,0,0,0,0,0,0,0,0
390385,1,1,0,0,0,0,0,0,0,0,0,0
390385,2,1,0,0,0,0,0,0,0,0,0,0
390386,1,1,0,0,0,0,0,0,0,0,15,0
390387,1,1,4,4,4,4,4,4,4,4,4,4
390388,1,1,0,0,0,0,0,0,0,0,15,0
390388,2,1,0,0,0,0,0,0,0,0,0,0
390388,3,1,0,0,0,0,0,0,0,0,0,0
390389,1,1,0,0,0,0,0,0,0,0,0,0
390389,2,1,0,0,0,0,0,0,0,0,0,0
390390,1,1,5,5,5,5,5,5,5,5,5,5
390391,1,1,0,0,0,0,0,0,0,0,0,0
390391,2,1,0,0,0,0,9,0,0,0,0,0
390392,1,1,0,0,0,0,0,0,0,0,0,0
390393,1,1,19,0,0,0,0,0,0,4,0,0
390393,2,1,0,0,0,0,12,0,0,0,0,0
390394,1,1,0,0,0,0,0,0,0,0,0,0
390395,1,1,24,24,24,24,24,24,24,24,24,24
390396,1,1,1,1,1,1,1,1,1,1,1,1
390397,1,1,1,1,1,1,1,1,1,1,1,1
390397,2,1,0,0,0,0,0,0,0,0,0,0
390398,0,1,0,0,0,0,0,0,0,0,0,0
390398,1,1,0,0,0,0,0,0,0,0,0,0
390399,1,1,0,0,0,0,0,0,0,0,0,0
390400,1,1,0,0,0,0,0,0,0,0,0,0
390400,2,1,0,0,0,0,0,0,0,0,0,0
390400,3,1,0,0,23,0,0,0,0,0,0,0
390401,1,1,0,0,0,0,0,0,0,0,0,0
390401,2,1,0,0,0,0,0,0,0,0,0,0
390402,1,1,0,0,0,0,0,0,0,0,0,0
390402,2,1,0,0,0,0,0,0,0,0,0,0
390403,1,1,0,0,0,0,0,0,0,0,0,0
390403,2,1,0,0,0,0,0,0,0,0,0,0
390404,1,1,11,11,11,11,11,11,11,11,11,11
390405,0,1,23,23,23,23,23,23,23,23,23,23
390405,1,1,0,0,8,0,0,0,12,0,0,0
390407,1,1,0,0,0,0,0,0,0,0,0,0
390407,2,1,0,0,0,0,0,0,0,0,0,0
390408,1,1,0,0,0,0,0,0,0,0,0,0
390409,1,1,0,0,0,0,0,0,0,0,0,0
390409,2,1,0,0,0,0,0,0,0,0,0,0
390409,3,1,0,0,0,0,0,0,0,0,0,0
390409,4,1,0,0,0,0,0,0,0,0,0,0
390409,5,1,0,0,0,0,0,0,0,0,0,0
390410,0,1,0,0,0,0,0,0,0,0,0,0
390410,1,1,0,0,0,0,0,0,0,0,0,0
390410,2,1,0,10,0,0,0,0,9,0,0,22
390411,1,1,0,0,0,0,0,0,0,0,0,0
390412,1,1,21,21,21,21,21,21,21,21,21,21
390412,2,1,0,0,8,0,0,0,0,0,0,16
390413,1,1,12,12,12,12,12,12,12,12,12,12
390414,1,1,0,0,0,0,0,0,0,0,0,0
390414,2,1,0,0,12,0,0,14,0,0,0,0
390415,1,1,24,24,24,24,24,24,24,24,24,24
390415,2,1,0,0,0,0,0,0,0,0,0,0
390416,1,1,0,0,0,0,0,0,0,0,0,0
390417,1,1,0,0,0,0,0,0,0,0,0,0
390418,1,1,0,0,0,0,0,0,0,0,0,0
390418,2,1,0,0,0,0,0,0,0,0,0,0
390419,1,1,0,0,0,0,0,0,0,0,0,0
390420,1,1,0,0,0,0,0,0,0,0,0,0
390421,1,1,0,0,0,0,0,0,0,0,0,0
390422,1,1,39,39,39,39,39,39,39,39,39,39
390422,2,1,0,0,0,0,0,0,0,0,0,0
390423,1,1,0,0,0,0,0,0,0,0,0,0
390423,2,1,0,0,0,0,0,0,0,0,0,0
390424,1,1,0,0,0,0,0,0,0,0,0,0
390424,2,1,20,20,20,20,20,20,20,20,20,20
390425,1,1,22,22,22,22,22,22,22,22,22,22
390425,2,1,13,0,28,0,11,19,11,16,8,28
390426,1,1,15,15,15,15,15,15,15,15,15,15
390427,0,1,0,0,0,0,0,0,0,0,0,0
390427,1,1,0,0,0,0,0,0,0,0,0,0
390428,1,1,13,13,13,13,13,13,13,13,13,13
390429,1,1,15,15,15,15,15,15,15,15,15,15
390431,0,1,0,0,0,0,0,0,0,0,0,0
390431,2,1,0,0,0,0,6,0,0,0,10,0
390432,1,1,0,0,0,0,0,0,0,0,0,0
390432,2,1,15,15,15,15,15,15,15,15,15,15
390433,1,1,0,0,0,0,0,0,0,0,0,0
390433,2,1,0,0,0,0,0,0,0,0,0,0
390434,1,1,18,18,18,18,18,18,18,18,18,18
390435,1,1,21,21,21,21,21,21,21,21,21,21
390436,1,1,0,0,0,0,0,0,0,0,0,0
390437,1,1,28,28,28,28,28,28,28,28,28,28
390437,2,1,0,0,0,0,11,0,0,0,0,0
390438,1,1,0,0,0,0,0,0,0,0,0,0
390439,0,1,0,0,0,0,0,0,0,0,0,0
390439,2,1,0,0,0,0,0,0,0,0,0,0
390440,0,1,0,0,0,0,0,0,0,0,0,0
390440,1,1,0,0,0,0,0,0,0,0,0,0
390441,1,1,0,0,0,0,0,0,12,0,0,13
390441,2,1,0,0,0,0,0,0,0,0,0,0
390441,3,1,0,0,0,0,0,0,0,0,0,0
390442,0,1,34,34,34,34,34,34,34,34,34,34
390442,1,1,21,7,0,0,17,0,19,0,0,0
390443,1,1,14,14,14,14,14,14,14,14,14,14
390444,1,1,0,0,0,0,0,0,0,0,0,0
390445,1,1,0,0,0,0,0,0,0,34,0,0
390446,1,1,0,0,0,0,0,0,0,0,0,0
390447,1,1,0,0,0,0,0,0,0,0,0,0
390447,2,1,0,0,0,0,0,0,0,0,0,0
390448,0,1,16,16,16,16,16,16,16,16,16,16
390448,1,1,0,0,0,10,0,0,0,0,0,0
390449,1,1,0,0,0,0,0,0,0,0,0,0
390449,2,1,0,0,0,0,0,0,0,0,0,0
390450,1,1,18,18,18,18,18,18,18,18,18,18
390451,1,1,0,0,0,0,0,0,0,0,0,0
390452,1,1,0,0,0,0,0,0,0,0,0,0
390452,2,1,0,0,0,0,0,0,0,0,0,0
390452,3,1,0,9,7,0,0,0,19,0,0,0
390453,1,1,0,0,0,0,0,0,0,0,0,0
390453,2,1,0,0,0,0,0,0,0,0,0,0
390454,1,1,18,18,18,18,18,18,18,18,18,18
390455,1,1,0,0,22,0,0,0,0,0,0,0
390455,2,1,0,0,0,0,0,0,0,0,0,0
390456,1,1,0,0,0,0,0,0,0,0,0,0
390457,1,1,0,0,0,0,0,0,0,0,0,0
390458,1,1,0,0,0,0,0,0,0,0,0,0
390458,2,1,0,0,0,0,0,0,0,0,0,0
390459,1,1,0,0,0,0,0,0,0,0,0,0
390459,2,1,0,0,0,0,0,0,0,0,0,0
390459,3,1,0,0,0,0,0,0,0,0,0,0
390459,4,1,0,0,0,0,0,0,0,0,0,0
390459,5,1,0,0,0,0,0,0,0,0,0,0
390461,1,1,0,0,0,0,0,0,0,0,0,0
390461,2,1,0,0,0,0,0,0,0,0,0,0
390462,1,1,12,0,19,0,4,17,22,20,3,0
390462,2,1,0,0,0,0,0,0,0,0,0,0
390463,1,1,0,0,0,0,0,0,0,0,0,0
390464,1,1,0,0,0,0,0,0,0,0,0,0
390465,1,1,5,5,5,5,5,5,5,5,5,5
390466,1,1,0,0,0,0,0,0,0,0,0,0
390467,1,1,0,0,26,0,0,0,0,0,6,0
390467,2,1,0,0,0,0,0,0,0,0,0,0
390469,1,1,27,27,27,27,27,27,27,27,27,27
390470,1,1,22,22,22,22,22,22,22,22,22,22
390471,1,1,0,0,0,0,0,0,0,0,0,0
390472,0,1,0,0,0,0,0,0,0,0,0,0
390472,0,2,21,0,0,0,0,18,0,11,22,0
390472,1,1,15,17,0,19,23,27,18,6,14,14
390473,1,1,0,0,0,0,0,0,0,0,0,0
390473,2,1,0,0,0,0,0,0,0,0,0,0
390474,1,1,19,19,19,19,19,19,19,19,19,19
390474,2,1,0,0,0,0,0,0,0,0,0,0
390475,1,1,0,0,0,0,0,0,0,0,0,0
390475,2,1,0,0,0,0,0,0,0,0,0,0
390476,1,1,0,0,0,0,0,0,0,0,0,0
390477,1,1,0,0,0,0,0,0,0,0,0,0
390478,1,1,35,35,35,35,35,35,35,35,35,35
390479,1,1,36,36,36,36,36,36,36,36,36,36
390480,1,1,24,24,24,24,24,24,24,24,24,24
390481,1,1,33,33,33,33,33,33,33,33,33,33
390482,1,1,0,0,0,0,0,0,0,0,0,0
390482,2,1,0,0,0,0,0,0,0,0,0,0
390483,1,1,0,0,0,0,0,0,0,0,0,0
390483,2,1,0,0,0,0,0,0,0,0,0,0
390484,1,1,8,8,8,8,8,8,8,8,8,8
390484,2,1,0,0,0,0,0,0,0,0,0,0
390485,1,1,26,26,26,26,26,26,26,26,26,26
390486,1,1,0,0,0,0,0,0,0,0,0,0
390486,2,1,0,0,0,0,0,0,0,0,0,0
390487,1,1,0,11,0,0,0,0,0,0,0,0
390487,2,1,0,0,0,0,0,0,0,0,0,0
390488,1,1,15,15,15,15,15,15,15,15,15,15
390488,2,1,0,12,0,6,0,0,0,35,0,0
390489,1,1,0,0,0,0,0,0,0,0,0,0
390489,2,1,0,0,0,0,0,0,0,0,0,0
390490,1,1,16,16,16,16,16,16,16,16,16,16
390491,1,1,0,0,0,0,0,0,0,0,0,0
390492,1,1,0,0,5,0,0,0,0,0,0,0
390492,2,1,0,0,0,0,0,0,0,0,0,0
390493,1,1,36,36,36,36,36,36,36,36,36,36
390494,1,1,0,0,0,0,0,0,0,0,0,0
390495,1,1,16,16,16,16,16,16,16,16,16,16
390496,1,1,7,9,0,12,15,0,14,0,10,0
390496,2,1,16,7,18,24,16,21,13,5,4,18
390497,1,1,0,0,0,0,0,0,0,0,0,0
390498,1,1,0,0,12,0,0,0,0,0,0,0
390498,2,1,0,0,0,0,0,0,0,0,0,0
390499,1,1,0,0,0,0,0,0,0,0,0,0
390499,2,1,0,0,0,0,0,0,0,0,0,0
390500,0,1,0,0,0,0,0,0,0,0,0,0
390500,1,1,0,0,0,0,0,0,0,0,0,0
390501,1,1,0,0,0,0,0,0,0,0,0,0
390501,2,1,0,0,0,0,0,0,0,0,0,0
390502,1,1,0,0,0,0,0,0,0,0,0,0
390503,1,1,14,14,14,14,14,14,14,14,14,14
390503,2,1,0,0,0,21,0,0,0,0,0,0
390503,3,1,0,0,0,0,16,0,12,11,11,0
390504,1,1,0,0,0,0,0,0,0,0,0,0
390504,2,1,25,25,25,25,25,25,25,25,25,25
390505,1,1,0,0,0,0,0,0,0,0,0,0
390506,1,1,0,0,0,0,0,0,0,0,0,0
390506,2,1,0,0,0,0,0,0,0,0,0,0
390507,1,1,0,0,0,0,0,0,0,0,0,0
390507,2,1,0,7,0,0,0,0,0,0,0,0
390507,3,1,0,0,0,0,0,0,0,0,0,0
390507,4,1,0,0,0,0,0,0,0,0,0,0
390508,1,1,0,0,0,0,0,0,0,0,0,0
390508,2,1,0,0,0,0,0,0,0,0,0,0
390509,1,1,0,0,0,0,0,0,0,0,0,0
390509,2,1,0,0,0,0,0,0,0,0,0,0
390510,1,1,0,0,0,0,0,0,0,0,0,0
390510,2,1,0,0,0,0,0,0,0,0,0,0
390510,3,1,0,0,0,0,0,0,0,0,0,0
390511,2,1,21,18,0,0,8,0,0,7,0,10
390512,1,1,0,0,0,0,19,0,0,0,0,12
390512,2,1,0,0,0,0,0,0,0,0,0,0
390513,1,1,0,0,0,0,0,0,0,0,0,0
390513,2,1,0,0,0,0,0,0,0,0,0,0
390514,1,1,0,0,0,0,0,0,0,0,0,0
390514,2,1,0,0,0,0,0,0,0,0,0,0
390516,1,1,17,14,6,28,9,31,14,6,20,6
390516,2,1,9,9,9,9,9,9,9,9,9,9
390517,1,1,0,0,0,0,0,0,0,0,0,0
390518,1,1,13,13,13,13,13,13,13,13,13,13
390519,1,1,0,0,0,0,0,0,0,0,0,0
390519,2,1,0,0,0,0,0,0,0,0,0,0
390520,1,1,33,33,33,33,33,33,33,33,33,33
390520,2,1,0,0,0,0,0,0,0,0,0,15
390522,1,1,0,0,0,0,0,0,0,0,0,0
390522,2,1,0,0,0,0,0,0,0,0,0,0
390525,1,1,0,0,0,0,0,0,0,0,0,0
390525,2,1,0,0,0,0,0,0,0,0,0,0
390525,3,1,0,0,0,0,0,0,0,0,0,0
390526,1,1,0,0,0,0,0,0,0,0,0,0
390528,1,1,0,0,0,0,0,0,0,0,0,0
390528,2,1,0,0,0,0,0,0,0,0,0,0
390528,3,1,0,0,0,0,0,0,0,0,0,0
390529,1,1,0,0,0,0,0,0,0,0,0,0
390529,2,1,0,0,0,0,0,0,0,0,0,0
390530,1,1,24,24,24,24,24,24,24,24,24,24
390531,0,1,0,0,0,0,0,0,0,0,0,0
390531,1,1,0,0,0,0,0,0,0,0,0,0
390532,1,1,0,0,0,0,0,0,0,0,0,0
390533,1,1,3,3,3,3,3,3,3,3,3,3
390534,1,1,0,0,0,0,0,0,0,0,0,0
390534,2,1,0,0,10,0,0,0,0,0,0,0
390535,1,1,24,24,24,24,24,24,24,24,24,24
390536,1,1,24,0,28,20,19,0,0,0,12,0
390537,1,1,12,0,0,0,0,20,0,0,0,0
390538,1,1,0,0,0,0,0,0,0,0,0,0
390539,1,1,14,14,14,14,14,14,14,14,14,14
390540,1,1,24,24,24,24,24,24,24,24,24,24
390541,1,1,21,21,21,21,21,21,21,21,21,21
390541,2,1,0,0,0,0,0,0,0,0,0,0
390542,0,1,32,32,32,32,32,32,32,32,32,32
390542,1,1,0,0,0,0,0,0,0,0,0,0
390543,1,1,0,0,0,0,0,0,0,0,0,15
390543,2,1,0,0,0,0,0,0,0,0,0,0
390544,0,1,0,0,0,0,0,0,12,0,17,0
390544,1,1,0,0,0,0,0,0,0,0,0,0
390546,1,1,0,0,0,13,0,0,0,0,0,0
390546,2,1,0,0,0,0,0,0,0,0,0,0
390547,1,1,0,0,0,0,0,0,0,0,0,0
390547,2,1,0,0,0,0,0,0,0,0,0,0
390548,1,1,0,0,0,0,0,0,0,0,0,0
390548,2,1,0,0,0,16,0,0,0,0,0,0
390549,1,1,0,0,0,0,0,0,0,0,0,0
390550,1,1,24,24,24,24,24,24,24,24,24,24
390551,1,1,17,17,17,17,17,17,17,17,17,17
390552,1,1,0,0,0,0,0,0,0,0,0,0
390553,1,1,0,0,0,0,0,0,0,0,0,0
390553,2,1,0,0,0,0,0,0,0,0,0,0
390554,1,1,0,0,0,0,0,0,0,0,0,0
390555,1,1,0,0,0,0,0,0,0,0,0,0
390556,1,1,14,0,0,13,0,0,0,0,0,0
390556,2,1,0,0,0,0,0,0,0,0,0,0
390557,1,1,17,17,17,17,17,17,17,17,17,17
390558,1,1,0,0,0,0,0,0,0,0,0,17
390558,2,1,2,2,2,2,2,2,2,2,2,2
390559,1,1,19,15,21,6,21,12,15,11,5,11
390560,1,1,0,0,0,0,0,0,0,0,0,0
390560,2,1,0,0,0,0,0,0,0,0,0,0
390561,1,1,14,14,14,14,14,14,14,14,14,14
390563,1,1,0,0,0,0,0,0,0,0,0,0
390563,2,1,0,0,0,0,0,0,0,0,0,0
390564,1,1,0,0,0,0,0,0,0,0,0,0
390564,2,1,0,0,0,0,0,0,0,0,0,0
390565,1,1,0,0,0,0,0,0,0,0,0,0
390565,2,1,0,0,0,0,0,0,0,0,0,0
390567,1,1,6,6,6,6,6,6,6,6,6,6
390568,1,1,0,0,0,0,0,0,0,0,0,0
390568,2,1,0,0,0,0,0,0,0,0,0,0
390569,1,1,18,18,18,18,18,18,18,18,18,18
390569,2,1,0,0,0,0,0,0,0,0,0,0
390571,1,1,0,0,0,0,0,0,0,0,0,0
390571,2,1,0,0,0,0,0,0,0,0,0,0
390572,1,1,0,0,0,0,0,0,0,0,0,0
390572,2,1,0,0,0,0,0,0,0,0,0,0
390573,1,1,0,0,0,0,0,0,0,0,0,0
390573,2,1,0,0,0,0,0,0,0,0,0,0
390574,0,1,0,0,0,0,0,0,0,0,0,0
390574,1,1,0,11,0,0,0,0,0,0,0,0
390574,2,1,0,0,0,0,0,0,0,0,0,0
390575,1,1,21,21,21,21,21,21,21,21,21,21
390576,1,1,0,0,0,0,0,0,0,0,0,0
390576,2,1,15,21,14,9,12,25,16,20,25,9
390577,1,1,6,6,6,6,6,6,6,6,6,6
390577,2,1,0,0,0,0,0,15,16,0,0,0
390578,1,1,15,15,15,15,15,15,15,15,15,15
390578,2,1,0,0,0,0,0,0,0,0,0,0
390578,3,1,0,0,0,0,0,0,0,0,0,0
390578,4,1,0,0,0,0,0,0,0,0,0,0
390579,1,1,0,0,0,0,0,0,0,0,0,0
390580,1,1,0,0,0,0,0,0,0,0,0,0
390582,1,1,0,0,0,0,0,0,0,0,0,0
390582,2,1,0,0,0,0,0,0,0,0,0,0
390582,3,1,0,0,0,0,0,0,0,0,0,0
390583,1,1,0,0,0,0,0,0,0,0,0,0
390584,1,1,0,0,0,0,0,0,0,0,0,0
390584,2,1,0,0,0,0,0,0,0,0,0,15
390584,3,1,0,0,0,0,0,0,0,0,0,9
390585,1,1,0,0,0,0,0,0,0,0,0,0
390586,1,1,0,0,0,0,0,0,0,0,0,0
390586,2,1,0,0,0,0,0,0,0,0,0,0
390587,1,1,0,0,0,0,0,0,0,0,0,0
390588,1,1,0,0,0,0,0,0,0,0,0,0
390589,1,1,11,22,16,13,30,31,14,25,8,0
390590,1,1,0,0,0,0,0,0,0,0,0,0
390590,2,1,0,0,0,0,0,0,0,0,0,0
390591,1,1,0,0,0,0,0,0,0,0,0,0
390591,2,1,24,24,24,24,24,24,24,24,24,24
390592,0,1,0,0,0,0,0,0,0,35,0,0
390592,1,1,0,0,0,0,0,0,0,0,6,0
390593,1,1,11,15,26,8,17,12,18,17,12,20
390595,1,1,0,0,0,0,0,0,0,0,0,0
390595,2,1,0,0,0,0,0,0,0,0,0,0
390596,1,1,0,0,0,0,0,0,0,0,0,0
390596,2,1,0,0,0,0,0,0,0,0,0,0
390597,1,1,28,28,28,28,28,28,28,28,28,28
390597,2,1,0,0,0,0,0,0,0,0,0,0
390598,1,1,16,16,16,16,16,16,16,16,16,16
390599,1,1,20,20,20,20,20,20,20,20,20,20
390600,1,1,0,0,0,0,0,0,0,0,0,0
390600,2,1,0,0,0,0,0,0,0,0,0,0
390601,1,1,0,0,0,20,0,0,0,0,0,22
390601,2,1,12,12,12,12,12,12,12,12,12,12
390602,1,1,14,14,14,14,14,14,14,14,14,14
390602,2,1,0,0,0,0,0,0,0,0,0,0
390603,1,1,0,0,0,0,0,0,0,0,0,0
390603,2,1,0,0,0,0,0,0,0,0,0,0
390604,1,1,23,23,23,23,23,23,23,23,23,23
390604,2,1,0,14,0,15,0,0,0,16,0,0
390605,1,1,14,14,14,14,14,14,14,14,14,14
390606,1,1,0,0,0,0,0,0,0,0,0,0
390607,1,1,25,25,25,25,25,25,25,25,25,25
390608,1,1,7,7,7,7,7,7,7,7,7,7
390609,0,1,0,0,0,0,0,0,0,0,0,0
390609,0,2,0,0,0,0,0,0,0,22,0,0
390609,0,3,0,0,0,0,0,0,0,0,0,0
390609,0,4,0,0,0,0,0,0,0,0,0,0
390609,0,5,0,0,0,0,0,0,0,0,0,0
390609,0,6,0,0,0,0,0,0,0,0,0,0
390609,1,1,0,0,0,0,0,0,0,0,0,0
390611,1,2,0,0,0,0,0,0,0,0,0,0
390612,0,1,0,0,0,0,0,0,0,0,0,0
390612,1,1,16,0,0,0,0,0,0,0,0,0
390613,1,1,0,0,0,0,0,0,0,0,0,0
390614,1,1,0,0,0,0,0,0,0,0,0,0
390614,2,1,0,0,0,0,0,0,0,0,0,0
390615,1,1,0,0,0,0,0,0,0,0,0,0
390616,1,1,7,17,11,9,24,2,13,13,14,13
390617,1,1,0,0,0,0,0,0,0,0,0,0
390617,2,1,0,0,0,0,0,0,0,0,0,0
390618,1,1,0,0,0,0,0,0,0,0,0,0
390619,1,1,0,0,0,0,0,0,0,0,0,0
390619,2,1,0,0,0,0,0,0,0,0,0,0
390620,1,1,0,0,0,0,0,0,0,0,0,0
390620,2,1,0,0,0,0,0,0,0,0,0,0
390621,0,1,0,0,0,0,0,0,0,0,0,0
390621,5,1,19,0,0,0,0,0,0,2,0,0
390622,1,1,0,0,0,0,0,0,0,0,0,0
390622,2,1,0,0,0,0,0,0,0,0,0,0
390622,3,1,0,0,0,0,0,0,0,0,0,0
390623,1,1,19,19,19,19,19,19,19,19,19,19
390624,0,1,0,0,0,0,0,0,0,0,0,0
390624,1,1,0,0,0,0,0,0,0,0,0,0
390625,1,1,9,9,9,9,9,9,9,9,9,9
390626,1,1,0,0,0,0,0,0,0,0,0,0
390627,1,1,15,15,15,15,15,15,15,15,15,15
390628,1,1,0,0,0,0,0,0,0,0,0,0
390628,2,1,0,0,0,0,0,0,0,0,0,0
390629,0,1,0,0,0,0,0,0,0,0,0,0
390629,1,1,0,0,0,15,0,0,0,0,0,0
390630,1,1,0,0,0,0,0,0,0,0,0,0
390630,2,1,0,0,0,0,2,0,0,0,0,0
390631,1,1,14,14,14,14,14,14,14,14,14,14
390633,1,1,16,16,16,16,16,16,16,16,16,16
390635,0,1,0,0,0,0,0,0,0,0,0,12
390635,1,1,0,0,0,0,0,0,0,0,0,0
390636,1,1,0,0,0,0,0,0,0,0,0,0
390636,2,1,0,0,0,0,0,0,0,0,0,0
390637,1,1,0,0,0,0,0,0,0,0,0,0
390638,1,1,27,27,27,27,27,27,27,27,27,27
390639,1,1,0,0,0,0,0,0,0,0,0,0
390639,2,1,0,0,0,0,0,0,0,0,0,0
390640,1,1,0,0,0,0,0,0,0,0,0,0
390640,2,1,0,0,0,0,0,0,0,0,0,0
390641,0,1,0,0,0,0,0,0,0,0,0,0
390642,1,1,0,0,0,0,0,0,0,0,0,0
390643,1,1,0,0,0,0,0,0,0,0,0,0
390643,2,1,0,0,0,0,0,0,0,0,0,0
390644,1,1,0,0,0,0,0,0,0,0,0,0
390645,1,1,0,0,0,0,0,0,24,0,0,0
390645,2,1,0,0,0,0,0,0,0,0,0,0
390646,1,1,0,0,0,0,0,0,0,0,0,0
390646,2,1,0,0,0,0,0,0,0,0,0,0
390647,1,1,10,10,10,10,10,10,10,10,10,10
390648,1,1,0,0,0,0,0,0,0,0,0,0
390648,2,1,0,0,0,0,0,0,0,0,0,0
390649,1,1,17,17,17,17,17,17,17,17,17,17
390650,0,1,0,0,0,0,0,0,0,0,0,0
390650,1,1,8,0,0,0,0,0,0,0,0,0