ST_CASE,VEH_NO,PER_NO,P1,P2,P3,P4,P5,P6,P7,P8,P9,P10
390651,1,1,0,0,0,0,0,0,0,0,0,0
390651,2,1,0,0,0,0,0,0,0,0,0,0
390652,1,1,28,28,28,28,28,28,28,28,28,28
390654,1,1,22,22,22,22,22,22,22,22,22,22
390655,1,1,0,0,0,0,0,0,0,0,0,0
390655,2,1,0,0,0,0,0,0,0,0,0,0
390655,3,1,0,0,0,0,0,0,0,0,0,0
390656,1,1,13,13,13,13,13,13,13,13,13,13
390657,1,1,0,0,0,0,0,0,0,0,0,0
390657,2,1,0,0,0,0,0,0,0,0,0,0
390658,1,1,0,0,0,0,0,0,0,0,0,0
390659,1,1,0,0,0,0,0,0,0,0,0,0
390659,2,1,0,0,0,0,0,0,8,0,0,0
390660,1,1,6,16,9,2,17,8,4,7,19,12
390661,1,1,15,15,15,15,15,15,15,15,15,15
390662,1,1,0,0,0,0,0,0,0,0,0,0
390663,1,1,0,0,0,0,0,0,0,0,0,0
390663,2,1,0,0,0,0,0,0,0,0,0,0
390664,1,1,0,0,0,0,0,0,0,0,0,0
390664,2,1,0,0,0,0,0,0,0,0,0,0
390664,3,1,0,0,0,0,0,0,0,0,0,0
390665,1,1,15,15,15,15,15,15,15,15,15,15
390666,1,1,0,0,0,0,0,0,0,0,0,0
390666,2,1,0,0,0,0,0,0,0,0,0,0
390667,1,1,0,0,0,0,0,0,0,0,0,0
390667,2,1,0,0,0,0,0,0,0,0,0,0
390668,0,1,0,0,0,0,0,0,0,0,0,0
390668,1,1,0,0,0,0,16,0,21,0,0,0
390669,1,1,12,12,12,12,12,12,12,12,12,12
390670,1,1,7,7,7,7,7,7,7,7,7,7
390671,1,1,16,16,16,16,16,16,16,16,16,16
390671,2,1,0,0,0,0,0,0,0,0,0,0
390672,1,1,2,2,2,2,2,2,2,2,2,2
390673,1,1,24,24,24,24,24,24,24,24,24,24
390674,1,1,15,15,15,15,15,15,15,15,15,15
390675,1,1,0,0,0,0,0,0,0,0,0,0
390675,2,1,17,17,17,17,17,17,17,17,17,17
390676,1,1,6,6,6,6,6,6,6,6,6,6
390676,2,1,0,0,0,0,0,0,0,0,0,0
390677,1,1,19,19,19,19,19,19,19,19,19,19
390678,1,1,3,3,3,3,3,3,3,3,3,3
390679,0,1,28,28,28,28,28,28,28,28,28,28
390679,1,1,0,0,0,0,0,0,0,0,0,0
390680,1,1,0,0,0,0,0,0,0,0,0,0
390681,1,1,0,0,0,0,0,0,0,0,0,0
390681,2,1,0,0,0,0,0,0,0,0,0,0
390683,1,1,22,0,0,0,0,0,0,0,0,0
390684,1,1,0,0,0,0,0,0,0,0,0,0
390684,2,1,0,0,0,0,0,0,0,0,0,0
390684,3,1,0,0,0,0,0,0,0,0,0,0
390685,1,1,0,0,0,0,0,0,0,0,0,0
390686,1,1,8,0,0,0,0,0,0,0,0,0
390686,2,1,23,23,23,23,23,23,23,23,23,23
390687,1,1,0,0,0,0,0,0,0,0,0,0
390687,2,1,0,0,16,0,0,24,0,26,0,0
390687,3,1,12,0,0,0,0,0,0,0,0,0
390688,1,1,0,0,0,0,0,0,0,0,0,0
390689,1,1,0,0,0,0,0,0,0,0,0,0
390690,1,1,6,0,0,0,0,0,0,0,0,0
390690,2,1,0,0,0,0,0,0,0,0,0,0
390690,3,1,0,0,0,0,0,10,0,0,0,0
390691,1,1,0,0,0,0,0,0,0,0,0,0
390691,2,1,0,0,0,0,0,0,0,0,0,0
390692,1,1,0,0,0,0,0,0,0,0,0,0
390692,2,1,0,0,0,0,0,0,0,0,0,0
390693,0,1,33,33,33,33,33,33,33,33,33,33
390693,1,1,0,0,0,0,0,0,0,0,0,0
390694,0,1,0,0,0,0,0,0,0,0,0,0
390694,1,1,0,0,0,30,0,0,0,0,0,0
390695,1,1,21,21,21,21,21,21,21,21,21,21
390695,2,1,0,0,0,0,0,0,0,0,0,0
390696,1,1,0,0,0,0,0,0,0,0,0,0
390698,1,1,16,16,16,16,16,16,16,16,16,16
390699,1,1,0,0,0,0,0,0,0,0,0,0
390699,2,1,0,0,0,8,0,0,0,0,0,0
390699,3,1,0,0,0,0,0,0,0,0,0,0
390699,4,1,0,0,0,0,0,0,0,0,0,8
390699,5,1,0,0,0,0,0,8,0,0,0,0
390700,1,1,0,0,0,0,0,0,0,0,0,0
390700,2,1,0,0,0,0,0,0,0,0,0,0
390701,0,1,0,0,0,0,0,0,0,0,0,0
390701,1,1,36,7,4,17,20,25,7,5,12,20
390702,1,1,27,27,27,27,27,27,27,27,27,27
390703,1,1,29,29,29,29,29,29,29,29,29,29
390704,1,1,25,25,25,25,25,25,25,25,25,25
390705,1,1,0,0,0,0,0,0,0,0,0,0
390705,2,1,0,0,0,0,0,0,0,0,0,0
390705,3,1,0,0,0,0,0,0,0,0,0,0
390706,1,1,0,0,0,0,0,0,0,0,0,0
390706,2,1,8,8,8,8,8,8,8,8,8,8
390707,1,1,16,16,16,16,16,16,16,16,16,16
390708,1,1,16,16,16,16,16,16,16,16,16,16
390709,0,1,0,0,0,0,0,0,0,0,0,0
390709,1,1,0,0,0,11,0,0,0,0,0,0
390710,1,1,21,21,21,21,21,21,21,21,21,21
390710,2,1,9,9,9,9,9,9,9,9,9,9
390711,1,1,0,0,0,0,0,0,0,0,0,0
390711,2,1,0,0,0,0,0,0,0,0,0,0
390712,1,1,0,0,0,0,0,0,0,0,0,0
390713,1,1,15,15,15,15,15,15,15,15,15,15
390714,1,1,15,15,15,15,15,15,15,15,15,15
390715,1,1,0,0,0,0,0,0,0,0,0,0
390716,1,1,23,23,23,23,23,23,23,23,23,23
390717,1,1,0,0,0,0,0,0,0,0,0,0
390718,1,1,0,0,0,0,0,0,0,0,0,0
390718,2,1,22,22,22,22,22,22,22,22,22,22
390719,1,1,15,15,15,15,15,15,15,15,15,15
390719,2,1,0,0,0,0,0,0,0,0,0,0
390720,1,1,0,0,0,0,0,0,0,0,0,0
390720,2,1,0,0,0,0,0,0,0,0,0,0
390720,3,1,0,0,0,0,0,0,8,0,0,0
390720,4,1,0,0,0,0,0,0,0,0,0,0
390720,5,1,0,0,0,0,0,0,0,0,0,0
390720,6,1,0,0,0,0,0,0,0,0,6,0
390720,7,1,0,0,0,0,0,0,0,0,15,0
390721,1,1,20,20,20,20,20,20,20,20,20,20
390722,1,1,0,0,0,0,0,0,0,0,0,0
390722,2,1,0,0,0,0,0,0,0,0,0,0
390723,1,1,0,0,0,0,0,0,11,0,0,0
390723,2,1,0,0,0,0,0,0,0,0,0,0
390724,0,1,0,0,0,0,0,0,0,0,0,0
390724,1,1,0,0,0,0,0,0,0,0,0,0
390725,1,1,0,0,0,0,0,0,0,7,0,0
390725,2,1,0,0,0,0,0,0,0,0,0,0
390729,1,1,34,34,34,34,34,34,34,34,34,34
390730,1,1,9,9,9,9,9,9,9,9,9,9
390731,1,1,0,0,0,0,0,0,0,0,0,0
390733,0,1,15,15,15,15,15,15,15,15,15,15
390733,1,1,0,0,0,0,0,0,0,0,0,0
390734,0,1,0,0,23,14,0,0,31,0,43,0
390734,0,2,0,0,0,0,0,0,0,0,0,0
390734,1,1,0,0,0,0,0,0,0,0,0,0
390734,2,1,0,0,0,0,0,0,19,0,0,0
390734,3,1,0,0,0,0,0,0,0,0,0,0
390735,1,1,0,0,0,0,0,0,0,0,0,0
390736,1,1,0,0,0,0,0,0,0,0,0,0
390736,2,1,0,0,0,0,0,0,0,0,0,0
390737,1,1,0,0,0,0,0,0,0,0,0,0
390737,2,1,0,0,0,0,0,0,0,0,0,0
390737,3,1,0,0,0,0,0,0,0,0,0,0
390738,1,1,0,0,0,0,0,0,0,0,0,0
390739,1,1,0,0,0,0,0,0,9,0,0,0
390740,1,1,0,0,0,0,0,0,0,0,0,0
390741,1,1,0,0,0,0,0,0,0,0,0,0
390741,2,1,0,0,0,16,0,0,7,0,0,0
390742,1,1,28,28,28,28,28,28,28,28,28,28
390743,1,1,12,12,12,12,12,12,12,12,12,12
390743,2,1,0,0,0,0,0,0,0,0,0,0
390744,1,1,30,30,30,30,30,30,30,30,30,30
390745,1,1,21,21,21,21,21,21,21,21,21,21
390746,1,1,13,42,51,8,21,21,24,22,14,18
390747,1,1,0,0,0,0,0,0,0,0,0,0
390748,1,1,0,0,0,0,0,0,0,0,0,0
390749,1,1,0,0,0,0,0,0,0,14,0,0
390749,2,1,0,0,0,0,0,0,0,0,0,0
390750,1,1,0,0,0,0,0,0,0,0,0,0
390750,2,1,0,0,0,0,0,0,0,0,0,0
390751,1,1,0,0,0,0,0,0,0,0,0,0
390751,2,1,0,0,0,0,0,0,0,0,0,0
390752,1,1,0,0,0,0,0,0,0,0,0,0
390752,2,1,0,0,0,0,0,0,0,0,0,0
390753,1,1,0,0,0,0,0,0,0,0,0,0
390753,2,1,0,0,0,0,0,0,0,0,0,0
390755,1,1,0,0,0,0,0,0,0,0,0,0
390756,1,1,28,28,28,28,28,28,28,28,28,28
390756,2,1,0,0,0,0,0,0,0,0,0,0
390757,1,1,0,0,0,0,0,0,0,0,0,0
390757,2,1,0,0,0,0,0,0,0,0,0,0
390757,3,1,0,0,0,0,0,0,0,0,0,0
390759,1,1,0,0,0,0,0,0,0,0,0,0
390759,2,1,0,0,0,0,0,0,0,0,0,0
390760,1,2,28,14,24,0,0,18,16,0,0,10
390761,0,1,0,0,0,26,0,0,0,0,0,0
390761,0,2,0,0,0,0,0,0,0,0,0,0
390761,1,1,0,0,0,0,0,0,0,0,0,0
390762,1,1,0,0,0,0,0,0,0,0,0,0
390762,2,1,0,0,0,0,0,0,0,0,0,0
390763,1,1,0,0,0,0,0,0,0,0,0,0
390763,2,1,15,15,15,15,15,15,15,15,15,15
390764,1,1,0,14,0,12,0,11,0,0,0,0
390765,1,1,11,8,13,7,14,2,13,16,6,30
390766,1,1,0,0,0,0,0,0,0,0,0,0
390767,1,1,0,27,0,17,3,0,0,0,0,0
390768,1,1,0,0,0,0,0,0,0,0,0,0
390768,2,1,0,0,0,0,0,0,0,0,0,0
390769,1,1,0,0,0,0,0,0,0,0,0,0
390769,2,1,0,0,0,0,0,0,0,0,0,0
390770,1,1,0,0,0,0,0,0,0,0,0,0
390771,1,1,9,9,9,9,9,9,9,9,9,9
390772,1,1,20,20,20,20,20,20,20,20,20,20
390772,2,1,0,0,0,0,0,0,0,0,0,0
390773,1,1,0,0,0,0,0,0,0,0,0,0
390773,2,1,0,0,0,0,0,0,0,0,0,0
390774,1,1,23,23,23,23,23,23,23,23,23,23
390775,1,1,15,15,15,15,15,15,15,15,15,15
390776,1,1,0,0,0,0,0,0,0,0,0,0
390777,1,1,7,7,7,7,7,7,7,7,7,7
390778,1,1,0,0,0,0,0,0,0,0,0,0
390778,2,1,0,0,0,32,0,0,0,0,0,0
390778,3,1,0,0,0,0,0,0,0,0,10,0
390778,4,1,0,0,0,0,0,0,0,0,0,0
390778,6,1,0,0,0,0,0,0,0,0,0,0
390779,1,1,0,0,0,0,0,0,0,0,0,0
390780,0,1,0,0,0,0,0,0,0,0,0,0
390780,1,1,0,0,0,0,0,0,0,0,0,0
390781,1,1,0,0,0,0,0,0,0,0,0,0
390781,2,1,0,0,0,0,0,0,0,0,0,0
390782,1,1,0,0,0,0,0,0,0,0,0,0
390782,2,1,7,7,7,7,7,7,7,7,7,7
390783,1,1,0,0,0,0,0,16,0,0,0,0
390784,1,1,0,0,0,0,0,0,0,0,0,0
390784,2,1,0,0,0,0,0,0,0,0,0,0
390785,0,1,0,0,0,0,0,0,0,0,0,0
390785,1,1,0,21,0,0,0,0,0,0,0,0
390786,1,1,0,0,0,0,0,0,0,0,0,0
390786,2,1,0,0,0,0,0,0,0,0,0,0
390787,0,1,0,0,0,0,0,0,0,0,0,0
390787,1,1,0,0,0,0,0,0,0,0,0,0
390788,1,1,11,0,0,0,0,0,0,0,0,0
390788,2,1,0,0,0,0,0,0,0,0,0,0
390788,3,1,0,0,0,0,0,0,0,0,0,0
390788,4,1,0,0,0,27,0,0,0,0,0,0
390788,5,1,0,0,0,0,0,0,0,0,0,0
390789,1,1,14,14,14,14,14,14,14,14,14,14
390790,1,1,0,0,0,0,0,0,0,0,0,0
390790,2,1,0,0,0,0,0,0,0,0,0,0
390790,3,1,0,0,0,0,0,0,0,0,0,0
390791,1,1,0,0,0,0,0,0,0,0,0,0
390792,0,1,0,0,0,0,0,0,0,0,0,0
390792,1,1,0,0,0,0,0,0,0,0,0,0
390792,2,1,0,0,0,0,0,0,0,4,0,0
390792,3,1,0,0,0,0,0,0,0,0,0,0
390792,4,1,0,0,0,0,0,0,0,0,0,0
390793,1,1,30,30,30,30,30,30,30,30,30,30
390794,1,1,0,0,0,0,0,0,0,0,0,0
390794,2,1,0,0,0,0,0,0,0,0,0,0
390796,1,1,7,7,7,7,7,7,7,7,7,7
390797,1,1,0,0,0,0,0,0,0,0,0,0
390797,2,1,0,0,0,0,0,0,0,0,0,0
390798,0,1,9,9,9,9,9,9,9,9,9,9
390798,1,1,0,0,0,0,0,0,0,0,0,0
390799,1,1,0,0,0,0,0,0,0,0,0,0
390799,2,1,0,0,0,0,0,0,0,0,0,0
390801,1,1,0,0,0,0,0,0,0,0,0,0
390801,2,1,0,0,0,0,0,0,0,0,0,0
390802,1,1,0,0,0,0,0,0,0,0,34,0
390803,1,1,0,0,0,0,0,0,0,0,0,0
390803,2,1,0,0,0,0,0,0,0,0,0,0
390804,1,1,0,0,0,0,0,0,0,0,0,0
390804,2,1,0,0,0,0,17,0,0,0,0,0
390804,3,1,0,0,0,0,0,0,0,0,0,0
390804,4,1,0,0,0,0,0,0,0,0,0,0
390804,5,1,0,0,0,0,0,0,0,0,0,0
390805,1,1,0,0,0,0,0,0,0,0,0,0
390805,2,1,0,0,0,0,0,13,0,0,0,0
390805,3,1,0,0,0,0,0,0,0,0,0,0
390806,1,1,25,25,25,25,25,25,25,25,25,25
390807,1,1,0,0,0,0,0,0,0,0,0,0
390808,1,1,0,0,0,0,0,0,0,0,0,0
390808,2,1,0,0,0,0,0,0,0,0,0,0
390809,1,1,0,0,0,0,0,0,0,0,0,0
390810,1,1,0,0,0,0,0,0,0,0,0,0
390811,0,1,0,0,0,0,0,0,0,0,0,0
390811,1,1,0,0,0,0,0,36,0,0,0,0
390812,0,1,0,0,0,0,0,0,0,0,0,0
390812,1,1,0,0,0,0,0,0,0,0,0,0
390813,0,1,0,0,0,0,0,0,0,0,0,0
390813,0,2,0,0,0,0,0,0,0,0,0,0
390813,1,1,0,0,0,0,0,0,0,0,0,0
390814,1,1,0,0,0,0,0,0,0,0,0,0
390815,1,1,0,0,0,0,0,0,0,0,0,0
390815,2,1,0,0,0,0,0,0,0,0,0,0
390816,0,1,8,8,8,8,8,8,8,8,8,8
390816,1,1,0,0,0,0,0,0,0,0,0,0
390817,1,1,0,0,0,0,0,0,0,0,0,0
390817,2,1,0,0,0,0,0,0,0,0,0,0
390818,1,1,10,0,0,0,0,0,0,0,0,0
390818,2,1,0,0,0,0,0,0,0,0,0,0
390819,1,1,0,0,0,0,0,0,0,0,0,0
390819,2,1,0,0,0,0,0,0,0,0,0,0
390820,1,1,0,0,0,0,0,0,0,0,0,0
390821,1,1,20,20,20,20,20,20,20,20,20,20
390822,1,1,31,31,31,31,31,31,31,31,31,31
390823,1,1,0,0,0,0,0,0,0,0,0,0
390823,2,1,0,7,0,0,0,0,0,0,0,0
390824,1,1,0,0,0,0,0,0,0,0,0,0
390825,1,1,0,0,0,0,0,0,0,0,0,0
390825,2,1,0,0,0,0,0,0,0,0,0,0
390826,1,1,0,0,0,0,0,0,0,0,0,0
390826,2,1,0,0,0,0,0,0,0,0,0,0
390826,3,1,0,0,0,0,0,0,0,0,0,0
390827,1,1,0,0,0,0,0,0,0,0,0,0
390828,1,1,0,0,0,0,0,0,0,0,0,0
390828,2,1,0,0,0,0,0,0,0,0,0,0
390829,1,1,11,11,11,11,11,11,11,11,11,11
390830,0,1,0,0,0,0,0,0,0,0,0,0
390830,1,1,25,8,38,25,11,4,14,0,0,10
390831,1,1,0,0,0,0,0,0,0,0,0,0
390831,2,1,0,0,0,0,0,0,0,0,0,0
390832,1,1,7,7,7,7,7,7,7,7,7,7
390832,2,1,0,16,0,0,0,0,0,0,0,18
390833,1,1,0,0,0,0,0,0,0,0,0,0
390833,2,1,0,0,0,0,4,0,0,0,0,0
390834,1,1,19,19,19,19,19,19,19,19,19,19
390835,1,1,0,0,0,6,20,0,0,0,0,0
390835,2,1,0,0,0,0,0,0,0,0,0,0
390836,1,1,23,23,23,23,23,23,23,23,23,23
390836,2,1,0,22,0,0,0,0,0,0,0,0
390837,1,1,5,5,5,5,5,5,5,5,5,5
390838,1,1,0,0,0,0,0,0,0,0,0,0
390838,2,1,0,0,0,0,0,0,0,0,0,0
390839,1,1,0,0,0,0,0,0,0,0,0,0
390840,0,1,0,0,0,0,0,0,0,0,0,0
390840,1,1,0,0,0,0,0,0,0,0,0,0
390841,1,1,0,0,0,0,0,0,0,0,0,0
390842,1,1,15,0,0,0,0,0,0,0,24,0
390842,2,1,18,18,18,18,18,18,18,18,18,18
390843,1,1,0,0,0,0,0,0,0,0,0,0
390844,1,1,0,0,0,0,0,0,0,0,0,0
390845,1,1,0,0,0,0,0,0,0,0,0,0
390845,2,1,0,0,0,0,24,0,0,0,0,0
390846,1,1,0,0,0,0,0,0,0,0,0,0
390846,2,1,0,0,0,0,0,0,0,0,0,0
390847,0,1,0,0,0,0,0,0,0,0,0,0
390847,1,1,3,0,0,0,0,0,0,0,0,0
390848,1,1,0,0,0,0,0,0,0,0,0,0
390849,1,1,0,0,0,0,0,0,0,0,0,0
390849,2,1,0,0,0,0,0,0,0,0,0,0
390850,1,2,16,16,0,15,16,0,12,0,0,13
390851,1,1,0,0,0,28,0,0,0,0,0,16
390852,1,1,29,29,29,29,29,29,29,29,29,29
390852,2,1,20,0,0,0,0,0,0,0,0,0
390853,1,1,14,14,14,14,14,14,14,14,14,14
390854,0,1,23,23,23,23,23,23,23,23,23,23
390854,0,2,28,44,29,18,13,33,16,7,38,6
390854,1,1,0,0,0,0,0,0,0,0,13,17
390855,1,1,0,11,16,0,0,0,0,0,0,0
390855,2,1,17,17,17,17,17,17,17,17,17,17
390856,0,1,38,38,38,38,38,38,38,38,38,38
390856,1,1,4,17,26,0,11,11,4,17,17,5
390857,1,1,0,0,0,0,0,0,0,0,0,0
390858,1,1,21,21,21,21,21,21,21,21,21,21
390859,1,1,16,16,16,16,16,16,16,16,16,16
390860,0,1,7,7,7,7,7,7,7,7,7,7
390860,1,1,0,0,0,0,0,0,0,0,0,0
390861,1,1,0,0,0,0,0,0,0,0,0,0
390861,2,1,0,0,0,0,0,0,0,0,0,0
390862,1,1,0,0,0,0,0,0,0,0,0,0
390863,1,1,0,0,17,0,0,11,22,0,7,0
390865,0,1,0,0,0,0,0,0,0,0,0,0
390865,1,1,0,0,0,0,0,0,0,0,0,0
390866,1,1,0,0,0,0,0,0,0,0,0,0
390866,2,1,0,0,0,0,0,0,0,0,0,0
390867,1,1,0,0,0,0,0,0,0,0,0,0
390867,2,1,0,0,0,0,0,0,0,0,0,0
390868,0,1,0,0,0,0,0,0,0,0,0,0
390868,1,1,0,0,0,0,0,0,0,0,0,0
390869,1,1,23,23,23,23,23,23,23,23,23,23
390869,2,1,0,0,0,0,0,0,0,0,0,0
390869,3,1,0,0,0,0,0,0,0,0,0,0
390870,1,1,0,0,0,0,0,0,0,0,0,0
390870,2,1,0,0,0,0,0,0,0,23,0,0
390871,1,1,0,0,0,0,0,0,0,0,0,0
390871,2,1,3,3,3,3,3,3,3,3,3,3
390872,1,1,0,0,0,0,16,0,0,0,0,18
390872,2,1,0,0,0,0,0,0,0,0,0,0
390873,0,1,0,0,0,0,21,0,0,0,0,0
390873,2,1,0,0,0,0,0,0,0,0,0,0
390875,1,1,25,25,25,25,25,25,25,25,25,25
390876,0,1,0,0,0,0,0,0,0,0,0,0
390876,1,1,6,0,0,14,0,0,0,0,20,0
390877,1,1,0,0,0,0,0,0,0,0,0,0
390877,2,1,0,0,0,0,0,0,0,0,0,0
390877,3,1,7,0,0,0,0,0,0,0,0,0
390878,1,1,0,0,0,0,0,0,0,0,0,0
390878,2,1,0,0,0,0,0,0,0,0,0,0
390878,3,1,0,0,0,0,0,0,0,0,0,0
390879,1,1,0,0,0,0,0,0,0,0,0,0
390879,2,1,0,0,0,0,0,0,0,0,0,0
390880,0,1,0,0,0,0,0,0,0,0,0,0
390880,1,1,0,0,0,0,0,0,0,0,0,0
390881,1,1,0,0,0,0,0,0,0,0,0,0
390882,1,1,0,0,0,0,0,0,0,0,0,0
390883,1,1,0,0,0,0,0,0,0,0,0,0
390883,2,1,3,3,3,3,3,3,3,3,3,3
390884,1,1,0,0,0,0,0,0,0,0,0,0
390884,2,1,0,0,0,0,0,0,0,0,0,0
390885,0,1,0,0,0,0,0,0,0,0,0,0
390885,1,1,0,0,0,0,0,0,0,0,0,3
390886,1,1,0,0,0,0,0,0,0,0,0,0
390887,1,1,0,0,0,0,0,0,0,0,0,0
390887,2,1,0,0,0,0,0,0,0,0,0,0
390888,1,1,0,16,0,0,0,0,0,0,0,0
390888,2,1,0,0,0,0,0,0,0,0,0,0
390889,1,1,0,0,0,0,0,0,0,0,17,18
390890,1,1,0,0,0,0,0,0,0,0,0,0
390891,1,1,0,0,0,0,0,0,0,0,0,0
390892,0,1,24,25,0,0,25,11,7,26,0,10
390892,1,1,0,7,16,0,0,0,0,23,0,6
390894,1,1,0,0,0,0,0,0,0,0,0,0
390895,1,1,0,0,0,0,0,0,38,0,0,0
390895,2,1,0,0,0,0,0,0,0,0,0,0
390896,1,1,15,15,15,15,15,15,15,15,15,15
390898,1,1,0,0,0,0,0,0,0,0,0,0
390898,2,1,0,0,0,0,0,0,0,0,0,0
390899,0,1,0,0,0,0,0,0,0,0,0,0
390899,1,1,0,0,0,0,0,0,0,0,0,0
390901,1,1,0,0,0,0,0,0,0,0,0,0
390902,1,1,0,0,0,0,0,0,0,0,0,0
390903,1,1,12,12,12,12,12,12,12,12,12,12
390904,1,1,0,0,0,0,0,0,0,0,0,0
390904,2,1,0,0,0,0,0,0,0,0,0,0
390904,3,1,0,0,0,0,0,0,0,0,0,0
390905,1,1,37,37,37,37,37,37,37,37,37,37
390906,1,1,9,9,9,9,9,9,9,9,9,9
390907,0,1,31,31,31,31,31,31,31,31,31,31
390907,1,1,0,0,0,0,0,0,0,0,0,0
390907,2,1,0,0,0,0,0,0,0,0,0,0
390908,0,1,0,0,3,0,0,0,16,0,0,0
390908,1,1,0,0,0,0,0,0,0,0,0,0
390908,2,1,0,0,0,0,0,0,0,0,0,0
390909,1,1,0,0,0,0,0,0,0,0,0,0
390910,1,1,0,0,0,0,0,0,0,0,0,0
390911,1,1,18,18,18,18,18,18,18,18,18,18
390911,2,1,0,0,24,0,0,0,0,8,0,0
390912,1,1,18,18,18,18,18,18,18,18,18,18
390913,1,1,0,0,0,0,0,0,0,0,0,0
390914,1,1,21,21,21,21,21,21,21,21,21,21
390915,1,1,0,0,0,0,0,0,0,0,0,0
390915,2,1,0,0,0,0,0,0,0,0,0,0
390916,1,1,0,0,0,0,0,0,0,0,0,0
390916,2,1,0,0,0,0,0,0,0,0,0,0
390917,1,1,15,15,15,15,15,15,15,15,15,15
390917,2,1,0,0,0,0,0,0,0,0,0,0
390918,1,1,0,0,0,0,0,0,0,0,0,0
390920,1,1,0,0,0,0,0,0,0,0,0,0
390920,2,1,0,0,0,0,0,0,0,0,0,0
390920,3,1,17,0,0,0,15,0,0,0,0,0
390920,4,1,0,0,0,0,0,0,0,0,0,12
390920,5,1,0,0,0,0,0,0,0,0,0,0
390920,6,1,0,0,0,0,0,0,0,0,0,0
390921,0,1,15,15,15,15,15,15,15,15,15,15
390921,1,1,0,0,0,0,0,0,0,0,0,0
390922,1,1,0,0,0,0,0,0,0,0,0,0
390922,2,1,0,0,0,0,0,0,0,0,0,0
390923,1,1,0,0,0,0,0,0,0,0,0,0
390923,2,1,12,12,12,12,12,12,12,12,12,12
390923,3,1,0,0,0,0,0,0,0,0,0,0
390924,1,1,25,25,25,25,25,25,25,25,25,25
390925,0,1,0,0,0,0,0,0,0,0,0,0
390925,1,1,0,0,0,0,0,0,0,0,0,0
390926,1,1,0,0,0,0,0,0,0,0,0,0
390927,1,1,0,0,0,0,0,0,0,0,0,0
390928,1,1,0,0,0,0,0,0,0,0,0,0
390929,1,1,23,23,23,23,23,23,23,23,23,23
390930,0,1,4,4,4,4,4,4,4,4,4,4
390930,1,1,0,0,0,0,0,0,0,0,0,0
390931,1,1,9,10,23,14,13,12,8,9,8,3
390932,1,1,0,0,0,0,0,0,0,0,0,0
390932,2,1,0,0,0,0,0,0,0,0,0,0
390933,1,1,0,0,0,0,0,0,12,0,0,0
390933,2,1,0,0,0,0,0,0,0,0,0,0
390934,1,1,21,6,10,19,18,13,11,0,4,16
390935,1,1,0,12,0,0,0,0,0,0,0,0
390935,2,1,17,17,17,17,17,17,17,17,17,17
390936,1,1,0,0,0,0,0,0,0,0,0,0
390937,0,1,0,0,0,0,0,0,0,0,0,0
390937,1,1,0,0,0,0,0,17,0,0,0,0
390938,1,1,17,17,17,17,17,17,17,17,17,17
390939,1,1,31,31,31,31,31,31,31,31,31,31
390939,2,1,0,0,0,0,0,0,0,0,0,0
390940,1,1,18,18,18,18,18,18,18,18,18,18
390940,2,1,0,0,0,0,0,0,0,0,0,0
390940,3,1,0,0,0,0,0,0,0,0,0,0
390940,4,1,0,0,0,0,0,0,0,0,0,0
390941,0,1,0,0,0,0,0,0,0,0,0,0
390941,1,1,0,0,0,0,0,0,0,0,0,0
390942,1,1,26,26,26,26,26,26,26,26,26,26
390942,2,1,0,0,0,0,17,0,0,0,0,0
390943,0,1,0,0,0,0,0,0,0,0,0,0
390943,1,1,0,0,0,9,0,0,15,0,0,8
390944,1,1,0,0,0,0,0,0,0,0,0,0
390944,2,1,0,0,0,0,0,0,0,0,0,0
390945,1,1,23,23,23,23,23,23,23,23,23,23
390946,1,1,10,10,10,10,10,10,10,10,10,10
390947,0,1,0,0,0,0,0,0,0,0,0,0
390947,1,1,0,0,0,0,0,0,0,0,0,0
390949,0,1,22,24,19,17,39,12,18,30,30,7
390949,1,1,0,0,0,0,0,0,0,0,0,0
390950,1,1,0,0,0,0,0,0,0,0,0,0
390950,2,1,0,0,0,0,0,0,0,0,0,0
390951,1,1,22,22,22,22,22,22,22,22,22,22
390952,0,1,0,0,0,40,31,0,0,0,16,0
390952,0,2,19,19,19,19,19,19,19,19,19,19
390952,1,1,0,0,0,0,0,0,0,0,0,0
390955,0,1,0,0,0,0,0,0,0,0,0,0
390955,0,2,0,0,0,0,0,0,0,0,0,0
390955,1,1,0,0,0,0,0,17,0,0,0,0
390955,2,1,0,0,0,0,0,0,0,0,0,0
390956,1,1,0,0,0,0,0,0,0,0,0,0
390956,2,1,7,0,0,0,0,0,0,0,0,0
390957,1,1,0,0,0,0,0,34,0,0,0,0
390957,2,1,0,0,0,0,10,0,0,0,0,0
390958,1,1,0,0,0,0,0,0,0,0,0,0
390958,2,1,0,18,15,26,23,16,21,18,9,7
390959,1,1,0,0,0,0,0,0,0,0,0,0
390959,2,1,0,0,0,0,0,0,0,0,0,14
390960,0,1,0,0,0,0,0,0,0,0,0,48
390960,1,1,0,0,0,0,0,9,0,8,0,0
390961,1,1,0,0,0,0,0,0,0,0,0,0
390962,1,1,0,0,0,0,0,7,0,0,0,0
390962,2,1,0,0,0,0,0,0,0,0,0,0
390964,1,1,0,0,0,0,0,0,0,0,0,0
390964,2,1,0,0,0,0,0,0,0,0,0,0
390965,0,1,13,13,13,13,13,13,13,13,13,13
390965,1,1,0,0,0,0,0,0,0,0,0,0