ST_CASE,VEH_NO,PER_NO,P1,P2,P3,P4,P5,P6,P7,P8,P9,P10
390966,1,1,0,21,0,4,15,0,0,0,0,0
390966,2,1,31,31,31,31,31,31,31,31,31,31
390967,0,1,15,15,15,15,15,15,15,15,15,15
390967,1,1,13,13,13,13,13,13,13,13,13,13
390968,1,4,0,0,0,6,17,0,0,0,3,0
390969,1,1,26,26,26,26,26,26,26,26,26,26
390970,1,1,0,0,0,0,0,0,0,0,0,0
390970,2,1,0,0,0,0,0,0,0,21,0,0
390971,1,1,18,18,18,18,18,18,18,18,18,18
390971,2,1,0,0,0,0,0,0,0,0,0,0
390972,1,1,21,11,2,28,11,20,39,9,25,13
390973,0,1,0,0,0,0,0,0,0,0,0,0
390973,0,2,0,0,0,0,0,0,0,0,0,0
390974,1,1,0,0,0,0,0,0,0,0,0,0
390974,2,1,0,0,0,0,0,0,0,0,0,0
390975,1,1,16,16,16,16,16,16,16,16,16,16
390976,0,1,22,22,22,22,22,22,22,22,22,22
390976,1,1,0,0,0,0,0,0,0,0,0,0
400001,1,1,0,0,0,0,0,0,0,0,0,0
400001,2,1,0,0,0,0,13,30,0,0,0,0
400002,1,1,0,0,0,0,0,0,0,0,0,0
400002,2,1,0,0,0,0,0,0,0,0,0,0
400003,1,1,0,0,0,0,0,0,0,0,0,0
400004,1,1,0,0,0,0,0,0,0,0,0,0
400004,2,1,0,0,0,0,0,0,0,0,0,0
400004,3,1,4,0,0,0,0,0,0,0,0,0
400005,1,1,0,0,0,0,0,0,0,0,0,0
400006,1,1,0,0,0,0,0,0,0,0,0,0
400006,2,1,0,0,0,0,0,0,0,0,0,0
400006,3,1,0,0,0,0,0,0,0,0,0,0
400007,1,1,0,0,0,0,0,0,0,0,0,0
400008,1,1,0,0,0,0,0,0,0,0,0,0
400009,0,1,0,0,0,0,0,0,0,0,0,0
400009,1,1,0,0,0,0,0,0,0,0,0,0
400010,1,1,14,14,14,14,14,14,14,14,14,14
400011,1,1,0,0,0,0,0,0,0,0,0,0
400012,1,1,0,0,0,0,0,0,0,0,0,0
400013,1,1,18,18,18,18,18,18,18,18,18,18
400014,1,1,0,0,0,0,0,0,0,0,0,0
400014,2,1,12,0,0,22,21,16,0,15,26,0
400015,1,1,0,0,0,0,0,0,0,0,0,0
400016,1,1,10,10,10,10,10,10,10,10,10,10
400017,1,1,0,0,0,0,0,0,0,0,0,0
400018,0,1,0,0,0,0,0,0,0,0,0,0
400018,1,1,0,0,0,0,0,0,0,0,0,0
400018,2,1,0,0,0,0,0,0,0,0,0,0
400018,3,1,0,0,0,0,0,0,0,0,23,0
400018,4,1,0,0,0,7,0,9,0,0,0,0
400018,5,1,0,0,0,0,0,0,0,0,0,0
400019,1,1,0,0,0,0,0,0,0,0,0,0
400020,1,1,0,0,0,0,0,0,0,0,0,0
400020,2,1,0,0,10,0,0,0,0,0,0,0
400021,1,1,26,26,26,26,26,26,26,26,26,26
400022,1,1,0,0,0,0,0,0,0,0,0,0
400022,2,1,0,0,0,0,0,0,0,0,0,0
400023,1,1,0,0,0,0,0,0,0,0,0,0
400023,2,1,0,0,0,0,0,0,0,0,0,0
400024,1,1,0,0,0,0,0,0,0,0,0,0
400025,1,1,0,0,0,0,0,0,0,0,0,0
400026,1,1,16,16,16,16,16,16,16,16,16,16
400027,1,1,0,0,0,0,0,0,0,0,0,0
400028,1,1,0,0,0,0,0,0,0,0,0,0
400028,2,1,0,0,0,0,0,0,0,6,0,0
400029,1,1,0,0,0,0,0,0,0,0,0,0
400030,1,1,0,0,0,0,0,0,0,0,0,0
400031,1,1,0,0,0,0,0,8,0,0,0,0
400031,2,1,0,0,0,0,0,0,19,0,0,0
400032,1,1,0,0,0,0,0,0,0,0,0,0
400033,1,1,2,2,2,2,2,2,2,2,2,2
400034,1,1,18,0,0,24,38,13,0,18,0,0
400035,1,1,23,23,23,23,23,23,23,23,23,23
400036,1,1,16,16,16,16,16,16,16,16,16,16
400036,2,1,0,0,0,0,0,0,0,0,0,0
400036,3,1,0,0,0,0,0,0,0,0,0,0
400037,1,1,14,14,14,14,14,14,14,14,14,14
400038,1,1,0,0,0,0,0,0,0,0,0,0
400039,1,1,0,0,0,0,0,0,0,0,0,0
400040,1,1,0,0,0,0,0,0,0,0,0,0
400040,2,1,0,0,0,0,0,0,0,0,0,0
400041,1,1,0,0,0,0,0,0,0,0,0,0
400041,2,1,0,0,0,0,0,0,0,0,0,0
400042,1,1,0,0,0,0,0,0,0,0,0,0
400043,1,1,0,0,0,0,0,0,0,0,0,0
400043,2,1,0,0,0,0,0,0,0,0,0,0
400043,3,1,0,0,0,0,0,0,0,0,6,0
400044,1,1,0,0,0,0,0,0,0,0,0,0
400044,2,1,0,0,0,0,0,0,0,0,0,0
400045,1,1,0,0,0,0,0,0,0,0,0,0
400045,2,1,0,0,0,0,0,0,0,0,0,0
400046,0,1,19,19,19,19,19,19,19,19,19,19
400046,1,1,14,14,14,14,14,14,14,14,14,14
400047,1,1,0,0,0,0,0,0,0,0,0,0
400047,2,1,0,0,0,0,0,0,0,0,0,0
400047,3,1,0,0,0,0,0,0,0,0,0,0
400048,1,1,0,0,0,0,18,0,0,0,0,0
400049,1,1,0,0,0,0,0,0,0,10,0,0
400049,2,1,0,0,0,0,0,0,0,0,0,4
400050,1,1,0,0,0,0,0,0,0,0,0,0
400050,2,1,0,0,0,0,0,0,0,0,0,0
400051,1,1,0,0,0,0,0,0,0,0,0,0
400052,1,1,0,0,0,0,0,0,0,0,0,0
400052,2,1,0,0,0,0,0,0,13,0,0,0
400053,1,1,0,0,0,0,0,0,0,0,0,0
400054,1,1,0,0,0,0,0,0,0,0,0,0
400055,0,1,0,0,0,0,0,0,0,0,0,0
400055,1,1,0,0,0,0,0,0,0,0,0,0
400056,1,1,0,0,0,0,0,0,0,0,0,0
400056,2,1,0,0,0,0,0,0,0,0,0,0
400057,1,1,33,33,33,33,33,33,33,33,33,33
400058,1,1,0,0,0,0,0,0,0,0,23,0
400058,2,1,0,0,0,0,0,0,0,0,0,0
400059,0,1,0,0,0,0,0,0,0,0,0,0
400059,1,1,0,0,0,0,0,0,0,0,0,0
400060,1,1,0,0,0,0,0,0,0,0,0,0
400061,1,1,19,19,19,19,19,19,19,19,19,19
400062,1,1,3,3,3,3,3,3,3,3,3,3
400063,1,1,0,0,0,0,0,0,0,0,0,0
400063,2,1,0,0,0,0,0,0,0,0,0,0
400064,1,1,0,0,0,0,0,0,0,0,0,0
400065,1,1,25,25,25,25,25,25,25,25,25,25
400065,2,1,0,0,0,0,0,0,0,0,0,0
400066,1,1,0,0,0,0,0,0,0,0,0,0
400066,2,1,0,0,0,0,0,0,0,0,0,0
400067,1,1,9,9,9,9,9,9,9,9,9,9
400068,1,1,0,0,0,0,0,0,0,0,0,0
400068,2,1,0,0,0,0,0,0,0,0,0,0
400069,1,1,26,26,26,26,26,26,26,26,26,26
400070,0,1,0,0,14,16,0,17,0,0,0,0
400070,1,1,0,0,0,9,0,0,0,0,9,15
400071,1,1,0,0,0,0,0,0,0,0,0,0
400072,1,1,0,0,15,0,9,0,0,0,0,0
400073,1,1,0,0,0,21,0,0,0,0,0,0
400074,1,1,0,0,0,0,14,0,0,0,0,0
400074,2,1,0,0,0,0,0,0,0,0,0,0
400075,1,1,0,0,0,0,14,0,9,0,0,0
400076,1,1,0,0,0,0,0,0,0,0,0,0
400076,2,1,0,0,0,0,0,0,0,0,0,0
400077,1,1,0,0,0,0,18,0,0,0,0,0
400078,1,1,0,0,0,0,0,0,0,0,0,0
400078,2,1,0,0,0,0,0,0,0,0,21,0
400079,1,1,17,17,17,17,17,17,17,17,17,17
400080,1,1,22,22,22,22,22,22,22,22,22,22
400081,1,1,21,21,21,21,21,21,21,21,21,21
400082,0,1,9,9,9,9,9,9,9,9,9,9
400082,1,1,0,0,9,0,0,3,0,0,0,0
400083,1,1,0,0,0,0,0,0,0,0,0,0
400084,1,1,0,0,0,0,0,0,0,0,0,0
400085,1,1,15,15,15,15,15,15,15,15,15,15
400086,1,1,0,0,0,0,0,0,0,0,0,0
400087,1,1,29,29,29,29,29,29,29,29,29,29
400089,1,1,0,0,0,0,0,0,0,0,0,0
400089,2,1,0,0,0,0,0,0,0,0,0,0
400090,1,1,0,0,0,0,0,0,0,0,0,0
400091,1,1,11,11,11,11,11,11,11,11,11,11
400091,2,1,0,0,0,0,0,0,0,0,0,0
400092,1,1,0,0,0,0,0,0,0,0,0,0
400093,1,1,25,25,25,25,25,25,25,25,25,25
400093,2,1,0,0,0,0,0,0,0,0,0,0
400094,1,1,0,0,0,0,0,0,0,0,0,0
400095,1,1,0,0,0,0,0,0,0,0,0,0
400096,0,1,0,0,0,0,0,0,0,0,0,0
400096,1,1,0,0,0,0,3,0,0,0,0,0
400096,2,1,1,0,0,0,0,14,0,8,0,0
400097,1,1,25,25,25,25,25,25,25,25,25,25
400098,1,1,22,22,22,22,22,22,22,22,22,22
400099,0,1,0,0,0,0,0,0,0,0,0,0
400099,1,1,0,20,0,0,0,0,0,0,0,0
400100,1,1,0,0,0,0,0,0,0,0,0,0
400100,2,1,0,0,0,0,0,0,0,0,0,0
400101,0,1,0,0,0,0,0,0,0,0,0,0
400101,0,2,34,0,15,0,0,0,16,0,0,22
400101,1,1,9,0,0,12,0,0,0,0,0,0
400102,1,1,0,0,0,0,0,0,0,0,0,0
400102,2,1,0,0,0,0,0,0,0,0,0,0
400103,1,1,0,0,0,0,0,0,0,0,0,0
400104,1,1,0,0,0,0,0,0,0,0,0,0
400105,1,1,18,18,18,18,18,18,18,18,18,18
400105,2,1,0,0,0,0,0,0,0,0,0,0
400106,1,1,0,0,0,0,0,0,0,0,0,0
400106,2,1,0,0,0,0,0,0,0,0,0,0
400107,1,1,0,0,0,0,0,0,0,0,0,0
400107,2,1,0,0,0,0,0,0,0,0,0,0
400108,1,1,21,21,21,21,21,21,21,21,21,21
400109,1,1,0,0,0,0,0,0,0,0,0,0
400110,1,1,0,0,0,0,0,0,0,0,0,0
400110,2,1,0,0,0,0,0,0,0,0,0,0
400110,3,1,0,0,0,0,0,0,0,16,0,0
400111,1,1,12,12,12,12,12,12,12,12,12,12
400111,2,1,0,0,0,0,0,0,0,0,0,0
400112,1,1,0,0,0,0,0,0,0,0,0,0
400113,1,1,20,20,20,20,20,20,20,20,20,20
400114,1,1,0,0,0,0,0,0,0,0,0,0
400114,2,1,0,0,0,0,0,0,0,19,0,0
400115,1,1,0,0,0,0,0,0,0,0,0,0
400116,1,1,0,0,0,0,0,0,0,0,0,0
400116,2,1,0,0,0,0,0,0,0,0,0,0
400117,1,1,0,0,0,0,0,0,0,0,0,0
400118,1,1,20,20,20,20,20,20,20,20,20,20
400119,1,1,0,0,0,0,0,0,0,0,0,0
400120,1,1,0,0,0,0,0,0,0,0,0,0
400121,1,1,22,22,22,22,22,22,22,22,22,22
400121,2,1,0,0,0,0,0,0,0,0,0,0
400121,3,1,0,0,0,0,0,0,0,0,0,0
400122,1,1,0,0,0,0,0,0,0,0,0,0
400123,1,1,0,0,0,0,0,0,0,0,0,0
400124,1,1,0,0,20,0,0,0,0,0,0,0
400125,1,1,0,0,0,0,0,0,0,0,0,24
400126,1,1,0,0,0,0,0,0,0,0,0,0
400127,1,1,0,0,0,0,0,0,0,0,0,0
400127,2,1,0,0,0,0,0,0,0,0,0,0
400128,1,1,15,15,15,15,15,15,15,15,15,15
400129,1,1,20,20,20,20,20,20,20,20,20,20
400130,1,1,0,0,0,0,0,0,0,0,0,0
400130,2,1,0,0,0,0,0,0,0,0,0,0
400131,1,1,10,10,10,10,10,10,10,10,10,10
400131,2,1,0,0,0,0,10,0,0,0,0,0
400132,1,1,33,33,33,33,33,33,33,33,33,33
400133,1,1,0,0,0,0,0,0,0,0,0,0
400133,2,1,0,0,0,0,0,0,0,0,0,0
400134,1,1,4,4,4,4,4,4,4,4,4,4
400134,2,1,0,0,0,0,0,0,0,0,0,0
400135,1,1,16,16,16,16,16,16,16,16,16,16
400136,1,1,0,0,0,0,0,0,0,0,0,0
400136,2,1,0,0,0,0,0,0,0,0,0,0
400137,1,1,0,0,0,0,0,0,0,0,0,0
400137,2,1,0,0,0,0,0,0,0,0,0,0
400138,1,1,0,0,0,0,0,0,0,0,0,0
400139,1,1,8,8,8,8,8,8,8,8,8,8
400140,1,1,0,0,0,0,0,0,0,0,0,0
400140,2,1,3,3,3,3,3,3,3,3,3,3
400141,1,1,0,0,0,0,0,0,0,0,0,0
400141,2,1,0,0,0,0,0,0,0,0,0,0
400142,1,1,20,20,20,20,20,20,20,20,20,20
400143,1,1,0,0,0,0,0,0,0,0,0,0
400143,2,1,0,0,0,0,0,0,0,0,0,0
400144,1,1,0,0,0,0,0,0,0,0,0,0
400145,1,1,0,0,0,0,0,0,0,0,0,0
400146,0,1,45,15,38,0,15,10,12,0,32,25
400146,1,1,0,0,0,0,0,6,0,0,0,0
400147,1,1,0,0,0,0,0,0,0,0,0,0
400147,2,1,0,0,0,0,0,0,0,0,0,0
400148,1,1,0,0,0,0,0,0,0,0,0,0
400149,1,1,0,0,0,0,0,0,0,0,0,0
400150,1,1,0,0,0,0,0,0,0,0,0,0
400150,2,1,0,0,25,0,0,0,0,0,0,0
400151,1,1,0,0,0,0,0,0,0,0,0,0
400152,1,1,21,21,21,21,21,21,21,21,21,21
400153,1,1,0,0,0,0,0,0,0,0,0,0
400154,1,1,4,4,4,4,4,4,4,4,4,4
400155,1,1,0,0,0,0,0,0,0,0,0,0
400155,2,1,0,0,0,0,0,15,0,0,0,0
400156,1,1,0,0,0,0,0,0,0,0,0,0
400156,2,1,0,0,0,0,0,0,0,0,0,0
400157,1,1,0,0,0,0,0,0,0,0,0,0
400157,2,1,0,0,0,0,0,0,0,0,0,0
400158,1,1,0,0,0,0,0,0,0,0,0,0
400158,2,1,0,0,0,0,0,0,0,0,0,0
400159,1,1,0,0,0,0,0,0,0,0,0,0
400159,2,1,0,0,0,0,0,0,0,0,0,0
400160,0,1,0,0,0,0,0,30,52,0,0,12
400160,1,1,0,0,0,0,0,0,0,0,0,0
400161,1,1,11,11,11,11,11,11,11,11,11,11
400162,1,1,0,0,0,0,0,0,0,0,0,0
400163,1,1,0,0,0,0,0,0,0,0,0,0
400164,0,1,0,0,0,0,0,0,0,0,0,0
400164,1,1,0,0,0,0,0,0,0,0,0,0
400165,0,1,0,0,0,0,0,0,0,0,0,0
400165,0,2,0,0,0,0,0,0,0,0,0,0
400165,1,1,0,0,0,0,0,0,0,0,0,0
400166,1,1,0,0,0,0,0,0,0,0,0,0
400167,1,1,0,0,0,0,0,0,0,0,0,0
400168,1,1,0,0,0,0,0,0,0,0,0,0
400169,1,1,0,0,0,0,0,0,0,0,0,0
400169,2,1,0,0,0,0,0,0,0,0,0,0
400170,1,1,0,0,0,0,0,0,0,0,0,0
400171,1,1,0,0,0,0,0,0,0,0,0,0
400172,1,1,0,0,0,0,0,0,0,0,0,0
400173,1,1,0,0,0,0,0,0,0,0,0,0
400173,2,1,0,0,0,0,0,0,0,0,0,0
400174,1,1,19,19,19,19,19,19,19,19,19,19
400175,1,1,0,0,0,0,0,0,0,25,0,0
400176,1,1,0,0,0,0,0,0,0,0,0,0
400177,1,1,0,0,0,0,0,0,0,0,0,0
400178,1,1,0,0,0,0,0,0,0,0,0,0
400178,2,1,0,0,0,0,0,0,0,0,0,0
400179,1,1,0,0,0,0,0,0,0,0,0,0
400179,2,1,0,0,0,0,0,0,0,0,0,0
400180,1,1,0,0,0,0,0,0,0,0,0,0
400180,2,1,0,0,0,0,0,0,0,0,0,0
400181,1,1,0,0,0,0,0,0,0,0,0,0
400182,1,1,17,17,17,17,17,17,17,17,17,17
400183,1,1,0,0,16,0,0,0,0,0,15,0
400184,1,1,0,0,0,0,0,0,0,0,0,0
400184,2,1,0,20,0,0,0,0,0,0,0,0
400184,3,1,0,0,0,0,0,0,0,10,0,0
400185,1,1,0,0,0,0,0,0,0,0,0,0
400185,2,1,0,0,0,0,0,19,0,0,0,0
400185,3,1,0,0,0,0,0,0,0,0,0,0
400186,1,1,0,0,0,0,0,0,0,0,0,0
400187,1,1,0,0,0,0,0,0,0,0,0,0
400188,1,1,0,0,0,0,0,0,0,0,0,0
400188,2,1,0,0,0,0,0,0,0,0,0,0
400189,1,1,0,0,0,0,0,0,0,0,0,0
400190,1,1,0,0,0,0,0,0,0,0,0,0
400191,1,1,0,0,0,0,0,0,0,0,0,0
400191,2,1,0,0,0,0,0,0,0,0,0,0
400192,1,1,0,0,0,0,0,0,0,0,0,0
400193,1,1,0,0,0,0,0,0,0,17,0,0
400193,2,1,16,16,16,16,16,16,16,16,16,16
400194,1,1,0,0,0,0,0,0,0,0,0,0
400194,2,1,0,0,0,0,0,0,0,0,0,0
400195,1,1,0,0,0,0,0,0,0,0,0,0
400196,1,1,0,0,0,0,0,0,0,0,0,0
400197,1,1,23,23,23,23,23,23,23,23,23,23
400198,1,1,0,0,0,0,0,0,0,0,0,0
400198,2,1,0,0,0,0,13,0,0,0,0,0
400199,1,1,20,20,20,20,20,20,20,20,20,20
400200,1,1,0,0,0,0,0,0,0,0,0,0
400200,2,1,0,0,0,0,0,0,0,0,0,0
400200,3,1,0,0,0,0,0,0,0,0,0,0
400200,4,1,0,0,0,0,0,0,0,0,0,0
400201,1,1,0,0,0,0,0,0,0,0,0,0
400201,2,1,0,0,0,0,0,0,0,0,0,0
400202,1,1,0,0,0,0,0,0,0,0,0,0
400203,1,1,26,26,26,26,26,26,26,26,26,26
400204,1,1,10,10,10,10,10,10,10,10,10,10
400205,1,1,0,0,0,0,0,0,0,0,0,0
400205,2,1,0,0,0,0,0,0,0,0,0,0
400206,1,1,0,0,0,0,0,0,0,0,0,0
400206,2,1,16,16,16,16,16,16,16,16,16,16
400207,1,1,18,18,18,18,18,18,18,18,18,18
400207,2,1,0,0,0,0,0,0,0,0,0,0
400208,0,1,0,0,0,0,0,0,0,0,0,0
400208,1,1,0,0,0,0,0,0,0,0,0,0
400209,1,1,0,0,0,0,0,0,0,0,0,0
400210,1,1,24,0,12,0,0,25,33,0,26,19
400211,1,1,32,32,32,32,32,32,32,32,32,32
400212,1,1,0,0,0,0,0,0,0,0,0,0
400212,2,1,0,0,0,0,0,0,0,0,0,0
400213,1,1,0,0,0,0,0,0,0,0,0,0
400213,2,1,0,0,0,0,0,0,0,0,0,0
400214,1,1,18,18,18,18,18,18,18,18,18,18
400215,1,1,0,0,0,0,0,0,0,0,0,0
400216,1,1,0,0,0,0,34,13,0,0,0,0
400217,0,1,12,12,12,12,12,12,12,12,12,12
400217,1,1,0,0,0,0,0,0,0,0,0,0
400218,1,1,0,0,0,0,0,0,0,0,0,0
400218,2,1,0,0,0,0,0,0,0,0,0,2
400219,1,1,0,0,0,0,0,0,0,0,0,0
400219,2,1,0,0,0,0,0,0,0,0,0,0
400220,1,1,15,15,15,15,15,15,15,15,15,15
400220,2,1,0,0,0,0,0,0,0,0,0,0
400221,1,1,0,0,0,0,0,0,0,0,0,0
400222,1,1,0,0,0,0,0,0,0,0,0,0
400222,2,1,0,0,0,0,0,0,0,0,14,0
400223,1,1,0,0,0,0,0,0,0,0,0,0
400224,1,1,0,0,0,0,0,0,0,0,0,0
400224,2,1,0,0,0,0,0,0,0,0,0,0
400225,1,1,18,18,18,18,18,18,18,18,18,18
400226,1,1,6,6,6,6,6,6,6,6,6,6
400227,1,1,0,0,0,0,0,0,0,0,0,0
400227,2,1,6,14,7,0,19,0,0,14,17,5
400229,1,1,0,0,0,0,0,0,0,0,0,0
400230,1,1,20,20,20,20,20,20,20,20,20,20
400230,2,1,0,0,0,0,0,0,0,0,0,0
400231,1,1,23,23,23,23,23,23,23,23,23,23
400231,2,1,14,0,6,2,0,9,0,0,0,9
400232,1,1,15,15,15,15,15,15,15,15,15,15
400233,1,1,12,12,12,12,12,12,12,12,12,12
400234,1,1,0,0,0,0,0,0,0,0,0,0
400234,2,1,0,0,0,0,0,0,0,0,0,0
400234,3,1,0,0,0,0,0,0,0,0,0,0
400235,1,1,0,0,14,0,0,0,0,0,0,0
400235,2,1,0,0,0,0,0,0,0,0,0,0
400236,1,1,6,6,6,6,6,6,6,6,6,6
400237,1,1,0,0,0,0,0,0,0,0,0,0
400238,1,1,0,0,0,0,0,0,0,0,0,0
400238,2,1,0,0,0,0,0,0,0,0,0,0
400239,0,1,0,0,0,0,0,0,0,0,0,0
400239,1,1,0,0,0,0,0,0,0,0,0,0
400240,1,1,0,0,0,0,0,0,0,0,0,0
400240,2,1,0,0,0,0,0,0,0,0,0,0
400241,0,1,13,13,13,13,13,13,13,13,13,13
400241,1,1,0,0,0,0,0,0,0,0,0,0
400242,1,1,0,0,0,0,0,0,0,0,0,0
400243,1,1,0,0,0,0,0,0,0,0,0,0
400244,1,1,0,0,0,0,0,0,0,0,0,0
400244,2,1,0,0,0,0,0,0,0,0,0,0
400245,1,1,14,14,14,14,14,14,14,14,14,14
400245,2,1,0,0,0,0,0,0,0,0,0,0
400246,1,1,0,0,0,0,0,0,0,0,0,0
400246,2,1,0,0,0,0,0,0,0,0,0,0
400246,3,1,0,0,0,0,0,0,0,0,0,0
400247,1,1,21,21,21,21,21,21,21,21,21,21
400248,1,1,20,20,20,20,20,20,20,20,20,20
400248,2,1,0,13,0,0,0,0,0,0,0,0
400249,1,1,0,0,0,0,0,0,0,0,0,0
400250,1,1,0,0,0,0,0,0,0,0,0,0
400251,1,1,0,0,0,0,0,0,0,0,0,0
400252,1,1,0,0,0,0,0,0,0,0,0,0
400252,2,1,0,0,0,0,0,0,0,0,0,0
400253,1,1,0,0,0,0,0,0,0,0,0,0
400254,1,1,0,0,0,0,0,0,0,0,0,0
400254,2,1,0,0,0,0,0,0,0,0,0,0
400254,3,1,0,0,0,0,0,0,0,0,0,0
400255,1,1,0,0,0,0,0,0,0,0,0,0
400255,2,1,0,0,0,0,0,0,0,0,0,0
400256,1,1,0,0,0,0,0,0,0,0,0,0
400257,1,1,19,19,19,19,19,19,19,19,19,19
400258,2,1,0,0,0,0,0,0,0,0,0,0
400259,1,1,0,0,0,0,0,0,0,0,0,0
400259,2,1,0,0,0,0,0,0,0,0,0,0
400260,0,1,0,0,0,0,0,0,0,0,0,0
400260,1,1,0,0,0,0,0,0,0,0,0,0
400261,1,1,0,0,0,0,0,0,0,0,0,0
400261,2,1,0,0,0,0,0,0,0,0,0,0
400262,1,1,0,0,0,0,0,0,0,0,0,0
400262,2,1,0,0,0,0,0,0,0,0,0,0
400263,1,1,0,0,0,0,0,0,0,0,0,0
400264,1,1,0,0,0,0,0,0,0,0,0,0
400264,2,1,0,0,0,0,0,0,0,0,0,0
400265,1,1,10,10,10,10,10,10,10,10,10,10
400266,1,1,0,0,0,0,0,0,0,0,0,0
400267,1,1,6,6,6,6,6,6,6,6,6,6
400268,1,1,19,19,19,19,19,19,19,19,19,19
400269,1,1,20,20,20,20,20,20,20,20,20,20
400269,2,1,0,0,0,0,0,0,0,13,0,0
400270,1,1,4,4,4,4,4,4,4,4,4,4
400271,1,1,0,0,20,0,0,0,0,0,0,0
400271,2,1,0,0,0,0,0,10,0,9,0,0
400272,1,1,0,0,0,0,0,0,0,0,0,0
400273,1,1,0,0,0,0,0,0,0,0,0,0
400273,2,1,0,0,0,0,0,0,0,0,0,0
400274,1,1,0,0,0,0,0,0,0,0,0,0
400274,2,1,0,0,0,0,0,0,0,0,0,0
400275,1,1,0,0,0,0,0,0,0,0,0,0
400275,2,1,0,0,0,0,0,0,0,0,0,0
400276,1,1,0,0,0,0,0,0,0,0,0,0
400276,2,1,0,0,0,0,0,0,0,0,0,0
400276,3,1,0,0,0,25,0,0,0,0,0,0
400277,1,1,0,0,0,0,0,0,0,0,0,0
400277,2,1,2,2,2,2,2,2,2,2,2,2
400278,1,1,0,0,0,0,0,0,0,0,0,0
400278,2,1,0,0,0,0,0,0,0,0,0,0
400279,0,1,0,0,0,0,0,0,0,0,0,0
400279,1,1,0,0,0,0,0,0,0,0,0,5
400280,1,1,0,0,0,0,0,0,0,0,0,0
400280,2,1,0,0,0,0,0,0,0,0,0,0
400281,1,1,0,0,0,0,0,0,0,0,0,0
400281,2,1,0,0,0,0,0,0,0,0,0,0
400282,0,1,0,0,0,0,0,0,0,0,0,0
400282,1,1,0,24,21,0,0,0,9,0,0,16
400283,1,1,19,19,19,19,19,19,19,19,19,19
400284,1,1,4,4,4,4,4,4,4,4,4,4
400285,1,1,0,0,0,0,0,0,0,0,0,0
400285,2,1,0,0,0,0,0,0,0,0,0,0
400285,3,1,0,0,0,0,0,0,0,0,0,0
400285,4,1,0,0,0,0,0,0,0,0,0,0
400285,5,1,0,0,0,0,0,20,0,0,0,0
400286,1,1,0,0,0,0,0,0,0,0,0,0
400286,2,1,0,0,0,0,0,0,0,0,0,0
400287,1,1,0,0,0,0,0,0,0,0,0,0
400287,2,1,0,0,0,0,0,0,0,0,0,0
400288,1,1,0,0,0,0,0,0,0,0,0,0
400288,2,1,0,0,0,0,0,0,0,0,26,0
400289,1,1,0,0,0,0,0,0,0,0,0,0
400289,2,1,0,0,0,0,0,0,0,0,0,0
400290,1,1,17,17,17,17,17,17,17,17,17,17
400291,1,1,0,0,0,0,0,0,0,0,0,0
400291,2,1,15,0,0,0,0,0,0,0,0,0
400292,1,1,0,0,0,0,0,0,0,0,0,0
400293,1,1,0,0,0,0,0,0,0,0,0,0
400293,2,1,0,0,0,0,0,0,0,0,0,0
400294,1,1,0,0,0,0,0,0,0,0,0,0
400295,1,1,0,0,0,0,0,0,0,0,0,0
400296,1,1,0,0,0,0,0,0,0,0,0,0
400297,1,1,0,0,0,0,0,0,0,0,0,0
400297,2,1,0,0,0,0,0,0,0,0,0,0
400297,3,1,0,0,0,0,0,0,0,0,0,0
400298,0,1,0,0,0,0,0,0,0,0,0,0
400298,1,1,0,0,0,0,0,0,0,0,0,0
400299,1,1,0,0,0,0,0,0,0,0,0,0
400299,2,1,0,0,0,0,0,0,0,0,0,0
400300,1,1,16,16,16,16,16,16,16,16,16,16
400301,0,1,0,0,0,0,0,0,0,0,0,0
400301,1,1,0,8,0,0,0,0,9,5,0,0
400302,1,1,13,13,13,13,13,13,13,13,13,13
400303,1,1,0,0,0,0,0,0,0,0,8,0
400303,2,1,0,0,0,0,0,0,0,0,0,0
400304,1,1,16,16,16,16,16,16,16,16,16,16
400304,2,1,0,0,0,0,0,0,0,0,0,0
400305,1,1,0,0,0,0,0,0,0,0,0,0
400306,1,1,0,0,0,0,0,0,0,0,0,0
400306,2,1,0,0,0,0,0,0,0,0,0,0
400307,1,1,18,18,18,18,18,18,18,18,18,18
400308,1,1,0,0,0,0,0,0,0,0,0,0
400308,2,1,0,0,0,0,0,0,0,0,0,0
400309,1,1,26,0,0,0,0,27,0,0,0,0
400310,1,1,0,0,0,0,0,0,0,0,0,0
400311,1,1,18,18,18,18,18,18,18,18,18,18
400312,1,1,0,0,0,0,0,0,0,0,0,0
400312,2,1,0,0,0,0,0,0,7,0,0,0
400312,3,1,0,0,0,0,0,0,0,0,0,14
400313,1,1,0,0,0,0,0,0,0,0,0,0
400313,2,1,0,0,0,0,0,0,0,0,0,0
400314,1,1,18,18,18,18,18,18,18,18,18,18
400315,1,1,26,26,26,26,26,26,26,26,26,26
400315,2,1,0,0,0,0,0,0,0,0,0,0
400316,0,1,19,19,19,19,19,19,19,19,19,19
400316,1,1,0,0,0,0,0,0,0,0,0,15
400317,1,1,3,3,3,3,3,3,3,3,3,3
400317,2,1,0,0,0,0,0,0,0,0,0,0
400318,1,1,0,0,0,0,0,0,0,0,0,0
400318,2,1,0,0,0,0,0,0,0,0,0,0
400319,1,1,0,0,0,0,0,0,0,0,0,0
400319,2,1,0,0,0,0,0,0,0,0,0,0
400320,0,1,0,0,0,0,0,0,0,0,0,0
400320,1,1,0,0,0,0,0,0,0,0,0,0