ST_CASE,VEH_NO,PER_NO,P1,P2,P3,P4,P5,P6,P7,P8,P9,P10
400321,1,1,0,0,0,0,0,0,0,0,0,0
400321,2,1,0,0,0,0,0,8,0,0,0,0
400322,1,1,0,0,0,0,0,0,0,0,0,0
400322,2,1,0,0,0,14,0,0,0,0,0,0
400322,3,1,0,0,0,0,0,0,0,0,0,0
400322,4,1,0,0,0,0,0,0,0,0,0,0
400322,5,1,0,0,0,0,0,0,0,0,0,0
400323,1,1,21,21,21,21,21,21,21,21,21,21
400323,2,1,0,9,0,0,0,0,0,0,0,0
400323,3,1,0,0,0,0,0,0,0,0,0,0
400324,0,1,0,0,0,0,0,0,0,0,0,0
400324,1,1,0,0,11,0,0,0,0,0,0,0
400325,1,1,22,22,22,22,22,22,22,22,22,22
400325,2,1,0,0,0,0,0,0,0,0,0,0
400326,1,1,0,0,0,0,0,0,0,0,0,0
400326,2,1,0,0,0,0,0,0,0,0,0,0
400327,1,1,18,18,18,18,18,18,18,18,18,18
400327,2,1,0,0,0,0,0,0,0,0,0,0
400328,1,1,0,0,0,0,0,0,0,0,0,0
400328,2,1,0,0,0,0,0,0,0,0,0,0
400329,1,1,0,0,0,0,0,0,0,0,0,0
400329,2,1,0,0,0,0,0,0,0,0,0,0
400330,1,1,0,0,0,0,0,0,0,0,0,0
400330,2,1,0,0,0,0,0,0,0,0,0,0
400331,1,1,0,0,0,0,0,0,0,0,0,0
400332,1,1,0,0,0,0,0,0,0,0,0,0
400332,2,1,0,0,0,0,0,0,0,0,0,0
400333,1,1,0,0,0,0,0,0,0,0,0,0
400333,2,1,0,0,0,0,0,0,0,0,0,0
400334,1,1,0,0,0,0,0,0,0,0,0,0
400335,1,1,0,0,0,0,0,0,0,0,0,0
400335,2,1,0,0,0,0,0,0,0,0,0,0
400336,1,1,0,0,0,0,0,0,0,0,0,0
400336,2,1,0,0,0,22,0,0,0,0,0,0
400336,3,1,0,0,0,0,0,0,0,0,0,0
400337,1,1,0,0,0,0,0,0,0,0,0,0
400337,2,1,0,0,0,0,0,0,0,0,0,0
400338,1,1,0,0,0,0,10,0,0,0,0,0
400338,2,1,0,0,0,0,0,0,0,0,0,0
400339,1,1,0,0,0,0,0,0,0,0,0,0
400340,1,1,0,0,0,0,0,0,0,0,0,0
400340,2,1,0,0,0,0,0,0,0,0,0,0
400341,1,1,8,8,8,8,8,8,8,8,8,8
400342,1,1,0,0,0,0,0,0,0,0,0,0
400343,1,1,0,0,0,0,0,0,0,0,0,0
400344,0,1,0,0,0,0,0,0,0,0,0,0
400344,0,2,0,0,0,0,0,0,0,0,0,0
400344,2,1,0,0,0,0,0,0,0,0,0,0
400345,1,1,0,0,0,0,0,0,0,0,0,0
400345,2,1,0,0,0,0,0,0,0,0,0,0
400345,3,1,0,0,0,0,0,0,0,0,0,0
400346,1,1,0,0,0,0,0,0,0,0,0,0
400346,2,1,0,0,0,0,0,0,0,0,0,0
400346,3,1,0,0,0,0,0,0,0,0,0,0
400347,1,1,0,0,0,0,0,0,0,0,0,0
400347,2,1,0,0,0,0,0,0,0,0,0,0
400348,0,1,0,0,0,0,0,0,0,0,0,0
400348,1,1,0,0,0,0,0,0,0,0,0,0
400349,1,1,0,0,0,0,0,0,0,0,0,0
400349,2,1,0,0,0,0,0,0,0,0,0,0
400350,1,1,0,0,0,0,0,0,0,0,0,0
400350,2,1,0,0,0,0,0,0,0,0,0,0
400351,1,1,11,11,11,11,11,11,11,11,11,11
400352,1,1,0,0,0,0,0,0,0,0,0,0
400352,2,1,0,0,0,0,0,0,0,0,0,18
400353,1,1,17,17,17,17,17,17,17,17,17,17
400353,2,1,18,18,18,18,18,18,18,18,18,18
400354,1,1,0,0,0,0,0,0,0,0,0,0
400354,2,1,0,0,0,0,0,0,0,0,0,0
400355,1,1,0,0,0,0,0,0,0,0,0,0
400355,2,1,0,0,0,0,0,0,0,0,0,0
400356,1,1,0,0,0,0,0,0,0,0,0,0
400356,2,1,0,30,0,0,0,0,0,0,0,0
400356,3,1,0,0,0,0,0,0,0,8,0,0
400356,4,1,0,0,0,0,0,0,0,0,0,0
400357,1,1,8,8,8,8,8,8,8,8,8,8
400358,1,1,23,23,23,23,23,23,23,23,23,23
400358,2,1,0,16,14,0,23,11,0,11,6,0
400358,3,1,0,0,0,0,0,0,0,0,0,0
400359,1,1,0,0,0,0,0,0,0,0,0,0
400360,1,1,0,0,0,0,0,0,0,0,0,0
400360,2,1,0,0,0,0,0,0,0,0,0,0
400361,1,1,0,0,0,0,0,0,0,0,0,0
400362,1,1,21,21,21,21,21,21,21,21,21,21
400363,0,1,0,0,0,0,0,0,0,0,0,0
400363,1,1,0,0,0,0,0,0,0,0,0,0
400364,1,1,0,0,0,0,0,0,0,0,0,0
400364,2,1,0,0,0,0,0,0,0,0,0,0
400364,3,1,0,0,0,0,0,0,0,0,0,0
400365,1,1,0,0,0,0,0,0,0,0,0,0
400366,1,1,20,20,20,20,20,20,20,20,20,20
400367,1,1,0,0,0,0,0,0,0,0,0,0
400367,2,1,0,0,0,0,0,0,0,0,0,0
400368,0,1,0,0,0,0,0,0,0,0,0,0
400368,2,1,0,0,8,0,0,0,0,13,15,0
400369,1,1,0,0,0,0,0,0,0,0,0,0
400369,2,1,0,0,0,0,0,0,0,0,0,0
400370,1,1,10,10,10,10,10,10,10,10,10,10
400370,2,1,0,0,0,0,0,0,0,0,0,0
400370,3,1,0,0,0,0,0,0,0,0,0,0
400371,1,1,25,25,25,25,25,25,25,25,25,25
400371,2,1,0,0,0,0,0,0,0,0,0,0
400372,1,1,0,0,0,0,0,0,0,0,0,0
400373,1,1,0,0,0,0,0,0,0,0,0,0
400374,1,1,0,0,0,0,0,0,0,0,0,0
400375,1,1,0,0,0,0,0,0,0,0,0,0
400376,1,1,2,2,2,2,2,2,2,2,2,2
400377,1,1,0,0,0,0,0,0,0,0,0,0
400377,2,1,0,0,0,0,0,0,0,0,0,0
400378,1,1,0,0,0,0,8,0,0,0,0,0
400378,2,1,0,0,0,0,0,0,0,0,0,0
400379,1,1,0,0,0,0,0,0,0,0,0,0
400380,1,1,0,0,0,0,0,0,0,0,0,0
400380,2,1,0,0,0,0,0,0,0,0,0,0
400381,1,1,0,0,0,0,0,0,0,0,0,0
400382,1,1,0,0,0,0,0,0,0,0,0,0
400383,1,1,29,29,29,29,29,29,29,29,29,29
400384,1,1,16,16,16,16,16,16,16,16,16,16
400385,1,1,0,0,0,0,0,0,0,0,0,0
400385,2,1,0,0,0,0,0,0,0,0,0,0
400386,1,1,0,0,0,0,0,0,0,0,0,0
400386,2,1,0,0,0,0,0,0,0,0,0,0
400387,1,1,8,8,8,8,8,8,8,8,8,8
400388,1,1,0,0,0,0,0,0,0,0,0,0
400388,2,1,0,0,0,0,0,29,0,0,5,24
400389,1,1,15,15,15,15,15,15,15,15,15,15
400390,1,1,0,0,0,0,0,0,0,0,0,0
400390,2,1,0,0,0,0,0,0,0,0,0,0
400391,1,1,0,0,11,0,0,0,0,0,0,0
400391,2,1,0,0,0,0,0,0,0,0,0,0
400392,1,1,0,0,0,0,0,0,0,0,0,0
400392,2,1,0,0,0,0,0,0,3,0,0,0
400393,1,1,0,0,0,0,0,0,0,0,0,0
400393,2,1,0,0,0,0,0,0,0,0,0,0
400394,1,1,0,0,0,0,0,0,0,0,0,0
400394,2,1,0,0,0,0,0,0,0,0,0,0
400395,1,1,0,0,0,0,0,0,0,0,0,0
400395,2,1,0,0,0,0,0,0,0,0,0,0
400396,1,1,0,0,0,0,0,0,0,0,0,0
400397,1,1,0,0,0,0,0,0,0,0,0,0
400397,2,1,0,0,0,0,0,0,0,0,0,0
400398,1,1,0,0,0,0,0,0,0,0,0,0
400399,1,1,0,0,0,0,0,0,0,0,0,0
400399,2,1,0,0,0,0,0,0,0,0,0,0
400400,1,1,6,6,6,6,6,6,6,6,6,6
400401,1,1,0,0,0,0,0,0,0,0,0,0
400401,2,1,0,0,0,0,0,0,0,0,0,0
400401,3,1,0,0,0,0,0,0,0,0,0,0
400402,1,1,0,0,0,0,0,0,0,0,0,0
400402,2,1,0,0,0,0,0,0,0,0,0,0
400403,1,1,0,0,0,0,0,0,0,0,0,0
400404,1,1,0,0,0,0,0,0,0,0,0,0
400404,2,1,0,0,0,0,0,0,0,0,0,0
400405,1,1,0,0,0,0,0,0,0,7,17,16
400406,0,1,26,26,26,26,26,26,26,26,26,26
400406,1,1,0,0,18,0,15,0,10,0,0,0
400407,1,1,0,0,0,0,0,0,0,0,0,0
400408,1,1,0,0,0,0,0,0,0,0,0,0
400408,2,1,0,0,0,0,0,0,0,0,0,0
400409,1,1,0,0,0,0,0,0,0,0,0,0
400409,2,1,0,0,0,0,0,0,0,0,0,0
400409,3,1,0,0,0,0,0,0,0,0,0,0
400410,0,1,0,0,0,28,0,0,0,0,0,0
400410,1,1,0,0,0,0,0,0,0,0,0,0
400411,1,1,0,0,0,24,0,0,0,0,0,0
400411,2,1,0,0,0,0,0,0,0,0,0,0
400412,1,1,20,20,20,20,20,20,20,20,20,20
400413,1,1,0,0,0,0,0,0,0,0,0,0
400414,1,1,0,0,0,0,0,0,0,0,0,0
400415,1,1,13,13,13,13,13,13,13,13,13,13
400415,2,1,0,0,0,0,0,0,0,0,0,0
400416,1,1,13,13,13,13,13,13,13,13,13,13
400417,1,1,0,0,0,0,0,0,0,0,0,0
400418,1,1,0,0,0,0,0,0,0,0,0,0
400418,2,1,0,0,0,0,0,0,0,0,0,0
400419,1,1,17,17,17,17,17,17,17,17,17,17
400420,1,1,0,0,0,0,0,0,0,0,0,0
400420,2,1,0,0,0,0,0,0,0,0,0,0
400421,0,1,34,0,0,0,16,0,0,21,0,0
400421,2,1,0,0,0,0,0,0,0,0,0,0
400422,1,1,0,0,0,0,0,0,0,0,0,0
400423,0,1,0,0,0,0,0,0,0,0,0,0
400423,1,1,0,19,0,0,0,0,0,0,0,0
400424,1,1,0,0,0,0,0,0,0,0,0,0
400425,1,1,0,0,0,0,0,0,0,0,0,0
400426,1,1,0,0,0,0,0,0,0,0,0,0
400426,2,1,0,0,0,20,0,0,0,0,8,0
400427,1,1,0,0,0,0,0,0,0,0,0,0
400428,1,1,0,0,0,0,0,0,0,0,0,0
400429,1,1,0,0,0,0,0,0,0,0,0,0
400429,2,1,14,14,14,14,14,14,14,14,14,14
400430,1,1,0,0,0,0,0,0,0,0,0,0
400431,1,1,0,0,0,0,0,0,0,0,0,0
400431,2,1,0,0,0,0,0,0,0,0,0,0
400432,1,1,4,4,4,4,4,4,4,4,4,4
400432,2,1,0,0,0,0,0,0,0,0,0,0
400433,1,1,0,0,0,0,0,0,0,0,0,0
400434,1,1,0,0,0,0,0,0,0,0,0,0
400435,0,1,0,0,0,0,0,0,0,0,2,0
400435,0,2,37,27,19,0,29,0,0,0,14,13
400435,1,1,0,0,0,0,0,0,0,0,0,0
400436,1,1,14,14,14,14,14,14,14,14,14,14
400436,2,1,0,0,0,0,0,0,0,0,0,0
400437,1,1,29,29,29,29,29,29,29,29,29,29
400438,1,1,0,0,0,0,0,0,0,0,0,0
400439,1,1,0,0,0,0,0,0,0,0,0,0
400439,2,1,0,0,0,0,0,0,0,0,0,0
400440,1,1,0,0,0,0,0,0,0,0,0,0
400440,2,1,0,0,0,0,0,0,0,0,0,0
400441,1,1,4,4,4,4,4,4,4,4,4,4
400442,1,1,0,0,0,0,0,0,0,0,0,0
400443,0,1,0,0,0,0,0,0,0,0,0,0
400443,2,1,0,0,0,0,0,0,0,0,0,0
400444,1,1,0,0,0,0,0,0,0,0,0,0
400444,2,1,0,0,0,0,0,0,0,0,0,0
400444,3,1,0,0,0,0,0,0,0,0,0,0
400445,1,1,0,0,0,0,0,0,0,0,0,0
400446,1,1,13,0,0,0,23,0,0,0,0,22
400447,1,1,0,0,0,0,0,0,0,0,0,0
400448,1,1,0,0,0,0,0,0,0,0,0,0
400450,1,1,0,0,0,0,0,0,0,0,0,0
400451,1,1,0,0,0,0,0,0,0,0,0,0
400452,1,1,25,25,25,25,25,25,25,25,25,25
400453,1,1,8,8,8,8,8,8,8,8,8,8
400454,1,1,0,0,0,0,0,0,0,0,0,0
400454,2,1,0,0,0,0,0,0,0,0,0,0
400455,1,1,0,0,0,0,0,0,0,0,0,0
400455,2,1,0,0,0,0,0,0,0,0,0,0
400456,1,1,21,21,21,21,21,21,21,21,21,21
400456,2,1,2,2,2,2,2,2,2,2,2,2
400457,1,1,0,0,0,0,0,0,21,0,21,0
400457,2,1,0,0,0,0,0,0,0,0,0,0
400458,1,1,24,24,24,24,24,24,24,24,24,24
400460,1,1,0,0,0,0,0,0,0,0,0,0
400460,2,1,0,0,0,0,0,0,0,0,0,0
400461,1,1,19,19,19,19,19,19,19,19,19,19
400462,1,1,19,19,19,19,19,19,19,19,19,19
400463,1,1,0,0,0,0,0,0,0,0,0,0
400464,1,1,0,0,0,0,0,0,0,0,0,0
400464,2,1,21,21,21,21,21,21,21,21,21,21
400464,3,1,0,0,0,0,0,0,0,0,0,19
400465,1,1,14,14,14,14,14,14,14,14,14,14
400465,2,1,0,0,0,0,0,0,0,0,0,0
400466,1,1,0,0,0,0,0,0,0,0,0,0
400466,2,1,0,0,0,0,0,0,0,0,0,0
400466,3,1,0,0,0,0,0,0,0,0,0,0
400467,1,1,0,0,16,0,0,0,0,20,10,0
400467,2,1,0,0,0,0,0,0,0,0,0,0
400468,1,1,0,0,0,0,0,0,0,0,0,0
400468,2,1,0,0,0,0,0,0,0,0,0,0
400469,1,1,0,0,0,0,0,0,0,0,0,0
400470,1,1,0,0,0,0,0,0,0,22,0,0
400470,2,1,0,0,0,0,0,0,0,0,0,0
400471,1,1,0,0,0,0,0,0,0,0,0,0
400471,2,1,0,0,0,0,0,0,0,0,0,0
400472,0,1,3,3,3,3,3,3,3,3,3,3
400472,0,2,0,0,0,0,0,0,0,0,0,0
400472,0,3,0,0,0,0,0,0,0,0,0,0
400472,1,1,0,0,0,0,0,0,0,0,0,0
400473,1,1,13,13,13,13,13,13,13,13,13,13
400474,1,1,0,0,0,0,0,0,0,0,0,0
400475,1,1,25,25,25,25,25,25,25,25,25,25
400475,2,1,0,0,0,0,0,0,0,0,0,0
400476,1,1,0,0,0,0,0,0,0,0,0,0
400476,2,1,0,0,0,0,0,0,0,0,0,0
400477,1,1,0,0,0,0,0,0,0,0,0,0
400477,2,1,0,0,0,0,0,0,0,0,0,0
400478,1,1,0,0,0,0,0,0,0,0,0,0
400479,1,1,16,16,16,16,16,16,16,16,16,16
400479,2,1,0,0,0,0,0,0,0,0,0,0
400480,1,1,0,0,0,0,0,0,0,0,0,0
400480,2,1,0,0,0,0,0,0,0,0,0,0
400481,1,1,5,5,5,5,5,5,5,5,5,5
400482,1,1,0,0,0,0,0,0,0,0,0,0
400483,1,1,20,20,20,20,20,20,20,20,20,20
400484,0,1,0,0,0,0,0,0,0,0,0,0
400484,2,1,0,0,0,0,0,0,0,0,0,0
400485,1,1,0,0,0,0,0,0,0,0,0,0
400485,2,1,0,0,0,0,0,0,0,0,0,0
400486,1,1,0,0,0,0,0,0,0,0,0,0
400486,2,1,0,0,0,0,0,0,0,0,0,0
400487,1,1,0,0,0,0,0,0,0,0,0,0
400488,0,1,0,0,0,0,0,0,0,0,0,0
400488,1,1,0,0,0,0,0,0,0,0,0,0
400489,0,1,26,26,26,26,26,26,26,26,26,26
400489,1,1,0,0,0,0,0,0,0,0,0,0
400490,1,1,0,0,0,0,0,0,0,0,0,0
400490,2,1,0,0,0,0,0,0,9,0,0,0
400491,1,1,18,18,18,18,18,18,18,18,18,18
400492,1,1,11,11,11,11,11,11,11,11,11,11
400492,2,1,0,0,0,0,0,0,0,0,0,0
400493,1,1,0,0,0,0,0,0,0,0,0,0
400493,2,1,0,0,0,0,0,0,0,0,0,0
400494,1,1,0,0,0,0,0,0,0,0,0,0
400494,2,1,0,0,0,0,0,0,0,0,0,0
400495,1,1,5,5,5,5,5,5,5,5,5,5
400495,2,1,16,0,0,0,0,9,21,0,0,0
400496,1,1,0,0,0,0,0,0,0,0,0,0
400497,1,1,0,0,0,0,0,0,0,0,0,0
400497,2,1,0,0,0,0,0,0,0,0,0,0
400498,1,1,0,0,0,0,0,0,0,0,0,0
400498,2,1,0,0,0,0,0,0,0,0,0,0
400499,0,1,0,0,0,0,0,0,0,0,0,0
400499,1,1,0,0,0,10,13,11,0,0,0,9
400500,1,1,0,0,0,0,0,0,0,0,0,0
400500,2,1,0,0,0,0,0,0,0,0,0,0
400500,3,1,0,0,0,0,0,0,0,0,0,0
400501,1,1,0,0,0,0,0,0,0,0,0,0
400502,0,1,0,0,0,0,0,0,0,0,0,0
400502,1,1,0,0,16,3,9,0,0,0,5,0
400503,0,1,0,0,0,0,0,0,0,0,0,0
400503,1,1,0,0,0,0,0,0,0,0,0,0
400504,1,1,0,0,0,0,0,0,0,0,0,0
400504,2,1,0,0,0,0,0,0,0,0,0,0
400505,1,1,12,12,12,12,12,12,12,12,12,12
400505,2,1,0,0,0,0,0,0,0,0,4,0
400506,1,1,0,0,0,0,0,0,0,0,0,0
400507,1,1,0,0,0,0,0,0,0,0,0,0
400507,2,1,0,0,0,0,0,0,0,14,0,0
400508,0,1,0,0,0,0,0,0,0,0,21,0
400508,1,1,0,0,0,0,0,0,0,0,0,0
400509,1,1,0,0,0,0,0,0,0,0,0,0
400509,2,1,0,17,0,0,0,0,0,0,0,0
400510,1,1,0,0,0,0,0,0,0,0,0,0
400510,2,1,0,0,0,0,0,0,11,0,0,0
400511,1,1,0,0,0,0,0,0,12,0,24,0
400511,2,1,0,0,0,0,0,0,0,0,0,0
400512,1,1,0,0,0,0,0,0,0,0,0,0
400512,2,1,0,0,0,0,0,0,0,0,0,0
400513,1,1,0,0,0,0,0,0,0,0,0,0
400514,1,1,0,0,0,0,0,0,0,0,0,0
400515,0,1,0,0,0,0,0,0,0,0,0,0
400515,1,1,0,0,0,0,0,0,0,0,0,0
400516,1,1,0,0,0,0,0,0,0,0,0,0
400516,2,1,0,0,0,0,0,0,0,0,0,0
400517,1,1,0,0,0,0,0,0,0,0,0,0
400517,2,1,0,0,0,0,0,0,0,0,0,0
400518,1,1,0,0,0,0,0,0,0,0,0,0
400518,2,1,0,0,0,0,0,0,0,0,0,0
400519,1,1,0,0,0,0,0,0,0,0,0,0
400520,1,1,0,0,0,0,0,0,0,0,0,0
400521,1,1,0,0,0,0,0,0,0,0,0,0
400521,2,1,0,0,0,0,0,0,0,0,0,0
400522,1,1,19,19,19,19,19,19,19,19,19,19
400523,1,1,0,0,0,0,0,0,0,0,0,0
400524,1,1,15,15,15,15,15,15,15,15,15,15
400524,2,1,0,0,0,0,0,0,0,0,0,0
400525,0,1,23,23,23,23,23,23,23,23,23,23
400525,1,1,0,0,0,0,0,0,0,0,0,17
400526,1,1,0,0,0,0,0,0,0,0,0,0
400526,2,1,0,0,0,0,0,0,0,0,0,0
400527,1,1,0,0,0,0,0,0,0,0,0,0
400527,2,1,0,0,13,0,0,0,0,35,0,0
400528,0,1,3,3,3,3,3,3,3,3,3,3
400528,1,1,0,0,0,0,0,0,0,0,0,0
400529,1,1,0,8,0,0,0,10,0,0,0,0
400529,2,1,7,7,7,7,7,7,7,7,7,7
400530,1,1,0,0,0,0,0,0,0,0,0,0
400531,1,1,0,0,0,0,0,0,0,0,0,0
400532,1,1,0,0,0,0,0,0,0,0,0,0
400533,1,1,0,0,0,0,0,0,0,0,0,0
400534,1,1,0,0,0,0,0,0,0,0,0,5
400535,1,1,0,0,0,0,0,0,0,0,0,0
400535,2,1,0,0,0,0,0,0,0,0,0,0
400536,1,1,0,0,0,0,0,0,0,0,0,0
400537,1,1,0,0,0,0,0,0,0,0,8,0
400537,2,1,0,0,0,0,0,0,0,0,0,0
400538,1,1,0,0,0,0,0,0,0,0,0,0
400538,2,1,0,0,0,0,0,0,0,0,0,0
400540,1,1,22,22,22,22,22,22,22,22,22,22
400541,1,1,0,0,0,0,0,0,0,0,0,0
400541,2,1,0,0,0,0,0,0,0,0,0,0
400542,1,1,0,0,0,0,0,0,0,0,0,0
400542,2,1,0,0,0,0,0,0,0,0,0,0
400543,0,1,30,30,30,30,30,30,30,30,30,30
400543,1,1,0,0,0,0,0,0,0,0,0,0
400544,0,1,0,0,0,0,0,0,0,0,0,0
400544,1,1,0,0,15,16,0,0,0,0,15,14
400545,0,1,16,16,16,16,16,16,16,16,16,16
400545,1,1,0,0,0,0,0,0,0,0,0,0
400546,1,1,16,16,16,16,16,16,16,16,16,16
400547,1,1,33,33,33,33,33,33,33,33,33,33
400547,2,1,18,0,0,0,0,0,0,0,0,0
400548,1,1,0,0,0,0,0,0,0,0,0,0
400548,2,1,0,0,0,0,0,19,0,9,0,0
400548,3,1,0,0,0,22,0,0,0,0,0,0
400548,4,1,0,0,0,0,0,0,0,0,0,0
400548,5,1,0,0,0,0,0,0,0,0,0,0
400548,6,1,20,0,0,0,0,0,9,0,0,0
400549,1,1,0,0,0,0,0,0,0,0,0,0
400549,2,1,0,0,0,0,0,0,0,0,0,0
400550,1,1,0,0,0,0,21,9,16,0,24,0
400551,1,1,17,0,0,0,0,15,0,0,0,0
400551,2,1,0,0,0,0,0,0,0,0,0,0
400551,3,1,0,0,0,0,0,0,0,0,0,0
400552,1,1,15,17,11,8,18,13,11,8,7,4
400553,1,1,0,0,0,0,0,0,0,0,0,0
400554,1,1,0,0,0,0,0,0,0,0,0,0
400555,1,1,24,24,24,24,24,24,24,24,24,24
400556,1,1,0,0,0,0,18,0,0,0,0,0
400556,2,1,0,0,0,0,0,0,0,0,0,0
400557,1,1,0,0,0,0,0,0,0,0,0,0
400557,2,1,0,0,0,0,0,0,0,0,0,0
400558,1,1,13,17,19,17,15,16,35,6,16,16
400559,1,1,21,21,21,21,21,21,21,21,21,21
400559,2,1,0,0,0,5,15,0,0,14,0,0
400560,1,1,18,6,0,14,20,0,0,0,0,0
400561,1,1,0,0,0,0,0,0,0,0,0,0
400561,2,1,0,0,0,0,0,0,0,0,0,0
400562,1,1,0,0,0,0,0,0,0,0,0,0
400562,2,1,0,0,0,0,0,0,0,0,0,0
400563,1,1,0,0,0,0,0,0,0,0,0,0
400564,0,1,26,26,26,26,26,26,26,26,26,26
400564,1,1,0,0,0,0,0,0,0,0,0,0
400565,1,1,0,0,0,0,0,0,0,0,0,0
400565,2,1,0,0,0,0,0,0,0,0,0,0
400566,0,1,22,22,22,22,22,22,22,22,22,22
400566,1,1,0,0,13,0,0,0,0,0,13,0
400567,1,1,0,0,0,0,0,0,0,0,0,0
400568,1,1,0,0,0,0,0,13,0,21,0,0
400568,2,1,0,0,0,0,0,0,0,0,0,0
400569,1,1,0,0,0,0,0,0,0,0,0,0
400569,2,1,0,0,0,0,0,0,0,0,0,0
400569,3,1,0,0,0,0,0,0,0,0,0,0
400570,1,1,0,0,0,0,0,0,0,0,0,0
400571,1,1,0,0,0,0,0,0,0,0,0,0
400571,2,1,0,0,0,0,0,0,0,0,0,0
400572,1,1,0,0,0,0,0,0,0,0,0,0
400572,2,1,0,0,0,0,0,0,0,0,0,0
400573,0,1,17,17,17,17,17,17,17,17,17,17
400573,1,1,0,0,0,0,0,0,0,0,0,0
400574,1,1,0,0,0,0,0,0,0,0,0,0
400575,1,1,0,0,0,0,0,0,0,0,0,0
400576,1,1,13,13,13,13,13,13,13,13,13,13
400576,2,1,0,0,0,0,0,0,0,0,0,0
400577,1,1,19,19,19,19,19,19,19,19,19,19
400578,1,1,0,0,0,0,0,0,0,0,0,0
400578,2,1,10,3,6,26,22,0,19,10,6,6
400579,1,1,0,0,0,29,0,0,0,0,18,0
400580,0,1,0,0,0,0,0,0,0,0,0,0
400580,0,2,0,0,0,0,0,26,0,24,15,0
400580,1,1,7,32,11,0,0,13,17,32,0,5
400581,1,1,0,0,0,0,0,0,0,0,0,0
400581,2,1,0,0,0,0,0,0,0,0,0,0
400582,1,1,0,0,0,0,0,0,0,0,0,0
400582,2,1,0,0,0,0,0,0,0,0,0,0
400583,1,1,0,0,0,0,0,0,0,0,0,0
400584,1,1,0,0,0,0,0,0,0,0,0,0
400585,1,1,0,0,17,0,0,0,0,0,0,0
400586,1,1,0,0,0,0,0,0,0,0,0,0
400587,1,1,0,0,0,0,0,0,0,0,0,0
400587,2,1,4,4,4,4,4,4,4,4,4,4
400588,1,1,0,0,0,0,0,0,0,0,0,0
400589,1,1,0,0,0,0,0,0,0,0,0,0
400590,1,1,0,0,0,0,0,0,0,0,0,0
400590,2,1,0,0,0,0,0,0,0,0,0,0
400591,1,1,0,0,0,0,0,0,0,0,0,0
400592,1,1,0,0,0,0,0,0,0,0,0,0
400592,2,1,0,0,0,0,0,0,0,0,0,0
400593,1,1,0,0,0,0,0,0,0,0,0,0
400593,2,1,0,0,0,0,0,0,0,0,0,0
400594,1,1,0,0,0,0,0,0,0,0,0,0
400594,2,1,0,0,0,0,0,0,0,0,0,0
410001,0,1,0,0,0,0,3,0,0,0,0,0
410001,1,1,0,0,0,0,0,0,0,0,0,0
410002,1,1,0,0,0,0,0,0,0,0,0,0
410003,1,1,0,0,0,0,0,0,0,0,0,0
410003,2,1,0,0,0,0,0,0,0,0,0,0
410004,1,1,39,39,39,39,39,39,39,39,39,39
410005,1,1,0,0,0,0,0,0,0,0,0,0
410005,2,1,0,0,0,0,0,0,13,0,0,0
410006,0,1,0,0,0,0,0,0,0,0,0,0
410006,1,1,14,14,14,14,14,14,14,14,14,14
410007,1,1,0,0,0,0,0,19,0,0,0,0
410007,2,1,0,0,0,0,0,0,0,0,0,0
410008,1,1,18,18,18,18,18,18,18,18,18,18
410009,1,1,25,25,25,25,25,25,25,25,25,25
410010,1,1,0,0,0,0,0,0,0,0,0,0
410011,0,1,0,0,0,20,0,0,0,0,0,0
410011,1,1,0,0,0,0,0,0,0,0,0,0
410012,0,1,24,24,24,24,24,24,24,24,24,24
410012,1,1,0,0,0,0,0,0,0,0,0,0
410013,1,1,0,0,0,0,0,0,0,0,0,0
410013,2,1,0,0,12,13,0,0,0,0,0,0
410014,1,1,0,0,0,0,0,0,0,0,0,0
410014,2,1,0,0,0,0,0,0,0,0,0,0
410015,1,1,0,0,0,0,0,0,0,0,0,0
410015,2,1,0,0,0,0,0,0,0,0,0,0
410015,3,1,0,0,0,0,0,0,0,0,0,0
410016,0,1,0,0,0,0,0,0,0,0,0,0
410016,1,1,0,0,0,0,0,0,0,0,0,0
410017,1,1,0,0,0,0,0,0,0,0,0,0
410017,2,1,0,0,0,0,0,0,0,0,0,0
410018,1,1,0,0,0,0,0,0,0,0,0,0
410019,1,1,0,0,0,0,0,0,0,0,0,0
410019,2,1,0,0,0,0,0,0,0,0,0,0
410020,1,1,0,0,0,0,0,0,0,0,0,0
410020,2,1,0,0,0,0,0,0,0,0,0,0
410021,0,1,0,0,0,0,0,0,0,0,0,0
410021,0,2,0,0,0,0,0,0,0,0,0,0
410021,1,1,0,0,0,0,0,0,0,0,0,0
410022,0,1,0,0,0,0,0,0,0,0,0,0
410022,1,1,13,2,9,19,2,11,11,6,20,8
410023,1,1,0,0,0,0,0,0,0,0,0,0
410024,1,1,0,0,0,0,0,0,0,0,0,0
410024,2,1,0,0,0,0,0,0,0,0,0,0
410025,1,1,0,0,0,0,0,0,0,0,0,0
410025,2,1,0,0,0,0,0,12,0,0,0,0
410026,0,1,29,29,29,29,29,29,29,29,29,29
410026,1,1,0,0,0,0,0,0,0,0,0,0
410027,1,1,21,21,21,21,21,21,21,21,21,21
410028,0,1,8,8,8,8,8,8,8,8,8,8
410028,1,1,0,0,0,0,0,0,0,0,0,0
410029,1,1,0,0,0,0,0,0,0,0,0,0
410029,2,1,0,0,0,0,0,0,0,0,0,0
410030,1,1,0,0,0,0,0,0,0,0,0,0
410030,2,1,0,0,0,0,0,0,0,0,0,0
410031,1,1,0,0,0,0,0,0,0,0,0,0
410031,2,1,21,21,21,21,21,21,21,21,21,21
410032,1,1,0,0,0,0,0,0,0,0,0,0
410033,1,1,0,0,0,0,0,0,0,0,0,0
410034,1,1,0,0,0,0,0,0,0,0,0,0
410034,2,1,0,0,0,0,17,0,6,0,0,0
410035,0,1,0,0,0,0,0,0,0,0,0,0