ST_CASE,VEH_NO,PER_NO,P1,P2,P3,P4,P5,P6,P7,P8,P9,P10
410035,1,1,0,0,0,0,0,0,0,0,0,0
410036,1,1,0,0,0,0,0,0,0,0,0,0
410036,2,1,0,0,0,0,0,0,0,0,0,0
410037,1,1,10,10,10,10,10,10,10,10,10,10
410037,2,1,0,0,0,0,0,0,0,0,0,0
410038,1,1,0,0,0,0,0,0,0,0,0,0
410039,1,1,0,0,0,0,0,0,0,0,0,0
410039,2,1,0,0,0,0,0,0,0,0,0,0
410040,1,1,2,2,2,2,2,2,2,2,2,2
410040,2,1,0,0,0,0,0,0,0,0,0,0
410041,1,1,0,0,0,0,0,0,0,0,0,0
410041,2,1,0,0,0,0,0,0,0,0,0,0
410043,1,1,0,0,0,0,0,8,0,0,0,0
410043,2,1,21,21,21,21,21,21,21,21,21,21
410043,3,1,0,0,0,0,0,11,0,0,0,0
410044,1,1,0,0,0,0,0,5,0,0,22,0
410044,2,1,0,0,0,0,0,0,0,0,0,0
410045,1,1,25,25,25,25,25,25,25,25,25,25
410046,1,1,0,0,0,0,0,0,0,0,0,0
410046,2,1,0,0,0,0,0,0,0,0,0,0
410047,1,1,0,0,0,0,0,0,0,0,0,0
410047,2,1,0,0,0,0,0,0,0,0,0,0
410048,1,1,0,0,0,0,0,0,0,0,0,0
410049,1,1,30,30,30,30,30,30,30,30,30,30
410049,2,1,0,0,0,0,0,0,0,0,0,0
410050,1,1,23,23,23,23,23,23,23,23,23,23
410050,2,1,0,0,0,0,0,0,0,0,0,0
410051,1,1,19,19,19,19,19,19,19,19,19,19
410052,1,1,10,10,10,10,10,10,10,10,10,10
410052,2,1,0,0,0,0,0,0,0,0,0,0
410053,1,1,0,0,0,0,0,0,0,0,0,0
410053,2,1,0,0,0,0,0,0,0,0,0,0
410054,1,1,16,16,16,16,16,16,16,16,16,16
410054,2,1,0,0,0,0,0,0,0,0,0,0
410055,1,1,0,0,0,0,0,0,0,0,0,0
410056,1,1,0,0,0,0,0,0,0,0,0,0
410056,2,1,0,0,0,0,0,0,0,0,0,0
410056,3,1,0,0,0,0,0,0,0,0,0,0
410057,1,1,0,0,0,0,0,0,0,0,0,0
410057,2,1,0,0,0,0,0,0,0,0,0,0
410057,3,1,0,0,0,0,0,0,0,0,0,0
410057,4,1,0,0,0,0,14,20,0,18,0,0
410058,0,1,0,0,0,0,0,0,0,0,0,0
410058,0,2,0,0,0,0,0,0,0,0,0,0
410058,1,1,0,0,0,0,0,0,0,0,0,0
410059,1,1,25,25,25,25,25,25,25,25,25,25
410060,1,1,0,0,0,0,0,0,0,0,0,0
410061,1,1,0,0,0,0,0,0,0,0,0,0
410061,2,1,0,0,0,0,3,0,0,0,15,22
410062,1,1,15,15,15,15,15,15,15,15,15,15
410062,2,1,0,0,0,0,0,0,0,0,0,0
410063,1,1,1,1,1,1,1,1,1,1,1,1
410064,0,1,34,34,34,34,34,34,34,34,34,34
410064,1,1,0,0,0,0,0,0,0,0,0,0
410065,0,1,0,0,0,0,0,0,0,0,0,0
410065,1,1,0,0,0,0,0,0,0,0,0,0
410066,1,1,2,2,2,2,2,2,2,2,2,2
410066,2,1,0,0,0,0,0,0,0,0,0,0
410067,1,1,0,0,0,0,0,0,0,0,0,0
410067,2,1,0,16,0,0,0,0,19,0,0,0
410068,1,1,0,0,0,0,0,0,0,0,0,0
410068,2,1,0,0,0,0,0,0,0,0,0,0
410069,1,1,0,0,0,0,0,0,0,0,0,0
410069,2,1,0,0,0,0,0,0,0,0,0,0
410070,1,1,4,0,0,0,5,0,0,0,0,0
410070,2,1,0,0,0,0,0,0,0,0,0,0
410070,3,1,0,0,10,0,9,0,0,0,0,0
410071,0,1,0,0,0,0,0,0,0,0,0,0
410071,1,1,0,0,0,0,0,0,0,0,0,0
410072,1,1,0,0,0,0,0,0,0,0,0,0
410073,1,1,20,20,20,20,20,20,20,20,20,20
410074,1,1,0,0,0,0,0,0,0,0,0,0
410075,1,1,0,0,0,0,0,0,0,0,0,0
410076,1,1,0,0,0,0,0,0,0,0,0,0
410076,2,1,0,0,0,0,0,0,0,0,0,0
410076,3,1,0,0,0,0,0,0,0,0,0,9
410077,1,1,0,0,0,0,0,0,0,0,12,0
410077,2,1,0,0,0,0,0,0,0,0,0,0
410077,3,1,0,0,0,0,0,0,0,12,0,0
410078,1,1,7,0,0,0,0,0,0,0,0,0
410079,1,1,22,22,22,22,22,22,22,22,22,22
410079,2,1,17,0,0,14,0,0,0,0,0,0
410080,0,1,0,0,0,0,0,0,0,0,0,0
410080,1,1,0,0,0,0,0,0,0,0,0,0
410081,1,1,0,0,0,0,3,0,0,0,0,0
410081,2,1,0,0,0,0,0,0,0,0,0,0
410081,3,1,0,0,0,0,0,0,0,0,0,0
410081,4,1,0,0,0,0,0,0,0,0,0,0
410082,1,1,13,13,13,13,13,13,13,13,13,13
410083,1,1,0,0,0,0,0,0,0,0,0,0
410083,2,1,0,0,0,0,0,0,0,0,0,0
410084,1,1,43,43,43,43,43,43,43,43,43,43
410085,1,1,0,0,0,0,0,0,0,0,0,0
410086,1,1,0,0,0,0,0,0,0,0,0,0
410086,2,1,0,0,0,0,0,0,0,0,0,0
410086,3,1,21,0,0,0,0,0,8,0,0,0
410087,1,1,0,0,0,0,0,0,0,0,0,0
410087,2,1,0,13,0,0,0,0,0,0,0,0
410088,1,1,0,0,0,0,0,0,0,0,0,0
410089,1,1,19,19,19,19,19,19,19,19,19,19
410089,2,1,0,0,5,0,0,0,0,0,0,0
410090,1,1,19,19,19,19,19,19,19,19,19,19
410091,1,1,0,0,0,0,0,0,0,0,0,0
410091,2,1,0,0,0,0,0,0,0,10,0,0
410092,1,1,25,25,25,25,25,25,25,25,25,25
410092,2,1,0,0,0,0,0,0,0,0,0,0
410093,1,1,46,46,46,46,46,46,46,46,46,46
410095,1,1,26,26,26,26,26,26,26,26,26,26
410096,0,1,0,0,0,0,0,0,0,0,0,0
410096,1,1,0,0,0,0,0,0,0,0,0,0
410097,1,1,0,0,0,0,0,0,0,0,0,0
410098,1,1,0,0,0,0,0,0,0,0,0,0
410099,0,1,0,0,0,0,0,0,0,0,0,0
410099,1,1,0,0,0,0,0,0,0,0,0,0
410100,1,1,0,0,0,0,0,0,0,0,0,0
410101,1,1,0,0,0,0,0,0,0,0,0,0
410101,2,1,0,0,0,0,0,0,0,0,0,0
410102,1,1,0,0,0,0,0,0,0,0,0,0
410102,2,1,0,0,0,0,0,0,0,0,0,0
410103,1,1,0,0,0,0,0,0,0,0,0,0
410104,0,1,40,16,31,45,16,41,17,3,27,35
410104,1,1,9,9,9,9,9,9,9,9,9,9
410105,1,1,0,0,0,0,0,0,0,0,0,0
410105,2,1,0,0,0,0,0,0,0,0,0,0
410106,1,1,0,0,0,0,0,0,0,0,0,0
410107,1,1,0,0,0,0,0,0,0,0,0,0
410107,2,1,0,0,0,0,0,0,0,0,0,0
410108,1,1,0,0,0,0,0,0,0,0,0,0
410108,2,1,0,0,0,0,0,0,0,0,0,0
410109,0,1,24,24,24,24,24,24,24,24,24,24
410109,1,1,0,0,0,0,0,0,0,0,0,0
410110,1,1,29,29,29,29,29,29,29,29,29,29
410111,1,1,1,1,1,1,1,1,1,1,1,1
410112,1,1,11,11,11,11,11,11,11,11,11,11
410113,1,1,1,1,1,1,1,1,1,1,1,1
410113,2,1,0,0,0,0,0,0,0,0,0,0
410114,1,1,4,0,0,0,0,0,0,0,0,21
410115,1,1,21,16,17,20,15,17,17,12,23,19
410116,1,1,29,37,32,37,14,10,18,11,27,6
410117,1,1,1,1,1,1,1,1,1,1,1,1
410118,1,1,0,0,5,0,25,0,0,0,0,0
410119,1,1,0,0,0,0,0,0,0,0,0,0
410119,2,1,0,0,0,0,0,0,0,0,0,0
410120,1,1,0,0,0,0,0,0,0,0,0,0
410120,2,1,0,0,0,0,0,0,0,0,0,0
410121,1,1,0,0,0,0,0,0,0,0,0,0
410122,1,1,0,0,0,0,0,0,0,0,0,0
410123,1,1,0,0,0,0,0,0,0,0,0,0
410124,1,1,0,0,0,0,0,0,0,0,0,0
410125,1,1,0,0,0,0,0,0,0,0,0,0
410125,2,1,0,0,0,0,0,0,0,0,0,0
410126,1,1,0,0,0,0,0,0,0,0,0,0
410127,1,1,0,0,0,0,0,0,0,0,0,0
410127,2,1,0,0,0,0,13,0,0,0,0,0
410127,3,1,0,0,0,0,0,0,0,0,0,0
410128,1,1,0,0,0,0,0,0,0,0,0,0
410129,1,1,12,12,12,12,12,12,12,12,12,12
410130,0,1,0,0,0,0,0,0,0,0,0,0
410130,1,1,0,0,0,0,0,0,0,0,0,0
410131,1,1,0,0,0,0,0,0,0,0,0,0
410132,1,1,0,0,0,0,0,0,0,0,0,0
410132,2,1,0,0,0,0,0,0,0,0,0,0
410133,1,1,1,1,1,1,1,1,1,1,1,1
410134,1,1,0,0,0,0,0,0,0,0,0,0
410134,2,1,0,0,0,0,0,0,0,0,0,0
410135,0,1,0,24,0,0,14,26,0,15,0,14
410135,1,1,0,0,0,0,0,0,0,0,0,20
410136,1,1,12,12,12,12,12,12,12,12,12,12
410137,1,1,21,21,21,21,21,21,21,21,21,21
410138,1,1,16,16,16,16,16,16,16,16,16,16
410139,1,1,0,0,0,0,0,0,0,0,0,0
410139,2,1,0,0,0,0,0,0,0,0,0,0
410140,1,1,0,0,19,0,0,10,0,4,0,0
410141,1,1,0,2,0,0,0,11,0,0,0,0
410142,1,1,0,0,0,0,0,0,0,0,0,0
410143,1,1,18,18,18,18,18,18,18,18,18,18
410144,1,1,4,4,4,4,4,4,4,4,4,4
410144,2,1,0,0,0,0,0,0,0,0,0,0
410145,1,1,18,18,18,18,18,18,18,18,18,18
410146,0,1,0,0,0,0,0,0,0,0,0,0
410146,1,1,17,0,17,0,4,14,17,23,0,0
410147,1,1,0,42,0,8,0,0,5,0,6,19
410148,0,1,0,0,0,0,0,0,0,44,0,0
410148,1,1,0,0,0,0,0,0,0,0,0,0
410149,1,1,0,0,0,0,0,0,0,0,17,0
410150,1,1,0,0,0,0,0,0,0,0,0,0
410151,1,1,0,0,0,0,0,0,0,0,0,0
410152,1,1,0,0,0,0,0,0,0,0,0,0
410153,1,1,0,0,0,0,0,0,0,0,0,0
410153,2,1,0,0,0,0,0,0,0,0,0,0
410154,1,1,0,0,0,0,0,0,0,0,0,0
410155,1,1,0,0,0,0,0,0,0,0,0,0
410156,1,1,9,9,9,9,9,9,9,9,9,9
410157,1,1,26,26,26,26,26,26,26,26,26,26
410158,1,1,1,1,1,1,1,1,1,1,1,1
410158,2,1,10,0,0,0,0,0,0,0,0,0
410158,3,1,0,0,0,0,0,0,0,0,0,0
410159,0,1,0,0,0,0,0,0,0,0,0,0
410159,1,1,0,0,0,0,7,0,17,0,0,0
410160,1,1,20,20,20,20,20,20,20,20,20,20
410161,1,1,0,22,18,43,36,0,29,0,8,16
410162,1,1,1,1,1,1,1,1,1,1,1,1
410163,1,1,24,0,0,0,0,0,0,0,0,0
410164,0,1,0,0,0,0,0,0,0,0,0,0
410164,1,1,0,0,0,0,0,0,0,0,0,0
410165,0,1,14,14,14,14,14,14,14,14,14,14
410165,1,1,0,0,0,0,0,0,0,0,0,0
410166,0,1,0,0,0,0,0,0,0,0,0,0
410166,1,1,0,0,0,0,0,0,0,0,0,0
410167,0,1,0,0,0,0,0,0,0,0,0,0
410167,1,1,0,0,0,0,0,0,0,0,0,0
410168,1,1,5,5,5,5,5,5,5,5,5,5
410168,2,1,0,6,0,0,0,0,0,0,0,0
410169,1,1,21,21,21,21,21,21,21,21,21,21
410170,1,1,0,0,0,0,0,0,0,0,0,0
410171,0,1,0,0,0,0,0,0,0,0,0,0
410171,1,1,0,0,0,0,0,0,0,0,0,0
410172,1,1,0,0,0,0,0,0,0,0,0,0
410172,2,1,0,0,0,0,0,0,0,0,0,0
410173,1,1,19,21,37,0,11,0,23,0,37,22
410174,1,1,0,0,0,0,0,11,0,0,0,0
410174,2,1,0,0,0,0,0,0,0,0,0,0
410175,0,1,0,0,0,0,0,0,0,0,0,0
410175,1,1,0,0,0,0,0,0,0,0,0,0
410176,1,1,0,0,0,0,0,0,0,0,0,0
410177,1,1,0,0,0,0,0,0,0,0,0,0
410178,1,1,0,0,0,0,0,0,0,0,0,0
410178,2,1,0,0,0,0,0,0,0,0,0,0
410178,3,1,0,0,0,0,0,0,0,0,0,0
410178,4,1,0,0,0,0,0,0,0,0,0,0
410178,5,1,0,0,0,0,0,0,0,0,0,0
410179,1,1,0,0,5,0,30,0,16,0,0,0
410179,2,1,0,0,0,0,0,0,0,0,0,0
410180,1,1,0,0,0,0,0,0,0,0,0,0
410181,1,1,22,22,22,22,22,22,22,22,22,22
410182,0,1,23,23,23,23,23,23,23,23,23,23
410182,1,1,0,0,0,0,0,0,0,0,0,0
410183,1,1,0,0,0,0,0,0,0,0,0,0
410184,1,1,0,0,0,0,0,0,0,0,0,0
410184,2,1,0,0,0,0,18,0,0,0,0,0
410185,1,1,17,17,17,17,17,17,17,17,17,17
410186,0,1,0,0,0,0,0,0,0,0,0,0
410186,1,1,0,0,0,0,0,0,0,0,0,0
410187,0,1,0,0,0,0,0,0,0,0,0,0
410187,1,1,0,0,0,0,0,0,0,17,13,0
410188,1,1,0,0,0,0,0,0,0,0,0,0
410189,1,1,23,23,23,23,23,23,23,23,23,23
410190,1,1,0,0,0,0,0,0,0,0,0,0
410191,1,1,13,13,13,13,13,13,13,13,13,13
410192,1,1,20,20,20,20,20,20,20,20,20,20
410193,0,1,0,0,0,0,0,0,0,0,0,0
410193,1,1,0,0,0,0,0,0,0,0,0,0
410194,1,1,0,0,0,0,0,0,0,0,0,0
410194,2,1,0,0,0,0,0,24,0,0,0,0
410195,0,1,0,0,0,0,0,0,0,0,0,0
410195,1,1,0,0,0,0,0,0,0,0,0,0
410196,1,1,1,1,1,1,1,1,1,1,1,1
410197,1,1,3,3,3,3,3,3,3,3,3,3
410198,0,1,0,0,0,0,0,0,0,0,0,0
410198,1,1,5,18,0,0,15,12,21,0,0,0
410198,2,1,0,0,0,0,0,0,2,0,22,0
410199,1,1,0,0,0,0,0,0,0,0,0,0
410199,2,1,0,0,0,0,0,0,0,0,0,0
410199,3,1,0,0,0,0,0,0,0,0,0,0
410199,4,1,0,0,0,0,0,15,0,0,0,0
410199,5,1,0,0,0,0,0,0,0,0,0,0
410200,1,1,0,0,0,0,0,0,0,0,0,0
410200,2,1,0,0,0,0,0,0,0,0,0,0
410201,1,1,0,0,0,0,0,0,0,0,0,0
410201,2,1,0,0,0,0,0,0,0,0,0,0
410202,1,1,0,0,0,0,0,0,0,0,0,0
410202,2,1,1,1,1,1,1,1,1,1,1,1
410203,1,1,0,0,0,0,0,0,0,0,0,0
410204,0,1,10,10,10,10,10,10,10,10,10,10
410204,1,1,0,0,0,0,0,0,0,0,0,0
410205,1,1,0,0,0,0,0,0,0,0,6,0
410206,1,1,10,10,10,10,10,10,10,10,10,10
410206,2,1,0,0,0,0,0,0,0,0,0,0
410206,3,1,10,0,0,12,0,0,0,0,0,0
410208,1,1,21,21,21,21,21,21,21,21,21,21
410209,1,1,11,11,11,11,11,11,11,11,11,11
410209,2,1,0,0,0,0,0,0,0,0,0,0
410210,1,1,0,0,0,12,11,18,0,19,12,0
410211,1,1,16,16,16,16,16,16,16,16,16,16
410211,2,1,0,0,0,0,0,0,0,0,0,0
410212,0,1,0,0,0,0,0,0,0,0,7,0
410212,1,1,0,2,17,0,0,0,0,0,0,0
410213,1,1,24,24,24,24,24,24,24,24,24,24
410214,0,1,0,0,0,0,0,0,0,0,32,0
410214,1,1,0,0,0,0,0,0,0,0,0,0
410215,1,1,0,0,0,0,0,0,0,0,0,0
410216,1,1,0,0,0,0,0,0,0,0,0,0
410217,1,1,9,9,9,9,9,9,9,9,9,9
410218,1,1,0,0,0,0,0,0,0,0,0,0
410219,1,1,0,0,0,0,0,0,0,0,0,0
410219,2,1,0,0,0,0,0,0,0,0,0,0
410220,1,1,0,0,0,0,0,0,0,0,0,0
410220,2,1,0,0,0,0,0,0,0,0,0,0
410221,0,1,0,0,0,3,0,0,0,0,0,0
410221,0,2,0,0,0,0,0,0,0,0,0,0
410221,1,1,0,0,0,0,0,0,0,0,0,0
410222,1,1,0,0,0,0,0,0,0,0,0,0
410222,2,1,0,0,0,0,0,0,0,0,0,0
410223,1,1,0,0,0,0,0,0,0,0,0,0
410223,2,1,0,0,0,0,0,0,0,0,0,0
410224,1,1,7,7,7,7,7,7,7,7,7,7
410224,2,1,0,0,0,0,0,0,0,0,0,0
410225,1,1,15,15,15,15,15,15,15,15,15,15
410226,1,1,8,8,8,8,8,8,8,8,8,8
410227,1,1,0,0,0,0,0,0,0,0,0,0
410228,0,1,23,23,23,23,23,23,23,23,23,23
410228,1,1,0,0,0,0,0,0,0,0,0,0
410229,1,1,19,19,19,19,19,19,19,19,19,19
410230,1,1,0,0,0,12,14,23,0,0,13,0
410230,2,1,0,34,0,0,0,0,0,11,28,0
410231,1,1,0,0,0,0,0,0,0,0,0,0
410232,1,1,0,0,0,0,0,0,0,0,0,0
410232,2,1,0,0,0,0,0,0,0,0,0,0
410233,1,1,7,7,7,7,7,7,7,7,7,7
410234,0,1,24,24,24,24,24,24,24,24,24,24
410234,1,1,0,0,0,0,0,0,0,0,0,0
410235,1,1,0,0,0,0,0,0,0,0,0,0
410236,1,1,23,23,23,23,23,23,23,23,23,23
410236,2,1,0,0,0,0,0,0,0,0,0,0
410236,3,1,0,0,0,0,0,0,0,0,0,0
410237,1,1,0,0,0,0,0,0,0,0,0,0
410238,0,1,0,0,0,0,0,0,0,0,0,0
410238,1,1,0,0,0,0,0,0,0,0,0,0
410239,0,1,0,0,0,0,0,0,0,0,0,0
410239,1,1,0,0,0,0,0,0,0,0,0,0
410240,1,1,0,0,0,29,0,0,0,0,0,0
410240,2,1,0,0,0,0,0,0,0,0,0,0
410240,3,1,0,0,0,30,0,0,0,0,0,0
410240,4,1,0,0,0,0,0,0,0,0,0,0
410241,1,1,10,10,10,10,10,10,10,10,10,10
410241,2,1,0,0,0,0,0,0,0,0,0,0
410242,0,1,21,0,0,0,0,0,0,0,0,10
410242,1,1,0,0,0,0,0,0,0,0,0,0
410243,0,1,0,0,0,0,0,0,0,0,0,0
410243,1,1,0,0,0,0,0,0,0,6,0,0
410244,1,1,0,0,0,0,0,0,0,0,0,0
410245,1,1,0,0,0,0,0,0,0,0,0,0
410245,2,1,0,0,0,0,0,0,0,0,0,0
410246,0,1,0,0,0,0,0,0,0,0,0,0
410246,1,1,0,0,0,0,0,0,0,0,0,0
410247,1,1,0,0,0,0,0,0,0,0,0,0
410247,2,1,0,0,0,0,0,0,0,0,0,0
410248,1,1,0,0,0,0,0,0,0,0,0,0
410248,2,1,3,3,3,3,3,3,3,3,3,3
410248,3,1,0,0,0,0,0,0,0,0,0,0
410249,1,1,0,0,0,0,0,0,0,0,0,0
410249,2,1,0,0,0,0,9,0,0,0,0,0
410249,3,1,0,0,0,0,0,0,0,0,0,0
410250,0,1,1,1,1,1,1,1,1,1,1,1
410250,1,1,0,0,0,0,0,0,0,0,0,0
410251,1,1,0,0,0,0,0,0,0,0,0,0
410252,1,1,0,0,0,0,0,0,0,0,0,0
410253,1,1,0,0,0,0,0,0,0,0,0,0
410254,0,1,0,0,0,0,0,0,0,0,0,0
410254,1,1,0,0,0,12,0,0,0,0,0,0
410255,1,1,18,18,18,18,18,18,18,18,18,18
410256,1,1,0,0,0,0,0,0,0,0,0,0
410256,2,1,0,0,0,0,0,0,0,0,0,0
410257,1,1,0,0,0,0,0,0,0,0,0,0
410258,1,1,13,13,13,13,13,13,13,13,13,13
410259,1,1,14,14,14,14,14,14,14,14,14,14
410259,2,1,0,0,0,0,20,0,0,0,0,2
410259,3,1,0,0,0,0,0,0,0,0,0,0
410260,1,1,0,0,0,0,0,0,0,0,0,0
410261,1,1,0,0,0,0,0,0,0,0,0,0
410261,2,1,0,0,0,0,0,0,0,0,0,0
410261,3,1,0,0,0,0,0,0,0,0,0,19
410261,4,1,0,0,0,0,0,0,0,0,0,0
410262,1,1,0,0,0,0,0,0,0,0,11,0
410262,2,1,0,0,0,0,0,0,0,0,0,0
410263,1,1,19,19,19,19,19,19,19,19,19,19
410264,1,1,0,0,0,0,0,0,0,0,0,0
410264,2,1,0,0,0,0,0,0,0,0,0,0
410265,1,1,15,15,15,15,15,15,15,15,15,15
410266,1,1,26,26,26,26,26,26,26,26,26,26
410267,1,1,0,0,0,0,0,0,0,0,0,0
410267,2,1,0,0,0,18,0,0,21,0,0,0
410267,3,1,0,0,0,0,0,0,0,0,0,0
410268,1,1,0,0,0,0,0,0,0,10,0,0
410268,2,1,0,0,0,0,0,0,0,0,0,0
410269,1,1,8,8,8,8,8,8,8,8,8,8
410270,1,1,0,0,0,0,0,0,0,0,0,0
410271,0,1,0,0,0,0,0,0,0,0,0,0
410271,1,1,0,11,0,0,0,0,0,0,0,0
410272,1,1,0,0,9,0,0,0,0,0,0,9
410272,2,1,0,0,0,0,0,0,0,0,0,0
410273,1,1,0,0,0,0,0,0,0,0,0,0
410274,1,1,10,10,10,10,10,10,10,10,10,10
410275,1,1,18,18,18,18,18,18,18,18,18,18
410276,1,1,0,0,0,0,25,7,24,0,0,0
410277,1,1,27,27,27,27,27,27,27,27,27,27
410278,1,1,0,0,0,0,0,0,0,0,0,0
410279,1,1,27,27,27,27,27,27,27,27,27,27
410280,0,1,0,0,0,0,0,0,0,0,0,0
410280,1,1,0,0,0,0,0,0,0,0,0,0
410281,1,1,4,4,4,4,4,4,4,4,4,4
410282,1,1,12,12,12,12,12,12,12,12,12,12
410283,1,1,0,0,0,0,0,0,0,0,0,0
410284,1,1,22,22,22,22,22,22,22,22,22,22
410285,1,1,0,0,0,0,0,0,0,0,0,0
410286,1,1,0,0,6,14,25,0,0,0,0,0
410287,1,1,0,0,0,0,0,0,0,0,0,0
410287,2,1,0,0,0,0,0,0,0,0,0,0
410288,0,1,23,23,23,23,23,23,23,23,23,23
410288,1,1,7,0,0,0,0,0,0,0,0,0
410289,1,1,0,0,0,0,0,0,0,0,0,0
410289,2,1,0,4,0,31,9,0,0,0,0,0
410290,1,1,0,0,0,0,0,0,0,0,0,0
410291,1,1,0,0,0,0,0,0,0,0,0,0
410291,2,1,0,0,0,0,0,0,0,0,0,0
410291,3,1,0,0,0,16,0,0,0,0,21,0
410292,0,1,0,34,0,0,0,0,0,0,0,0
410292,1,1,0,0,0,0,0,0,0,0,0,0
410293,0,1,0,0,0,0,0,0,0,0,0,0
410293,1,1,0,0,0,0,0,0,0,0,0,0
410293,2,1,0,0,0,0,0,0,0,0,0,0
410294,0,1,0,0,0,0,0,0,0,0,0,0
410294,1,1,0,0,0,0,0,11,0,0,15,0
410295,1,1,24,24,24,24,24,24,24,24,24,24
410296,1,1,0,0,0,0,0,0,0,0,0,0
410296,2,1,0,0,0,0,0,0,0,0,0,0
410296,3,1,0,0,0,0,0,0,0,0,0,0
410298,1,1,12,12,12,12,12,12,12,12,12,12
410299,0,1,0,0,0,0,0,0,0,0,0,0
410299,0,2,0,0,0,0,0,0,0,0,0,0
410299,1,1,0,0,0,0,0,0,0,0,0,0
410299,2,1,0,0,0,0,0,0,0,0,0,0
410300,1,1,25,25,25,25,25,25,25,25,25,25
410301,0,1,0,0,0,0,0,0,0,0,0,0
410301,0,2,0,0,0,0,0,0,0,33,0,0
410301,1,1,0,0,0,0,0,0,0,0,0,0
410302,0,1,31,31,31,31,31,31,31,31,31,31
410302,1,1,0,0,0,0,0,0,0,0,0,0
410303,1,1,3,3,3,3,3,3,3,3,3,3
410304,1,1,0,0,0,0,0,0,0,0,0,0
410305,1,1,19,19,19,19,19,19,19,19,19,19
410306,1,1,22,22,22,22,22,22,22,22,22,22
410306,2,1,0,0,0,0,0,0,0,0,0,0
410307,0,1,0,36,0,8,16,18,19,19,0,34
410307,1,1,0,0,0,0,0,0,0,0,0,0
410308,1,1,0,0,0,0,0,0,0,0,0,0
410308,2,1,1,1,1,1,1,1,1,1,1,1
410309,0,1,0,0,0,0,0,0,0,0,0,0
410309,1,1,0,0,31,0,0,0,0,8,0,0
410310,1,1,0,0,0,0,0,0,0,0,0,0
410311,1,1,11,11,11,11,11,11,11,11,11,11
410312,1,1,0,0,0,0,0,0,0,0,0,0
410312,2,1,0,0,19,0,0,4,0,0,0,0
410312,3,1,0,0,0,0,0,0,0,0,0,0
410312,4,1,0,0,0,0,0,0,16,0,0,0
410312,5,1,0,0,0,0,0,0,0,0,0,0
410313,0,1,0,0,13,0,0,0,0,0,41,0
410313,0,2,0,0,33,16,32,3,21,0,17,17
410313,1,1,0,0,0,0,0,0,0,0,0,0
410314,1,1,0,0,0,0,0,0,0,0,0,0
410314,2,1,0,0,0,0,0,0,0,0,0,0
410315,1,1,29,29,29,29,29,29,29,29,29,29
410316,1,1,0,0,0,0,0,0,0,0,0,0
410316,2,1,0,11,0,0,0,0,0,7,0,10
410316,3,1,0,0,0,0,0,0,0,0,0,0
410317,0,1,0,23,40,35,0,0,0,12,0,0
410317,1,1,0,0,0,0,0,0,0,9,0,0
410319,0,1,28,0,16,0,0,0,0,0,23,0
410319,1,1,0,0,0,0,0,0,0,0,0,0
410320,1,1,0,0,0,0,0,0,0,0,0,0
410321,1,1,0,0,0,0,0,0,0,0,0,0
410321,2,1,0,0,0,0,0,3,0,0,0,0
410322,1,1,18,0,0,0,0,0,0,0,0,0
410323,1,1,14,20,0,0,10,0,0,20,0,25
410324,1,1,0,20,0,0,0,0,21,20,9,11
410325,1,1,0,0,0,0,0,0,0,0,0,0
410326,1,1,0,0,0,0,0,0,0,0,0,0
410326,2,1,0,0,0,0,0,0,0,0,0,0
410327,0,1,0,0,0,0,0,0,0,0,0,0
410327,1,1,0,0,0,0,0,8,0,0,0,0
420001,1,1,0,0,0,0,0,22,0,0,0,0
420002,1,1,15,15,15,15,15,15,15,15,15,15
420003,1,1,0,0,0,0,0,0,0,0,0,0
420004,1,1,0,0,0,0,0,0,0,0,0,0
420005,1,1,0,0,0,0,0,0,21,0,0,0
420006,1,1,19,19,19,19,19,19,19,19,19,19
420007,1,1,0,0,0,0,0,0,0,0,0,0
420008,1,1,0,0,9,15,0,18,15,0,0,0
420009,1,1,0,0,0,0,0,0,0,0,0,0
420010,1,1,0,0,0,0,0,0,0,0,0,0
420011,1,1,0,30,0,21,13,0,0,0,0,40
420012,1,1,24,24,24,24,24,24,24,24,24,24
420013,1,1,19,19,19,19,19,19,19,19,19,19
420014,1,1,12,12,12,12,12,12,12,12,12,12
420015,1,1,24,24,24,24,24,24,24,24,24,24
420016,1,1,0,0,0,0,0,0,0,0,0,0
420017,1,1,0,0,0,0,0,0,0,0,0,0
420018,1,1,0,0,0,0,0,0,0,0,0,0
420019,0,1,0,0,0,0,0,0,0,0,0,0
420019,1,1,0,0,0,0,0,0,0,0,0,0
420020,0,1,0,0,0,0,0,0,0,0,0,31
420020,1,1,0,0,0,0,0,0,0,0,0,0
420021,0,1,0,0,0,0,0,0,0,0,0,0
420021,1,1,0,0,0,0,0,0,0,0,0,0
420022,0,1,0,0,17,0,0,0,0,0,0,0
420022,0,2,0,0,0,0,0,0,0,0,0,0
420022,1,1,0,0,0,0,0,0,0,0,0,0
420023,0,1,0,0,0,0,0,0,0,0,0,0
420023,1,1,0,0,0,0,0,0,0,0,0,0
420024,0,1,27,27,27,27,27,27,27,27,27,27
420024,1,1,0,0,0,17,0,0,0,0,0,0
420025,0,1,0,0,0,0,0,0,0,0,0,0
420025,1,1,0,0,0,0,0,0,0,0,0,0
420026,1,1,0,0,0,0,0,0,0,0,0,0
420026,2,1,0,0,0,0,0,0,0,0,5,0
420027,0,1,0,0,0,0,0,0,0,0,0,0