ST_CASE,VEH_NO,PER_NO,P1,P2,P3,P4,P5,P6,P7,P8,P9,P10
420027,1,1,0,0,0,0,0,0,0,0,0,0
420028,1,1,19,0,0,0,0,0,0,0,0,0
420028,2,1,0,0,0,0,0,0,15,0,0,0
420029,0,1,0,0,0,0,0,0,0,0,0,0
420029,1,1,0,15,0,0,0,0,0,0,0,0
420030,1,1,0,0,0,0,0,0,0,0,0,0
420030,2,1,0,0,0,0,0,0,0,0,0,0
420031,0,1,15,15,15,15,15,15,15,15,15,15
420031,1,1,0,0,0,0,0,0,0,0,0,0
420032,0,1,0,0,0,0,0,0,0,0,0,0
420032,1,1,17,0,0,0,0,0,0,0,4,0
420033,0,1,0,0,0,0,25,12,0,8,27,0
420033,1,1,0,6,19,0,0,0,0,0,17,0
420034,1,1,27,27,27,27,27,27,27,27,27,27
420034,2,1,0,0,0,0,0,0,0,0,0,0
420035,1,1,0,0,0,0,0,0,0,0,0,0
420035,2,1,0,0,0,0,0,0,0,0,0,0
420036,1,1,0,0,0,0,0,0,0,0,0,0
420036,2,1,0,0,0,0,0,0,0,0,0,0
420037,1,1,0,0,0,0,0,0,0,0,0,0
420037,2,1,0,0,0,0,0,0,0,0,0,0
420038,1,1,0,0,0,0,0,0,0,0,0,0
420038,2,1,0,0,0,0,0,0,0,0,0,0
420039,1,1,0,0,0,0,0,0,0,0,0,0
420039,2,1,0,0,0,0,0,4,0,0,20,5
420040,1,1,0,0,0,0,0,0,0,0,0,0
420040,2,1,0,0,0,0,0,0,0,0,0,0
420041,1,1,0,0,0,0,0,0,0,0,0,0
420041,2,1,0,0,0,0,0,0,0,0,0,0
420042,1,1,0,0,0,0,0,0,0,0,0,0
420042,2,1,0,0,0,0,0,0,0,0,0,0
420043,1,1,0,0,0,0,0,0,0,0,0,0
420043,2,1,0,0,0,0,0,0,0,0,0,0
420044,1,1,0,0,0,0,0,0,0,0,0,0
420044,2,1,0,0,0,0,0,0,0,0,0,0
420045,1,1,0,0,0,0,0,0,0,0,0,0
420045,2,1,0,0,0,0,0,0,0,0,0,0
420046,1,1,0,0,0,0,0,0,0,0,0,0
420046,2,1,0,0,0,0,0,0,0,0,0,0
420047,0,1,24,24,24,24,24,24,24,24,24,24
420047,1,1,0,0,0,0,0,0,0,0,0,0
420048,1,1,0,0,0,0,0,0,0,0,0,0
420049,1,1,0,0,0,0,0,0,0,0,0,0
420049,2,1,0,0,0,0,0,0,0,0,0,0
420050,1,1,0,0,0,0,0,0,0,0,0,0
420050,2,1,0,0,0,0,0,0,0,0,0,0
420050,3,1,0,0,0,0,0,0,0,0,0,0
420051,1,1,0,0,0,0,0,0,0,0,0,0
420051,2,1,0,0,0,0,0,0,0,0,0,0
420051,3,1,0,0,0,0,0,0,0,0,0,0
420052,0,1,0,0,0,0,0,0,0,0,0,17
420052,0,2,0,0,0,0,10,0,27,0,43,0
420052,1,1,0,0,0,0,0,0,0,0,0,0
420052,2,1,0,0,0,0,0,0,0,0,0,0
420053,1,1,0,0,0,0,0,0,0,0,0,0
420053,2,1,0,0,20,0,0,0,0,0,0,0
420054,1,1,0,0,0,0,0,0,0,0,0,0
420054,2,1,0,0,0,0,0,0,0,0,0,0
420054,3,1,0,0,0,0,0,0,0,0,0,0
420055,0,1,16,16,16,16,16,16,16,16,16,16
420055,1,1,0,0,0,0,0,0,0,0,0,0
420056,1,1,0,0,0,0,0,0,0,0,0,0
420057,1,1,0,13,0,0,24,13,4,8,15,0
420058,1,1,16,15,26,16,21,15,64,19,11,14
420059,1,1,0,0,0,0,0,0,0,0,0,0
420059,2,1,0,0,0,0,0,0,0,0,0,0
420060,0,1,0,0,0,0,0,0,0,0,0,0
420060,1,1,0,0,0,0,23,0,18,9,0,0
420061,1,1,17,9,21,10,12,13,20,15,21,28
420062,0,1,0,0,0,0,0,0,0,0,0,0
420062,1,1,0,0,0,0,0,0,0,0,0,0
420063,0,1,0,0,0,0,0,0,0,0,0,0
420063,1,1,0,0,0,0,0,0,8,0,0,0
420064,1,1,0,0,0,0,0,0,0,0,0,0
420065,0,1,0,0,0,0,0,0,0,0,0,0
420065,1,1,0,13,18,0,17,15,17,17,8,5
420066,1,1,0,0,0,0,0,0,0,0,0,0
420066,2,1,0,0,0,0,0,0,0,0,0,0
420067,1,1,0,0,0,0,0,0,0,0,0,0
420068,0,1,0,0,0,0,0,0,0,0,0,0
420068,1,1,0,0,0,0,10,23,0,0,0,10
420069,1,1,0,0,0,0,0,0,0,0,0,0
420069,2,1,0,0,0,0,0,0,0,0,0,0
420070,1,1,0,0,0,0,0,0,0,0,0,0
420070,2,1,0,0,0,0,0,0,0,0,0,0
420071,0,1,33,12,28,9,23,15,50,13,32,6
420071,1,1,0,0,0,0,0,0,0,0,0,0
420072,1,1,0,0,0,0,0,8,0,0,0,0
420072,2,1,0,0,0,0,0,0,0,0,0,0
420073,1,1,0,0,0,0,0,0,0,0,0,0
420073,2,1,0,0,0,0,0,0,0,0,0,15
420074,1,1,0,0,0,0,0,0,0,0,0,0
420074,2,1,0,0,0,0,0,0,0,0,0,0
420075,0,1,0,0,0,0,0,16,0,0,0,0
420075,1,1,0,9,0,11,0,0,0,0,0,4
420076,0,1,0,0,22,0,35,8,20,23,0,22
420076,1,1,0,0,0,0,0,0,0,0,0,0
420077,1,1,20,20,20,20,20,20,20,20,20,20
420077,2,1,14,0,0,0,0,0,0,0,0,0
420078,1,1,0,0,0,0,0,0,0,0,0,0
420078,2,1,0,0,0,0,0,0,0,0,0,0
420079,1,1,0,0,0,0,0,0,0,0,0,0
420079,2,1,0,0,0,0,0,0,0,0,0,0
420080,1,1,0,0,0,0,0,0,0,0,0,0
420080,2,1,0,0,0,0,0,0,0,0,0,0
420081,0,1,22,22,22,22,22,22,22,22,22,22
420081,1,1,12,12,12,12,12,12,12,12,12,12
420082,1,1,0,0,0,0,0,0,0,0,0,0
420083,1,1,0,0,0,0,0,0,0,0,0,0
420084,0,1,0,0,0,17,0,0,8,12,0,0
420084,1,1,9,9,9,9,9,9,9,9,9,9
420085,1,1,0,0,0,0,0,0,0,0,0,0
420086,1,1,4,15,15,4,30,8,19,11,14,21
420087,1,1,0,0,0,0,0,0,0,0,0,0
420087,2,1,0,0,0,0,0,0,0,0,0,0
420088,0,1,0,0,0,0,0,0,0,0,0,0
420088,1,1,0,0,0,0,0,0,0,0,0,0
420088,2,1,0,0,0,0,0,0,0,0,0,0
420089,1,1,0,0,0,15,22,0,0,0,0,0
420089,2,1,0,0,0,0,0,0,0,0,0,0
420090,1,1,0,0,0,0,0,0,0,0,0,0
420090,2,1,0,0,0,0,0,0,0,0,0,0
420091,1,1,0,0,0,0,0,0,0,0,0,28
420091,2,1,0,0,0,0,0,0,0,0,0,0
420092,1,1,0,0,0,0,0,0,0,0,0,0
420093,1,1,0,0,0,0,0,0,0,0,0,0
420093,2,1,0,0,0,0,0,0,0,0,0,0
420094,1,1,0,0,0,0,0,0,0,0,0,0
420094,2,1,0,0,0,0,0,0,0,0,0,0
420094,3,1,0,0,0,0,0,0,0,0,0,0
420095,0,1,0,0,0,0,0,0,0,0,0,0
420095,1,1,0,0,22,0,0,0,0,9,4,0
420096,1,1,14,14,14,14,14,14,14,14,14,14
420096,2,1,0,0,0,0,0,0,0,0,0,0
420096,3,1,0,0,0,0,0,0,0,0,0,0
420097,0,1,0,0,0,0,0,0,0,0,0,0
420097,1,1,0,17,0,0,6,38,15,0,10,0
420098,1,1,21,21,21,21,21,21,21,21,21,21
420099,1,1,0,0,0,0,0,0,0,0,0,0
420099,2,1,0,0,0,0,0,0,0,0,0,0
420099,3,1,0,0,0,0,0,0,0,0,0,0
420100,1,1,0,0,0,0,0,0,0,0,0,0
420100,2,1,0,0,0,0,0,0,0,0,0,0
420100,3,1,0,0,0,0,0,4,0,0,0,0
420101,1,1,6,6,6,6,6,6,6,6,6,6
420102,1,1,0,0,0,0,0,0,0,0,0,0
420103,1,1,0,0,19,0,0,0,0,0,0,0
420103,2,1,0,0,0,0,0,0,0,0,0,0
420103,3,1,0,0,0,0,0,0,0,0,0,0
420103,4,1,0,0,0,0,0,0,0,0,0,0
420104,1,1,0,0,20,0,0,0,0,0,0,0
420104,2,1,10,0,0,0,0,0,0,0,0,0
420104,3,1,0,0,0,0,0,0,0,0,0,0
420105,1,1,0,0,15,16,34,0,0,0,0,13
420106,1,1,0,0,0,0,0,0,0,0,0,0
420107,1,1,11,0,0,0,19,9,13,13,0,0
420108,1,1,0,0,0,0,0,0,0,0,0,0
420109,1,1,0,0,0,0,0,0,0,0,0,0
420110,1,1,50,50,50,50,50,50,50,50,50,50
420111,1,1,23,23,23,23,23,23,23,23,23,23
420111,2,1,0,0,0,0,0,0,0,0,0,0
420112,1,1,13,13,13,13,13,13,13,13,13,13
420112,2,1,0,0,0,0,0,0,0,0,0,0
420112,3,1,0,0,0,0,0,0,0,0,0,0
420113,1,1,0,0,0,0,0,0,0,0,0,0
420114,1,1,6,6,6,6,6,6,6,6,6,6
420115,1,1,13,13,13,13,13,13,13,13,13,13
420116,0,1,0,0,0,0,0,0,0,0,0,0
420116,1,1,0,0,0,0,0,0,0,0,0,0
420117,1,1,0,0,0,0,0,0,0,0,0,0
420118,1,1,11,11,11,11,11,11,11,11,11,11
420119,1,1,0,0,0,0,0,0,0,0,0,0
420120,1,1,0,0,0,0,0,8,0,0,0,0
420120,2,1,0,0,0,0,0,0,0,0,0,0
420121,0,1,0,0,0,0,0,0,0,0,0,0
420121,1,1,0,0,0,0,0,0,0,0,0,0
420122,1,1,0,0,0,0,0,0,0,0,0,0
420122,2,1,0,0,0,0,0,0,0,0,0,0
420123,1,1,0,0,0,0,0,0,0,0,0,0
420123,2,1,0,0,0,0,0,0,0,0,0,0
420124,1,1,18,17,13,5,6,11,0,8,14,19
420124,2,1,0,0,0,0,0,0,0,0,0,0
420125,1,1,0,0,0,0,0,0,21,0,0,0
420125,2,1,0,0,0,0,0,0,0,0,0,0
420126,1,1,8,8,8,8,8,8,8,8,8,8
420126,2,1,0,0,0,0,0,0,0,0,0,0
420127,1,1,22,0,12,17,19,21,20,13,36,15
420128,1,1,20,20,20,20,20,20,20,20,20,20
420129,1,1,0,0,0,0,0,0,0,0,0,0
420129,2,1,25,0,26,0,22,0,0,0,0,0
420130,1,1,12,12,12,12,12,12,12,12,12,12
420130,2,1,0,0,0,0,0,0,0,0,0,0
420131,1,1,0,0,0,0,17,0,0,0,0,0
420131,2,1,0,0,0,0,0,0,0,0,0,0
420132,1,1,31,31,31,31,31,31,31,31,31,31
420133,1,1,0,19,0,0,0,0,0,0,0,0
420134,1,1,0,0,0,0,0,0,0,0,0,0
420135,0,1,23,23,23,23,23,23,23,23,23,23
420135,0,2,23,23,23,23,23,23,23,23,23,23
420135,1,1,0,0,0,0,0,0,0,0,0,0
420136,1,1,0,0,0,0,0,0,0,0,0,0
420137,1,1,27,19,10,22,0,17,0,8,13,19
420138,0,1,0,0,0,0,0,0,0,0,0,0
420138,1,1,0,0,0,0,0,0,0,0,0,0
420139,0,1,0,0,0,0,0,0,0,0,0,0
420139,1,1,0,0,0,0,0,0,0,0,0,0
420140,0,1,0,0,0,25,0,0,0,0,0,0
420140,1,1,0,0,0,0,0,0,0,0,0,0
420140,2,1,0,0,0,0,0,0,0,0,0,0
420141,1,1,0,0,0,0,0,0,0,0,0,0
420142,1,1,0,0,0,0,33,27,36,3,0,0
420142,2,2,0,0,0,0,0,0,0,0,0,0
420143,1,1,0,0,0,0,0,0,0,0,0,0
420144,1,1,0,0,0,0,0,0,0,0,0,0
420144,2,1,0,0,0,0,0,0,10,0,24,0
420145,1,1,0,0,0,0,0,0,0,0,0,0
420145,2,1,0,0,0,0,0,0,0,0,0,0
420146,0,1,0,0,0,0,0,0,0,0,0,0
420146,1,1,0,0,0,0,0,0,0,0,0,0
420147,1,1,16,16,16,16,16,16,16,16,16,16
420148,1,1,22,22,22,22,22,22,22,22,22,22
420148,2,1,0,0,0,0,0,0,0,0,0,0
420149,1,1,30,30,30,30,30,30,30,30,30,30
420149,2,1,0,0,0,0,0,0,0,0,0,0
420150,1,1,23,23,23,23,23,23,23,23,23,23
420150,2,1,0,0,0,0,0,0,0,0,0,0
420151,0,1,0,0,0,0,0,0,0,0,0,0
420151,1,1,0,0,0,0,0,0,0,0,0,0
420152,1,1,18,18,18,18,18,18,18,18,18,18
420153,1,1,0,0,0,0,0,0,0,0,0,0
420153,2,1,0,0,0,0,0,0,0,0,0,0
420154,1,1,0,0,0,0,0,0,0,0,0,0
420154,2,1,0,0,0,0,0,0,0,0,0,0
420155,1,1,0,0,0,0,0,0,0,0,0,0
420155,2,1,0,0,0,0,0,9,0,0,0,0
420156,1,1,0,0,0,0,0,0,0,0,0,0
420157,1,1,0,0,0,0,0,0,0,0,0,0
420157,2,1,0,0,0,0,0,0,0,0,0,0
420158,1,1,0,0,0,0,0,0,0,0,0,0
420158,2,1,0,0,0,0,0,0,0,0,0,0
420159,1,1,0,0,0,0,0,0,0,0,0,0
420160,0,1,0,0,0,0,0,0,0,0,0,0
420160,1,1,0,0,0,0,0,0,0,0,0,0
420161,0,1,0,0,0,0,0,0,0,0,0,0
420161,1,1,0,0,0,0,0,0,0,15,0,0
420162,1,1,18,18,18,18,18,18,18,18,18,18
420163,1,1,31,31,31,31,31,31,31,31,31,31
420163,2,1,0,0,0,2,0,0,17,0,0,15
420163,3,1,0,0,0,0,0,0,0,0,0,0
420164,1,1,0,0,0,0,0,0,0,0,0,0
420164,2,1,0,0,0,0,0,0,11,0,0,0
420164,3,1,0,6,0,0,0,0,0,0,0,0
420165,1,1,0,0,16,0,0,0,0,0,0,0
420166,0,1,0,0,0,0,0,0,0,0,0,0
420166,1,1,0,0,0,0,0,0,0,0,0,0
420167,1,1,0,0,0,0,0,0,0,0,0,0
420167,2,1,0,0,0,0,0,0,0,0,0,0
420168,1,1,0,0,0,0,0,0,0,0,5,0
420168,2,1,0,0,0,0,0,0,21,0,0,0
420169,1,1,0,0,0,0,0,0,0,0,0,0
420170,1,1,0,0,0,0,0,0,0,0,0,0
420171,0,1,0,0,0,0,0,0,0,0,0,0
420171,1,1,0,0,0,2,0,0,0,0,0,0
420172,1,1,0,0,0,0,0,0,0,0,0,0
420172,2,1,0,0,0,8,0,0,0,0,0,0
420172,3,1,0,0,0,0,0,0,0,0,0,0
420172,4,1,0,0,0,0,0,0,0,0,0,0
420173,1,1,14,14,14,14,14,14,14,14,14,14
420174,0,1,10,10,10,10,10,10,10,10,10,10
420174,1,1,12,0,18,0,13,0,0,0,31,7
420175,1,1,22,22,22,22,22,22,22,22,22,22
420176,1,1,0,0,0,0,0,0,0,0,0,0
420177,0,1,0,0,0,0,0,0,0,0,0,0
420177,1,1,0,0,0,0,0,0,0,0,0,0
420178,1,1,26,11,9,13,20,18,12,19,18,13
420179,1,1,23,23,23,23,23,23,23,23,23,23
420180,1,1,0,0,0,0,0,0,0,0,0,0
420180,2,1,0,0,0,0,0,0,0,0,0,0
420181,1,1,0,0,0,0,0,0,0,0,0,0
420181,2,1,0,0,0,0,0,0,0,0,0,0
420182,1,1,16,16,16,16,16,16,16,16,16,16
420182,2,1,0,0,0,0,0,0,0,0,0,0
420183,1,1,0,0,0,0,0,0,0,0,0,0
420184,1,1,0,0,0,0,0,0,0,0,0,0
420184,2,1,0,0,0,0,0,0,0,0,0,0
420184,3,1,0,0,0,0,0,0,0,0,0,0
420185,1,1,21,21,21,21,21,21,21,21,21,21
420185,2,1,0,0,0,0,0,0,0,0,0,0
420185,3,1,0,0,0,0,0,0,0,0,0,0
420186,1,1,23,23,23,23,23,23,23,23,23,23
420187,1,1,0,0,0,0,0,0,0,0,0,0
420188,1,1,21,21,21,21,21,21,21,21,21,21
420189,1,1,0,0,0,0,0,0,0,0,0,0
420189,2,1,0,0,0,0,0,0,0,0,0,0
420190,1,1,16,0,0,0,0,0,0,0,0,0
420190,2,1,0,0,0,0,0,0,0,0,0,0
420191,1,1,8,8,8,8,8,8,8,8,8,8
420192,1,1,27,0,0,0,0,0,0,0,0,0
420192,2,1,0,0,0,0,0,0,0,0,0,0
420192,3,1,0,0,0,0,0,0,0,0,0,0
420193,1,1,31,31,31,31,31,31,31,31,31,31
420194,1,1,0,0,0,0,0,0,0,0,0,0
420195,1,1,20,20,20,20,20,20,20,20,20,20
420196,0,1,0,0,0,0,0,0,11,30,14,0
420196,1,1,0,0,0,0,0,0,0,0,0,0
420197,1,1,0,0,0,0,0,0,0,0,0,0
420197,2,1,0,0,0,0,0,0,0,0,0,0
420197,3,1,0,0,0,0,0,0,0,0,0,0
420197,4,1,0,0,0,0,0,0,0,0,0,0
420197,5,1,0,0,0,0,0,0,0,0,0,0
420198,1,1,0,5,21,5,24,5,44,0,20,12
420199,1,1,0,0,0,0,0,0,0,0,0,0
420199,2,1,0,0,0,0,0,0,0,0,0,0
420200,1,1,0,0,0,0,0,0,0,0,0,0
420200,2,1,0,0,0,0,0,0,0,0,0,0
420201,1,1,0,0,0,0,0,0,0,0,0,0
420201,2,1,0,0,0,0,0,0,0,0,0,0
420202,1,1,0,0,0,22,0,0,0,0,0,0
420202,2,1,0,0,0,0,0,0,0,0,0,0
420203,1,1,0,0,0,0,0,31,0,0,0,0
420203,2,1,0,0,0,0,0,0,0,0,0,0
420204,1,1,0,0,0,0,0,0,29,10,0,13
420204,2,1,0,8,20,13,0,0,21,0,15,0
420205,1,1,0,0,0,0,0,0,0,0,0,0
420205,2,1,0,0,0,0,0,0,0,0,0,0
420206,1,1,0,0,0,0,0,0,13,2,0,0
420206,2,1,0,0,0,0,0,0,0,0,18,0
420207,1,1,0,0,0,0,0,0,0,0,0,0
420208,1,1,0,0,0,0,0,0,0,0,0,0
420208,2,1,0,0,0,0,0,0,0,0,0,0
420209,1,1,0,0,15,0,0,0,0,0,0,0
420209,2,1,0,0,0,0,0,0,13,0,0,0
420210,1,1,0,0,0,0,0,0,0,0,0,0
420210,2,1,0,0,0,0,0,0,0,0,0,0
420211,1,1,7,0,0,0,0,0,0,0,0,0
420211,2,1,0,0,0,12,0,0,0,0,15,0
420212,1,1,11,20,3,13,7,23,8,14,23,5
420213,1,1,0,0,18,32,0,0,0,0,0,37
420214,1,1,0,0,0,0,0,0,0,0,0,0
420214,2,1,0,0,0,0,0,0,0,0,0,0
420215,1,1,0,0,0,0,0,0,0,0,0,0
420216,1,1,0,0,0,0,0,0,0,0,0,0
420216,2,1,0,0,0,0,0,0,0,0,0,0
420217,1,1,27,14,0,17,0,14,6,0,23,27
420218,1,1,0,0,0,0,0,0,0,0,0,0
420218,2,1,0,0,0,0,0,0,0,0,0,0
420219,1,1,16,0,33,5,16,0,6,16,16,22
420220,1,1,14,14,14,14,14,14,14,14,14,14
420220,2,1,27,27,27,27,27,27,27,27,27,27
420221,1,1,0,0,0,0,0,0,0,0,0,0
420221,2,1,0,0,0,0,0,0,0,0,0,0
420222,1,1,0,0,0,0,0,0,0,0,0,0
420223,1,1,0,0,0,0,0,0,0,0,0,0
420223,2,1,0,0,0,0,0,0,0,0,0,0
420224,0,1,0,25,0,0,0,0,0,0,0,17
420224,1,1,0,0,0,0,17,0,0,0,0,0
420225,1,1,0,0,0,0,0,0,0,0,0,0
420225,2,1,0,0,0,0,0,0,0,0,0,0
420226,1,1,0,0,0,0,0,0,0,0,0,0
420227,1,1,33,18,17,17,26,0,19,12,9,14
420228,0,1,0,0,0,0,0,0,0,0,0,0
420228,1,1,0,0,0,0,0,0,0,0,0,0
420229,1,1,0,0,0,0,0,0,0,0,0,0
420229,2,1,0,0,13,0,0,0,0,0,0,0
420230,0,1,21,0,0,15,0,0,0,0,11,0
420230,1,1,0,0,0,0,0,0,0,0,0,22
420231,1,1,21,21,21,21,21,21,21,21,21,21
420232,1,1,21,0,0,0,0,0,16,22,27,0
420233,1,1,0,0,0,23,0,0,0,0,0,0
420234,0,1,0,0,0,0,0,0,0,0,0,0
420234,1,1,10,0,15,13,14,6,0,0,14,31
420235,1,1,0,0,0,0,0,0,0,0,0,0
420236,1,1,0,0,4,0,0,0,0,0,0,0
420236,2,1,0,0,0,0,0,0,0,0,0,0
420237,1,1,26,12,17,12,24,27,14,19,10,19
420238,0,1,0,0,0,0,0,0,0,0,0,0
420238,1,1,0,0,0,0,0,0,0,0,0,0
420239,1,1,0,0,0,0,0,0,0,0,0,0
420240,0,1,0,0,0,0,0,0,0,0,0,0
420240,1,1,0,0,0,0,0,0,0,0,0,0
420241,1,1,0,3,0,0,20,0,13,0,0,0
420242,1,1,0,0,0,0,0,0,0,0,0,0
420242,2,1,0,0,0,0,0,0,0,0,0,0
420243,1,1,0,0,0,0,0,0,0,0,0,0
420243,2,1,0,0,0,0,0,0,0,0,6,0
420243,3,1,0,0,0,0,0,0,0,0,0,0
420244,0,1,0,0,0,0,0,0,0,0,0,0
420244,1,1,0,0,0,0,0,0,0,0,0,0
420245,1,1,0,0,0,0,0,0,0,0,0,0
420245,2,1,0,0,0,0,0,0,0,0,0,0
420245,3,1,0,0,0,0,0,0,0,0,0,0
420246,1,1,0,0,0,0,0,0,0,0,0,0
420246,2,1,0,0,0,0,0,0,0,0,0,0
420246,3,1,0,0,0,0,0,0,0,0,0,0
420247,1,1,0,0,0,0,0,0,0,0,0,0
420248,1,1,17,17,17,17,17,17,17,17,17,17
420249,1,1,0,0,0,0,0,0,0,0,0,0
420249,2,1,0,0,0,0,0,0,0,0,0,0
420249,3,1,0,0,0,0,0,0,0,0,0,0
420250,1,1,9,9,9,9,9,9,9,9,9,9
420250,2,1,0,0,0,0,0,0,0,0,0,0
420250,3,1,0,0,0,0,0,0,0,0,0,0
420251,1,1,11,11,11,11,11,11,11,11,11,11
420252,1,1,0,0,0,0,0,0,0,0,0,0
420252,2,1,0,11,0,0,12,13,0,0,0,0
420252,3,1,0,0,0,0,18,0,0,0,0,0
420253,1,1,0,0,0,0,0,0,0,0,0,0
420253,2,1,0,0,0,0,0,0,0,0,0,0
420253,3,1,0,0,0,0,0,0,0,0,7,15
420254,1,1,0,0,0,0,0,0,0,0,0,0
420255,0,1,0,0,0,0,0,0,0,0,0,0
420255,1,1,0,0,0,0,0,0,0,0,0,0
420256,0,1,0,0,0,0,0,25,0,0,0,0
420256,1,1,0,0,5,0,0,0,0,0,0,0
420257,1,1,0,0,0,0,0,0,0,0,0,0
420257,2,1,0,0,0,0,0,0,0,0,0,0
420258,1,4,23,0,15,12,0,0,21,12,11,0
420258,2,1,0,0,0,0,0,0,0,0,0,0
420259,0,1,0,0,0,0,0,0,0,0,0,0
420259,1,1,0,0,0,0,0,0,0,0,0,0
420259,3,1,0,0,0,0,0,0,0,0,0,5
420260,1,1,19,13,22,36,26,9,36,34,9,22
420261,1,1,0,0,0,0,0,0,0,0,0,0
420262,1,1,17,17,17,17,17,17,17,17,17,17
420263,1,1,0,0,0,0,0,0,0,0,0,0
420264,1,1,16,16,16,16,16,16,16,16,16,16
420265,1,1,13,13,13,13,13,13,13,13,13,13
420266,1,1,0,0,0,7,0,0,0,0,0,0
420266,2,1,0,0,0,0,0,0,0,0,0,0
420266,3,1,0,0,0,19,0,0,0,0,0,0
420267,1,1,0,0,0,0,0,37,32,0,0,23
420268,1,1,11,15,24,12,24,19,0,19,22,12
420269,1,1,14,25,0,8,0,0,12,0,0,0
420270,1,1,0,0,0,0,0,0,0,0,0,0
420270,2,1,0,0,0,0,0,0,0,0,0,0
420271,1,1,19,19,19,19,19,19,19,19,19,19
420271,2,1,0,0,0,29,0,18,0,0,0,0
420272,1,1,21,21,21,21,21,21,21,21,21,21
420273,1,1,0,0,0,0,0,0,0,0,0,0
420274,0,1,0,0,33,7,0,8,0,26,20,20
420274,1,1,0,0,0,0,0,0,0,0,0,0
420275,0,1,31,31,31,31,31,31,31,31,31,31
420275,1,1,0,0,0,0,0,0,0,0,0,0
420276,1,1,0,0,0,0,0,0,0,0,0,14
420277,1,1,25,17,12,26,3,25,18,15,13,18
420278,1,1,19,19,19,19,19,19,19,19,19,19
420278,2,1,0,0,0,0,0,0,0,0,0,0
420279,1,1,0,0,0,0,0,0,0,0,0,0
420280,1,1,0,0,0,0,0,0,0,0,0,0
420281,1,1,0,0,0,0,0,0,0,0,0,0
420282,1,1,0,0,0,0,0,0,0,0,0,0
420282,2,1,0,0,0,0,0,0,0,0,0,0
420283,1,1,0,0,0,0,0,0,0,0,10,0
420283,2,1,1,0,0,0,0,0,0,0,0,0
420284,1,1,0,0,0,0,0,0,0,0,0,0
420284,2,1,0,0,0,0,0,0,0,0,0,0
420285,1,1,0,0,0,0,0,0,0,0,0,0
420285,2,1,0,16,0,0,0,0,0,0,0,22
420286,1,1,0,0,0,0,0,0,0,0,0,0
420286,2,1,0,0,0,0,0,0,0,7,0,0
420287,1,1,0,9,0,20,9,8,27,7,0,0
420288,1,1,9,9,9,9,9,9,9,9,9,9
420289,1,1,0,0,0,0,0,0,0,0,0,0
420290,0,1,0,0,0,0,0,0,0,0,0,0
420290,0,2,0,0,0,0,0,0,0,0,0,0
420290,1,1,0,0,0,0,0,0,0,0,0,0
420291,1,1,0,0,0,0,26,10,0,0,0,0
420292,1,1,0,0,0,0,0,0,0,0,0,0
420293,1,1,21,21,21,21,21,21,21,21,21,21
420294,1,1,0,0,0,0,0,0,0,0,0,0
420295,1,1,0,0,0,0,0,0,0,0,0,0
420295,2,1,0,0,0,0,0,0,0,0,0,0
420296,1,1,0,0,0,0,0,0,0,0,0,0
420296,2,1,0,0,0,0,0,0,0,0,0,0
420297,1,1,22,22,22,22,22,22,22,22,22,22
420298,0,1,0,0,0,0,27,0,0,0,26,0
420298,1,1,0,0,0,0,0,0,0,0,0,0
420299,0,1,0,0,0,22,0,0,0,0,0,0
420299,0,2,0,0,0,0,0,0,25,0,0,0
420299,1,1,17,17,17,17,17,17,17,17,17,17
420300,0,1,0,12,0,0,0,0,0,0,0,0
420300,1,1,0,0,0,0,0,0,0,0,0,0
420301,1,1,0,0,0,0,0,0,0,0,0,0
420301,2,1,0,0,0,0,0,0,0,0,0,0
420302,1,1,10,10,10,10,10,10,10,10,10,10
420302,2,1,0,0,0,0,0,0,0,0,0,0
420303,0,1,0,0,0,0,0,0,0,0,0,0
420303,1,1,0,0,0,0,0,0,0,0,0,0
420304,1,1,7,7,7,7,7,7,7,7,7,7
420304,2,1,0,0,0,0,0,0,0,0,0,0
420305,1,1,0,0,16,0,0,18,11,0,0,0
420306,1,1,0,0,0,0,0,0,0,0,0,0
420306,2,1,0,0,29,0,0,0,0,0,0,0
420307,1,1,17,0,0,0,0,0,0,0,16,0
420308,1,1,12,12,12,12,12,12,12,12,12,12
420309,1,1,0,0,0,0,0,0,0,0,0,0
420310,1,1,0,0,0,0,0,0,0,0,0,0
420310,2,1,0,0,0,0,0,0,0,0,0,0
420311,1,1,17,17,17,17,17,17,17,17,17,17
420312,1,1,15,15,15,15,15,15,15,15,15,15
420312,2,1,0,0,0,0,0,0,0,0,0,0
420313,1,1,0,0,0,0,0,0,0,0,0,0
420313,2,1,0,0,0,0,0,0,0,0,0,0
420314,1,1,11,13,0,9,8,8,29,11,0,17
420314,2,1,0,0,0,0,0,0,0,0,0,0
420315,1,1,18,18,18,18,18,18,18,18,18,18
420316,0,1,0,0,0,0,0,0,0,0,0,0
420316,1,1,19,0,0,0,0,0,0,24,0,0
420317,0,1,0,0,0,0,0,0,23,0,0,0
420317,1,1,0,0,0,0,0,0,5,0,0,0
420318,1,1,0,0,0,0,0,0,0,0,0,0
420318,2,1,0,0,0,0,0,0,0,0,0,0
420319,1,1,0,0,0,0,0,0,0,0,0,0
420320,1,1,22,22,22,22,22,22,22,22,22,22
420320,2,1,0,0,0,0,0,0,0,0,0,0
420321,1,1,0,0,0,0,0,0,0,0,0,0
420321,2,1,0,0,0,0,0,0,0,0,0,0
420322,0,1,19,19,19,19,19,19,19,19,19,19
420322,1,1,0,0,0,0,6,9,0,0,9,0