ST_CASE,VEH_NO,PER_NO,P1,P2,P3,P4,P5,P6,P7,P8,P9,P10
420323,1,1,0,0,0,0,0,0,0,0,0,0
420323,2,1,0,0,0,0,0,0,0,0,0,0
420324,1,1,0,0,0,0,0,0,0,0,16,0
420325,1,1,16,16,16,16,16,16,16,16,16,16
420326,0,1,0,0,0,0,0,0,0,0,0,0
420326,1,1,13,17,8,14,15,11,9,3,9,13
420327,0,1,0,0,0,0,0,0,0,0,0,0
420327,1,1,0,0,0,0,0,0,0,0,0,0
420328,0,1,0,0,0,0,0,0,0,0,0,0
420328,1,1,0,0,0,0,0,0,0,0,0,0
420329,1,1,0,0,0,0,0,0,0,0,0,0
420330,1,1,24,24,24,24,24,24,24,24,24,24
420331,1,1,22,22,22,22,22,22,22,22,22,22
420331,2,1,0,15,0,0,7,0,0,0,0,0
420331,3,1,0,0,0,0,0,0,0,0,0,0
420332,1,1,9,9,9,9,9,9,9,9,9,9
420333,1,1,0,0,0,0,0,0,0,0,0,0
420333,2,1,17,0,0,0,0,6,0,0,0,0
420333,3,1,0,0,0,0,0,0,0,0,0,0
420334,1,1,0,0,0,0,0,0,0,0,0,0
420334,2,1,5,5,5,5,5,5,5,5,5,5
420334,3,1,0,0,0,0,0,0,0,0,0,0
420335,1,1,0,29,24,0,0,0,0,0,0,0
420336,1,1,0,0,0,0,0,0,0,0,0,0
420336,2,1,0,0,0,0,0,0,0,0,0,0
420336,3,1,0,0,0,0,0,0,16,0,0,0
420337,1,1,3,3,3,3,3,3,3,3,3,3
420338,1,1,0,0,0,0,0,0,0,0,0,0
420339,1,1,0,0,11,29,0,0,0,0,0,0
420340,1,1,0,0,0,0,0,0,0,0,0,0
420340,2,1,0,0,0,0,0,0,0,0,0,0
420341,1,1,0,0,0,0,0,0,0,0,0,0
420341,2,1,12,22,7,11,2,7,16,0,20,18
420342,1,1,0,0,0,0,0,0,0,0,0,0
420342,2,1,0,0,0,0,0,0,0,0,0,0
420343,1,1,20,20,20,20,20,20,20,20,20,20
420344,1,1,26,26,26,26,26,26,26,26,26,26
420345,0,1,16,8,31,17,17,5,20,3,4,10
420345,1,1,28,0,0,0,0,0,14,0,0,0
420346,1,1,0,0,0,0,0,0,0,0,0,0
420346,2,1,0,0,0,0,0,0,0,0,0,0
420347,0,1,0,0,0,0,0,0,0,0,0,0
420347,0,2,0,0,0,0,0,0,0,0,0,0
420347,1,1,0,0,0,0,0,0,0,0,0,0
420348,1,1,0,0,0,0,0,0,0,0,0,0
420348,2,1,0,0,0,0,0,0,0,0,0,0
420349,1,1,0,0,0,0,0,0,0,0,0,0
420349,2,1,0,0,11,15,0,0,23,0,0,0
420350,1,1,0,0,0,0,0,0,0,0,0,0
420351,1,1,17,17,17,17,17,17,17,17,17,17
420352,1,1,0,0,0,0,0,0,0,0,0,0
420352,2,1,0,0,0,0,0,0,0,0,0,0
420352,3,1,0,0,0,0,0,0,0,0,0,0
420352,4,1,0,0,0,0,0,0,0,0,0,0
420352,5,1,0,0,0,0,0,0,8,0,0,0
420352,6,1,0,0,0,0,0,0,0,0,0,0
420352,7,1,0,0,0,0,0,0,0,0,0,0
420353,1,1,0,0,0,0,0,0,0,17,0,0
420354,0,1,0,0,0,0,0,0,0,0,0,0
420354,1,1,0,12,0,0,0,0,0,0,16,0
420354,2,1,0,10,0,0,0,0,0,0,0,0
420355,1,1,0,0,0,0,0,0,0,0,0,0
420355,2,1,0,0,0,0,0,0,0,0,0,0
420356,1,1,32,32,32,32,32,32,32,32,32,32
420357,1,1,9,9,9,9,9,9,9,9,9,9
420358,1,1,16,12,0,16,6,8,3,28,19,13
420359,1,1,13,13,13,13,13,13,13,13,13,13
420360,1,1,53,53,53,53,53,53,53,53,53,53
420361,1,1,6,6,6,6,6,6,6,6,6,6
420362,1,1,0,0,0,0,0,10,0,0,0,0
420362,2,1,0,0,0,0,0,0,0,0,0,0
420363,1,1,0,0,0,0,31,0,0,0,0,20
420363,2,1,0,0,0,0,0,0,0,0,0,0
420364,1,1,29,4,16,0,0,3,11,18,25,13
420365,1,1,0,0,15,0,0,0,0,0,0,0
420365,2,1,0,0,0,0,0,0,0,0,0,0
420366,1,1,16,21,5,18,31,0,23,0,20,24
420367,1,1,0,0,0,0,0,0,0,0,0,0
420367,2,1,0,0,0,0,0,1,0,0,0,0
420368,1,1,0,0,0,0,0,11,0,0,38,0
420369,1,1,0,0,0,0,0,0,0,0,0,0
420369,2,1,0,0,7,0,0,0,0,0,0,0
420370,1,1,0,23,0,0,0,21,26,0,0,28
420370,2,1,0,19,0,2,0,0,0,0,0,0
420371,0,1,33,33,33,33,33,33,33,33,33,33
420371,0,2,23,0,33,22,12,19,34,27,21,28
420371,1,2,0,0,0,0,0,0,0,0,0,0
420371,2,2,0,0,0,0,0,0,0,0,0,0
420372,1,1,14,0,32,0,17,12,0,18,0,18
420373,1,1,18,10,0,0,0,0,0,23,15,0
420374,1,1,10,10,10,10,10,10,10,10,10,10
420375,1,1,0,0,0,0,0,0,0,0,0,0
420376,1,1,0,0,0,0,0,0,0,0,0,0
420377,1,1,0,0,0,0,0,0,0,0,0,0
420378,1,1,36,14,22,18,22,8,19,16,8,16
420379,1,1,0,0,0,0,0,0,0,0,0,0
420379,2,1,0,0,0,0,0,0,0,0,0,0
420380,1,1,0,0,0,0,0,0,0,0,0,0
420381,1,1,0,0,0,7,0,0,0,0,0,0
420382,1,1,24,18,0,22,0,0,0,27,0,0
420383,1,1,0,0,0,0,0,0,0,0,0,0
420383,2,1,0,0,0,0,0,0,0,0,0,0
420384,1,1,13,13,13,13,13,13,13,13,13,13
420384,2,1,0,0,0,0,0,0,0,0,0,0
420385,1,1,0,0,0,0,0,0,0,0,0,0
420385,2,1,0,0,0,0,0,0,0,0,0,0
420386,1,1,0,0,0,0,0,0,0,0,0,0
420386,2,1,0,0,0,0,0,0,0,0,0,0
420387,1,1,0,0,0,0,0,0,0,9,0,0
420387,2,1,0,0,0,0,0,0,0,0,0,0
420388,1,1,26,0,5,0,0,0,0,0,0,0
420389,1,1,0,0,0,0,0,0,0,0,0,0
420390,1,1,20,20,20,20,20,20,20,20,20,20
420391,0,1,0,0,0,0,0,0,0,0,0,0
420391,1,1,0,0,0,29,0,0,0,0,0,17
420392,0,1,0,0,0,0,0,0,0,0,0,0
420392,1,1,0,0,0,0,0,0,0,0,0,0
420393,0,1,0,0,0,0,0,0,0,0,0,0
420393,1,1,0,0,0,0,0,0,0,0,0,0
420394,0,1,24,20,0,0,0,23,24,0,0,0
420394,1,1,0,0,0,15,0,0,0,0,0,0
420395,1,1,9,9,9,9,9,9,9,9,9,9
420395,2,1,0,0,0,0,0,0,0,0,0,0
420396,1,1,8,8,8,8,8,8,8,8,8,8
420396,2,1,0,0,0,0,0,0,0,0,0,0
420397,1,1,33,33,33,33,33,33,33,33,33,33
420398,1,1,17,17,17,17,17,17,17,17,17,17
420399,1,1,0,13,15,21,29,8,19,0,0,20
420399,2,1,0,0,0,0,0,0,0,0,0,0
420400,1,1,17,17,17,17,17,17,17,17,17,17
420400,2,1,19,19,19,19,19,19,19,19,19,19
420401,1,1,0,0,0,0,0,0,0,0,24,0
420401,2,1,0,0,0,0,0,0,0,0,0,0
420402,1,1,0,10,0,0,0,0,0,0,0,0
420402,2,1,0,4,19,20,9,0,23,44,6,9
420403,1,1,0,0,0,0,0,0,0,0,0,0
420403,2,1,0,0,0,0,0,0,0,0,0,0
420404,1,1,35,35,35,35,35,35,35,35,35,35
420405,1,1,0,0,0,0,0,0,0,0,0,0
420405,2,1,0,0,0,0,0,0,0,0,0,0
420406,1,1,1,1,1,1,1,1,1,1,1,1
420406,2,1,0,0,0,0,0,0,0,0,0,0
420407,1,1,0,0,0,0,0,0,0,0,0,0
420408,1,1,0,0,0,26,0,0,0,0,0,0
420409,1,1,0,0,0,0,0,0,0,0,0,0
420409,2,1,0,0,0,0,0,0,0,0,0,0
420410,1,1,0,0,0,0,0,0,0,0,0,0
420410,2,1,0,0,0,0,0,0,0,0,0,0
420411,1,1,0,0,0,0,0,0,10,0,0,0
420411,2,1,0,0,0,0,0,0,0,0,0,0
420412,1,1,20,37,0,0,0,0,0,0,0,0
420412,2,1,0,0,0,0,0,0,32,0,0,0
420413,1,1,3,3,3,3,3,3,3,3,3,3
420414,1,1,0,0,0,0,13,0,0,0,0,0
420415,1,1,0,0,0,0,0,0,0,0,0,0
420415,2,1,0,0,0,0,0,0,0,0,0,0
420416,1,1,0,0,0,0,0,0,0,0,0,0
420416,2,1,0,0,0,0,0,0,0,0,0,0
420417,1,1,0,0,0,0,0,0,12,0,0,0
420417,2,1,0,0,0,0,0,0,0,0,0,0
420417,3,1,0,0,0,0,0,0,0,0,0,0
420418,1,1,0,0,0,0,0,0,0,0,0,0
420418,2,1,0,0,0,0,0,0,0,0,0,0
420419,1,1,0,0,21,0,0,14,11,11,0,0
420419,2,1,0,0,0,0,0,0,0,0,0,0
420420,1,1,0,0,0,0,0,0,0,0,0,0
420420,2,1,0,0,0,0,0,0,0,0,0,0
420420,3,1,0,0,0,0,0,0,0,0,0,0
420421,1,1,0,0,0,0,0,0,0,0,0,0
420421,2,1,0,0,16,0,19,0,0,0,0,0
420421,3,1,0,0,0,0,0,0,0,0,0,12
420422,1,1,16,11,10,17,13,0,0,7,17,11
420423,1,1,0,0,0,0,0,0,0,0,0,0
420424,1,1,0,0,0,0,0,0,0,0,0,0
420424,2,1,0,0,0,0,0,0,0,0,0,0
420424,3,1,0,0,0,0,0,0,0,0,0,0
420425,1,1,12,12,12,12,12,12,12,12,12,12
420426,1,1,0,0,0,0,0,0,0,0,0,0
420426,2,1,0,0,0,0,0,0,0,0,0,0
420427,1,1,3,2,26,5,20,11,10,10,4,24
420428,1,1,0,0,0,0,0,6,0,0,0,0
420429,1,1,11,11,11,11,11,11,11,11,11,11
420429,2,1,0,0,0,0,0,0,0,0,0,0
420430,1,1,0,0,0,0,0,0,0,0,9,0
420430,2,1,0,0,0,0,0,0,0,0,0,0
420431,1,1,16,16,16,16,16,16,16,16,16,16
420432,1,1,0,0,0,0,0,0,0,0,0,0
420432,2,1,0,0,0,0,0,0,0,0,0,0
420433,1,1,0,0,0,0,0,0,0,0,0,0
420433,2,1,0,0,0,0,0,0,0,0,0,0
420434,1,1,0,0,0,0,0,0,0,0,0,0
420434,2,1,0,0,0,0,0,14,0,0,0,0
420435,1,1,0,0,0,0,0,0,0,0,0,0
420435,2,1,0,0,0,0,0,0,0,0,0,0
420436,1,1,0,0,0,0,13,0,11,15,0,0
420436,2,1,8,0,16,0,0,33,29,3,0,0
420437,1,1,0,21,12,0,10,0,0,0,0,16
420438,1,1,12,12,12,12,12,12,12,12,12,12
420439,0,1,0,0,0,0,0,0,0,0,0,0
420439,1,1,0,0,0,0,0,0,0,0,0,0
420440,1,1,48,15,0,0,16,26,31,19,9,0
420441,1,1,0,0,0,0,0,0,0,0,0,0
420442,1,1,0,0,0,0,0,0,0,0,0,0
420443,1,1,0,0,0,0,0,0,0,0,0,0
420443,2,1,19,19,19,19,19,19,19,19,19,19
420443,3,1,0,0,0,0,0,0,0,0,0,0
420443,4,1,0,0,21,0,0,0,10,0,0,0
420444,1,1,0,0,0,0,0,0,0,0,0,0
420445,0,1,24,24,24,24,24,24,24,24,24,24
420445,1,1,0,0,8,0,0,12,0,10,0,13
420446,1,1,0,0,0,0,0,0,0,0,0,0
420447,1,1,0,0,0,0,0,0,0,0,0,0
420447,2,1,0,0,0,0,0,0,0,0,0,0
420447,3,1,0,0,0,0,0,0,0,0,0,0
420448,0,1,0,0,0,0,0,0,0,0,0,0
420448,1,1,0,0,0,0,0,0,0,0,0,0
420449,0,1,0,0,0,0,0,0,0,0,0,0
420449,1,1,0,0,0,0,0,0,0,0,0,0
420450,1,1,0,12,17,0,14,33,0,7,5,25
420451,1,1,15,15,15,15,15,15,15,15,15,15
420452,1,1,16,16,16,16,16,16,16,16,16,16
420453,1,1,0,0,0,0,0,0,0,0,0,0
420454,1,1,0,0,0,0,0,0,0,0,0,8
420454,2,1,0,0,0,0,0,0,0,0,0,0
420455,1,1,0,18,0,7,0,0,0,0,6,0
420455,2,1,10,0,22,10,0,0,10,11,0,20
420456,1,1,0,10,0,0,0,0,0,0,0,0
420457,1,1,0,0,0,44,0,0,0,0,0,0
420457,2,1,0,0,0,0,0,0,0,12,0,0
420458,1,1,15,20,0,0,0,17,0,16,47,0
420459,1,1,0,0,0,0,0,0,0,0,0,0
420460,1,1,14,14,14,14,14,14,14,14,14,14
420461,1,1,0,0,0,0,0,0,8,0,0,0
420461,2,1,0,23,0,0,0,0,0,0,0,8
420462,1,1,0,0,0,0,0,0,0,0,0,0
420463,0,1,0,0,0,0,0,0,0,0,0,13
420463,1,1,24,24,24,24,24,24,24,24,24,24
420464,1,1,4,4,4,4,4,4,4,4,4,4
420465,1,1,19,19,19,19,19,19,19,19,19,19
420466,1,1,15,15,15,15,15,15,15,15,15,15
420467,1,1,0,0,8,24,0,18,13,0,0,0
420467,2,1,0,0,0,0,0,0,0,0,0,0
420468,1,1,21,21,21,21,21,21,21,21,21,21
420469,1,1,22,22,22,22,22,22,22,22,22,22
420470,1,1,0,0,0,0,0,0,0,0,0,0
420471,1,1,1,1,1,1,1,1,1,1,1,1
420472,1,1,0,0,0,0,0,0,0,0,0,0
420473,1,1,0,0,0,0,19,0,0,0,0,0
420474,1,1,10,10,10,10,10,10,10,10,10,10
420475,1,1,14,14,14,14,14,14,14,14,14,14
420476,1,1,3,34,3,9,0,40,5,13,5,24
420476,2,1,0,0,0,6,0,0,0,0,0,0
420477,1,1,0,0,0,0,0,0,0,0,0,0
420478,1,1,20,0,0,0,0,0,0,0,0,0
420478,2,1,0,0,0,0,0,0,0,0,0,0
420479,0,1,21,14,29,28,17,11,22,20,24,15
420479,1,1,0,0,0,0,0,0,0,0,0,0
420480,1,1,0,0,0,0,0,0,0,0,0,0
420480,2,1,0,0,0,0,0,0,0,0,0,0
420481,1,1,0,0,0,0,0,0,0,0,0,0
420481,2,1,0,0,0,0,0,0,0,0,0,0
420482,1,1,0,28,0,0,0,0,21,0,0,0
420482,2,1,0,0,0,0,0,0,0,0,0,0
420483,1,1,26,26,26,26,26,26,26,26,26,26
420483,2,1,0,0,0,0,0,0,0,0,0,0
420484,1,1,0,0,0,0,0,0,0,0,0,0
420484,2,1,0,0,0,0,0,0,0,0,0,0
420485,1,1,23,23,23,23,23,23,23,23,23,23
420485,2,1,0,0,0,3,0,0,0,27,0,0
420486,1,1,0,0,0,0,0,0,0,0,0,0
420487,1,1,20,20,20,20,20,20,20,20,20,20
420488,1,1,0,0,0,0,0,0,0,0,0,0
420489,1,1,0,0,0,6,0,19,0,0,0,0
420490,1,1,20,20,20,20,20,20,20,20,20,20
420491,1,1,0,0,0,0,0,0,0,0,0,0
420491,2,1,0,0,0,0,0,0,0,0,0,0
420492,1,1,0,0,0,22,0,27,0,22,0,0
420493,1,1,0,0,0,0,0,0,0,0,0,0
420493,2,1,0,0,0,0,0,0,0,0,0,0
420494,1,1,0,0,0,0,0,0,0,0,0,0
420494,2,1,0,0,0,0,0,0,0,0,0,0
420495,1,1,10,10,10,10,10,10,10,10,10,10
420495,2,1,0,0,0,0,0,0,0,0,0,0
420496,1,1,17,17,17,17,17,17,17,17,17,17
420496,2,1,0,0,0,0,0,0,0,0,0,0
420497,1,1,5,5,5,5,5,5,5,5,5,5
420497,2,1,0,0,0,0,0,0,0,0,0,0
420498,1,1,0,0,0,0,0,0,0,0,0,0
420498,2,1,0,0,0,0,0,0,0,0,0,0
420499,1,1,0,0,0,2,0,0,0,0,0,12
420499,2,1,0,0,0,0,0,0,0,0,0,0
420500,1,1,15,15,15,15,15,15,15,15,15,15
420500,2,1,0,0,0,0,0,0,0,0,0,0
420501,1,1,0,0,0,0,0,0,0,0,0,0
420501,2,1,0,0,0,0,0,0,0,0,0,0
420502,1,1,0,0,0,0,0,0,0,0,0,0
420502,2,1,0,0,0,0,0,0,0,0,0,0
420503,1,1,0,0,0,0,0,0,0,0,0,0
420503,2,1,0,0,0,0,0,0,0,0,0,0
420504,1,1,0,0,0,0,0,0,0,0,0,0
420504,2,1,0,0,0,0,0,0,0,0,0,0
420505,1,1,0,0,0,0,0,0,0,0,0,0
420505,2,1,0,0,0,0,0,0,0,0,0,0
420506,1,1,8,0,0,0,0,0,19,0,0,0
420506,2,1,0,0,0,0,0,0,0,0,0,0
420507,1,1,2,2,2,2,2,2,2,2,2,2
420507,2,1,0,0,0,0,0,0,0,0,0,0
420508,1,1,0,0,0,0,0,0,0,0,0,0
420508,2,1,0,0,0,0,0,0,0,0,0,0
420509,1,1,0,0,0,0,0,0,0,0,0,0
420510,1,1,15,15,15,15,15,15,15,15,15,15
420511,1,1,15,15,15,15,15,15,15,15,15,15
420512,1,1,0,0,0,0,0,0,0,0,0,0
420513,1,1,0,0,0,0,0,0,0,0,0,0
420514,1,1,0,0,0,0,0,0,0,25,0,0
420514,2,1,0,0,0,0,0,0,0,0,0,0
420515,1,1,0,0,0,0,0,0,0,0,0,0
420515,2,1,0,0,0,0,39,0,0,0,0,0
420516,1,1,0,15,0,7,0,0,0,0,0,0
420516,2,1,0,0,0,0,0,0,0,0,0,0
420517,1,1,0,0,0,0,0,0,0,0,0,0
420517,2,1,0,0,0,0,0,0,0,14,13,0
420518,1,1,0,0,0,0,0,0,0,0,0,0
420519,1,1,0,0,0,0,0,0,0,0,0,0
420519,2,1,0,0,0,0,0,0,0,0,0,0
420520,1,1,0,0,0,0,0,0,0,0,0,0
420520,2,1,0,0,0,0,0,0,0,0,0,0
420521,1,1,17,17,17,17,17,17,17,17,17,17
420522,0,1,0,0,0,0,0,0,0,0,0,0
420522,1,1,0,0,0,0,0,0,0,0,0,0
420523,1,1,0,0,0,0,0,0,0,0,0,0
420523,2,1,0,0,0,0,0,0,0,0,0,0
420524,1,1,0,0,0,0,0,0,0,0,0,0
420524,2,1,3,3,3,3,3,3,3,3,3,3
420525,1,1,0,0,0,0,0,0,0,0,0,0
420525,2,1,0,0,0,0,0,0,0,0,0,0
420526,1,1,0,0,0,0,0,0,0,0,0,0
420526,2,1,0,0,0,0,0,0,0,0,0,0
420527,1,1,0,11,0,0,0,0,15,8,0,0
420527,2,1,20,24,3,15,11,32,14,5,18,28
420528,1,1,0,0,0,0,0,0,0,0,0,0
420528,2,1,0,0,7,0,0,0,0,0,0,0
420529,1,1,0,0,0,0,0,0,0,0,0,0
420529,2,1,27,0,0,0,0,0,0,0,0,0
420530,1,1,0,0,0,0,0,0,0,0,0,0
420530,2,1,0,0,0,0,0,0,0,0,0,0
420531,1,1,33,33,33,33,33,33,33,33,33,33
420532,0,1,0,0,0,0,0,0,0,0,0,0
420532,0,2,0,0,0,0,0,0,0,0,0,0
420532,0,3,0,0,0,0,0,0,0,0,0,0
420532,0,4,0,0,0,0,0,0,0,11,0,0
420532,1,1,0,17,0,0,5,0,0,16,29,0
420533,0,1,0,12,26,31,0,18,19,0,0,16
420533,1,1,13,13,13,13,13,13,13,13,13,13
420534,0,1,0,0,0,0,0,0,0,0,0,0
420534,1,1,4,0,0,0,0,0,0,0,0,0
420535,0,1,0,0,0,0,0,0,0,0,0,0
420535,1,1,0,0,0,0,0,0,0,0,0,0
420536,0,1,16,16,19,14,0,20,33,24,28,8
420536,1,1,8,21,6,14,6,7,18,13,8,6
420537,1,1,16,16,16,16,16,16,16,16,16,16
420538,1,1,0,0,0,0,0,0,0,0,0,0
420539,1,1,15,15,15,15,15,15,15,15,15,15
420540,1,1,0,0,0,0,0,0,0,0,0,0
420541,1,1,0,0,0,0,0,0,0,0,0,0
420541,2,1,0,0,0,0,0,0,0,0,0,0
420541,3,1,0,0,16,0,0,0,0,0,0,0
420542,1,1,0,0,0,0,0,0,16,19,15,13
420542,2,1,0,0,0,0,0,0,0,0,0,0
420543,1,1,0,0,0,0,0,0,0,0,0,0
420544,0,1,8,8,8,8,8,8,8,8,8,8
420544,1,1,7,7,7,7,7,7,7,7,7,7
420545,1,1,0,0,0,0,0,0,0,0,0,0
420546,1,1,0,0,0,0,0,0,0,0,23,0
420547,1,1,0,0,0,0,0,0,0,0,0,0
420547,2,1,0,0,0,0,0,0,0,0,0,0
420548,1,1,0,0,0,25,0,0,0,0,0,0
420548,2,1,0,0,0,0,0,0,0,0,0,0
420549,0,1,0,0,0,0,0,0,0,0,0,0
420549,1,1,0,0,0,0,0,0,0,0,0,0
420550,1,1,3,3,3,3,3,3,3,3,3,3
420550,2,1,0,0,0,0,0,0,0,0,0,0
420551,1,1,16,16,16,16,16,16,16,16,16,16
420551,2,1,0,0,0,0,0,0,0,0,0,0
420551,3,1,0,0,0,0,0,0,0,0,0,0
420552,1,1,8,7,18,13,10,16,27,14,16,10
420553,1,1,0,0,0,0,0,0,0,0,0,0
420554,1,1,0,0,0,20,0,0,13,6,9,0
420554,2,1,0,0,0,0,0,0,0,20,0,0
420554,3,1,0,0,0,0,0,0,0,0,0,0
420554,4,1,0,0,0,0,0,0,0,7,38,0
420555,1,1,0,0,0,0,0,0,0,0,0,0
420556,1,1,21,21,21,21,21,21,21,21,21,21
420557,1,1,0,0,13,0,0,0,0,0,0,0
420558,1,1,0,0,0,0,0,0,0,0,0,0
420559,1,1,32,32,32,32,32,32,32,32,32,32
420560,1,1,27,27,27,27,27,27,27,27,27,27
420561,1,1,0,0,0,0,0,0,0,0,0,0
420562,1,1,5,5,5,5,5,5,5,5,5,5
420563,1,1,13,13,13,13,13,13,13,13,13,13
420564,1,1,0,8,14,17,0,30,0,25,0,14
420565,1,1,16,16,16,16,16,16,16,16,16,16
420565,2,1,0,8,0,0,0,0,0,17,5,0
420566,1,1,0,0,0,0,0,0,0,0,0,0
420567,1,1,0,0,0,0,0,0,0,0,0,0
420568,1,1,13,18,36,7,10,17,0,14,8,14
420568,2,1,0,0,16,0,0,0,0,0,0,0
420569,1,1,11,15,7,23,16,0,9,15,18,0
420569,2,1,0,0,0,0,0,0,0,0,0,0
420570,0,1,0,0,0,0,0,0,0,0,0,0
420570,1,1,0,0,0,0,0,0,0,0,0,0
420571,1,1,0,17,12,14,0,0,26,0,14,0
420571,2,1,0,0,0,0,0,0,0,0,0,0
420572,1,1,0,0,0,0,0,0,0,0,0,0
420572,2,1,0,0,0,0,0,0,0,0,0,0
420573,1,1,0,0,0,0,0,0,0,0,0,0
420573,2,1,0,0,13,12,0,0,0,0,0,0
420574,1,1,0,0,17,0,0,0,0,0,0,0
420574,2,1,0,0,0,0,0,0,0,0,0,0
420575,1,1,0,0,0,0,0,0,0,0,0,0
420575,2,1,0,0,0,0,0,0,0,0,0,0
420576,1,1,0,0,0,0,0,0,0,0,0,0
420576,2,1,0,0,0,0,0,0,11,0,0,0
420577,1,1,24,24,24,24,24,24,24,24,24,24
420578,1,1,0,0,0,0,0,0,0,0,0,0
420578,2,1,0,0,0,0,0,0,0,0,0,0
420579,1,1,28,28,28,28,28,28,28,28,28,28
420580,1,1,0,0,0,0,0,0,0,0,0,0
420580,2,1,0,0,0,0,0,0,0,0,0,0
420581,1,1,0,0,0,0,0,0,0,0,0,0
420581,2,1,0,0,0,0,0,0,0,0,0,0
420582,1,1,0,0,0,0,0,0,0,0,0,0
420582,2,1,0,0,18,0,0,0,14,0,0,25
420583,1,1,13,13,13,13,13,13,13,13,13,13
420584,1,1,29,29,29,29,29,29,29,29,29,29
420585,1,1,0,0,0,0,0,0,27,12,0,0
420586,0,1,0,0,0,0,0,0,0,0,0,0
420586,1,1,0,10,0,22,15,0,0,3,20,40
420587,1,1,0,0,0,0,0,29,0,0,0,0
420588,1,1,0,0,0,0,14,0,0,0,0,0
420589,0,1,0,0,25,0,0,0,0,0,9,15
420589,1,1,11,11,11,11,11,11,11,11,11,11
420590,1,1,0,0,0,0,0,0,0,0,0,0
420590,2,1,0,0,0,0,0,0,0,0,0,0
420591,1,1,0,0,0,0,0,0,0,0,0,0
420592,1,1,0,0,0,0,0,0,0,0,0,0
420592,2,1,0,0,0,17,0,6,0,0,0,0
420593,1,1,0,0,0,0,0,0,0,0,0,0
420593,2,1,0,0,0,0,0,0,0,0,0,0
420594,1,1,11,11,11,11,11,11,11,11,11,11
420594,2,1,0,8,25,0,0,0,0,0,0,5
420595,1,1,0,18,3,0,17,14,26,17,0,0
420596,1,1,0,0,0,0,0,0,0,0,0,0
420596,2,1,0,0,0,0,0,0,0,0,0,0
420597,1,1,0,0,0,0,0,0,0,0,0,0
420597,2,1,0,0,0,0,0,0,0,0,0,0
420598,1,1,0,0,0,0,0,0,0,0,0,0
420598,2,1,0,0,0,0,0,0,0,0,0,0
420599,1,1,0,0,0,0,0,0,0,0,0,0
420599,2,1,0,0,0,0,0,0,0,0,0,0
420600,1,1,21,21,21,21,21,21,21,21,21,21
420601,1,1,0,0,0,0,0,0,0,0,0,0
420601,2,1,0,0,0,0,0,0,0,0,0,0
420602,1,1,0,0,0,0,0,0,0,0,0,0
420602,2,1,0,0,0,0,0,0,0,0,0,0
420603,1,1,0,0,19,0,0,14,0,0,0,0
420603,2,1,0,0,0,0,0,0,0,0,0,0
420604,1,1,0,0,0,0,0,0,20,0,0,0
420604,2,1,0,0,0,0,0,0,0,0,0,20
420605,1,1,0,0,0,0,0,0,0,0,0,0
420605,2,1,0,23,0,0,0,0,0,0,0,18
420605,3,1,0,0,0,0,0,11,0,0,0,0
420606,1,1,0,0,0,0,0,0,0,0,0,0
420606,2,1,0,0,0,0,0,0,0,0,0,0
420606,3,1,0,0,0,0,0,0,0,0,0,0
420607,1,1,0,0,0,0,0,0,0,0,0,0
420608,0,1,0,19,0,0,17,0,0,0,29,20
420608,1,1,0,0,0,0,0,0,0,0,0,0
420609,0,1,15,32,14,32,7,26,22,39,9,12
420609,1,1,21,21,21,21,21,21,21,21,21,21
420610,1,1,27,27,13,14,29,24,18,11,21,10
420611,1,1,0,0,0,0,0,0,0,0,0,0
420612,1,1,0,0,0,0,0,0,0,0,0,0
420613,1,1,0,0,0,0,0,0,0,0,0,0
420614,1,1,21,21,21,21,21,21,21,21,21,21
420615,1,1,17,17,17,17,17,17,17,17,17,17
420616,1,1,0,0,0,0,0,0,0,0,0,0
420616,2,1,0,0,0,0,0,0,0,0,0,0
420616,3,1,0,0,0,0,0,0,0,0,0,0
420616,4,1,0,0,2,0,0,11,0,0,0,0
420617,1,1,12,35,0,0,16,16,5,31,19,19
420618,1,1,0,0,0,0,0,0,0,0,11,0
420619,1,1,20,20,20,20,20,20,20,20,20,20
420620,1,1,0,0,0,0,0,0,0,0,0,0
420620,2,1,0,0,0,0,0,0,0,14,0,0
420621,1,1,0,0,0,0,0,0,0,0,0,0
420622,1,1,20,20,20,20,20,20,20,20,20,20
420623,1,1,0,0,0,0,0,0,0,0,0,0
420624,1,2,25,25,25,25,25,25,25,25,25,25
420624,2,1,0,0,0,0,0,0,0,0,0,0
420625,1,1,0,0,0,0,0,0,0,0,0,0
420626,1,1,6,0,0,0,0,14,0,6,0,0
420626,2,1,0,0,0,0,0,0,0,0,0,0
420627,1,1,0,0,0,0,0,0,0,0,0,0
420628,0,1,0,0,0,0,0,0,0,0,0,0
420628,1,1,0,0,0,0,0,0,0,0,0,0
420629,1,1,8,9,29,11,18,10,17,12,33,19
420630,1,1,5,0,0,0,0,0,7,0,0,9
420631,1,1,11,17,14,5,15,21,0,11,3,12
420632,1,1,20,20,20,20,20,20,20,20,20,20
420633,1,1,0,30,0,0,0,0,0,0,0,0
420633,2,1,0,0,0,0,0,0,0,0,0,0
420634,0,1,14,14,14,14,14,14,14,14,14,14