ST_CASE,VEH_NO,PER_NO,P1,P2,P3,P4,P5,P6,P7,P8,P9,P10
420634,1,1,22,0,25,0,0,23,0,0,0,15
420634,2,1,11,0,0,0,0,9,0,0,0,0
420634,3,1,0,0,19,0,12,0,0,0,0,0
420635,1,1,0,0,0,0,0,0,0,0,0,0
420635,2,1,0,0,0,0,0,0,0,0,0,0
420636,1,1,0,0,0,0,0,0,0,0,0,0
420637,1,1,35,16,8,0,32,20,9,0,6,16
420638,1,1,0,0,0,0,0,0,0,0,0,0
420639,1,1,0,0,0,0,0,0,0,0,0,0
420639,2,1,0,0,0,0,0,0,0,0,0,0
420640,1,1,11,11,11,11,11,11,11,11,11,11
420641,1,1,20,20,20,20,20,20,20,20,20,20
420642,1,1,0,0,0,0,0,0,0,0,0,0
420643,1,1,0,0,0,0,0,0,0,0,0,0
420644,1,1,0,0,0,0,0,0,0,0,0,0
420645,0,1,30,32,23,11,30,23,13,32,22,17
420645,1,1,0,0,0,0,0,0,0,0,0,0
420646,0,1,0,0,0,0,0,0,0,0,0,0
420646,0,2,0,0,0,0,0,0,0,0,0,0
420646,1,1,0,0,0,0,0,0,0,0,0,0
420647,1,1,0,0,9,0,0,0,23,0,0,0
420648,1,1,0,0,0,0,0,0,0,0,0,0
420648,2,1,0,0,0,0,0,0,0,0,0,0
420649,1,1,0,0,0,0,0,0,0,0,0,0
420649,2,1,0,0,0,0,0,0,0,0,0,0
420650,1,1,0,0,0,0,0,0,0,0,0,0
420650,2,1,0,0,0,0,0,0,0,0,0,0
420651,1,1,0,11,15,12,13,10,0,26,15,26
420651,2,1,0,0,0,0,0,0,0,0,0,0
420652,1,1,0,0,0,0,0,0,0,0,0,0
420653,1,1,25,25,25,25,25,25,25,25,25,25
420654,1,1,0,0,0,0,0,0,0,0,0,0
420654,2,1,0,0,0,0,0,0,0,0,0,0
420655,1,1,20,20,20,20,20,20,20,20,20,20
420655,2,1,0,0,0,0,0,0,0,0,0,0
420656,1,1,18,18,18,18,18,18,18,18,18,18
420657,0,1,0,0,0,0,0,0,0,0,0,0
420657,1,1,0,0,0,0,0,0,0,0,0,0
420658,1,1,0,0,0,0,0,0,0,0,0,0
420659,1,1,0,13,0,0,0,0,0,0,0,0
420660,1,1,0,0,0,0,0,0,0,0,0,0
420661,1,1,0,0,0,0,0,0,0,0,0,0
420662,1,1,11,0,0,0,0,0,9,0,0,0
420662,2,1,0,0,0,0,0,0,0,0,0,0
420662,3,1,0,0,0,0,0,0,0,0,8,0
420663,1,1,36,36,36,36,36,36,36,36,36,36
420664,0,1,0,0,0,0,0,0,0,0,0,0
420664,1,1,0,0,0,0,0,0,23,0,0,0
420665,1,1,0,0,10,0,0,0,20,0,0,22
420666,1,1,0,0,0,0,0,0,0,0,0,0
420666,2,1,0,0,0,0,0,0,0,0,0,0
420667,1,1,0,0,0,0,0,0,0,0,0,0
420668,1,1,25,0,20,29,0,9,9,16,13,0
420669,1,1,0,0,0,0,0,0,0,0,0,0
420669,2,1,0,0,0,0,0,0,0,0,0,0
420669,3,1,0,0,0,0,0,0,0,0,0,0
420670,1,1,0,0,0,0,0,0,0,0,11,0
420670,2,1,0,0,0,0,0,0,0,0,0,0
420670,3,1,0,0,0,3,0,0,0,0,0,0
420671,1,1,0,0,0,0,0,0,0,0,0,0
420672,1,1,0,0,0,0,0,0,0,0,0,0
420672,2,1,0,0,0,0,0,0,0,0,0,0
420672,3,1,0,0,0,0,0,0,0,0,0,0
420673,1,1,25,25,25,25,25,25,25,25,25,25
420674,1,1,0,0,0,0,0,0,0,0,0,0
420675,1,1,0,0,0,0,0,0,0,0,0,0
420675,2,1,0,0,0,0,0,0,0,0,0,0
420675,3,1,0,0,0,0,0,0,0,0,0,0
420676,1,1,7,7,7,7,7,7,7,7,7,7
420677,0,1,1,1,1,1,1,1,1,1,1,1
420677,1,1,0,0,0,0,0,0,0,0,0,0
420678,0,1,0,0,0,0,0,0,0,0,0,0
420678,1,1,4,0,10,20,33,0,0,0,16,12
420679,1,1,0,0,0,0,0,0,0,0,0,0
420679,2,1,0,0,0,0,7,9,0,0,0,0
420680,0,1,0,0,0,0,0,0,0,0,0,0
420680,1,1,5,0,0,18,23,0,0,19,0,7
420681,1,1,0,0,0,0,0,0,0,0,0,0
420682,1,1,14,14,14,14,14,14,14,14,14,14
420683,1,1,0,0,0,2,0,18,2,11,8,0
420684,0,1,25,25,25,25,25,25,25,25,25,25
420684,1,1,0,0,0,0,0,0,0,0,0,0
420685,1,1,10,0,18,6,20,3,9,21,0,0
420685,2,1,0,0,0,0,0,0,0,0,0,0
420686,1,1,4,4,4,4,4,4,4,4,4,4
420686,2,1,0,0,0,0,0,0,0,0,0,0
420687,1,1,0,0,0,0,0,0,0,0,0,0
420688,0,1,37,37,37,37,37,37,37,37,37,37
420688,1,1,0,0,0,0,0,0,0,0,0,0
420689,1,1,16,16,16,16,16,16,16,16,16,16
420690,1,1,0,0,12,0,0,0,0,36,0,0
420690,2,1,0,0,0,0,0,0,0,0,0,0
420691,1,1,22,22,22,22,22,22,22,22,22,22
420692,1,1,0,0,0,0,0,0,0,0,0,0
420692,2,1,0,0,0,0,0,0,0,0,0,0
420692,4,1,0,0,0,0,0,0,0,0,0,0
420692,5,1,0,0,0,0,0,0,0,0,0,0
420693,1,1,12,12,12,12,12,12,12,12,12,12
420694,1,1,0,0,0,0,0,0,0,0,0,0
420695,1,1,0,0,0,0,0,0,0,0,0,0
420695,2,1,0,0,0,0,0,0,0,0,0,0
420696,0,1,14,14,14,14,14,14,14,14,14,14
420696,1,1,0,0,0,0,5,0,0,4,0,13
420697,1,1,0,0,0,0,0,0,0,0,0,0
420697,2,1,0,0,0,0,0,0,0,28,0,0
420698,1,1,0,0,0,0,0,0,0,0,0,0
420698,2,1,12,0,0,0,0,0,0,0,0,0
420699,1,1,22,22,22,22,22,22,22,22,22,22
420700,0,1,0,0,0,0,0,0,0,0,0,0
420700,1,1,0,0,0,0,0,0,0,0,0,0
420701,1,1,0,0,0,0,0,0,0,0,0,0
420701,2,1,0,0,0,0,0,0,0,0,0,0
420702,1,1,11,11,11,11,11,11,11,11,11,11
420702,2,1,9,0,0,0,0,0,0,0,0,0
420703,1,1,14,14,14,14,14,14,14,14,14,14
420704,0,1,0,0,0,0,0,0,0,0,0,0
420704,1,1,18,0,0,6,16,16,0,0,0,0
420704,2,1,16,20,8,23,13,6,7,19,8,11
420705,1,1,27,27,27,27,27,27,27,27,27,27
420706,1,1,19,19,19,19,19,19,19,19,19,19
420707,1,1,2,2,2,2,2,2,2,2,2,2
420708,1,1,0,0,0,0,15,0,0,8,0,0
420708,2,1,4,4,4,4,4,4,4,4,4,4
420709,1,1,0,0,0,0,0,0,0,0,0,0
420709,2,1,0,0,0,0,0,0,0,0,0,0
420710,1,1,0,0,0,0,0,0,0,0,0,0
420710,2,1,0,0,0,0,0,0,0,0,0,0
420711,1,1,18,18,18,18,18,18,18,18,18,18
420711,2,1,0,0,0,0,0,0,0,0,0,0
420712,1,1,0,0,0,0,0,0,0,0,0,0
420712,2,1,0,0,0,0,0,0,0,0,0,0
420713,1,1,23,23,23,23,23,23,23,23,23,23
420713,2,1,0,0,0,0,0,0,0,0,0,0
420714,1,1,0,0,0,0,0,0,0,0,0,0
420714,2,1,0,0,0,0,0,0,0,0,0,0
420715,1,1,0,0,0,0,0,0,0,0,0,0
420715,2,1,0,0,0,0,0,0,0,0,0,0
420716,1,1,0,0,0,0,0,0,0,16,0,0
420716,2,1,0,0,0,0,0,0,0,0,0,0
420717,1,1,0,0,0,0,0,0,0,0,0,0
420717,2,1,0,0,0,0,0,0,0,0,0,0
420718,1,1,0,0,0,0,0,0,0,0,0,0
420719,0,1,33,33,33,33,33,33,33,33,33,33
420719,1,1,0,0,0,0,0,0,0,6,0,0
420720,0,1,0,0,0,0,0,0,0,0,0,0
420720,1,1,0,0,0,0,0,0,0,0,0,0
420721,1,1,0,0,0,0,0,0,0,0,0,0
420721,2,1,0,0,0,0,0,0,0,0,0,0
420722,1,1,0,0,0,0,0,0,0,0,0,0
420722,2,1,2,2,2,2,2,2,2,2,2,2
420723,1,1,0,0,0,0,0,0,0,0,0,0
420723,2,1,0,0,0,0,0,0,0,0,0,0
420723,3,1,0,0,0,0,0,0,0,0,0,0
420724,1,1,25,25,25,25,25,25,25,25,25,25
420725,1,1,16,16,16,16,16,16,16,16,16,16
420726,1,1,0,0,0,0,0,0,0,0,0,0
420727,1,1,0,0,0,26,0,0,0,0,0,0
420728,1,1,0,0,0,0,0,0,0,0,0,0
420729,1,1,0,0,0,0,0,0,0,0,0,0
420729,2,1,0,0,0,0,0,0,0,0,0,0
420730,1,1,0,0,0,0,0,0,0,18,0,0
420731,1,1,25,25,25,25,25,25,25,25,25,25
420732,1,1,0,0,0,0,0,0,0,25,0,0
420732,2,1,0,0,0,0,0,0,0,0,0,0
420733,1,1,0,0,0,0,0,0,0,0,0,9
420733,2,1,0,0,0,0,0,0,0,0,0,0
420734,1,1,0,0,0,0,0,0,0,0,0,0
420735,1,1,0,12,0,0,0,0,0,0,0,0
420735,2,1,0,0,0,0,0,0,0,0,0,0
420736,1,1,0,0,0,0,0,0,0,0,0,0
420736,2,1,0,0,0,0,0,0,0,0,0,0
420737,1,1,0,0,0,0,0,0,0,0,0,0
420737,2,1,0,0,0,0,0,0,0,0,0,0
420738,1,1,0,0,0,0,0,0,0,0,0,0
420738,2,1,0,0,0,0,0,0,0,0,0,0
420739,1,1,0,0,0,0,0,0,0,0,0,0
420740,1,1,24,23,0,15,20,9,19,0,21,0
420741,0,1,0,0,0,0,0,0,0,0,0,0
420741,1,1,0,0,0,0,0,0,0,0,0,0
420742,0,1,15,8,18,15,31,7,23,5,43,8
420742,1,1,0,0,0,0,0,0,0,0,0,0
420743,1,1,0,0,0,0,0,0,0,0,0,0
420744,1,1,0,0,0,0,0,0,0,0,0,0
420745,1,1,0,0,0,0,0,0,0,0,0,0
420746,1,1,0,0,0,0,0,0,0,0,0,0
420747,1,1,0,0,0,0,0,0,0,0,0,0
420748,1,1,0,0,0,0,0,0,0,0,0,0
420749,1,1,29,29,29,29,29,29,29,29,29,29
420750,1,1,0,0,0,0,0,0,0,0,0,0
420751,1,1,0,0,0,0,0,0,0,0,0,0
420751,2,1,0,0,0,0,0,0,0,0,0,0
420751,3,1,12,0,0,0,0,0,0,0,0,0
420751,4,1,0,0,0,0,0,0,0,0,0,0
420752,1,1,20,20,20,20,20,20,20,20,20,20
420753,1,1,16,16,16,16,16,16,16,16,16,16
420754,1,1,0,0,0,0,0,0,0,0,0,0
420755,1,1,0,0,0,0,0,0,0,0,0,0
420756,1,1,0,0,0,0,0,0,0,0,0,0
420756,2,1,0,0,0,0,0,0,0,0,0,0
420756,3,1,0,0,0,0,0,0,0,0,0,0
420757,1,1,7,0,13,15,29,6,12,5,0,8
420758,1,1,0,0,0,0,0,0,0,0,0,0
420758,2,1,0,0,0,0,0,0,0,0,0,0
420759,1,1,0,0,0,0,0,0,0,0,0,0
420759,2,1,0,0,0,0,0,0,0,0,0,0
420760,1,1,17,17,17,17,17,17,17,17,17,17
420760,2,1,0,0,0,0,0,0,0,0,0,0
420761,1,1,0,0,0,0,0,0,0,0,0,0
420761,2,1,0,0,0,0,0,0,0,0,0,0
420761,3,1,0,0,0,0,0,0,0,0,0,0
420762,1,1,24,24,24,24,24,24,24,24,24,24
420763,1,1,27,27,27,27,27,27,27,27,27,27
420764,0,1,0,0,0,0,0,0,0,0,0,0
420764,0,2,0,0,0,0,0,0,0,0,0,0
420764,1,1,0,0,0,0,27,0,0,0,2,0
420765,1,1,5,5,5,5,5,5,5,5,5,5
420765,2,1,9,0,0,0,0,0,0,0,16,0
420765,3,1,0,0,13,0,0,0,7,0,0,0
420766,1,1,20,20,20,20,20,20,20,20,20,20
420767,1,1,22,15,15,10,24,0,17,0,13,18
420768,0,1,0,0,0,0,0,0,0,0,0,0
420768,0,2,0,0,0,0,0,0,0,0,0,0
420768,0,3,0,0,0,0,0,0,0,0,0,0
420768,1,1,0,0,0,0,0,0,0,0,0,0
420769,1,1,21,21,21,21,21,21,21,21,21,21
420770,1,1,0,0,0,0,0,0,0,0,0,0
420771,1,1,0,0,0,0,0,0,0,0,0,0
420772,0,1,0,0,0,0,0,0,15,0,0,25
420772,1,1,0,0,38,16,0,0,0,0,0,0
420773,1,1,0,0,0,0,0,0,0,0,0,0
420773,2,1,0,0,0,0,0,0,9,0,0,0
420774,1,1,0,0,0,0,0,0,0,0,0,0
420774,2,1,0,0,0,0,0,0,0,0,0,0
420775,1,1,0,0,0,0,0,0,0,0,0,0
420775,2,1,0,0,0,0,0,16,0,0,0,0
420776,1,1,0,0,0,0,0,0,0,0,0,0
420777,1,1,16,16,16,16,16,16,16,16,16,16
420778,1,1,0,0,0,0,0,0,0,0,0,0
420779,1,1,15,15,15,15,15,15,15,15,15,15
420780,0,1,0,0,0,0,0,0,0,0,0,0
420780,1,1,0,0,0,0,0,0,0,0,0,0
420781,1,1,21,21,21,21,21,21,21,21,21,21
420782,1,1,25,25,25,25,25,25,25,25,25,25
420783,1,1,0,0,0,0,0,0,0,0,0,0
420783,2,1,0,0,0,0,0,0,0,0,0,0
420784,1,1,37,16,22,23,0,26,16,27,11,13
420785,1,1,0,11,0,0,0,24,0,20,14,0
420786,0,1,0,0,0,0,0,0,0,0,0,32
420786,1,1,0,0,0,0,0,0,0,0,0,0
420787,0,1,0,0,0,0,0,0,0,0,0,0
420787,1,1,11,20,12,15,15,9,0,10,12,8
420788,1,1,0,0,0,0,0,0,0,0,0,0
420788,2,1,0,0,0,0,0,0,0,0,0,0
420789,1,1,0,0,0,0,0,0,0,0,0,0
420790,1,1,14,14,14,14,14,14,14,14,14,14
420791,0,1,39,39,39,39,39,39,39,39,39,39
420791,1,1,2,12,19,20,0,16,7,14,3,10
420792,0,1,0,0,0,0,0,0,0,0,0,0
420792,1,1,0,0,0,0,0,0,0,0,0,0
420793,0,1,17,17,17,17,17,17,17,17,17,17
420793,1,1,18,20,0,0,0,0,0,0,0,0
420794,1,1,0,0,0,0,0,0,0,0,0,0
420794,2,1,0,0,0,0,0,0,0,0,0,0
420794,3,1,0,0,0,0,0,0,9,0,0,0
420795,1,1,0,0,0,0,0,0,0,0,0,0
420796,0,1,22,0,0,0,0,0,0,0,15,0
420796,1,1,0,0,0,0,0,0,0,0,0,14
420797,1,1,17,17,17,17,17,17,17,17,17,17
420798,1,1,0,0,0,0,0,0,0,0,0,0
420799,1,1,7,23,9,0,0,0,6,0,0,0
420799,2,1,0,0,0,0,0,0,0,0,0,0
420800,1,1,0,6,0,0,0,0,0,0,0,0
420800,2,1,0,0,0,0,0,0,0,0,0,0
420801,1,1,9,9,9,9,9,9,9,9,9,9
420802,1,1,8,8,8,8,8,8,8,8,8,8
420803,1,1,14,15,0,24,5,20,20,0,0,13
420804,0,1,0,0,0,0,0,0,0,0,0,0
420804,1,1,0,0,0,0,0,0,0,0,0,0
420805,1,1,0,0,0,0,0,0,0,0,0,0
420806,1,1,0,0,0,0,0,0,0,0,0,0
420806,2,1,0,0,0,0,0,0,0,0,0,0
420807,1,1,0,0,0,0,0,0,0,0,0,0
420807,2,1,0,0,0,0,0,0,0,0,0,0
420808,0,1,0,0,0,0,0,0,0,0,0,0
420808,1,1,0,0,0,0,0,0,0,0,0,0
420809,1,1,0,0,0,0,0,0,0,0,0,0
420810,1,1,0,0,0,0,0,0,0,0,0,0
420811,1,1,0,0,0,0,0,18,0,0,0,43
420812,1,1,15,15,15,15,15,15,15,15,15,15
420813,1,1,17,17,17,17,17,17,17,17,17,17
420814,1,1,0,0,0,0,0,0,11,0,0,0
420815,1,1,0,0,0,0,0,0,0,0,0,0
420816,1,1,23,4,5,10,14,17,14,13,16,13
420817,1,1,0,19,16,0,0,0,15,0,0,18
420818,1,1,0,0,0,0,0,0,0,0,0,0
420819,1,1,0,0,0,0,0,0,0,0,0,0
420819,2,1,0,0,0,0,0,0,0,0,0,0
420820,0,1,9,9,9,9,9,9,9,9,9,9
420820,1,1,0,14,0,8,6,11,9,5,8,2
420820,2,1,16,0,0,0,0,15,34,27,0,0
420821,0,1,13,13,13,13,13,13,13,13,13,13
420821,1,1,0,32,0,0,0,0,0,0,0,0
420822,1,1,0,0,0,0,0,0,0,0,0,0
420822,2,1,0,0,0,0,0,0,0,0,0,0
420823,0,1,0,0,0,0,0,5,14,0,0,7
420823,1,1,0,0,0,0,0,0,0,0,0,0
420824,0,1,0,0,0,0,0,0,0,0,0,0
420824,1,1,0,0,21,0,0,0,10,0,0,0
420825,1,1,0,14,0,0,0,0,0,19,0,0
420825,2,1,0,0,0,0,0,0,0,0,0,0
420826,1,1,0,0,0,0,0,0,0,0,0,0
420826,2,1,0,0,14,0,0,0,0,0,0,0
420827,1,1,0,0,0,0,0,0,0,0,0,0
420827,2,1,4,0,0,0,0,0,0,0,0,0
420828,1,1,0,0,0,0,0,0,0,0,0,0
420829,1,1,0,0,0,0,0,0,0,0,0,0
420830,1,1,0,0,0,0,0,0,0,0,0,0
420831,1,1,8,8,8,8,8,8,8,8,8,8
420832,1,1,0,0,0,0,0,0,0,0,0,0
420833,0,1,0,0,0,0,0,0,0,0,0,0
420833,1,1,9,0,6,0,0,0,0,0,0,0
420834,1,1,0,0,0,0,0,0,0,0,0,0
420834,2,1,0,0,0,5,0,0,0,0,0,43
420835,1,1,10,21,15,0,0,15,0,0,0,28
420835,2,1,0,0,0,0,0,0,0,0,0,0
420836,1,1,0,0,0,0,0,0,0,0,0,0
420837,0,1,0,0,0,0,0,0,0,0,0,0
420837,1,1,24,24,24,24,24,24,24,24,24,24
420838,0,1,0,12,0,0,0,0,14,20,0,0
420838,1,1,0,0,15,0,0,0,0,0,0,0
420839,0,1,0,0,0,0,0,0,0,0,0,0
420839,1,1,10,16,17,14,14,21,10,6,0,10
420840,1,1,28,28,28,28,28,28,28,28,28,28
420841,0,1,0,0,0,0,0,0,0,0,0,0
420841,1,1,0,0,0,0,0,0,0,0,0,0
420842,0,1,0,0,0,0,0,0,0,0,0,0
420842,1,1,0,0,0,0,0,0,0,0,0,0
420843,0,1,0,0,0,12,18,0,12,0,0,0
420843,1,1,0,0,0,0,0,0,0,0,0,0
420844,1,1,26,26,26,26,26,26,26,26,26,26
420845,1,1,0,0,0,0,0,0,0,0,0,0
420845,2,1,0,0,0,0,0,0,0,0,0,0
420846,1,1,0,0,10,0,6,0,6,0,0,0
420846,2,1,0,0,0,0,0,0,0,0,0,5
420846,3,1,0,23,0,0,0,0,0,0,0,0
420847,0,1,0,0,33,3,0,0,0,0,0,0
420847,1,1,0,0,0,0,0,0,0,0,0,0
420848,0,1,25,17,9,31,0,19,22,22,12,14
420848,0,2,17,15,26,26,0,30,26,0,0,20
420848,1,1,18,18,18,18,18,18,18,18,18,18
420849,1,1,0,0,0,0,4,0,0,0,0,0
420850,0,1,25,18,25,0,0,19,0,0,0,0
420850,1,1,0,0,0,0,0,0,0,0,0,0
420851,1,1,22,2,11,22,15,22,9,26,21,17
420852,1,1,12,12,12,12,12,12,12,12,12,12
420853,1,1,0,0,0,0,0,0,0,0,0,0
420854,1,1,17,0,0,0,0,0,0,0,0,0
420855,1,1,22,22,22,22,22,22,22,22,22,22
420856,1,1,20,20,20,20,20,20,20,20,20,20
420857,1,1,14,13,13,23,16,16,7,13,21,7
420858,0,1,0,0,0,0,0,0,0,0,0,0
420858,1,1,0,0,0,0,0,0,0,0,0,0
420859,0,1,0,0,0,0,0,0,0,0,0,0
420859,1,1,0,0,0,0,0,0,0,0,0,0
420860,1,1,0,0,0,15,0,0,0,0,0,0
420861,0,1,7,18,19,24,16,12,24,31,0,20
420861,1,1,0,0,0,0,0,0,0,0,0,0
420862,1,1,0,0,0,0,0,0,0,0,0,0
420863,1,1,16,16,16,16,16,16,16,16,16,16
420864,1,1,0,19,6,0,0,23,0,0,21,19
420865,1,1,0,0,0,0,0,0,0,0,0,0
420865,2,1,0,0,0,0,0,0,0,0,0,0
420866,1,1,18,18,18,18,18,18,18,18,18,18
420867,1,1,0,0,0,0,0,0,0,0,0,0
420867,2,1,0,0,0,0,0,0,0,0,0,0
420867,3,1,0,0,0,0,0,0,0,0,0,0
420868,1,1,0,0,0,0,0,0,0,0,0,0
420869,0,1,0,0,0,0,0,0,0,0,0,0
420869,1,1,0,0,0,0,0,0,0,0,0,0
420870,1,1,0,0,0,0,0,0,0,0,0,0
420871,1,1,0,0,0,0,0,0,0,0,0,0
420872,1,1,0,0,0,0,0,0,0,0,0,0
420873,0,1,12,12,12,12,12,12,12,12,12,12
420873,1,1,0,0,0,0,0,0,0,0,0,0
420874,1,1,0,0,0,0,0,0,0,9,0,0
420875,0,1,0,0,0,12,0,0,0,0,24,0
420875,1,1,0,0,0,0,0,0,0,0,0,0
420876,1,1,0,0,0,0,0,0,0,0,0,0
420877,0,1,0,0,0,0,0,0,0,0,0,0
420877,1,1,0,0,0,0,0,0,0,0,0,0
420878,0,1,1,1,1,1,1,1,1,1,1,1
420878,1,1,0,30,0,0,0,0,0,0,12,0
420879,0,1,0,26,0,28,0,0,18,33,0,0
420879,1,1,0,0,0,0,0,0,0,0,0,0
420880,1,1,0,0,0,0,0,0,0,0,0,0
420881,1,1,20,20,20,20,20,20,20,20,20,20
420882,1,1,0,0,0,0,0,0,0,0,0,0
420882,2,1,17,17,17,17,17,17,17,17,17,17
420883,0,1,0,0,0,0,0,0,0,0,0,0
420883,1,1,0,0,0,0,0,0,0,0,0,0
420884,1,1,0,0,0,0,0,0,0,0,0,0
420885,1,1,23,23,23,23,23,23,23,23,23,23
420885,2,1,0,0,0,17,0,0,0,0,0,0
420885,3,1,7,10,7,10,7,18,0,16,5,16
420886,1,1,0,0,0,0,14,0,0,0,0,0
420887,1,1,25,25,25,25,25,25,25,25,25,25
420888,1,1,28,28,28,28,28,28,28,28,28,28
420889,1,1,0,0,0,0,0,0,0,0,0,0
420889,2,1,0,0,0,0,0,0,0,0,0,0
420890,1,1,0,0,0,0,0,0,0,21,0,0
420890,2,1,0,0,0,0,0,0,0,0,0,0
420891,1,1,0,0,0,0,0,11,0,0,20,0
420892,1,1,0,0,0,0,0,0,0,0,0,0
420892,2,1,0,0,0,0,0,0,0,0,0,0
420893,1,1,0,0,0,0,0,0,0,0,0,0
420893,2,1,0,0,0,0,0,0,0,0,0,0
420893,3,1,0,0,0,0,0,0,0,0,0,0
420894,1,1,0,0,0,0,0,0,0,0,5,15
420895,0,1,0,0,0,0,0,0,0,0,0,0
420895,1,1,0,0,7,0,0,0,0,0,21,0
420896,1,1,15,9,20,20,4,23,25,15,13,3
420897,1,1,0,0,0,0,0,0,0,0,0,0
420897,2,1,0,0,0,0,0,0,0,0,0,0
420898,1,1,24,24,24,24,24,24,24,24,24,24
420899,1,1,0,0,0,0,0,0,0,0,0,0
420900,1,1,22,22,22,22,22,22,22,22,22,22
420901,1,1,0,0,0,0,0,0,0,0,0,0
420902,1,1,4,4,4,4,4,4,4,4,4,4
420903,1,1,0,0,0,0,0,0,0,0,0,0
420903,2,1,0,0,0,0,0,0,0,0,0,0
420904,1,1,0,0,0,0,0,0,0,0,0,0
420904,2,1,0,0,0,0,0,0,0,0,0,0
420904,3,1,0,0,0,0,0,0,0,0,0,0
420905,1,1,20,20,20,20,20,20,20,20,20,20
420906,1,1,14,14,14,14,14,14,14,14,14,14
420907,1,1,0,0,0,0,0,0,0,0,0,0
420908,1,1,30,30,30,30,30,30,30,30,30,30
420909,1,1,0,0,0,0,0,0,0,0,0,0
420910,1,1,0,0,0,0,0,0,0,0,0,0
420910,2,1,0,0,0,0,0,0,0,0,0,0
420911,1,1,12,12,12,12,12,12,12,12,12,12
420912,1,1,11,11,11,11,11,11,11,11,11,11
420913,0,1,0,0,0,0,0,0,0,0,0,0
420913,1,1,6,6,6,6,6,6,6,6,6,6
420914,1,1,0,0,0,0,0,0,0,0,0,0
420915,1,1,17,17,17,17,17,17,17,17,17,17
420916,1,2,0,0,25,9,0,0,0,28,0,0
420917,1,1,0,0,0,0,0,0,0,0,0,0
420918,1,1,12,0,0,0,0,0,16,12,0,15
420919,1,1,0,0,0,0,0,0,0,0,0,0
420920,0,1,0,0,0,0,0,0,0,0,0,0
420920,1,1,6,6,6,6,6,6,6,6,6,6
420921,0,1,0,0,0,0,0,0,0,0,0,0
420921,1,1,0,0,0,0,0,0,0,0,0,0
420922,0,1,0,0,0,0,0,0,0,0,0,0
420922,1,1,0,0,0,0,11,0,0,0,0,0
420923,1,1,0,0,0,0,0,0,0,0,0,0
420924,1,1,3,3,3,3,3,3,3,3,3,3
420925,1,1,24,24,24,24,24,24,24,24,24,24
420926,1,2,0,0,0,0,0,0,0,0,0,0
420927,1,1,0,0,0,0,0,0,0,0,0,0
420927,2,1,0,0,0,0,0,0,0,0,0,0
420928,1,1,0,0,0,0,0,0,0,0,0,0
420929,0,1,0,0,0,0,0,17,0,0,0,0
420929,1,1,0,0,0,0,0,0,0,0,0,0
420930,0,1,0,0,21,24,0,0,0,0,0,16
420930,1,1,0,0,0,0,0,0,0,0,0,0
420931,1,1,0,0,0,0,0,0,0,0,0,0
420932,1,1,23,23,23,23,23,23,23,23,23,23
420933,0,1,0,0,0,0,0,0,0,0,0,0
420933,1,1,0,0,0,0,0,0,0,0,0,0
420934,1,1,0,0,0,0,0,0,0,0,0,0
420935,1,1,19,19,19,19,19,19,19,19,19,19
420936,1,1,6,6,6,6,6,6,6,6,6,6
420937,1,1,0,0,0,0,0,0,0,0,0,0
420938,1,1,15,10,0,15,13,0,0,0,0,0
420939,1,1,20,20,20,20,20,20,20,20,20,20
420940,0,1,0,0,0,0,0,0,0,0,0,0
420940,1,1,0,0,0,0,0,0,0,0,0,13
420941,1,1,0,0,0,0,0,0,0,0,0,0
420941,2,1,0,0,0,0,0,0,0,0,0,0
420942,1,1,25,25,25,25,25,25,25,25,25,25
420942,2,1,0,0,0,0,0,0,0,0,0,0
420943,1,1,0,0,0,0,0,0,17,0,0,0
420943,2,1,0,0,0,0,0,0,0,0,0,0
420943,3,1,0,0,0,0,0,0,0,0,0,0
420944,1,1,0,0,0,0,0,0,0,0,0,0
420944,2,1,0,0,0,0,0,0,0,0,0,0
420945,1,1,20,20,20,20,20,20,20,20,20,20
420946,1,1,18,18,18,18,18,18,18,18,18,18
420946,2,1,0,0,0,0,0,0,0,11,0,0
420947,1,1,0,13,0,0,0,0,0,0,0,0
420947,2,1,0,0,0,0,0,0,0,0,0,0
420948,1,1,0,0,0,0,0,0,0,0,0,0
420948,2,1,0,0,0,0,0,0,0,0,0,0
420949,1,1,28,28,28,28,28,28,28,28,28,28
420950,1,1,0,0,0,0,0,0,0,0,0,0
420950,2,1,0,0,0,0,0,0,0,0,0,0
420951,1,1,0,0,0,0,0,0,0,0,0,0
420951,2,1,0,0,0,0,0,0,0,0,0,0
420951,3,1,0,0,0,0,0,0,0,0,0,0
420952,1,1,9,9,9,9,9,9,9,9,9,9
420952,2,1,0,10,5,0,0,0,0,0,0,0
420952,3,1,0,0,0,0,5,0,0,0,0,0
420953,1,1,0,0,0,0,0,4,0,0,0,0
420953,2,1,0,0,0,0,0,0,0,0,0,0
420953,3,1,0,0,0,0,0,0,0,0,0,0
420954,1,1,16,17,20,26,26,0,0,51,0,0
420955,1,1,0,0,0,0,0,0,0,0,0,0
420956,1,1,0,0,0,0,0,0,0,0,0,0
420956,2,1,0,0,0,0,0,0,0,0,0,0
420956,3,1,0,0,0,0,0,0,0,0,0,0
420957,1,1,0,0,0,0,0,0,0,0,0,0