ST_CASE,VEH_NO,PER_NO,P1,P2,P3,P4,P5,P6,P7,P8,P9,P10
420958,1,1,0,0,0,0,0,0,0,0,0,0
420958,2,1,0,0,0,0,0,0,0,0,0,0
420959,1,1,0,18,11,0,0,0,0,0,0,35
420959,2,1,16,16,16,16,16,16,16,16,16,16
420960,1,1,24,24,24,24,24,24,24,24,24,24
420960,2,1,0,0,0,0,0,0,0,0,0,0
420961,1,1,0,0,0,0,0,0,0,9,0,0
420961,2,1,0,0,0,0,0,0,0,0,0,0
420962,1,1,27,27,27,27,27,27,27,27,27,27
420963,1,1,0,0,0,0,0,0,0,0,0,0
420964,1,1,0,0,0,0,0,0,0,14,0,0
420964,2,1,0,0,0,0,0,13,0,0,0,24
420965,1,1,0,0,0,0,0,0,0,0,0,0
420965,2,1,0,0,0,0,0,0,0,0,0,0
420965,3,1,0,0,0,0,0,0,0,0,0,0
420966,1,1,20,5,41,18,37,17,12,15,21,18
420966,2,1,0,0,0,0,0,0,0,0,0,0
420967,1,1,0,0,0,0,0,0,0,0,0,0
420967,2,1,0,0,0,0,0,20,0,0,0,8
420968,1,1,0,0,0,0,0,0,0,0,0,0
420968,2,1,0,0,0,0,0,0,0,0,0,0
420968,3,1,0,0,0,0,0,0,0,0,0,0
420969,0,1,0,0,0,0,0,0,0,0,0,0
420969,0,2,0,0,0,0,0,0,0,0,0,0
420969,1,1,0,0,0,3,9,0,0,0,0,0
420969,2,1,0,0,0,0,0,0,0,0,0,0
420970,1,1,0,0,0,0,0,0,0,0,0,0
420971,1,1,0,0,0,0,0,0,0,0,0,0
420971,2,1,0,0,0,0,0,0,0,0,0,0
420972,1,1,0,0,0,21,0,0,0,0,0,0
420973,0,1,41,5,5,20,13,9,13,29,20,21
420973,1,1,0,0,0,0,0,0,0,0,0,0
420974,0,1,0,0,0,0,0,0,0,0,0,0
420974,1,1,0,0,0,0,0,0,0,0,0,0
420975,0,1,18,0,0,0,0,0,0,0,0,0
420975,1,1,0,0,0,0,0,0,0,0,0,0
420976,1,1,16,16,16,16,16,16,16,16,16,16
420977,1,1,21,0,0,0,0,0,0,0,0,27
420978,1,1,0,0,0,0,0,0,0,0,0,0
420979,1,1,0,0,0,0,20,21,13,0,20,0
420980,1,1,17,17,17,17,17,17,17,17,17,17
420981,1,1,28,28,28,28,28,28,28,28,28,28
420981,2,1,0,0,0,0,0,0,0,0,0,0
420982,1,1,0,0,0,0,0,0,0,0,0,0
420983,0,1,0,0,0,0,0,0,0,0,0,0
420983,1,1,0,0,0,0,0,0,0,0,0,0
420984,1,1,0,0,0,0,0,0,0,0,0,0
420985,1,1,0,0,0,0,0,0,0,0,0,0
420985,2,1,0,0,0,0,0,0,0,0,0,0
420986,1,1,0,0,0,0,0,0,0,0,0,0
420986,2,1,0,0,0,0,0,0,0,0,0,0
420987,1,1,0,0,0,0,0,0,0,0,0,0
420987,2,1,0,0,0,0,0,0,0,0,0,0
420988,1,1,23,23,23,23,23,23,23,23,23,23
420989,1,1,0,0,0,0,0,0,0,0,0,0
420989,2,1,0,0,0,0,0,0,0,0,0,0
420990,1,1,0,0,0,0,0,0,0,0,0,0
420990,2,1,0,0,0,0,0,0,0,0,0,0
420991,1,1,0,0,0,0,0,0,0,0,0,0
420991,2,1,0,0,0,0,0,0,0,0,0,0
420992,1,1,0,0,0,0,0,0,0,0,0,0
420992,2,1,0,0,0,32,13,0,0,0,0,0
420993,1,1,0,0,0,0,0,0,0,0,0,0
420993,2,1,0,0,0,0,0,0,0,0,0,0
420993,3,1,0,0,0,0,0,0,0,0,0,0
420994,1,1,0,0,0,0,0,0,0,0,0,0
420994,2,1,0,0,0,0,0,0,0,0,0,0
420995,1,1,0,0,0,0,0,0,0,0,0,0
420995,2,1,0,0,0,0,0,0,0,0,0,0
420996,1,1,0,0,0,0,0,0,5,0,0,0
420996,2,1,0,0,0,0,0,0,0,0,0,0
420997,1,1,0,0,0,0,0,0,0,0,0,0
420997,2,1,0,0,0,0,0,0,0,0,0,0
420997,3,1,0,0,0,0,0,0,0,0,0,0
420998,1,1,12,12,12,12,12,12,12,12,12,12
420998,2,1,0,0,0,0,0,0,0,0,0,0
420999,1,1,0,0,0,0,0,0,0,0,0,0
420999,2,1,0,0,0,0,0,0,0,0,0,0
421000,1,1,0,0,0,0,0,0,0,0,0,0
421000,2,1,0,0,0,0,0,0,0,0,0,0
421001,1,1,0,0,0,0,0,0,0,0,0,0
421001,2,1,0,0,0,0,0,0,0,0,0,0
421002,1,1,18,12,0,0,0,0,0,0,0,0
421002,2,1,0,0,0,0,0,0,0,0,0,0
421003,1,1,0,14,0,0,13,0,0,0,14,0
421003,2,1,0,0,0,0,0,0,0,0,0,0
421004,1,1,0,0,0,31,0,0,0,0,17,0
421004,2,1,0,0,0,0,0,0,0,0,0,0
421005,1,1,0,0,0,0,0,0,0,0,0,0
421005,2,1,0,0,0,0,0,0,0,0,0,0
421006,1,1,23,23,23,23,23,23,23,23,23,23
421006,2,1,0,0,0,0,0,0,0,0,0,0
421006,3,1,28,28,28,28,28,28,28,28,28,28
421007,1,1,0,0,0,0,0,0,8,0,0,0
421007,2,1,0,0,0,0,10,0,0,0,0,0
421007,3,1,0,0,0,0,0,0,0,0,0,0
421008,1,1,0,0,0,0,0,0,0,0,0,0
421008,2,1,0,0,0,0,0,0,0,0,0,0
421009,0,1,0,0,0,0,0,0,0,0,0,0
421009,0,2,0,0,0,0,0,0,0,0,0,0
421009,1,1,0,0,0,0,0,0,0,0,0,0
421010,1,1,9,17,13,31,19,9,7,17,23,17
421011,1,1,0,0,0,0,0,0,0,0,0,0
421011,2,1,0,0,0,0,5,0,0,0,0,0
421012,1,1,20,20,20,20,20,20,20,20,20,20
421013,1,1,17,17,17,17,17,17,17,17,17,17
421013,2,1,8,8,8,8,8,8,8,8,8,8
421014,1,1,0,0,0,0,0,0,0,0,0,0
421014,2,1,0,0,0,0,0,0,0,0,0,0
421015,1,1,0,0,0,23,0,0,15,0,0,31
421015,2,1,0,0,0,0,0,0,0,0,0,0
421016,0,1,0,0,0,0,0,0,0,0,0,0
421016,1,1,0,0,0,0,0,0,0,0,0,0
421017,1,1,0,0,0,0,0,0,0,0,0,0
421018,1,1,0,0,0,0,0,0,0,0,0,0
421018,2,1,0,0,0,0,0,0,0,0,0,0
421019,0,1,0,0,5,0,0,0,0,0,0,0
421019,1,1,0,14,0,0,0,0,7,0,0,14
421020,1,1,8,8,8,8,8,8,8,8,8,8
421021,1,1,0,0,0,0,0,0,0,0,0,0
421021,2,1,0,0,0,0,0,0,0,0,0,0
421022,1,1,0,0,0,0,0,0,0,0,0,0
421022,2,1,0,0,0,0,0,0,0,0,0,0
421022,3,1,0,0,0,0,0,0,0,0,0,0
421022,4,1,0,0,0,0,0,0,0,0,0,0
421022,5,1,0,0,0,0,0,0,0,0,0,0
421022,6,1,0,0,0,0,0,0,0,0,18,0
421022,7,1,0,0,0,0,0,0,0,0,0,0
421022,8,1,0,0,0,0,0,0,0,0,0,0
421022,9,1,0,0,0,0,0,0,0,0,0,0
421023,1,1,11,0,0,0,0,0,0,0,0,0
421023,2,1,0,0,18,20,0,0,0,0,0,0
421024,1,1,0,4,0,0,0,0,0,0,0,0
421024,2,1,0,0,0,0,0,0,0,0,0,0
421025,0,1,0,0,0,0,0,0,0,0,0,0
421025,0,2,0,0,0,14,0,9,12,0,0,0
421025,0,3,0,0,0,0,0,0,0,0,28,0
421025,2,1,18,35,0,0,0,0,0,0,0,0
421026,1,1,0,0,0,0,0,0,0,0,0,0
421027,1,1,0,0,0,0,0,0,0,0,0,0
421027,2,1,0,0,0,0,0,0,0,0,0,0
421028,0,1,0,0,0,0,0,0,0,0,0,0
421028,1,1,0,0,13,0,0,0,0,0,0,0
421029,1,1,0,0,0,0,0,0,0,0,0,0
421029,2,1,0,0,0,0,0,0,0,0,0,0
421030,0,1,23,23,23,23,23,23,23,23,23,23
421030,1,1,0,0,0,0,18,0,0,0,0,0
421031,1,1,0,0,0,0,0,0,0,0,0,0
421031,2,1,0,0,0,0,0,0,0,0,0,0
421032,1,1,0,0,0,0,0,0,0,0,0,0
421033,1,1,0,0,0,0,0,0,0,0,0,0
421033,2,1,14,14,14,14,14,14,14,14,14,14
421034,1,1,0,0,0,0,0,0,0,0,0,0
421034,2,1,0,0,0,0,0,0,0,0,0,0
421034,3,1,0,0,0,0,0,0,0,0,0,0
421035,1,1,0,0,9,0,0,0,0,0,0,0
421035,2,1,0,0,0,0,0,0,0,0,0,0
421035,3,1,0,0,0,0,0,0,0,0,0,0
421036,1,1,7,2,0,18,13,18,8,6,30,3
421036,2,1,0,0,0,0,0,0,0,22,0,0
421036,3,1,0,0,0,0,0,0,0,0,0,0
421036,4,1,0,0,0,0,0,0,0,0,0,14
421037,1,1,0,0,0,0,18,0,0,0,0,0
421037,2,1,0,0,0,0,0,0,5,0,0,0
421038,1,1,0,0,0,0,0,0,0,0,0,0
421038,2,1,0,0,0,0,0,0,0,0,0,0
421039,1,1,0,0,0,0,0,0,0,0,0,0
421039,2,1,0,0,0,0,0,0,0,0,0,0
421040,1,1,26,26,26,26,26,26,26,26,26,26
421041,0,1,0,0,0,0,0,0,0,0,0,0
421041,1,1,0,0,0,0,0,0,0,0,0,0
421042,1,1,0,0,0,0,0,0,0,0,0,0
421043,1,1,0,0,0,0,0,0,0,23,0,0
421044,1,1,25,25,25,25,25,25,25,25,25,25
421045,1,1,15,15,15,15,15,15,15,15,15,15
421046,0,1,0,0,0,0,0,0,0,0,0,0
421046,1,1,0,0,0,0,0,0,0,0,0,0
421047,1,1,25,18,19,26,13,14,17,20,8,13
421048,1,1,0,0,0,0,28,0,0,0,0,0
421049,1,1,27,27,27,27,27,27,27,27,27,27
421050,1,1,0,0,0,0,0,0,0,0,0,0
421051,0,1,0,0,0,0,0,17,0,0,0,0
421051,0,2,0,0,0,0,0,0,0,0,0,0
421051,1,1,0,0,0,5,0,0,0,0,0,0
421052,1,1,0,0,0,0,0,0,0,0,0,0
421052,2,1,0,0,0,0,0,0,0,0,0,0
421053,1,1,0,0,0,0,0,0,0,0,0,0
421053,2,1,0,0,0,12,0,0,0,0,0,0
421054,1,1,0,0,0,0,0,0,0,0,0,0
421054,2,1,0,23,0,0,0,0,0,0,0,0
421055,1,1,0,17,0,0,0,0,0,0,0,0
421056,1,1,6,0,0,0,13,15,0,0,0,0
421056,2,1,0,0,0,0,0,0,0,0,0,0
421057,1,1,1,1,1,1,1,1,1,1,1,1
421057,2,1,0,0,0,0,0,0,0,0,0,0
421058,0,1,0,0,0,0,0,0,0,0,0,0
421058,1,1,0,0,0,0,0,0,0,0,0,0
421059,1,1,20,0,15,0,0,0,20,28,0,0
421059,2,1,4,4,4,4,4,4,4,4,4,4
421060,1,1,0,0,0,16,0,0,0,0,0,0
421060,2,1,0,0,0,0,0,0,0,0,0,0
421061,1,1,12,0,0,20,0,0,0,17,13,0
421062,1,1,0,0,0,0,0,0,0,0,0,0
421063,1,1,25,25,25,25,25,25,25,25,25,25
421064,1,1,26,26,26,26,26,26,26,26,26,26
421065,0,1,11,11,11,11,11,11,11,11,11,11
421065,1,1,0,0,0,0,0,0,16,9,15,0
421065,2,1,0,0,20,0,28,0,0,22,15,16
421066,1,1,0,0,0,0,0,0,0,0,0,0
421067,1,1,9,18,5,19,4,7,29,20,19,19
421067,2,1,0,0,0,0,0,0,0,0,0,0
421068,0,1,0,0,2,0,0,0,0,0,0,0
421068,1,1,0,0,0,0,0,0,0,0,0,0
421069,1,1,24,24,24,24,24,24,24,24,24,24
421069,2,1,0,0,0,0,0,0,0,15,0,0
421070,1,1,0,0,0,0,0,0,0,0,0,0
421070,2,1,0,0,0,0,0,0,0,0,0,0
421071,1,1,0,0,0,0,0,0,0,0,0,0
421072,1,1,3,21,28,8,24,0,22,17,5,11
421072,2,1,17,15,8,4,4,16,11,20,11,5
421073,1,1,0,0,0,0,0,0,0,0,0,0
421073,2,1,0,0,0,0,0,0,0,0,0,0
421074,0,1,0,0,0,0,0,0,0,0,0,0
421074,1,1,0,9,19,0,0,0,0,0,0,12
421075,1,1,22,22,22,22,22,22,22,22,22,22
421076,1,1,0,0,0,0,0,4,0,16,0,0
421077,1,1,0,0,0,0,0,0,0,0,0,0
421078,1,1,0,0,0,0,0,0,0,0,0,0
421078,2,1,0,0,0,0,0,0,0,0,0,0
421079,1,1,22,18,3,15,10,12,8,18,7,12
421080,1,1,0,0,0,0,0,0,0,0,0,0
421080,2,1,0,0,0,0,0,0,0,0,0,0
421081,0,1,0,36,0,0,18,0,0,0,28,0
421081,1,1,0,12,7,0,0,0,0,0,0,0
421082,0,1,0,0,0,0,0,0,24,0,0,0
421082,1,1,0,0,0,0,0,0,0,0,0,0
421083,1,1,0,0,0,0,0,0,0,0,0,0
421084,1,1,0,0,0,0,0,0,0,0,0,0
421085,0,1,0,0,0,0,0,0,0,0,0,0
421085,1,1,0,0,0,0,0,0,0,0,0,0
421086,0,1,9,16,15,27,37,0,23,19,13,21
421086,1,1,0,0,0,0,0,0,0,0,0,0
421087,1,1,0,0,0,0,0,0,0,0,0,0
421088,1,1,11,28,32,11,6,11,20,23,12,13
421089,1,1,0,0,0,0,0,0,0,0,0,0
421089,2,1,0,0,0,0,0,0,0,0,0,0
421090,1,1,22,22,22,22,22,22,22,22,22,22
421091,1,1,35,35,35,35,35,35,35,35,35,35
421092,1,1,0,0,0,0,0,0,0,0,0,0
421092,2,1,0,0,0,0,0,0,0,0,0,0
421093,1,1,0,0,0,0,0,0,0,0,0,0
421093,2,1,0,0,0,0,0,0,0,0,0,0
421094,1,1,0,0,23,0,0,0,0,20,0,13
421095,1,1,35,35,35,35,35,35,35,35,35,35
421096,1,1,0,0,0,0,20,0,0,0,0,0
421096,2,1,0,0,9,0,0,0,0,0,0,0
421097,1,1,0,0,0,0,0,0,0,0,0,0
421097,2,1,0,0,0,0,0,0,0,0,0,0
421098,1,1,0,0,0,0,0,0,0,0,0,0
421098,2,1,0,0,0,0,0,0,0,0,0,0
421099,1,1,19,15,21,5,13,16,11,17,9,11
421099,2,1,22,3,0,0,0,19,0,0,0,0
421100,1,1,0,0,0,0,0,0,0,0,0,0
421100,2,1,0,0,0,0,0,0,4,0,0,0
421101,1,1,0,0,0,0,0,0,0,0,0,0
421101,2,1,0,0,0,11,0,0,0,0,0,0
421102,1,1,0,0,0,0,0,0,0,0,0,0
421103,1,1,0,0,0,0,0,0,0,0,0,0
421103,2,1,0,0,0,0,0,0,0,0,0,0
421104,0,1,22,22,22,22,22,22,22,22,22,22
421104,1,1,0,0,5,0,12,0,17,6,13,26
421104,2,1,0,0,0,0,0,0,0,11,14,0
421105,0,1,8,8,8,8,8,8,8,8,8,8
421105,1,1,0,0,0,0,0,0,0,0,0,0
421105,2,1,0,0,0,0,0,0,0,0,0,0
421106,0,1,0,0,0,0,0,0,0,0,0,0
421106,1,1,0,18,0,0,10,0,0,0,0,19
421106,2,1,0,0,0,0,0,8,33,8,0,0
421107,0,1,16,16,16,16,16,16,16,16,16,16
421107,1,1,0,0,0,0,0,0,17,0,0,0
421107,2,1,0,0,20,0,0,0,0,0,0,0
440001,0,1,0,0,0,0,0,0,0,0,0,0
440001,1,1,0,0,0,0,0,0,0,0,0,0
440002,0,1,0,0,0,0,0,0,0,0,0,0
440002,1,1,0,0,0,0,10,0,0,0,0,0
440003,1,1,0,0,0,0,0,36,0,0,14,11
440004,0,1,0,0,0,0,0,0,0,0,0,0
440004,1,1,8,17,0,25,14,0,0,15,0,0
440005,1,1,0,0,0,0,0,0,0,0,0,0
440006,1,1,0,0,0,0,0,0,0,0,0,0
440006,2,1,21,21,21,21,21,21,21,21,21,21
440007,1,1,0,0,0,0,0,0,0,0,0,0
440008,1,1,0,0,0,0,0,0,0,0,0,0
440008,2,1,0,0,0,0,0,27,0,0,0,0
440009,1,1,0,0,0,0,0,0,0,0,0,0
440011,1,1,22,22,22,22,22,22,22,22,22,22
440011,2,1,0,0,0,0,0,0,0,0,0,0
440012,1,1,0,0,0,0,0,0,0,0,0,0
440013,1,1,0,0,0,0,0,0,0,0,0,0
440014,1,1,16,16,16,16,16,16,16,16,16,16
440015,1,1,18,18,18,18,18,18,18,18,18,18
440016,0,1,0,0,0,0,0,0,0,0,0,0
440016,1,1,0,0,0,0,0,0,0,0,0,0
440017,1,1,21,21,21,21,21,21,21,21,21,21
440018,1,1,15,15,15,15,15,15,15,15,15,15
440019,1,1,20,20,20,20,20,20,20,20,20,20
440020,1,1,18,18,18,18,18,18,18,18,18,18
440021,0,1,25,32,12,24,17,27,24,28,17,18
440021,1,1,0,0,0,0,0,0,0,0,0,0
440022,0,1,0,0,0,0,0,0,0,0,0,0
440022,1,1,0,0,0,0,12,0,0,0,0,0
440023,0,1,0,0,0,0,0,0,0,0,0,0
440023,1,1,0,0,0,0,0,0,20,0,0,0
440024,1,1,0,0,0,0,0,0,0,0,0,0
440025,1,1,0,0,0,0,0,0,0,0,0,0
440025,2,1,0,0,0,0,0,0,0,0,0,0
440026,1,1,25,25,25,25,25,25,25,25,25,25
440027,1,1,20,20,20,20,20,20,20,20,20,20
440028,1,1,0,0,0,0,0,0,0,0,0,0
440029,0,1,25,25,25,25,25,25,25,25,25,25
440029,1,1,10,0,7,0,0,0,0,0,9,0
440030,1,1,21,21,21,21,21,21,21,21,21,21
440031,1,1,0,0,0,0,0,0,0,0,0,0
440031,2,1,0,16,0,3,0,11,7,0,0,0
440032,0,1,0,0,0,0,0,0,0,0,0,0
440032,1,1,14,0,0,0,0,0,0,0,0,0
440033,0,1,0,0,0,0,0,0,0,0,0,0
440033,1,1,0,0,0,0,0,0,0,0,0,0
440034,1,1,0,0,0,0,0,0,0,0,0,0
440035,1,1,0,0,0,0,0,0,0,0,0,0
440035,2,1,0,0,0,0,0,0,0,0,0,0
440036,0,1,0,0,0,0,0,0,0,0,0,0
440036,1,1,0,0,0,0,0,0,0,0,0,0
440037,1,1,0,0,0,0,0,0,0,0,0,0
440038,1,1,12,0,0,0,17,16,0,0,7,0
440039,0,1,0,21,30,0,0,25,29,13,21,0
440039,1,1,0,0,0,0,0,0,3,0,0,0
440040,1,1,0,0,0,16,24,0,0,0,25,7
440040,2,1,30,30,30,30,30,30,30,30,30,30
440041,1,1,10,10,10,10,10,10,10,10,10,10
440042,1,1,0,0,0,0,0,0,0,0,0,0
440042,2,1,0,0,0,0,0,0,0,0,0,0
440043,0,1,21,21,21,21,21,21,21,21,21,21
440043,1,1,0,0,0,0,0,0,0,0,0,0
440044,1,1,0,0,0,0,0,0,0,0,0,0
440044,2,1,0,0,0,0,0,0,0,0,0,0
440044,3,1,31,31,31,31,31,31,31,31,31,31
440045,1,1,0,14,0,0,7,0,0,0,0,0
440046,0,1,0,0,0,0,0,0,0,0,0,0
440046,1,1,0,0,0,0,0,0,0,11,0,0
440047,1,1,0,0,0,0,0,0,0,0,7,0
440047,2,1,0,0,0,0,0,0,0,0,0,0
440048,0,1,0,0,0,0,0,0,0,0,0,0
440048,1,1,0,0,0,0,0,12,0,32,13,0
440049,1,1,0,0,0,0,0,0,0,0,0,0
440049,2,1,0,0,0,0,0,0,0,0,0,0
440050,1,1,0,0,0,0,0,0,0,0,0,0
440051,1,1,0,0,0,0,0,0,0,0,0,0
440051,2,1,0,0,0,0,0,0,0,0,0,0
440052,1,1,0,0,0,0,0,0,0,0,0,0
450001,0,1,20,20,20,20,20,20,20,20,20,20
450001,1,1,14,14,14,14,14,14,14,14,14,14
450002,1,1,19,19,19,19,19,19,19,19,19,19
450003,1,1,23,23,23,23,23,23,23,23,23,23
450004,0,1,0,0,0,0,0,0,0,0,0,0
450004,1,1,0,0,0,0,19,0,11,0,0,6
450005,1,1,0,0,0,0,0,0,0,0,0,0
450006,1,1,20,20,20,20,20,20,20,20,20,20
450007,1,1,2,2,2,2,2,2,2,2,2,2
450008,1,1,15,15,15,15,15,15,15,15,15,15
450009,1,1,0,0,0,0,0,0,0,0,0,0
450009,2,1,19,19,19,19,19,19,19,19,19,19
450009,3,1,0,11,0,0,0,0,0,0,0,8
450010,1,1,28,28,28,28,28,28,28,28,28,28
450011,1,1,0,0,0,0,0,0,0,0,0,0
450011,2,1,0,5,0,0,0,0,0,0,0,0
450012,1,1,17,17,17,17,17,17,17,17,17,17
450013,1,1,0,0,0,0,0,0,25,0,43,0
450014,1,1,0,0,0,0,0,0,0,0,0,0
450015,0,1,0,0,0,0,0,0,0,0,0,0
450015,1,1,0,0,0,27,0,0,0,0,0,0
450016,1,1,0,0,0,0,0,0,0,0,0,0
450017,1,1,0,0,0,0,0,0,0,0,0,0
450018,1,1,10,10,10,10,10,10,10,10,10,10
450019,1,1,7,7,7,7,7,7,7,7,7,7
450020,0,1,0,0,0,0,0,0,0,0,0,0
450020,1,1,0,0,0,0,0,0,0,0,0,0
450021,1,1,11,13,0,12,19,7,4,15,9,0
450021,2,1,0,0,0,0,0,0,0,0,0,0
450022,1,1,30,30,30,30,30,30,30,30,30,30
450022,2,1,30,30,30,30,30,30,30,30,30,30
450023,1,1,13,4,0,10,0,0,12,0,0,11
450023,2,1,21,21,21,21,21,21,21,21,21,21
450024,1,1,0,0,0,0,0,0,0,0,0,0
450024,2,1,0,0,0,0,0,0,0,0,0,0
450025,1,1,0,0,0,0,0,0,0,0,0,0
450026,1,1,0,0,0,0,0,0,0,0,0,0
450026,2,1,0,0,0,0,0,0,0,13,0,9
450027,1,1,0,0,0,0,0,0,0,0,0,14
450027,2,1,0,0,0,0,16,0,0,0,0,0
450028,1,1,11,11,11,11,11,11,11,11,11,11
450028,2,1,0,0,0,0,0,0,5,11,0,0
450029,1,1,21,7,0,0,14,14,16,15,0,33
450030,0,1,0,9,19,0,12,0,0,0,19,22
450030,1,1,0,0,0,0,0,3,8,0,0,19
450031,1,1,16,16,16,16,16,16,16,16,16,16
450032,1,1,0,0,0,0,0,0,0,0,0,0
450032,2,1,25,25,25,25,25,25,25,25,25,25
450033,1,1,37,37,37,37,37,37,37,37,37,37
450034,1,1,6,6,6,6,6,6,6,6,6,6
450035,1,1,0,14,14,18,23,0,0,11,27,24
450035,2,1,14,14,14,14,14,14,14,14,14,14
450036,1,1,25,25,25,25,25,25,25,25,25,25
450036,2,1,0,0,0,0,0,0,0,0,0,0
450037,1,1,0,0,0,0,0,0,0,0,0,14
450038,0,1,20,20,20,20,20,20,20,20,20,20
450038,1,1,5,0,0,0,0,0,0,15,0,0
450039,1,1,0,0,0,0,0,0,0,0,0,0
450040,0,1,0,0,0,0,0,0,0,0,0,0
450040,1,1,0,9,35,0,0,36,0,0,0,0
450041,1,1,0,0,0,0,0,0,0,0,0,0
450042,1,1,0,14,0,6,0,0,0,0,0,16
450042,2,1,24,24,24,24,24,24,24,24,24,24
450043,1,1,22,22,22,22,22,22,22,22,22,22
450044,1,1,0,0,0,0,0,0,0,0,0,0
450045,1,1,21,21,21,21,21,21,21,21,21,21
450046,1,1,22,22,22,22,22,22,22,22,22,22
450047,1,1,0,0,0,0,0,0,0,0,0,0
450047,2,1,0,0,0,0,0,0,0,0,0,0
450048,0,1,2,2,2,2,2,2,2,2,2,2
450048,1,1,0,0,0,0,0,0,10,0,0,0
450049,1,1,0,0,0,4,0,0,0,0,0,0
450049,2,1,0,0,0,0,0,0,0,0,0,0
450049,3,1,0,0,0,0,0,14,0,0,0,0
450050,1,1,0,0,0,0,0,0,0,0,0,0
450051,1,1,0,0,0,0,0,0,0,0,0,0
450052,1,1,0,0,0,0,5,0,0,0,0,0
450052,2,1,0,0,0,0,0,0,0,0,0,0
450053,0,1,0,0,0,0,0,0,0,0,0,0
450053,1,1,13,28,0,12,11,5,19,11,23,13
450054,1,1,22,22,22,22,22,22,22,22,22,22
450055,1,1,26,26,26,26,26,26,26,26,26,26
450056,1,1,0,0,0,0,8,0,0,0,0,0
450056,2,1,0,0,0,0,0,0,0,0,0,0
450057,1,1,0,0,0,0,0,0,0,0,0,0
450057,2,1,0,0,0,0,0,0,0,0,0,0
450058,1,1,30,30,30,30,30,30,30,30,30,30
450059,1,1,0,0,0,0,0,0,0,0,0,0
450060,1,1,0,0,0,0,0,0,0,0,0,0
450061,0,1,0,0,19,0,0,12,0,0,0,0
450061,1,1,0,12,0,0,0,0,7,0,0,0
450062,2,1,0,0,12,0,0,19,0,0,3,0
450063,1,1,0,0,0,0,13,0,0,0,0,0
450063,2,1,0,0,0,0,0,0,0,0,0,0
450064,1,1,0,13,21,0,0,7,0,5,10,0
450065,1,1,0,0,0,0,0,0,0,0,0,0
450065,2,1,0,0,0,0,0,0,0,0,0,0
450066,0,1,0,0,0,0,0,0,0,0,0,0
450066,1,1,0,0,10,0,0,0,0,0,3,0
450067,0,1,0,0,0,0,0,0,0,0,0,0
450067,1,1,15,0,0,10,0,0,7,0,0,0
450068,1,1,0,0,0,0,0,0,0,0,0,0
450069,1,1,21,21,21,21,21,21,21,21,21,21
450070,1,1,0,0,0,0,0,0,0,0,0,0
450071,1,1,0,0,17,0,23,22,27,0,35,25
450072,1,1,9,17,8,0,0,13,15,5,27,26
450073,1,1,0,0,0,0,0,0,0,0,0,0
450074,1,1,0,0,0,0,0,0,0,0,0,0
450074,2,1,0,0,0,0,0,0,0,0,0,0
450075,1,1,0,0,0,0,0,0,0,0,0,0
450075,2,1,0,0,0,0,0,0,0,0,0,0
450076,1,1,0,0,0,0,0,0,0,0,0,0
450077,1,1,9,9,9,9,9,9,9,9,9,9
450078,1,1,0,0,0,0,0,0,0,0,0,0
450078,2,1,0,0,0,0,0,0,14,0,0,27
450079,1,1,0,0,0,0,0,0,0,14,0,0
450079,2,1,4,4,4,4,4,4,4,4,4,4
450080,1,1,0,0,0,0,0,0,0,0,0,0
450080,2,1,0,0,0,0,0,0,0,0,11,0
450081,1,1,16,16,16,16,16,16,16,16,16,16
450082,0,1,0,0,0,0,0,0,0,0,0,0
450082,1,1,0,0,0,0,0,0,0,0,0,0
450083,1,1,17,17,17,17,17,17,17,17,17,17
450084,1,1,0,0,0,0,0,0,0,0,0,0
450084,2,1,0,0,0,0,2,0,0,3,0,0
450085,1,1,0,0,0,0,0,0,0,0,0,0
450085,2,1,0,0,0,0,16,0,4,0,0,0
450086,1,1,29,29,29,29,29,29,29,29,29,29
450086,2,1,0,0,0,0,0,0,0,0,0,0
450087,1,1,19,19,19,19,19,19,19,19,19,19
450088,1,1,0,0,0,0,0,0,0,0,0,0
450088,2,1,0,0,0,0,0,0,0,8,0,0
450088,3,1,0,12,0,0,0,0,0,0,0,0
450089,1,1,0,0,0,0,0,0,0,0,0,0
450089,2,1,19,10,0,0,22,15,15,0,27,0
450090,0,1,0,0,0,0,0,0,19,0,0,0
450090,1,1,0,0,0,0,0,0,0,0,0,0
450091,1,1,25,25,25,25,25,25,25,25,25,25
450092,0,1,0,0,0,0,0,0,0,0,0,0
450092,1,1,0,0,0,0,0,0,0,14,30,0
450093,0,1,0,0,0,0,0,0,0,0,0,0
450093,1,1,0,0,15,0,0,0,0,0,0,0
450094,1,1,5,5,5,5,5,5,5,5,5,5
450094,2,1,7,7,7,7,7,7,7,7,7,7
450095,1,1,18,18,18,18,18,18,18,18,18,18
450096,1,1,0,0,17,13,0,0,0,0,0,0
450096,2,1,25,25,25,25,25,25,25,25,25,25
450096,3,1,0,0,21,0,13,17,0,14,0,0
450097,1,1,15,15,15,15,15,15,15,15,15,15
450098,1,1,0,0,0,0,0,7,14,0,0,19
450098,2,1,0,0,0,0,0,0,0,0,0,7