ST_CASE,VEH_NO,PER_NO,P1,P2,P3,P4,P5,P6,P7,P8,P9,P10
450418,1,1,0,0,4,0,0,0,0,11,17,0
450419,1,1,0,0,0,0,0,0,0,0,0,0
450419,2,1,0,0,0,0,0,0,0,0,0,0
450420,0,1,0,0,0,0,0,0,0,0,0,0
450420,1,1,0,21,0,0,0,12,15,0,0,0
450421,1,1,0,0,0,0,0,0,0,0,0,0
450422,1,1,0,0,0,0,9,0,0,0,15,0
450422,2,1,0,0,0,0,0,0,0,0,0,0
450423,1,1,13,13,13,13,13,13,13,13,13,13
450424,0,1,24,24,24,24,24,24,24,24,24,24
450424,1,1,0,0,0,0,0,0,0,0,0,0
450425,1,1,0,20,18,23,0,0,0,0,0,0
450425,2,1,0,0,0,0,0,0,0,0,0,0
450426,1,1,0,0,0,0,0,0,0,0,0,0
450426,2,1,22,22,22,22,22,22,22,22,22,22
450427,1,1,9,9,9,9,9,9,9,9,9,9
450428,1,1,21,21,21,21,21,21,21,21,21,21
450429,1,1,18,18,18,18,18,18,18,18,18,18
450430,1,1,0,25,0,0,0,14,0,0,0,0
450430,2,1,6,6,6,6,6,6,6,6,6,6
450431,1,1,10,10,10,10,10,10,10,10,10,10
450432,0,1,27,27,27,27,27,27,27,27,27,27
450432,1,1,0,14,0,0,0,20,13,18,0,0
450433,1,1,0,0,0,0,0,0,0,0,0,0
450434,1,1,0,0,0,0,0,0,0,0,0,0
450435,0,1,0,23,7,0,12,34,35,24,30,21
450435,1,1,0,21,12,0,6,0,0,0,0,0
450436,1,1,0,0,0,0,0,0,0,0,0,0
450436,2,1,0,0,0,10,0,0,9,0,13,0
450437,1,1,26,26,26,26,26,26,26,26,26,26
450438,1,1,30,30,30,30,30,30,30,30,30,30
450439,1,1,0,19,6,20,9,38,28,31,9,20
450440,1,1,0,0,8,0,0,0,0,0,0,0
450440,2,1,0,0,0,0,0,0,8,0,0,0
450441,1,1,0,0,16,0,0,0,0,17,0,0
450442,1,1,11,11,11,11,11,11,11,11,11,11
450443,1,1,0,0,0,0,0,0,0,0,0,0
450444,1,1,0,0,0,0,0,0,0,0,0,0
450445,1,1,0,0,0,0,0,0,0,12,0,0
450445,2,1,0,0,0,0,0,0,0,0,0,0
450446,1,1,16,9,19,5,9,18,22,17,13,18
450447,1,1,40,40,40,40,40,40,40,40,40,40
450448,0,1,0,36,0,9,37,0,0,0,16,0
450448,1,1,0,0,0,0,11,10,0,0,0,0
450449,1,1,2,17,24,8,12,20,21,10,9,21
450450,1,1,17,17,17,17,17,17,17,17,17,17
450450,2,1,0,10,0,0,0,0,0,0,0,0
450451,0,1,0,0,0,0,0,0,0,0,0,0
450451,1,1,0,15,0,0,0,14,0,0,0,0
450452,1,1,24,24,24,24,24,24,24,24,24,24
450453,0,1,14,14,14,14,14,14,14,14,14,14
450453,1,1,0,0,10,0,18,0,0,0,7,0
450454,0,1,15,15,15,15,15,15,15,15,15,15
450454,1,1,0,0,0,0,0,0,0,0,0,0
450455,1,1,0,0,0,0,0,0,0,0,0,0
450455,2,1,18,0,10,0,0,0,8,0,0,0
450456,1,1,15,11,0,0,18,9,0,25,0,3
450457,0,1,0,0,0,0,0,0,0,0,0,0
450457,1,1,0,0,0,0,0,0,0,0,0,0
450458,1,1,26,0,0,0,0,0,26,12,0,0
450458,2,1,0,0,0,0,0,0,0,0,0,5
450459,1,1,0,0,0,0,0,0,0,0,0,0
450460,1,1,18,18,18,18,18,18,18,18,18,18
450461,0,1,0,0,0,0,0,0,0,0,0,0
450461,1,1,0,11,0,18,0,21,0,0,15,5
450462,1,1,7,7,7,7,7,7,7,7,7,7
450463,1,1,12,33,22,28,0,0,0,27,23,0
450464,1,1,21,0,0,0,0,0,0,0,0,15
450464,2,1,1,1,1,1,1,1,1,1,1,1
450465,0,1,24,24,24,24,24,24,24,24,24,24
450465,1,1,0,0,0,0,0,0,0,0,0,0
450466,0,1,5,5,5,5,5,5,5,5,5,5
450466,0,2,6,0,0,16,0,3,28,30,0,20
450466,1,1,20,13,20,13,13,24,10,4,9,13
450467,1,1,23,23,23,23,23,23,23,23,23,23
450467,2,1,0,0,0,0,12,0,0,0,0,0
450467,3,1,29,0,0,0,20,0,17,0,0,0
450467,4,1,15,11,15,0,19,0,0,22,0,0
450468,1,1,0,11,0,0,0,0,0,0,15,0
450469,0,1,0,0,0,0,0,0,0,0,0,0
450469,1,1,11,0,0,0,8,0,0,0,0,25
450470,1,1,16,32,32,25,38,18,24,6,12,9
450471,1,1,0,0,0,0,0,0,0,0,0,0
450471,2,1,0,0,0,0,3,9,0,14,0,0
450472,0,1,27,27,27,27,27,27,27,27,27,27
450472,1,1,0,0,16,0,0,0,0,0,0,0
450473,1,1,0,0,0,0,0,0,0,0,0,0
450474,1,1,5,17,0,0,3,7,13,27,10,5
450474,2,1,17,17,17,17,17,17,17,17,17,17
450475,1,1,2,2,2,2,2,2,2,2,2,2
450476,1,1,19,19,19,19,19,19,19,19,19,19
450477,1,1,27,27,27,27,27,27,27,27,27,27
450478,1,1,16,16,16,16,16,16,16,16,16,16
450479,1,1,0,0,0,0,0,0,0,0,0,0
450480,0,1,0,0,41,0,0,0,0,0,0,25
450480,1,1,0,0,0,0,0,0,0,14,0,0
450481,1,1,0,6,11,6,30,10,15,0,26,26
450481,2,1,0,0,8,0,0,0,12,0,0,0
450481,3,1,12,0,24,0,3,0,0,0,0,19
450483,1,1,0,0,0,0,0,0,0,0,0,0
450483,2,1,0,0,0,0,0,0,0,0,0,0
450484,1,1,0,0,0,0,0,0,0,0,0,0
450484,2,1,0,0,0,0,0,0,0,0,0,0
450484,3,1,0,0,0,0,0,0,0,0,0,0
450485,1,1,0,0,0,0,0,0,0,0,0,0
450485,2,1,0,0,0,0,0,16,0,0,0,0
450486,1,1,0,0,0,0,0,0,12,5,0,0
450486,2,1,0,0,0,0,0,0,0,0,0,0
450486,3,1,0,0,0,0,0,0,0,0,0,0
450487,1,1,0,0,0,0,0,0,0,0,0,0
450487,2,1,7,7,7,7,7,7,7,7,7,7
450488,1,1,12,12,12,12,12,12,12,12,12,12
450489,1,1,0,0,0,0,0,0,0,0,0,0
450489,2,1,0,0,0,0,0,0,0,0,0,0
450490,0,1,0,0,0,0,0,0,0,0,0,0
450490,1,1,11,15,0,0,0,0,0,0,0,0
450491,1,1,0,0,0,0,0,0,0,0,0,0
450492,0,1,32,32,32,32,32,32,32,32,32,32
450492,1,1,0,18,0,5,13,0,0,0,13,0
450493,1,1,17,17,17,17,17,17,17,17,17,17
450494,1,1,17,19,3,22,0,18,4,11,0,11
450496,1,1,9,9,9,9,9,9,9,9,9,9
450496,2,1,0,0,0,0,0,0,0,0,0,0
450497,1,1,16,16,16,16,16,16,16,16,16,16
450498,1,1,0,0,0,0,0,0,0,0,0,0
450499,1,1,0,0,26,0,0,0,0,29,15,0
450500,0,1,0,0,0,0,0,0,0,0,0,0
450500,1,1,0,11,11,0,0,17,0,0,0,5
450501,1,1,0,11,0,0,0,0,12,0,0,0
450502,1,1,13,13,13,13,13,13,13,13,13,13
450503,1,1,0,0,0,0,0,0,0,0,0,0
450504,0,1,24,24,24,24,24,24,24,24,24,24
450504,1,1,0,0,0,31,0,0,0,11,0,5
450505,1,1,0,0,0,27,30,0,20,22,0,2
450505,2,1,20,7,27,28,0,13,18,17,17,28
450507,1,1,0,0,0,0,0,0,0,0,0,0
450508,1,1,0,0,0,0,0,0,0,0,0,0
450508,2,1,0,0,0,0,0,0,0,0,0,0
450509,1,1,21,12,17,8,19,23,7,42,0,6
450510,1,1,0,0,0,0,0,0,0,0,0,0
450511,1,1,9,0,7,0,0,0,0,0,0,0
450511,2,1,16,16,16,16,16,16,16,16,16,16
450512,1,1,10,0,0,0,9,0,0,0,11,0
450513,1,1,14,14,14,14,14,14,14,14,14,14
450513,2,1,6,6,6,6,6,6,6,6,6,6
450514,1,1,20,14,14,0,7,0,0,19,0,7
450514,2,1,17,0,26,3,11,0,0,0,8,0
450515,1,1,0,0,0,0,0,0,0,0,0,0
450516,0,1,0,0,0,0,0,0,0,0,0,0
450516,1,1,8,0,17,12,0,10,9,23,0,8
450518,1,1,6,6,6,6,6,6,6,6,6,6
450519,0,1,24,24,24,24,24,24,24,24,24,24
450519,1,1,0,0,0,0,11,0,18,0,0,0
450520,1,1,0,0,0,0,0,0,0,0,0,0
450520,2,1,0,0,0,0,0,0,0,0,0,0
450521,1,1,0,0,27,0,0,0,0,20,0,0
450521,2,1,0,0,0,0,0,0,0,0,0,0
450522,1,1,0,0,0,0,0,0,0,0,0,0
450522,2,1,11,0,0,0,0,0,0,0,0,0
450523,1,1,0,0,15,0,11,0,0,0,2,0
450523,2,1,16,16,16,16,16,16,16,16,16,16
450524,1,1,8,10,0,9,0,0,0,0,0,15
450524,2,1,25,0,18,24,0,0,0,21,0,13
450525,1,1,0,0,0,0,0,0,26,0,6,0
450526,1,1,13,0,0,21,17,33,0,12,19,0
450527,1,1,0,0,0,0,0,0,0,0,0,0
450527,2,1,0,0,0,0,0,0,0,0,0,0
450527,3,1,0,14,0,0,0,0,0,0,0,0
450528,1,1,0,0,0,0,0,0,0,0,0,0
450529,0,1,0,0,0,0,0,0,0,0,0,0
450529,1,1,26,0,5,0,0,15,6,0,0,0
450530,1,1,0,0,0,0,0,0,0,0,0,0
450531,1,1,0,0,0,0,0,0,0,0,0,0
450532,1,1,0,0,0,0,0,0,0,0,0,0
450533,1,1,0,0,0,0,0,0,0,0,0,0
450533,2,1,0,0,0,0,0,0,0,0,0,0
450534,1,1,0,0,0,0,0,0,0,0,0,0
450535,1,1,0,0,0,0,0,0,0,0,0,0
450535,2,1,0,0,0,0,0,0,0,0,0,0
450536,0,1,16,16,16,16,16,16,16,16,16,16
450536,1,1,0,0,0,14,20,21,0,0,16,11
450537,1,1,24,24,24,24,24,24,24,24,24,24
450538,1,1,29,29,29,29,29,29,29,29,29,29
450539,1,1,19,19,19,19,19,19,19,19,19,19
450539,2,1,9,0,0,0,14,0,0,0,0,0
450540,1,1,11,11,11,11,11,11,11,11,11,11
450541,1,1,0,0,0,0,0,0,0,0,0,0
450542,1,1,0,0,0,0,0,0,0,0,0,0
450542,2,1,0,0,0,0,0,0,0,0,0,0
450543,0,1,0,4,0,22,24,7,0,0,11,0
450543,0,2,0,0,0,0,0,0,0,0,0,0
450543,1,1,0,17,6,0,21,13,10,6,0,0
450544,1,1,0,0,0,0,0,0,13,12,31,0
450545,0,1,25,25,25,25,25,25,25,25,25,25
450545,1,1,0,0,18,5,0,0,4,0,0,0
450546,1,1,0,0,0,0,0,0,0,0,0,0
450547,1,1,12,14,0,0,0,0,0,0,0,9
450547,2,1,0,0,0,0,0,0,0,0,0,0
450547,3,1,17,0,0,18,0,0,0,0,0,22
450548,1,1,0,0,0,0,12,17,0,0,0,0
450548,2,1,0,0,0,12,0,0,0,0,6,0
450549,0,1,8,8,8,8,8,8,8,8,8,8
450549,1,1,13,0,0,33,15,12,3,10,21,14
450550,1,1,0,0,13,0,0,24,0,0,0,27
450551,1,1,20,0,0,21,0,0,0,0,0,0
450552,0,1,0,0,0,0,0,0,0,0,0,0
450552,1,1,0,0,0,0,0,0,0,0,0,19
450553,1,1,21,21,21,21,21,21,21,21,21,21
450554,1,1,8,14,6,8,16,10,3,23,13,0
450555,0,1,0,0,0,0,0,0,0,0,0,0
450555,1,1,0,9,3,0,0,0,0,12,6,16
450556,1,1,0,0,0,0,0,0,0,4,0,0
450556,2,1,0,0,0,0,0,0,0,0,0,0
450557,1,1,0,0,15,0,0,0,0,0,0,0
450557,2,1,0,0,0,0,0,0,0,0,0,0
450558,1,1,18,0,15,0,20,0,0,11,0,25
450558,2,1,0,0,0,0,4,0,0,0,0,0
450559,1,1,18,18,18,18,18,18,18,18,18,18
450560,1,1,21,21,21,21,21,21,21,21,21,21
450561,1,1,33,33,33,33,33,33,33,33,33,33
450562,1,1,0,0,0,0,0,0,0,0,7,0
450562,2,1,0,0,0,0,0,0,0,0,0,0
450562,3,1,0,0,0,0,0,0,2,0,0,0
450562,4,1,26,11,0,0,0,0,6,0,0,0
450562,5,1,27,0,0,0,0,20,0,0,0,0
450563,1,1,19,19,19,19,19,19,19,19,19,19
450564,0,1,35,35,35,35,35,35,35,35,35,35
450564,1,1,0,0,0,0,0,0,0,0,0,0
450565,0,1,12,12,12,12,12,12,12,12,12,12
450565,1,1,0,0,0,0,0,0,0,4,0,14
450566,0,1,30,30,30,30,30,30,30,30,30,30
450566,1,1,27,14,0,8,0,0,2,0,14,0
450567,1,1,0,0,0,0,0,2,0,0,0,0
450567,2,1,0,0,0,0,0,0,0,0,0,0
450568,1,1,11,23,0,14,0,0,0,0,0,21
450568,2,1,0,0,0,0,0,0,0,0,0,0
450569,1,1,25,25,25,25,25,25,25,25,25,25
450569,2,1,0,0,0,0,0,0,0,0,19,0
450570,0,1,0,0,0,0,0,0,0,0,0,38
450570,1,1,0,0,0,0,0,0,0,12,0,0
450571,1,1,0,0,15,0,0,0,8,0,0,18
450571,2,1,14,0,0,0,0,0,0,0,17,11
450573,1,1,0,0,0,12,0,14,0,43,0,27
450574,1,1,15,0,0,27,20,36,10,16,21,36
450575,1,1,0,0,0,0,0,0,0,0,0,0
450575,2,1,14,0,0,0,0,0,18,21,0,0
450575,3,1,17,0,0,0,0,0,0,0,0,0
450575,4,1,0,11,33,0,0,0,18,0,0,0
450575,5,1,0,0,0,0,0,0,0,0,0,0
450576,1,1,19,19,19,19,19,19,19,19,19,19
450577,0,1,0,0,0,0,0,0,0,0,0,0
450577,1,1,0,0,0,0,0,0,0,0,0,0
450578,1,1,23,23,23,23,23,23,23,23,23,23
450579,1,1,28,18,16,20,10,18,0,29,14,16
450580,0,1,14,14,14,14,14,14,14,14,14,14
450580,1,1,20,15,0,0,0,0,0,0,23,25
450581,1,1,0,0,0,0,0,0,0,0,0,0
450581,2,1,8,0,0,7,0,0,0,0,0,0
450582,1,1,6,0,2,0,0,16,0,0,0,0
450582,2,1,0,0,10,0,0,19,11,0,0,0
450583,0,1,16,16,16,16,16,16,16,16,16,16
450583,2,1,23,18,30,0,0,0,26,0,11,0
450584,1,1,0,0,0,6,14,8,6,0,0,0
450585,1,1,0,0,0,0,0,0,0,0,0,0
450586,0,1,27,27,27,27,27,27,27,27,27,27
450586,1,1,0,17,7,18,16,8,7,12,20,13
450587,0,1,18,18,18,18,18,18,18,18,18,18
450587,1,1,0,7,12,0,28,0,36,0,0,0
450588,1,1,0,0,0,0,0,0,0,0,0,0
450589,1,1,0,0,0,0,0,0,11,13,26,0
450590,1,1,0,0,0,0,0,0,0,0,0,0
450590,2,1,0,0,0,0,0,0,0,0,0,0
450591,1,1,12,0,0,0,0,0,0,0,0,0
450591,2,1,0,23,0,0,0,0,0,0,0,0
450592,1,1,6,0,17,0,0,0,0,0,0,0
450592,2,1,2,0,0,0,0,0,12,0,6,12
450593,1,1,0,0,0,0,0,0,0,0,0,0
450594,1,1,0,24,0,0,0,12,8,0,0,0
450594,2,1,0,14,0,0,13,0,10,21,9,0
450594,3,1,0,0,23,12,0,0,24,0,0,0
450595,1,1,0,23,0,21,0,0,17,35,0,0
450595,2,1,0,0,0,0,0,0,0,0,0,0
450596,1,1,0,0,28,8,11,0,0,29,16,28
450597,1,1,0,0,0,0,0,9,0,0,0,0
450598,1,1,0,0,0,0,0,4,0,0,0,0
450598,2,1,23,0,0,0,0,0,0,0,7,0
450599,1,1,0,0,0,0,0,0,0,0,0,0
450599,2,1,4,0,0,0,0,0,21,7,27,24
450600,1,1,7,7,7,7,7,7,7,7,7,7
450600,2,1,0,0,0,0,0,0,0,0,0,0
450601,1,1,0,0,0,25,0,0,0,0,0,10
450601,2,1,28,0,17,11,0,0,0,0,0,0
450602,1,1,0,0,0,0,0,0,0,0,0,0
450602,2,1,0,0,0,0,0,0,14,0,0,21
450602,3,1,0,0,0,0,11,0,11,0,0,0
450603,1,1,17,24,0,17,13,0,35,4,10,0
450604,1,1,0,0,16,0,6,0,9,18,0,30
450604,2,1,18,0,11,0,0,4,2,0,0,0
450605,1,1,0,0,21,0,6,0,0,10,0,0
450605,2,1,0,27,0,12,0,0,0,0,0,0
450606,1,1,29,29,29,29,29,29,29,29,29,29
450607,1,1,0,0,0,6,35,14,13,0,20,11
450608,1,1,0,15,20,14,0,0,0,0,0,0
450609,1,1,14,14,14,14,14,14,14,14,14,14
450610,1,1,0,0,0,0,0,0,0,0,0,0
450611,1,1,21,21,21,21,21,21,21,21,21,21
450611,2,1,25,25,25,25,25,25,25,25,25,25
450612,0,1,25,25,25,25,25,25,25,25,25,25
450612,1,1,0,0,0,0,20,0,0,0,0,8
450613,1,1,0,0,0,0,0,0,0,0,0,0
450614,1,1,0,0,0,0,0,0,0,0,0,0
450614,2,1,6,0,0,9,0,0,0,22,21,0
450615,1,1,0,0,0,0,0,0,0,0,0,0
450616,1,1,21,21,21,21,21,21,21,21,21,21
450616,2,1,0,20,0,0,0,0,0,0,0,0
450617,1,1,0,0,0,0,0,0,0,0,0,0
450617,2,1,0,0,0,0,0,0,0,0,0,0
450618,0,1,0,0,0,0,0,0,0,0,0,0
450618,1,1,17,0,0,14,0,0,0,0,26,23
450619,1,1,14,3,6,5,16,3,4,24,8,10
450620,1,1,0,0,0,0,0,0,17,4,0,0
450620,2,1,18,18,18,18,18,18,18,18,18,18
450621,0,1,38,17,0,0,0,0,0,0,0,0
450621,1,1,10,29,15,10,0,0,0,0,0,0
450622,0,1,0,0,0,0,0,0,0,0,0,0
450622,1,1,0,0,0,0,0,0,0,0,0,0
450623,1,1,0,0,0,0,0,0,0,0,0,0
450624,1,1,0,0,0,0,0,0,0,0,0,0
450624,2,1,20,20,20,20,20,20,20,20,20,20
450625,0,1,32,32,32,32,32,32,32,32,32,32
450625,1,1,13,0,0,0,18,0,0,0,6,0
450626,0,1,0,0,0,0,0,0,0,0,0,0
450626,1,1,0,0,0,0,0,0,0,0,0,0
450627,0,1,0,0,0,0,0,0,0,0,0,0
450627,1,1,0,0,0,0,0,0,0,0,0,0
450628,0,1,0,0,0,0,0,0,0,0,0,0
450628,1,1,21,21,21,21,21,21,21,21,21,21
450629,1,1,9,0,0,0,0,0,17,0,0,0
450629,2,1,0,0,0,17,0,0,0,0,0,14
450630,1,1,20,20,20,20,20,20,20,20,20,20
450630,2,1,0,0,0,0,0,0,0,0,0,0
450631,1,1,13,0,0,11,5,9,0,8,0,0
450631,2,1,30,0,4,0,0,3,0,0,0,14
450631,3,1,8,13,0,0,12,17,0,0,14,0
450631,4,1,0,0,16,0,0,0,0,0,9,0
450632,1,1,0,2,7,0,0,0,0,10,7,11
450632,2,1,0,0,0,0,0,0,0,0,0,0
450633,1,1,16,0,0,0,0,12,0,17,0,0
450633,2,1,0,0,0,0,0,0,0,0,9,0
450634,1,1,0,0,0,0,0,0,0,0,0,0
450634,2,1,0,18,21,0,26,0,19,7,7,13
450634,3,1,17,28,26,3,13,13,14,21,12,11
450635,1,1,0,6,0,0,2,0,0,0,0,0
450635,2,1,0,0,0,0,0,0,0,0,0,0
450636,1,1,0,0,0,0,0,0,0,0,0,0
450637,0,1,0,0,0,0,0,0,0,0,0,0
450637,1,1,0,0,0,0,0,0,23,0,19,0
450638,1,1,0,0,0,0,0,0,0,0,0,0
450639,1,1,0,0,0,0,0,0,0,0,0,0
450640,1,1,43,31,0,11,0,0,0,8,0,0
450641,1,1,0,0,0,0,0,0,0,0,0,0
450642,1,1,0,0,0,0,0,0,0,0,0,0
450643,1,1,0,6,0,0,0,0,0,0,0,0
450643,2,1,11,11,11,11,11,11,11,11,11,11
450644,0,1,16,0,0,0,0,0,0,0,0,0
450644,1,1,0,12,0,0,0,0,0,0,0,0
450645,0,1,38,38,38,38,38,38,38,38,38,38
450645,1,1,0,16,0,0,0,0,0,0,22,0
450646,1,1,16,4,13,3,10,16,11,29,14,23
450646,2,1,0,0,0,0,0,0,0,0,0,0
450647,1,1,9,12,29,13,27,29,13,16,19,22
450648,1,1,21,0,0,0,0,0,0,0,0,0
450648,2,1,0,0,0,0,0,0,0,0,0,0
450648,3,1,24,24,24,24,24,24,24,24,24,24
450649,1,1,9,6,0,15,0,33,0,29,6,21
450650,1,1,0,0,0,0,0,0,0,0,0,0
450651,1,1,1,1,1,1,1,1,1,1,1,1
450652,1,1,18,18,18,18,18,18,18,18,18,18
450653,1,1,0,0,0,0,0,0,0,0,0,0
450654,0,1,27,27,27,27,27,27,27,27,27,27
450654,1,1,0,18,0,0,0,0,0,0,0,0
450655,1,1,0,0,0,0,0,0,0,0,0,0
450656,1,1,0,0,0,0,0,0,0,0,0,0
450657,1,1,0,0,0,0,0,0,0,0,0,0
450657,2,1,0,0,0,0,0,0,0,0,0,0
450658,1,1,0,0,0,0,0,0,0,0,0,0
450659,1,1,0,0,0,0,0,0,0,0,0,0
450660,0,1,23,23,23,23,23,23,23,23,23,23
450660,1,1,14,0,0,0,0,0,15,11,0,17
450661,1,1,0,0,0,0,0,0,0,0,0,0
450662,1,1,0,0,0,0,0,0,0,0,0,0
450662,2,1,0,0,0,0,0,0,0,28,0,0
450663,1,1,0,0,0,0,0,0,0,0,0,39
450664,1,1,0,0,0,0,0,0,0,0,0,6
450664,2,1,0,0,0,0,0,0,0,0,0,0
450665,1,1,0,0,0,0,0,14,0,0,0,0
450665,2,1,0,28,10,0,11,21,16,0,0,22
450666,1,1,0,0,0,0,0,0,0,0,0,0
450667,0,1,16,0,0,0,0,0,0,0,0,0
450667,2,1,0,0,0,0,0,16,0,0,0,0
450668,1,1,0,0,0,0,0,0,0,0,0,0
450668,2,1,0,0,23,19,0,0,0,0,0,0
450668,3,1,0,0,13,0,0,0,14,0,12,0
450668,4,1,0,0,0,0,0,0,0,0,0,0
450668,5,1,0,0,0,0,0,0,0,0,0,0
450669,1,1,0,0,19,0,0,0,0,0,0,0
450670,1,1,16,16,16,16,16,16,16,16,16,16
450671,1,1,0,0,0,24,11,0,0,0,0,0
450671,2,1,0,0,12,0,0,29,19,0,0,0
450672,1,1,0,0,0,0,0,0,0,0,0,0
450672,2,1,0,0,0,0,0,0,0,0,0,0
450673,1,1,10,0,8,19,10,0,10,8,8,16
450673,2,1,0,0,0,0,0,0,0,0,0,0
450674,0,1,0,0,0,0,0,0,0,0,0,0
450674,1,1,0,12,5,10,0,0,0,0,9,0
450675,1,1,31,31,31,31,31,31,31,31,31,31
450676,1,1,0,0,0,0,22,0,6,0,0,12
450676,2,1,0,0,0,0,0,0,0,0,0,0
450677,1,1,13,18,0,6,9,0,0,7,0,15
450677,2,1,0,0,0,0,0,0,0,0,0,0
450678,0,1,0,0,0,0,0,0,0,0,0,0
450678,1,1,14,0,0,16,0,8,0,2,11,2
450679,1,1,0,0,0,0,0,0,0,0,0,0
450679,2,1,10,15,0,0,0,0,0,0,0,0
450680,1,1,15,15,15,15,15,15,15,15,15,15
450681,1,1,0,0,0,0,0,0,0,0,0,0
450682,1,1,0,0,14,0,0,0,0,0,0,5
450683,1,1,18,18,18,18,18,18,18,18,18,18
450684,1,1,25,17,0,0,0,0,17,0,0,0
450684,2,1,0,0,10,0,0,19,0,0,0,0
450686,1,1,20,20,20,20,20,20,20,20,20,20
450687,1,1,0,0,0,0,0,0,0,0,0,0
450687,2,1,0,0,0,0,0,0,0,0,0,0
450688,1,1,0,0,0,0,7,0,0,0,0,0
450688,2,1,0,0,0,0,0,0,0,0,0,0
450689,1,1,0,0,0,0,0,0,0,0,0,0
450689,2,1,0,0,0,0,0,0,0,0,0,0
450690,1,1,0,0,0,0,0,0,0,0,0,0
450690,2,1,0,0,0,0,0,0,0,0,0,0
450691,1,1,0,0,0,0,0,0,0,0,0,0
450691,2,1,0,0,20,13,0,0,0,0,12,0
450692,0,1,24,24,24,24,24,24,24,24,24,24
450692,1,1,14,14,14,14,14,14,14,14,14,14
450693,1,1,0,0,0,0,0,0,0,0,0,0
450693,2,1,0,0,0,0,0,0,0,0,0,0
450694,0,1,0,0,0,0,0,0,0,0,0,0
450694,1,1,0,0,0,0,0,0,0,0,0,0
450695,1,1,21,21,21,21,21,21,21,21,21,21
450696,1,1,0,13,19,37,7,0,4,0,0,0
450696,2,1,0,0,0,0,0,0,0,0,0,0
450696,3,1,0,0,0,0,0,0,0,0,0,0
450697,1,1,19,19,19,19,19,19,19,19,19,19
450698,1,1,1,1,1,1,1,1,1,1,1,1
450699,1,1,0,0,0,0,0,0,0,0,0,0
450699,2,1,0,0,0,0,0,0,0,0,0,0
450700,1,1,0,0,0,0,0,0,0,0,0,0
450700,2,1,16,16,16,16,16,16,16,16,16,16
450701,1,1,0,0,0,0,0,0,0,0,0,0
450701,2,1,0,0,0,0,0,0,0,0,0,0
450702,1,1,0,0,0,0,0,0,0,0,0,0
450702,2,1,3,0,28,5,0,0,0,27,14,17
450703,1,1,4,4,4,4,4,4,4,4,4,4
450704,1,1,0,12,0,0,0,0,13,0,0,0
450704,2,1,22,22,22,22,22,22,22,22,22,22
450705,0,1,0,0,0,0,0,0,0,0,0,0
450705,1,1,0,14,7,0,0,14,0,0,20,0
450705,3,1,0,6,0,0,0,0,0,0,14,19
450706,1,1,2,2,2,2,2,2,2,2,2,2
450707,1,1,19,0,0,0,25,0,0,16,18,20
450708,1,1,29,12,29,23,25,23,28,0,6,0
450709,1,1,0,0,0,0,0,0,0,0,0,0
450709,2,1,0,0,0,0,0,0,0,0,0,0
450710,1,1,23,23,23,23,23,23,23,23,23,23
450711,0,1,0,0,0,0,0,0,0,0,0,0
450711,1,1,13,22,0,0,0,0,0,0,0,15
450712,1,1,21,0,0,7,0,11,11,0,0,0
450712,2,1,0,0,0,0,0,0,0,0,0,0
450713,0,1,50,50,50,50,50,50,50,50,50,50
450713,1,1,0,7,0,0,0,5,0,0,0,0
450713,2,1,2,0,22,0,0,0,0,0,0,0
450713,3,1,0,0,0,0,0,0,0,0,0,0
450714,0,1,19,19,19,19,19,19,19,19,19,19
450714,1,1,0,0,0,0,0,0,3,0,0,13
450715,1,1,0,0,0,0,0,0,0,0,0,0
450716,1,1,22,0,5,6,0,9,14,3,17,18
450717,1,1,0,0,39,0,0,23,0,0,0,0
450717,2,1,20,0,0,0,0,0,0,0,0,0
450718,1,1,21,21,21,21,21,21,21,21,21,21
450719,1,1,0,0,0,0,0,0,0,0,0,0
450720,1,1,10,10,10,10,10,10,10,10,10,10
450721,1,1,0,0,0,0,0,0,0,0,0,0
450722,1,1,18,18,18,18,18,18,18,18,18,18
450722,2,1,0,0,0,0,0,0,0,0,0,0
450723,1,1,0,0,0,0,0,0,0,0,0,0
450723,2,1,0,0,0,0,0,0,0,0,0,0
450724,0,1,0,0,0,0,0,0,0,0,0,0
450724,1,1,0,0,0,0,0,0,0,0,0,0
450725,1,1,25,25,25,25,25,25,25,25,25,25
450726,0,1,0,0,0,0,0,0,0,0,0,0
450726,0,2,0,0,0,0,27,0,0,0,0,0