ST_CASE,VEH_NO,PER_NO,P1,P2,P3,P4,P5,P6,P7,P8,P9,P10
450726,0,3,0,0,0,0,0,0,0,0,0,0
450726,1,1,0,0,0,0,0,0,0,0,0,0
450727,1,1,0,0,0,0,0,8,0,0,16,0
450728,1,1,0,0,0,0,0,0,0,0,0,0
450729,1,1,20,20,20,20,20,20,20,20,20,20
450730,1,1,16,16,16,16,16,16,16,16,16,16
450731,1,1,0,0,0,0,0,0,0,0,0,0
450732,1,1,0,0,0,0,0,0,0,0,0,0
450733,1,1,0,0,0,0,0,0,0,0,0,0
450734,1,1,0,0,0,0,0,0,0,0,0,0
450735,0,1,27,27,27,27,27,27,27,27,27,27
450735,0,2,16,18,0,33,13,0,15,7,0,0
450735,1,1,0,0,0,0,0,0,0,0,0,0
450736,0,1,10,10,10,10,10,10,10,10,10,10
450736,1,1,0,0,0,0,0,0,0,8,17,0
450737,1,1,0,15,11,9,13,0,0,0,13,25
450737,2,1,20,11,19,0,9,0,0,0,0,0
450738,1,1,0,0,0,0,0,0,0,0,0,0
450738,2,1,40,40,40,40,40,40,40,40,40,40
450739,0,1,0,0,0,7,0,0,0,0,0,0
450739,1,1,0,5,0,24,0,10,18,0,0,0
450740,1,1,0,0,0,0,0,0,0,0,0,0
450741,1,1,1,1,1,1,1,1,1,1,1,1
450741,2,1,17,0,0,0,0,0,0,0,0,0
450744,1,1,14,0,11,0,0,0,0,0,24,0
450745,1,1,0,0,0,0,0,0,0,0,0,0
450745,2,1,0,0,0,0,0,0,0,0,0,0
450746,1,1,30,30,30,30,30,30,30,30,30,30
450747,0,1,0,0,0,0,0,0,0,0,0,0
450747,1,1,0,0,4,0,0,0,0,0,0,0
450748,1,1,0,0,0,0,0,11,0,0,0,0
450748,2,1,0,0,18,0,0,0,0,0,0,0
450748,3,1,0,0,0,0,0,0,0,0,0,0
450749,1,1,0,0,0,0,0,0,0,0,0,0
450749,2,1,0,0,0,0,0,26,0,0,0,0
450750,1,1,0,0,0,0,0,0,13,0,22,0
450750,2,1,0,0,0,0,0,0,0,0,0,0
450751,1,1,0,0,0,0,0,0,0,18,0,0
450751,2,1,25,25,25,25,25,25,25,25,25,25
450752,1,1,8,18,0,0,0,0,0,0,16,0
450752,2,1,25,25,25,25,25,25,25,25,25,25
450753,1,1,31,31,31,31,31,31,31,31,31,31
450754,1,1,0,0,0,0,0,0,0,0,0,0
450755,1,1,0,0,0,0,0,0,0,0,0,0
450755,2,1,0,0,0,0,0,0,0,0,0,0
450756,1,1,0,0,0,18,0,11,0,9,0,0
450756,2,1,17,17,17,17,17,17,17,17,17,17
450757,1,1,0,0,0,0,0,0,0,0,0,0
450757,2,1,0,0,0,0,0,0,0,0,0,0
450757,3,1,0,0,0,0,0,0,0,17,0,0
450758,1,1,0,0,0,0,0,0,0,0,0,0
450758,2,1,21,21,21,21,21,21,21,21,21,21
450759,0,1,25,25,25,25,25,25,25,25,25,25
450759,1,1,0,0,0,0,0,0,0,0,27,0
450759,2,1,10,9,20,11,13,15,28,3,0,3
450760,1,1,0,0,0,0,0,0,0,0,0,0
450760,2,1,0,12,22,0,0,20,0,0,0,8
450761,0,1,0,0,0,0,0,0,0,0,0,0
450761,1,1,0,0,0,0,0,0,0,0,0,0
450762,1,1,29,0,0,0,0,18,0,22,0,0
450762,2,1,0,13,0,16,0,0,8,16,0,0
450762,3,1,11,11,11,11,11,11,11,11,11,11
450763,1,1,6,0,0,0,0,17,0,0,0,0
450763,2,1,12,12,12,12,12,12,12,12,12,12
450764,1,1,11,19,10,19,17,18,9,9,6,18
450764,2,1,0,17,0,0,17,15,21,0,9,0
450765,1,1,0,3,20,0,0,11,3,21,0,0
460001,1,1,22,22,22,22,22,22,22,22,22,22
460001,2,1,0,0,0,0,0,0,0,0,0,0
460001,3,1,0,0,0,0,0,20,4,0,0,0
460002,1,1,0,0,0,0,0,0,0,0,0,0
460002,2,1,0,0,0,0,0,0,0,0,0,0
460002,3,1,0,0,0,0,0,0,0,0,0,0
460003,1,1,0,0,0,0,0,0,0,0,0,0
460004,1,1,0,0,0,0,0,0,0,0,0,0
460005,1,1,0,0,0,0,0,0,0,0,0,0
460006,1,1,0,0,0,0,0,0,0,0,0,0
460006,2,1,0,0,0,0,0,0,0,0,0,0
460007,0,1,0,0,0,0,0,0,0,0,0,0
460007,1,1,0,0,0,0,0,0,0,0,0,0
460008,1,1,0,0,0,0,0,0,0,0,0,0
460009,1,1,0,0,0,0,0,0,0,0,0,0
460009,2,1,0,0,0,0,0,0,0,0,0,0
460010,1,1,0,0,0,0,0,0,0,0,0,0
460010,2,1,0,0,0,0,0,0,0,0,0,0
460011,1,1,0,0,0,0,0,0,0,0,0,0
460011,2,1,0,0,0,0,0,9,0,0,0,0
460012,1,1,0,0,0,0,0,0,0,0,0,0
460012,2,1,0,0,0,0,0,0,0,0,0,0
460013,1,1,0,0,0,0,0,0,0,0,0,0
460013,2,1,0,0,0,0,0,0,0,0,0,0
460013,3,1,0,0,0,0,0,0,0,0,0,0
460014,1,1,0,0,0,0,0,0,0,0,0,0
460015,1,1,15,15,15,15,15,15,15,15,15,15
460016,1,1,9,9,9,9,9,9,9,9,9,9
460017,1,1,0,0,0,0,0,0,0,0,0,0
460017,2,1,0,0,0,0,0,0,0,0,0,0
460018,1,1,22,22,22,22,22,22,22,22,22,22
460019,1,1,28,28,28,28,28,28,28,28,28,28
460020,1,1,0,0,0,0,0,0,0,0,0,0
460021,1,1,0,0,0,0,0,0,0,0,0,0
460021,2,1,0,0,0,0,0,0,0,0,0,0
460022,1,1,5,5,5,5,5,5,5,5,5,5
460023,1,1,0,19,5,0,20,13,12,0,0,8
460023,2,1,0,0,0,0,0,0,0,0,0,0
460024,1,1,35,35,35,35,35,35,35,35,35,35
460025,1,1,0,0,0,0,0,33,0,0,0,0
460026,1,1,0,0,0,0,0,0,0,0,0,0
460027,0,1,0,0,0,0,0,0,0,0,0,0
460027,1,1,0,0,0,0,0,0,0,0,0,0
460028,0,1,0,0,0,0,0,0,0,0,0,0
460028,2,1,0,0,16,0,0,0,10,0,0,0
460029,1,1,0,0,0,0,0,0,0,0,0,0
460030,1,1,35,35,35,35,35,35,35,35,35,35
460030,2,1,0,0,0,0,0,0,0,0,0,0
460031,0,1,30,30,30,30,30,30,30,30,30,30
460031,1,1,0,0,0,0,0,0,0,0,0,0
460032,1,1,12,18,18,9,14,20,20,19,20,14
460033,1,1,0,0,0,0,0,0,0,0,0,0
460034,1,1,0,0,0,0,0,0,0,0,0,0
460034,2,1,0,0,0,0,0,0,0,0,0,0
460035,1,1,19,19,19,19,19,19,19,19,19,19
460036,1,1,0,0,0,0,0,0,0,0,0,0
460036,2,1,0,0,0,0,0,0,0,0,0,0
460037,1,1,23,23,23,23,23,23,23,23,23,23
460038,1,1,0,0,0,0,0,0,0,0,0,0
460039,1,1,11,10,4,0,7,6,29,16,19,24
460040,1,1,0,0,0,0,0,0,0,0,0,0
460041,1,1,0,0,0,0,0,0,0,0,0,0
460042,1,1,16,16,16,16,16,16,16,16,16,16
460043,1,1,0,12,15,0,0,0,0,0,0,0
460043,2,1,0,0,0,0,0,0,0,0,0,0
460044,1,1,0,0,0,0,0,0,0,0,0,0
460044,2,1,0,0,0,0,0,0,0,0,0,0
460045,1,1,10,10,10,10,10,10,10,10,10,10
460046,1,1,2,2,2,2,2,2,2,2,2,2
460046,2,1,0,0,0,0,0,0,0,0,0,0
460047,1,1,9,9,9,9,9,9,9,9,9,9
460048,1,1,0,0,0,0,0,0,0,0,0,0
460049,1,1,22,22,22,22,22,22,22,22,22,22
460049,2,1,0,0,0,0,0,0,0,0,0,0
460050,1,1,26,26,26,26,26,26,26,26,26,26
460051,0,1,0,0,0,0,0,0,0,0,0,0
460051,2,1,0,0,0,0,0,0,0,0,0,0
460052,1,1,0,0,0,0,0,0,0,0,0,0
460053,1,1,21,21,21,21,21,21,21,21,21,21
460054,1,1,0,0,0,0,0,0,0,0,0,0
460055,1,1,0,0,0,0,0,0,0,0,0,0
460055,2,1,0,0,0,0,0,0,0,0,14,0
460056,1,1,22,22,22,22,22,22,22,22,22,22
460057,1,1,19,19,19,19,19,19,19,19,19,19
460057,2,1,0,0,0,0,0,0,0,0,0,0
460058,1,1,29,29,29,29,29,29,29,29,29,29
460059,1,1,16,16,16,16,16,16,16,16,16,16
460059,2,1,0,0,0,0,0,0,0,0,0,0
460060,1,1,28,28,28,28,28,28,28,28,28,28
460061,1,1,0,0,0,0,0,0,0,0,0,0
460062,1,1,27,28,6,11,11,0,0,28,25,0
460063,1,1,0,0,0,0,0,0,0,0,0,0
460063,2,1,0,0,0,0,0,0,0,0,0,0
460064,1,1,0,22,29,21,0,0,0,17,0,0
460064,2,1,0,0,0,0,0,0,0,0,0,0
460065,1,1,1,1,1,1,1,1,1,1,1,1
460065,2,1,0,0,0,0,0,0,0,0,0,0
460066,1,1,0,0,0,0,0,0,0,0,0,0
460067,1,1,0,0,0,0,0,0,0,0,0,0
460068,1,1,30,30,30,30,30,30,30,30,30,30
460069,1,1,0,0,0,26,16,0,0,0,0,0
460070,1,1,0,0,0,0,0,0,0,0,0,0
460070,2,1,0,0,13,0,0,13,0,0,0,0
460071,1,1,0,0,0,0,0,0,0,0,0,0
460072,0,1,0,0,0,0,0,0,0,0,0,0
460072,0,2,0,7,0,0,26,22,0,35,0,0
460072,0,3,0,33,37,0,18,0,19,0,7,0
460072,1,1,0,0,0,0,0,0,0,0,0,0
460073,0,1,20,0,0,0,3,0,0,15,0,0
460073,1,1,0,0,0,0,0,0,0,0,0,0
460074,1,1,0,0,0,0,0,0,0,0,0,0
460075,1,1,0,0,0,0,0,0,0,0,0,0
460075,2,1,0,0,0,0,0,0,0,0,0,0
460076,1,1,0,0,0,0,0,0,0,0,0,0
460076,2,1,0,0,0,0,0,0,0,0,0,0
460077,1,1,0,0,0,0,0,0,0,0,0,0
460078,1,1,14,14,14,14,14,14,14,14,14,14
460079,1,1,30,30,30,30,30,30,30,30,30,30
460080,1,1,0,7,0,0,0,0,7,20,0,0
460081,1,1,34,18,13,5,5,10,30,22,25,10
460082,1,1,0,0,0,0,0,0,0,0,0,0
460083,0,1,30,30,30,30,30,30,30,30,30,30
460083,1,1,0,0,0,0,0,0,0,0,0,0
460084,1,1,0,0,0,0,0,0,0,0,0,0
460084,2,1,0,0,0,0,0,0,0,0,0,0
460085,1,1,21,21,21,21,21,21,21,21,21,21
460086,1,1,27,27,27,27,27,27,27,27,27,27
460087,1,1,0,0,0,0,0,0,0,0,0,0
460088,1,1,0,0,0,0,0,0,0,0,0,0
460089,1,1,0,0,0,0,0,0,0,0,0,0
460090,0,1,0,0,0,0,0,0,0,0,0,0
460090,1,1,0,0,0,0,0,0,0,0,0,0
460091,1,1,17,17,17,17,17,17,17,17,17,17
460091,2,1,0,0,0,0,0,0,0,0,0,0
460091,3,1,0,0,0,0,0,0,0,0,0,0
460092,1,1,22,22,22,22,22,22,22,22,22,22
460093,1,1,0,0,0,0,0,0,0,0,0,0
460094,1,1,0,0,0,0,0,0,0,0,0,0
460094,2,1,0,0,0,0,0,0,0,0,0,0
460095,1,1,0,0,0,0,0,0,0,0,0,0
460095,2,1,0,0,0,0,0,0,0,0,0,0
460096,1,1,0,0,0,0,0,0,0,0,0,0
460096,2,1,0,0,0,0,0,0,0,0,0,0
460097,1,1,25,25,25,25,25,25,25,25,25,25
460098,1,1,0,0,0,0,0,0,0,0,0,0
460098,2,1,0,0,34,0,0,0,0,0,0,0
460099,1,1,0,0,0,0,0,0,0,0,0,0
460099,2,1,0,0,0,0,0,0,0,0,0,0
460100,1,1,0,0,0,0,0,0,0,0,0,0
460100,2,1,0,0,0,0,0,0,0,0,0,0
460101,0,1,13,13,13,13,13,13,13,13,13,13
460101,1,1,0,0,0,0,9,16,0,8,14,0
460102,1,1,22,22,22,22,22,22,22,22,22,22
460103,1,1,0,0,0,0,0,0,0,0,0,0
460104,1,1,0,0,0,0,0,0,0,0,0,0
460104,2,1,0,0,0,0,0,0,0,0,0,0
460105,1,1,0,0,0,0,0,0,0,0,0,0
460105,2,1,0,0,0,0,0,0,0,0,0,0
460106,1,2,0,21,18,0,0,0,17,23,0,0
460107,1,1,0,0,0,0,0,0,0,0,0,0
460107,2,1,0,0,0,0,0,0,0,0,0,0
460108,1,1,24,24,24,24,24,24,24,24,24,24
460109,1,1,18,18,18,18,18,18,18,18,18,18
460110,1,1,20,20,20,20,20,20,20,20,20,20
460111,1,1,13,13,13,13,13,13,13,13,13,13
460111,2,1,0,0,0,0,0,0,0,0,0,0
460112,1,1,0,0,0,0,0,0,0,0,0,0
460112,2,1,0,0,0,0,0,0,0,0,0,0
460112,3,1,0,0,0,0,0,0,0,0,0,0
460113,1,1,0,0,0,0,0,0,0,0,0,0
460114,1,1,28,28,28,28,28,28,28,28,28,28
460115,1,1,7,7,7,7,7,7,7,7,7,7
460115,2,1,0,0,0,0,0,0,0,0,0,0
460116,1,1,21,21,21,21,21,21,21,21,21,21
460116,2,1,0,0,0,0,0,0,0,0,0,0
460117,1,1,0,0,0,0,0,0,0,0,0,0
460117,2,1,0,0,0,0,0,0,0,0,0,0
460118,1,1,0,0,0,0,0,0,21,0,0,0
460118,2,1,0,0,8,0,15,0,0,0,0,0
460119,1,1,0,0,26,0,0,0,2,28,0,0
460119,2,1,0,0,0,0,0,0,0,0,0,0
460119,3,1,0,0,0,0,0,0,0,0,0,0
460120,1,1,14,14,14,14,14,14,14,14,14,14
460120,2,1,0,0,0,0,0,0,0,0,0,0
460121,0,1,25,25,25,25,25,25,25,25,25,25
460121,1,1,0,0,0,0,0,0,0,0,0,0
460122,1,1,0,0,0,0,0,0,0,0,0,0
460122,2,1,27,27,27,27,27,27,27,27,27,27
460123,1,1,0,0,0,0,0,0,0,0,0,0
460123,2,1,0,0,0,0,0,0,0,0,0,0
460124,1,1,0,0,0,0,0,0,0,0,0,0
460125,1,1,0,0,0,0,0,0,0,0,0,0
460125,2,1,0,0,0,0,0,0,0,0,0,0
470001,1,1,0,0,0,0,0,0,0,0,0,0
470001,2,1,0,0,0,0,15,0,0,13,0,0
470002,1,1,16,28,9,17,8,28,24,5,20,14
470003,1,1,17,17,17,17,17,17,17,17,17,17
470004,1,1,25,25,25,25,25,25,25,25,25,25
470005,1,1,0,0,0,0,0,0,0,0,0,0
470006,1,1,0,0,0,0,0,0,0,0,0,0
470006,2,1,0,0,0,0,0,0,0,0,0,0
470007,0,1,0,0,0,0,0,0,0,0,0,0
470007,1,1,0,0,0,0,0,0,0,0,0,0
470008,1,1,24,0,0,6,17,0,0,8,16,11
470009,0,1,0,0,0,0,0,0,0,0,0,0
470009,1,1,0,0,0,0,0,0,0,0,0,0
470010,1,1,12,0,8,11,5,12,0,0,0,19
470011,0,1,0,0,26,0,0,0,0,33,0,15
470011,0,2,0,0,0,0,0,0,0,0,0,0
470011,1,1,0,0,0,3,0,15,0,0,8,0
470012,1,1,0,0,0,0,0,0,0,0,10,0
470012,2,1,0,0,0,6,0,0,0,0,0,0
470014,1,1,17,17,17,17,17,17,17,17,17,17
470015,1,1,0,0,0,0,0,0,0,0,0,0
470015,2,1,0,0,0,9,0,0,0,0,0,0
470015,3,1,0,0,0,12,0,8,0,16,0,0
470016,1,1,0,0,0,0,0,0,0,0,0,0
470017,0,1,0,22,0,39,33,0,0,32,49,34
470017,1,1,0,0,0,0,0,0,0,0,0,0
470019,1,1,0,0,0,0,0,0,0,0,0,0
470020,1,1,13,13,13,13,13,13,13,13,13,13
470021,1,1,0,0,0,0,0,0,25,0,0,0
470021,2,1,0,0,0,0,0,0,0,0,0,0
470022,1,1,31,31,31,31,31,31,31,31,31,31
470023,1,1,14,14,14,14,14,14,14,14,14,14
470024,0,1,21,0,5,0,0,17,0,0,23,0
470024,1,1,0,0,0,0,0,0,0,0,0,0
470025,1,1,0,0,0,0,0,0,0,0,0,0
470026,1,1,0,0,0,0,0,0,0,0,0,0
470027,0,1,0,0,0,0,0,0,0,0,0,0
470027,1,1,0,0,0,0,0,0,0,0,0,0
470028,1,1,23,23,23,23,23,23,23,23,23,23
470028,2,1,0,0,0,0,0,0,0,0,0,0
470029,1,1,0,0,0,0,0,0,0,0,0,0
470029,2,1,0,0,0,0,0,0,0,0,0,0
470030,1,1,0,0,0,0,0,0,7,0,0,0
470030,2,1,0,0,0,0,0,0,0,0,0,0
470031,1,1,16,16,16,16,16,16,16,16,16,16
470032,1,1,0,0,0,27,0,14,31,25,55,19
470033,0,1,0,0,0,0,0,0,0,0,0,0
470033,1,1,0,0,0,0,0,0,0,0,0,0
470034,1,1,0,0,0,0,0,0,0,0,0,0
470035,1,1,23,23,23,23,23,23,23,23,23,23
470036,1,1,17,17,17,17,17,17,17,17,17,17
470037,1,1,21,21,21,21,21,21,21,21,21,21
470038,0,1,0,0,0,0,0,0,0,0,0,0
470038,1,1,0,0,0,0,0,0,0,0,0,0
470039,1,1,19,19,19,19,19,19,19,19,19,19
470040,1,1,0,0,0,0,0,0,0,0,0,0
470040,2,1,0,0,0,0,0,0,0,0,0,0
470042,1,1,0,0,0,0,0,0,0,0,0,0
470043,1,1,21,15,0,26,0,28,0,0,27,8
470044,1,1,0,0,14,0,22,0,8,18,0,9
470045,1,1,0,0,0,0,0,0,0,0,0,0
470046,1,1,14,14,14,14,14,14,14,14,14,14
470047,1,1,0,0,0,0,0,0,0,0,0,0
470048,1,1,0,0,0,0,0,0,0,0,0,0
470049,1,1,0,0,0,0,0,0,0,0,0,0
470050,1,1,0,0,0,0,0,0,18,0,0,0
470050,2,1,0,0,0,0,0,0,0,0,0,0
470051,1,1,0,0,0,0,0,0,0,0,0,0
470051,2,1,0,0,0,0,0,0,0,0,0,0
470052,0,1,0,0,0,0,0,0,0,0,0,0
470052,1,1,0,0,0,0,0,0,0,0,0,0
470053,1,1,0,0,0,0,0,0,0,0,0,0
470053,2,1,0,0,0,0,0,0,0,0,8,0
470054,1,1,17,0,0,0,0,0,8,8,23,0
470055,1,1,0,0,0,0,0,0,0,0,0,0
470055,2,1,0,0,0,0,0,0,0,0,0,0
470055,3,1,0,0,0,0,0,0,0,0,0,0
470056,1,1,0,0,0,0,0,0,0,0,0,0
470056,2,1,24,24,24,24,24,24,24,24,24,24
470056,3,1,5,5,5,5,5,5,5,5,5,5
470056,4,1,0,0,0,0,0,0,0,0,0,0
470057,1,1,13,13,13,13,13,13,13,13,13,13
470058,1,1,0,0,0,0,0,0,0,18,0,22
470059,1,1,0,0,0,0,0,0,0,0,0,0
470060,1,1,0,0,0,0,29,0,0,0,0,9
470060,2,1,0,0,0,0,0,0,0,0,0,0
470061,1,1,8,0,0,0,0,0,0,19,19,0
470062,1,1,18,18,18,18,18,18,18,18,18,18
470063,1,1,0,0,0,0,0,0,0,0,0,0
470065,0,1,28,28,28,28,28,28,28,28,28,28
470065,1,1,0,0,0,0,0,0,0,0,0,0
470066,1,1,0,0,23,0,0,0,27,0,6,0
470066,2,1,0,0,0,0,0,0,0,0,0,0
470067,1,1,0,0,0,0,0,0,0,0,0,0
470068,1,1,15,15,15,15,15,15,15,15,15,15
470069,1,1,2,2,2,2,2,2,2,2,2,2
470070,1,1,0,0,0,0,0,0,0,0,0,0
470070,2,1,0,0,11,0,0,12,0,0,0,0
470071,1,1,16,22,29,0,0,12,9,0,0,18
470072,0,1,0,0,0,15,0,0,0,0,0,0
470072,0,2,0,0,0,0,0,0,0,0,0,0
470072,1,1,0,0,0,0,0,0,0,0,0,0
470072,2,1,0,0,0,0,0,0,0,0,0,0
470073,1,1,0,0,0,0,0,0,0,0,0,0
470073,2,1,0,0,0,0,0,0,0,0,0,0
470074,1,1,0,0,0,0,0,20,0,0,0,0
470075,1,1,0,0,0,0,0,0,0,0,0,0
470076,1,1,0,0,0,1,0,0,0,0,0,0
470076,2,1,0,0,0,0,0,0,0,0,0,0
470077,1,1,15,15,15,15,15,15,15,15,15,15
470078,1,1,19,19,19,19,19,19,19,19,19,19
470079,1,1,0,0,0,0,0,0,15,0,0,36
470079,2,1,0,0,0,0,0,0,0,0,0,0
470079,3,1,0,0,0,0,0,0,0,0,0,0
470080,1,1,0,0,0,0,0,0,0,0,0,0
470081,1,1,15,15,15,15,15,15,15,15,15,15
470082,1,1,20,14,0,9,0,0,0,0,0,0
470083,1,1,0,0,0,0,0,0,0,0,0,0
470084,0,1,0,0,0,0,0,0,0,0,21,0
470084,1,1,11,0,0,0,16,0,0,0,0,0
470085,1,1,0,0,0,0,0,0,0,0,0,0
470086,1,1,0,0,0,0,0,0,0,0,0,0
470086,2,1,0,0,0,0,0,0,0,0,0,0
470087,1,1,0,0,0,0,0,0,0,0,0,0
470088,1,1,0,0,0,0,0,0,0,0,0,0
470088,2,1,0,7,0,0,14,0,0,0,6,0
470089,1,1,24,24,24,24,24,24,24,24,24,24
470089,2,1,0,0,0,0,0,0,0,0,0,24
470090,1,1,7,7,7,7,7,7,7,7,7,7
470091,1,1,0,0,0,0,0,0,0,0,0,0
470091,2,1,0,0,0,0,23,0,0,0,0,0
470091,3,1,0,0,0,0,0,0,0,0,0,0
470091,4,1,0,0,21,0,0,0,0,0,0,0
470091,5,1,0,0,0,0,0,0,0,0,0,0
470092,1,1,0,0,0,0,0,0,0,0,0,0
470092,2,1,0,0,0,0,0,0,0,0,0,0
470093,1,1,0,0,0,0,0,0,0,0,0,0
470094,1,1,0,0,0,0,0,0,0,0,0,0
470096,1,1,0,0,0,0,0,0,22,0,0,0
470097,2,1,0,0,0,0,0,0,0,0,0,0
470098,0,1,0,0,0,0,0,0,0,0,0,0
470098,1,1,0,0,0,0,0,0,0,0,0,0
470099,1,1,8,27,22,20,18,8,33,15,0,6
470099,2,1,0,0,0,0,0,0,0,0,0,0
470100,1,1,35,0,0,0,0,0,0,0,0,0
470100,2,1,18,0,0,0,0,0,0,0,0,0
470101,1,1,0,0,0,0,0,0,0,0,0,0
470101,2,1,0,0,0,0,0,0,0,0,0,0
470102,1,1,0,0,0,0,0,14,0,0,0,0
470103,1,1,8,8,8,8,8,8,8,8,8,8
470103,2,1,0,0,0,0,0,0,0,0,0,0
470103,3,1,0,0,0,0,0,0,0,0,0,0
470104,1,1,0,0,0,0,0,0,0,0,0,0
470105,1,1,0,0,0,0,0,0,0,0,0,0
470106,1,1,16,16,16,16,16,16,16,16,16,16
470107,1,1,0,0,0,0,0,0,0,0,0,0
470107,2,1,0,0,0,0,0,0,0,0,0,0
470108,1,1,8,8,8,8,8,8,8,8,8,8
470109,1,1,21,21,21,21,21,21,21,21,21,21
470110,1,1,0,0,0,0,0,0,0,0,0,0
470110,2,1,0,13,0,0,0,0,0,0,0,0
470111,1,1,0,0,0,0,0,0,0,0,0,0
470112,1,1,0,0,0,0,0,0,0,0,0,0
470112,2,1,0,0,0,0,0,0,0,0,0,0
470113,1,1,11,0,0,0,0,0,0,0,0,0
470113,2,1,0,0,0,0,0,0,0,0,0,0
470114,1,1,5,5,5,5,5,5,5,5,5,5
470115,1,1,0,0,0,0,0,0,0,0,0,0
470116,0,1,0,39,0,0,26,30,0,0,0,0
470116,1,1,0,0,0,13,4,0,0,0,26,6
470117,1,1,0,0,0,0,0,0,0,0,0,0
470117,2,1,0,0,0,0,0,0,0,0,0,0
470117,3,1,0,0,0,0,0,0,0,0,0,2
470119,1,1,0,15,14,0,2,6,8,6,18,10
470120,1,1,0,0,0,0,0,0,0,0,0,0
470120,2,1,0,0,0,0,0,0,0,0,0,0
470121,1,1,21,21,21,21,21,21,21,21,21,21
470122,1,1,22,22,22,22,22,22,22,22,22,22
470123,1,1,8,7,28,14,0,18,0,0,12,13
470124,1,1,22,22,22,22,22,22,22,22,22,22
470124,2,1,0,10,0,0,0,0,0,0,0,0
470125,1,1,0,0,0,0,0,0,0,0,0,0
470126,1,1,0,0,0,0,0,0,0,0,0,0
470126,2,1,0,0,0,0,0,0,0,0,0,0
470127,0,1,0,0,0,0,0,0,0,0,0,0
470127,1,1,0,0,0,0,0,0,0,0,0,0
470128,0,1,0,0,30,0,12,0,0,0,0,0
470128,1,1,19,0,0,0,0,0,0,0,0,0
470129,1,1,0,0,0,0,0,0,0,0,0,0
470129,2,1,0,0,0,0,0,0,0,0,0,0
470130,1,1,0,0,0,0,0,0,0,0,0,0
470130,2,1,0,0,0,0,0,0,0,0,0,0
470131,1,1,0,0,0,0,0,0,0,0,0,0
470132,1,1,0,0,0,0,0,0,0,0,0,0
470132,2,1,0,0,0,0,0,0,0,0,0,0
470132,3,1,0,0,0,0,0,0,0,11,0,0
470133,1,1,0,0,0,0,0,0,0,0,0,0
470134,1,1,0,0,0,0,0,0,0,0,0,0
470134,2,1,0,0,0,0,0,0,0,0,0,0
470134,3,1,0,0,0,0,0,0,0,0,0,0
470135,1,1,40,40,40,40,40,40,40,40,40,40
470136,1,1,20,20,20,20,20,20,20,20,20,20
470137,1,1,0,0,0,0,0,0,0,0,0,0
470138,1,1,0,0,0,0,0,0,0,0,0,0
470138,2,1,15,0,0,0,0,0,0,0,0,0
470139,1,1,0,0,0,0,0,0,0,0,0,0
470140,1,1,0,0,0,0,0,0,0,0,0,0
470140,2,1,0,0,0,0,0,0,0,0,0,0
470140,3,1,0,0,0,0,0,0,0,0,0,0
470141,1,1,0,27,0,0,0,0,0,0,0,0
470142,1,1,0,0,0,0,0,0,0,0,0,0
470143,1,1,19,17,18,14,12,19,10,17,29,5
470143,2,1,0,0,0,0,0,0,0,0,0,0
470144,1,1,26,2,24,0,10,9,19,12,18,14
470145,1,1,0,0,0,0,15,0,0,0,0,9
470145,2,1,0,0,0,0,0,0,0,0,0,0
470146,1,1,0,0,0,0,0,0,9,0,0,0
470146,2,1,4,4,4,4,4,4,4,4,4,4
470147,1,1,0,0,0,0,0,0,0,0,0,0
470147,2,1,0,0,0,0,0,0,0,0,0,0
470148,1,1,0,0,0,0,4,0,0,7,0,0
470148,2,1,0,0,0,0,0,0,0,0,0,0
470149,1,1,0,0,0,35,0,0,0,0,6,0
470150,1,1,0,25,0,0,0,0,0,0,0,15
470151,1,1,0,0,0,0,0,0,0,0,0,0
470151,2,1,1,1,1,1,1,1,1,1,1,1
470151,3,1,0,0,0,0,0,0,0,0,0,0
470152,1,1,21,0,8,0,0,0,0,0,0,5
470153,0,1,0,0,0,0,0,0,0,0,0,0
470153,1,1,0,0,0,0,0,0,0,0,0,0
470154,1,1,0,0,0,0,0,0,0,0,0,0
470155,1,1,21,21,21,21,21,21,21,21,21,21
470156,1,1,0,0,12,0,0,0,0,0,0,0
470156,2,1,0,0,0,0,0,0,16,0,0,0
470157,1,1,0,0,0,25,0,0,0,0,0,0
470157,2,1,0,0,0,0,0,0,0,0,0,0
470157,3,1,0,0,0,0,0,0,0,0,0,17
470157,4,1,0,0,0,0,0,0,0,0,0,0
470157,5,1,0,0,0,0,0,0,0,0,0,0
470158,1,1,32,32,32,32,32,32,32,32,32,32
470159,1,1,0,16,23,12,16,0,0,0,0,16
470160,0,1,6,15,31,22,26,36,27,20,32,4
470160,1,1,0,0,0,0,0,0,0,0,0,0
470161,1,1,0,0,0,0,0,0,0,0,0,0
470161,2,1,0,0,0,0,0,0,0,0,0,0
470162,1,1,0,0,0,0,0,0,0,0,0,0
470163,1,1,0,0,0,0,0,0,0,0,0,0
470163,2,1,0,0,0,0,0,0,0,0,0,0
470164,1,1,0,0,0,0,0,0,0,0,0,0
470164,2,1,0,0,0,0,0,0,0,0,0,0
470164,3,1,0,0,0,0,0,0,0,0,0,0
470165,1,1,0,0,0,0,0,0,0,0,0,0