ST_CASE,VEH_NO,PER_NO,P1,P2,P3,P4,P5,P6,P7,P8,P9,P10
470166,1,1,0,0,0,0,0,0,0,0,0,0
470167,1,1,0,0,0,14,12,3,10,0,0,0
470168,1,1,0,0,0,0,0,0,0,0,0,0
470168,2,1,0,0,0,0,0,0,0,0,0,0
470169,1,1,21,21,21,21,21,21,21,21,21,21
470169,2,1,0,0,0,0,0,0,0,0,0,0
470170,1,1,0,0,0,0,0,0,0,0,0,0
470170,2,1,0,0,0,0,0,0,0,0,0,0
470172,1,1,23,23,23,23,23,23,23,23,23,23
470173,0,1,0,18,0,0,0,0,0,0,0,10
470173,1,1,0,0,20,0,0,0,0,29,16,8
470174,1,1,0,0,0,10,0,0,0,0,0,12
470175,1,1,0,0,0,0,0,19,0,0,19,0
470176,1,1,0,0,0,0,0,0,0,0,0,0
470176,2,1,0,0,0,0,0,4,0,0,0,0
470177,1,1,0,0,0,0,0,0,0,0,0,0
470178,1,1,0,0,0,7,0,0,0,0,0,0
470178,2,1,0,4,0,0,0,0,0,0,0,0
470179,1,1,0,0,0,0,0,0,0,0,0,0
470179,2,1,0,0,0,0,0,5,0,0,0,0
470180,1,1,27,27,27,27,27,27,27,27,27,27
470181,1,1,0,22,0,0,0,0,0,0,0,10
470182,1,1,0,0,0,0,0,0,0,0,0,0
470182,2,1,0,0,0,0,0,0,0,0,0,0
470182,3,1,0,0,0,0,0,0,0,0,0,0
470183,1,1,0,0,0,8,0,0,0,0,0,0
470183,2,1,0,19,0,0,0,0,0,0,30,0
470184,0,1,28,0,0,0,0,23,37,0,27,0
470184,1,1,15,0,0,0,0,0,0,0,0,0
470185,1,1,0,20,0,0,0,0,10,0,0,0
470186,1,1,0,0,0,0,0,0,0,0,0,0
470187,1,1,15,15,15,15,15,15,15,15,15,15
470187,2,1,3,3,3,3,3,3,3,3,3,3
470188,1,1,0,0,0,0,0,0,0,0,0,0
470189,1,1,15,15,15,15,15,15,15,15,15,15
470190,1,1,0,0,0,0,0,0,0,16,0,0
470191,1,1,0,0,0,0,0,0,0,0,0,0
470191,2,1,0,0,0,0,0,0,0,0,0,0
470192,1,1,17,24,15,16,19,19,28,16,17,23
470193,1,1,0,9,0,0,0,0,0,0,0,0
470193,2,1,0,0,0,0,0,0,0,0,0,0
470194,1,1,0,0,0,0,0,0,0,0,0,0
470195,0,1,0,0,0,0,0,0,0,0,0,0
470195,0,2,0,0,0,0,0,0,0,0,0,0
470195,1,1,0,0,0,0,0,0,0,0,0,0
470196,1,1,13,12,15,0,14,0,18,26,0,0
470198,1,1,0,0,0,0,0,0,0,0,0,0
470198,2,1,0,0,0,0,0,0,0,0,0,0
470199,1,1,0,0,0,0,0,0,0,0,0,0
470199,2,1,0,0,0,0,0,0,0,0,0,0
470200,1,1,0,0,0,6,0,0,0,0,0,0
470200,2,1,0,0,0,0,0,0,0,0,0,0
470200,3,1,0,0,0,0,0,0,0,0,0,0
470201,1,1,0,0,0,0,0,0,0,0,0,0
470201,2,1,0,0,0,0,0,0,0,0,0,0
470202,1,1,19,0,0,0,25,0,0,0,0,0
470203,1,1,26,26,26,26,26,26,26,26,26,26
470203,2,1,0,0,0,0,0,0,0,0,0,0
470204,1,1,0,0,0,0,0,26,0,0,13,0
470204,2,1,0,0,0,0,0,0,0,0,0,0
470204,3,1,0,0,0,0,0,0,0,0,0,0
470204,4,1,0,19,0,10,0,0,0,0,10,0
470204,5,1,0,0,0,0,0,7,0,0,0,0
470204,6,1,0,0,7,0,0,0,0,0,0,0
470204,7,1,0,0,0,0,0,0,18,0,0,0
470204,8,1,0,0,0,0,0,0,0,0,0,0
470204,9,1,0,0,0,0,0,0,0,0,0,0
470204,10,1,0,0,0,0,0,0,0,0,0,0
470205,1,1,13,13,13,13,13,13,13,13,13,13
470206,1,1,0,0,0,0,0,0,0,0,0,0
470207,1,1,0,0,0,31,0,0,0,0,0,0
470207,2,1,0,0,0,0,0,0,0,0,0,0
470208,0,1,0,4,26,30,14,0,15,20,0,14
470208,1,1,0,0,0,0,0,0,0,0,0,0
470209,1,1,0,0,11,0,0,0,0,0,0,0
470210,1,1,33,33,33,33,33,33,33,33,33,33
470211,1,1,10,29,32,8,15,41,17,29,19,20
470212,0,1,0,0,0,0,0,0,0,0,0,0
470212,1,1,0,0,0,0,0,0,0,0,0,0
470213,1,1,0,0,0,0,0,0,0,0,0,0
470214,0,1,0,0,30,32,0,28,0,14,18,25
470214,1,1,20,11,9,8,12,3,3,4,0,34
470215,1,1,0,0,0,0,0,0,0,0,0,0
470215,2,1,6,6,6,6,6,6,6,6,6,6
470216,1,1,14,14,14,14,14,14,14,14,14,14
470217,0,1,30,30,30,30,30,30,30,30,30,30
470217,1,1,0,5,0,0,16,0,0,5,13,0
470218,1,1,0,0,0,0,0,0,0,0,0,0
470218,2,1,0,0,0,0,0,0,0,0,0,0
470218,3,1,0,0,0,0,0,0,0,0,0,0
470219,0,1,0,0,0,0,0,0,0,0,0,0
470219,0,2,0,0,0,0,17,0,0,0,0,0
470219,0,3,0,0,0,0,0,0,0,0,0,0
470219,1,1,0,0,0,0,0,0,0,0,0,0
470220,1,1,0,0,0,15,0,0,0,0,0,0
470221,1,1,0,23,0,0,7,0,0,0,0,0
470221,2,1,0,0,0,0,0,0,0,0,0,0
470222,1,1,0,9,0,0,0,0,14,0,0,0
470223,1,1,7,7,7,7,7,7,7,7,7,7
470223,2,1,0,0,0,0,0,0,0,0,0,0
470224,0,1,0,0,0,0,0,0,0,0,0,0
470224,1,1,0,0,0,18,0,0,0,30,0,0
470225,1,1,18,18,18,18,18,18,18,18,18,18
470225,2,1,0,0,0,0,0,0,0,0,0,0
470226,1,1,0,0,0,0,0,0,0,9,0,0
470227,0,1,0,0,0,0,0,0,0,0,25,0
470227,1,1,0,0,0,0,0,0,0,11,0,0
470227,2,1,0,0,0,0,0,0,0,0,0,0
470228,1,1,0,0,0,0,0,0,0,0,0,0
470229,1,1,2,2,2,2,2,2,2,2,2,2
470230,1,1,0,0,0,0,0,0,0,0,0,0
470231,1,1,0,0,0,0,0,0,0,0,0,0
470231,2,1,0,0,0,0,0,0,0,0,0,0
470231,3,1,0,0,0,0,0,0,0,0,0,0
470232,1,1,0,0,0,0,0,0,0,0,0,0
470232,2,1,0,0,0,0,0,0,0,0,0,0
470232,3,1,0,0,0,0,0,0,0,0,0,0
470233,1,1,10,10,10,10,10,10,10,10,10,10
470233,2,1,0,0,0,0,0,0,0,0,0,0
470234,1,1,19,0,0,0,10,0,9,10,0,0
470235,1,1,0,0,0,0,0,0,0,0,0,0
470236,1,1,0,0,0,0,0,0,0,0,0,0
470236,2,1,0,0,0,0,0,0,0,0,0,0
470237,1,1,0,0,0,0,0,0,0,0,0,0
470237,2,1,0,0,0,0,0,0,0,0,0,0
470238,1,1,0,0,0,0,0,0,0,0,0,0
470238,2,1,0,0,0,0,0,0,0,0,0,0
470239,1,1,0,0,0,0,0,0,0,0,0,0
470239,2,1,0,0,0,0,0,0,0,0,0,0
470239,3,1,0,0,0,0,0,0,25,0,0,0
470240,1,1,0,0,0,0,0,0,0,0,0,0
470241,1,1,0,0,0,0,0,0,0,0,0,0
470242,1,1,0,0,0,0,0,0,0,0,0,0
470243,1,1,40,40,40,40,40,40,40,40,40,40
470244,1,1,0,0,0,0,0,0,0,0,0,0
470245,1,1,1,1,1,1,1,1,1,1,1,1
470246,1,1,0,0,0,0,0,0,0,0,0,0
470246,2,1,0,0,0,0,0,0,0,0,0,0
470247,1,1,33,33,33,33,33,33,33,33,33,33
470248,0,1,0,29,13,0,20,0,0,0,20,7
470248,1,1,0,0,0,0,9,0,0,0,0,0
470249,1,1,0,0,0,0,0,0,0,0,0,0
470250,1,1,0,0,0,0,20,0,26,0,0,0
470250,2,1,0,10,0,0,17,0,0,0,0,0
470251,1,1,0,21,0,9,0,0,0,18,0,4
470252,0,1,10,10,10,10,10,10,10,10,10,10
470252,1,1,0,0,0,0,0,0,6,0,0,0
470253,1,1,0,0,0,0,0,0,0,0,0,0
470253,2,1,0,0,0,0,0,0,0,0,0,0
470254,1,1,2,2,2,2,2,2,2,2,2,2
470254,2,1,0,0,0,0,0,0,0,0,0,0
470255,1,1,11,11,11,11,11,11,11,11,11,11
470256,1,1,0,0,0,0,0,0,0,0,0,0
470256,2,1,0,0,0,0,0,0,0,0,0,0
470257,1,1,0,0,0,0,0,0,0,0,0,0
470257,2,1,0,0,0,42,0,0,0,0,0,0
470258,1,1,16,16,16,16,16,16,16,16,16,16
470259,1,1,0,0,0,0,0,0,0,0,0,0
470259,2,1,0,2,0,0,0,0,0,0,0,0
470259,3,1,0,0,0,0,0,0,0,0,0,0
470260,1,1,0,0,0,0,0,0,0,0,0,0
470260,2,1,0,0,0,0,0,0,0,0,0,0
470260,3,1,0,0,0,0,0,0,0,0,0,0
470261,1,1,0,0,0,0,0,0,0,0,0,0
470262,1,1,31,31,31,31,31,31,31,31,31,31
470262,2,1,0,0,0,0,0,0,0,0,0,0
470263,1,1,22,22,22,22,22,22,22,22,22,22
470264,1,1,0,0,0,0,0,0,0,18,0,0
470264,2,1,0,0,0,0,0,0,0,0,0,0
470264,3,1,0,0,0,0,0,0,0,0,0,0
470265,1,1,0,0,0,0,0,0,0,0,0,0
470266,1,1,20,20,20,20,20,20,20,20,20,20
470267,1,1,0,0,0,0,0,0,11,0,0,0
470267,2,1,0,0,0,0,0,0,0,0,12,0
470269,1,1,11,0,0,0,37,0,0,0,0,0
470269,2,1,0,16,0,0,0,9,0,0,0,0
470269,3,1,0,0,0,0,0,0,0,10,0,0
470270,0,1,29,15,0,19,0,3,19,0,3,0
470270,1,1,15,15,15,15,15,15,15,15,15,15
470271,1,1,0,0,0,0,0,0,0,0,0,0
470271,2,1,0,0,0,0,0,0,0,0,0,0
470272,1,1,0,0,0,0,0,0,0,0,0,0
470273,1,1,0,19,0,0,23,18,7,0,0,22
470274,1,1,0,0,0,0,0,0,0,0,0,0
470274,2,1,0,0,0,0,0,0,0,0,0,0
470275,1,1,21,21,21,21,21,21,21,21,21,21
470275,2,1,2,0,0,0,0,0,0,0,0,0
470276,1,1,9,9,9,9,9,9,9,9,9,9
470277,1,1,0,0,0,0,0,0,0,0,0,0
470277,2,1,0,0,0,0,0,0,0,0,0,0
470278,1,1,0,0,0,9,19,0,0,35,0,20
470279,1,1,0,0,0,0,0,0,0,0,0,0
470279,2,1,0,0,0,0,0,0,0,0,0,0
470280,1,1,16,0,0,0,14,0,0,0,0,0
470281,0,1,10,12,31,0,37,25,22,0,0,19
470281,1,1,0,0,0,0,0,0,32,5,0,11
470282,0,1,0,12,0,0,13,0,0,17,0,0
470282,1,1,0,0,0,0,0,0,0,0,0,0
470283,1,1,0,0,0,0,0,0,0,0,0,0
470284,1,1,0,0,0,0,0,0,0,0,0,0
470284,2,1,0,0,0,0,0,0,0,0,0,0
470285,1,1,23,23,23,23,23,23,23,23,23,23
470286,1,1,0,0,0,0,0,0,0,0,0,0
470287,1,1,0,0,2,0,0,0,0,0,0,0
470287,2,1,0,0,0,0,0,0,0,18,0,0
470287,3,1,0,0,0,0,0,0,0,0,0,0
470287,4,1,0,0,0,0,0,0,0,0,0,0
470288,0,1,0,14,0,33,0,19,0,6,0,0
470288,1,1,18,18,18,18,18,18,18,18,18,18
470289,1,1,10,10,10,10,10,10,10,10,10,10
470290,1,1,0,0,0,0,0,0,0,0,0,0
470291,1,1,9,9,9,9,9,9,9,9,9,9
470291,2,1,0,0,0,0,0,0,0,0,0,0
470292,1,1,0,0,0,0,0,0,0,0,0,0
470293,1,1,0,0,0,0,0,0,0,0,0,0
470293,2,1,0,0,0,0,0,0,0,0,0,0
470294,1,1,0,0,0,0,0,0,0,0,0,0
470294,2,1,0,0,0,0,0,0,0,0,0,0
470295,1,1,0,0,0,0,0,0,0,0,0,0
470295,2,1,0,0,0,0,0,0,0,0,0,0
470296,1,1,0,0,0,0,0,0,6,0,0,0
470297,1,1,0,0,0,0,0,0,0,0,0,0
470297,2,1,0,0,0,0,0,0,0,0,0,0
470298,0,1,0,0,0,0,0,0,0,0,0,0
470298,1,1,0,0,0,0,0,0,0,0,0,0
470299,1,1,0,0,0,0,15,0,0,20,0,0
470299,2,1,0,0,0,0,0,0,14,0,0,0
470300,1,1,0,0,0,0,0,0,0,0,0,0
470300,2,1,0,0,0,0,0,0,0,0,0,0
470301,1,1,0,0,0,0,0,0,0,0,0,0
470301,2,1,0,0,0,0,0,0,0,0,0,0
470302,1,1,0,0,0,0,0,0,0,0,0,0
470303,1,1,0,0,0,0,0,0,0,0,0,0
470304,1,1,0,0,0,0,0,0,0,0,0,0
470304,2,1,0,0,0,0,0,0,0,0,0,0
470305,1,1,0,0,0,0,0,0,0,0,0,0
470306,1,1,0,0,0,0,0,0,0,0,0,0
470307,1,1,32,32,32,32,32,32,32,32,32,32
470308,1,1,0,0,0,0,0,0,0,0,0,0
470309,1,1,0,0,0,0,0,0,0,0,0,0
470309,2,1,0,0,0,0,0,0,0,0,0,0
470310,1,1,0,0,0,0,0,0,0,0,0,0
470310,2,1,0,0,0,0,0,0,0,0,0,0
470311,1,1,0,0,0,0,0,0,0,0,0,0
470311,2,1,0,0,0,0,0,0,0,0,0,0
470312,1,1,4,22,0,14,0,10,0,12,14,12
470313,1,1,0,0,0,0,0,0,0,0,0,0
470314,1,1,0,0,0,0,0,0,0,0,0,0
470314,2,1,0,0,0,0,0,0,0,0,0,0
470315,0,1,0,0,0,0,0,28,0,0,0,0
470315,1,1,0,0,0,0,0,0,0,0,0,0
470316,1,1,0,0,0,0,0,0,0,0,0,0
470317,1,1,0,0,0,0,0,0,0,0,0,0
470317,2,1,0,0,0,0,0,0,0,0,0,0
470318,1,1,0,0,0,0,0,0,0,0,0,0
470319,1,1,0,0,0,0,0,0,0,0,0,0
470319,2,1,0,0,0,0,0,0,0,0,0,0
470321,1,1,0,0,0,0,0,0,0,0,0,0
470322,1,1,0,0,0,0,0,0,0,0,0,0
470322,2,1,0,0,0,0,0,0,0,0,13,0
470322,3,1,0,0,0,0,0,0,0,0,12,0
470322,4,1,0,0,0,0,0,0,0,0,0,0
470322,5,1,0,0,0,0,0,0,0,0,0,0
470322,6,1,0,0,0,0,0,0,0,0,0,0
470323,1,1,0,0,0,0,0,0,0,0,0,0
470323,2,1,0,0,0,0,0,9,0,0,0,0
470324,1,1,11,11,11,11,11,11,11,11,11,11
470325,1,1,18,18,18,18,18,18,18,18,18,18
470326,1,1,0,0,0,0,0,0,0,0,0,0
470327,1,1,6,6,6,6,6,6,6,6,6,6
470327,2,1,0,0,0,0,0,0,0,12,0,0
470327,3,1,0,0,0,0,4,0,0,0,0,0
470327,4,1,0,0,0,0,0,0,0,0,0,0
470328,1,1,0,18,0,0,6,0,9,7,11,27
470329,1,1,0,0,0,26,0,0,0,0,0,0
470330,1,1,0,0,0,0,0,0,0,0,0,0
470331,0,1,0,0,0,21,0,0,0,0,0,0
470331,1,1,0,0,20,0,0,0,0,0,0,0
470332,1,1,0,0,0,0,0,0,0,0,0,0
470332,2,1,0,0,0,0,0,0,0,0,0,0
470333,1,1,0,0,0,0,0,0,0,0,0,0
470333,2,1,0,0,0,0,0,0,0,0,33,0
470334,1,1,28,28,28,28,28,28,28,28,28,28
470335,1,1,0,20,7,21,29,0,12,18,11,17
470336,1,1,26,26,26,26,26,26,26,26,26,26
470337,1,1,17,17,17,17,17,17,17,17,17,17
470338,1,1,23,0,0,0,0,0,0,0,14,0
470338,2,1,0,0,0,0,0,0,0,0,0,0
470339,1,1,0,0,0,0,0,0,0,0,0,0
470339,2,1,0,0,0,0,0,0,0,0,0,0
470340,0,1,0,0,0,0,0,0,0,0,0,0
470340,1,1,0,0,0,0,0,0,0,0,0,0
470340,2,1,0,0,0,0,0,0,0,0,0,0
470341,1,1,12,0,4,0,0,0,0,0,0,0
470342,1,1,0,0,0,0,0,0,0,0,0,0
470342,2,1,0,0,0,0,0,0,0,0,0,0
470342,3,1,0,0,0,0,0,0,0,0,0,0
470343,1,1,26,26,26,26,26,26,26,26,26,26
470344,1,1,0,0,0,0,0,0,0,0,0,0
470344,2,1,0,0,0,0,0,0,0,0,0,0
470345,1,1,0,0,0,0,0,0,0,0,0,0
470346,1,1,15,15,15,15,15,15,15,15,15,15
470347,1,1,0,3,21,14,0,23,22,6,11,18
470348,1,1,18,18,18,18,18,18,18,18,18,18
470349,1,1,14,14,14,14,14,14,14,14,14,14
470350,1,1,0,0,0,0,0,0,0,0,0,0
470351,1,1,0,0,0,0,0,0,0,0,0,0
470352,1,1,13,18,14,25,7,10,29,21,20,11
470353,1,1,0,0,0,0,0,0,0,0,0,0
470353,2,1,0,0,0,0,0,0,0,0,0,0
470354,1,1,0,0,0,0,0,0,35,0,0,0
470355,1,1,0,0,0,0,0,0,0,0,0,0
470355,2,1,0,0,0,0,0,0,0,0,0,0
470356,1,1,4,4,4,4,4,4,4,4,4,4
470357,1,1,0,0,0,0,0,0,0,23,0,0
470357,2,1,0,0,0,0,0,0,0,0,0,0
470358,1,1,0,0,0,0,0,0,0,0,0,0
470359,1,1,13,13,13,13,13,13,13,13,13,13
470360,1,1,0,0,0,0,0,0,0,0,0,0
470360,2,1,0,0,0,0,0,0,0,0,0,0
470360,3,1,0,0,0,0,0,0,0,0,0,0
470361,1,1,29,29,29,29,29,29,29,29,29,29
470362,0,1,0,0,0,0,0,0,0,0,0,0
470362,1,1,0,0,0,0,0,0,0,0,0,0
470363,1,1,0,0,31,0,9,0,0,0,0,0
470363,2,1,0,0,0,0,0,0,0,0,0,0
470363,3,1,0,0,26,0,0,0,0,0,0,0
470364,1,1,0,0,0,0,0,0,0,0,0,0
470365,1,1,0,0,0,0,0,0,0,0,0,0
470365,2,1,0,0,0,0,0,0,0,0,0,0
470366,1,1,0,0,0,0,0,0,0,0,0,0
470367,1,1,0,0,0,0,0,0,8,0,0,0
470367,2,1,0,0,0,0,0,0,0,0,0,0
470367,3,1,0,0,0,0,0,0,0,0,0,0
470368,0,1,0,0,0,0,0,0,0,0,0,0
470368,1,1,0,0,0,0,0,0,10,0,0,0
470369,1,1,0,0,0,0,0,0,0,0,0,0
470370,1,1,0,0,0,0,0,0,0,0,0,0
470371,1,1,14,14,14,14,14,14,14,14,14,14
470371,2,1,0,0,0,0,0,0,0,0,0,0
470372,1,1,15,15,15,15,15,15,15,15,15,15
470373,1,1,11,11,11,11,11,11,11,11,11,11
470374,1,1,0,0,0,0,0,0,0,0,0,0
470374,2,1,0,0,0,0,0,10,0,0,0,0
470375,1,1,22,22,22,22,22,22,22,22,22,22
470377,1,1,13,13,13,13,13,13,13,13,13,13
470378,0,1,0,36,0,0,0,0,0,0,0,0
470378,1,1,37,37,37,37,37,37,37,37,37,37
470379,1,1,0,0,0,0,0,0,0,0,0,0
470379,2,1,0,0,0,0,0,0,0,0,0,0
470380,1,1,0,0,0,0,0,0,0,0,0,0
470381,1,1,14,14,14,14,14,14,14,14,14,14
470381,2,1,0,0,0,0,0,0,0,0,0,0
470382,1,1,0,0,0,0,0,0,0,0,0,0
470383,1,1,17,17,17,17,17,17,17,17,17,17
470383,2,1,0,0,0,0,0,0,0,0,0,0
470384,1,1,0,0,0,0,0,0,0,0,0,0
470384,2,1,0,0,0,0,0,0,0,0,0,0
470385,1,1,0,0,0,0,0,0,0,0,0,0
470386,1,1,0,0,0,0,0,0,0,0,0,0
470387,1,1,0,0,0,0,0,0,0,0,0,0
470388,1,1,0,0,0,0,0,0,0,0,0,0
470389,1,1,0,0,0,0,0,0,0,0,0,0
470389,2,1,15,15,15,15,15,15,15,15,15,15
470390,1,1,0,0,0,0,0,0,0,0,0,0
470391,1,1,0,0,0,0,0,0,0,0,0,0
470391,2,1,0,0,0,0,0,0,0,0,0,0
470392,1,1,0,0,0,0,0,0,0,0,0,0
470393,1,1,0,0,0,0,0,0,0,0,0,0
470394,1,1,33,33,33,33,33,33,33,33,33,33
470395,1,1,10,10,10,10,10,10,10,10,10,10
470396,1,1,0,0,0,0,0,0,0,0,0,0
470397,1,1,12,0,0,0,0,17,0,0,0,30
470398,1,1,0,0,0,0,0,0,0,0,41,0
470398,2,1,0,0,0,0,0,0,0,0,0,0
470399,1,1,0,9,0,0,0,0,0,17,0,0
470399,2,1,0,0,0,0,0,0,0,0,0,0
470400,1,1,24,24,24,24,24,24,24,24,24,24
470400,2,1,0,0,0,0,0,0,0,0,0,0
470401,1,1,0,0,0,0,0,0,0,0,0,0
470402,1,1,0,0,0,0,0,0,0,0,0,0
470402,2,1,0,0,0,0,0,0,0,0,0,0
470403,0,1,0,0,0,0,0,0,0,0,0,0
470403,1,1,19,14,0,0,0,0,0,0,0,0
470404,1,1,0,0,0,0,0,0,0,0,0,0
470404,2,1,0,0,0,0,0,0,0,0,0,0
470405,1,1,25,25,25,25,25,25,25,25,25,25
470406,1,1,0,0,0,0,0,0,0,0,0,0
470406,2,1,0,0,0,0,0,0,0,0,0,0
470407,1,1,0,0,0,0,0,0,0,0,0,0
470407,2,1,0,0,0,0,0,0,0,0,0,0
470408,1,1,0,0,0,0,0,0,0,0,0,0
470409,1,1,0,0,0,0,0,0,0,0,0,0
470410,1,1,0,0,0,0,0,0,0,0,0,0
470410,2,1,0,0,0,0,0,0,0,0,0,0
470411,1,1,0,0,0,0,0,0,0,0,0,0
470412,1,1,0,0,0,0,0,0,0,0,0,0
470412,2,1,0,0,0,0,0,0,0,0,0,0
470412,3,1,0,0,0,0,0,0,0,0,0,0
470413,1,1,0,0,0,0,0,0,0,0,0,0
470414,1,1,0,0,0,0,0,0,0,0,0,0
470414,2,1,0,0,0,0,0,0,0,0,0,0
470415,1,1,0,0,20,0,26,0,0,0,0,0
470416,1,1,0,0,0,0,0,0,0,0,0,0
470416,2,1,0,0,0,0,0,0,19,0,0,0
470417,1,1,0,0,0,0,0,0,0,0,0,0
470417,2,1,0,0,0,0,0,0,0,0,0,0
470417,3,1,0,0,0,0,0,0,0,0,0,0
470418,0,1,0,0,0,0,0,0,0,0,0,0
470418,1,1,19,0,0,0,0,0,0,0,0,0
470419,1,1,0,0,0,0,0,0,0,0,0,0
470419,2,1,0,0,0,0,0,0,0,0,0,0
470420,1,1,8,0,18,0,0,0,11,15,0,8
470420,2,1,12,12,12,12,12,12,12,12,12,12
470421,1,1,0,0,18,0,0,0,0,0,0,0
470422,1,1,7,7,7,7,7,7,7,7,7,7
470423,1,1,0,0,8,0,20,13,0,0,11,0
470423,2,1,0,16,0,0,0,0,0,0,0,0
470424,1,1,0,0,0,0,0,0,0,0,0,0
470424,2,1,0,0,0,0,0,0,0,0,0,0
470424,3,1,0,0,0,0,0,0,0,0,0,0
470424,4,1,0,0,0,0,0,0,0,0,0,0
470424,5,1,0,0,0,0,0,0,0,0,0,0
470425,1,1,0,0,0,0,0,0,0,0,0,0
470425,2,1,0,0,0,0,0,0,0,0,0,0
470426,1,1,0,0,0,0,0,0,0,0,0,0
470426,2,1,0,0,0,0,0,0,0,0,0,0
470426,3,1,0,0,0,0,0,0,0,0,0,0
470427,1,1,0,0,0,0,0,0,0,0,0,0
470427,2,1,0,0,0,0,0,0,0,0,0,0
470427,3,1,0,0,0,0,0,0,0,0,0,0
470428,1,1,16,35,12,16,17,27,20,30,0,54
470429,1,1,25,25,25,25,25,25,25,25,25,25
470430,1,1,0,0,0,0,0,0,0,0,0,0
470431,1,1,0,0,0,0,0,0,0,0,0,0
470431,2,1,0,0,0,0,0,0,0,0,0,0
470432,1,1,0,0,0,0,0,0,0,0,0,0
470432,2,1,0,0,0,0,5,0,0,0,0,0
470433,1,1,13,19,5,22,28,14,21,7,35,32
470434,1,1,0,0,0,0,0,0,0,0,0,0
470434,2,1,0,0,0,0,0,0,0,0,0,3
470435,1,1,14,14,14,14,14,14,14,14,14,14
470435,2,1,15,0,0,0,0,0,0,0,0,0
470435,3,1,0,0,0,0,0,0,0,0,0,0
470436,1,1,0,0,13,0,0,0,0,36,0,0
470437,1,1,20,30,0,0,0,0,0,15,28,0
470438,1,1,16,16,16,16,16,16,16,16,16,16
470439,1,1,0,0,0,0,0,0,0,0,0,6
470439,2,1,0,0,10,0,0,0,0,28,0,0
470440,1,1,0,0,0,9,0,0,9,0,0,0
470441,1,1,28,28,28,28,28,28,28,28,28,28
470442,1,1,19,19,19,19,19,19,19,19,19,19
470443,1,1,15,15,15,15,15,15,15,15,15,15
470443,2,1,0,0,0,0,0,0,0,0,0,0
470444,1,1,0,0,0,0,0,0,0,0,0,0
470444,2,1,0,0,0,0,0,0,0,0,0,0
470445,0,1,0,0,0,0,0,0,0,0,0,0
470445,1,1,0,0,0,0,0,0,0,0,0,0
470446,1,1,0,0,0,0,0,0,0,0,0,0
470446,2,1,0,0,0,0,0,0,3,0,0,0
470446,3,1,0,0,0,0,0,0,0,0,0,0
470446,4,1,0,0,0,10,0,0,0,0,0,0
470447,1,1,0,0,0,0,0,0,0,0,0,0
470447,2,1,0,0,0,0,0,0,0,0,0,0
470448,1,1,0,0,0,23,0,0,0,0,0,0
470448,2,1,0,12,0,0,13,0,0,0,0,22
470449,1,1,0,19,8,0,0,14,24,0,0,0
470450,1,1,19,19,19,19,19,19,19,19,19,19
470451,1,1,28,28,28,28,28,28,28,28,28,28
470451,2,1,0,0,0,0,0,0,0,0,0,0
470451,3,1,0,0,0,0,0,0,0,0,0,0
470452,1,1,0,0,0,0,0,0,0,0,0,0
470453,1,1,5,15,0,0,17,24,13,0,0,10
470454,1,1,14,14,14,14,14,14,14,14,14,14
470455,0,1,0,0,0,0,0,0,0,0,0,0
470455,1,1,0,0,11,0,0,0,0,0,0,0
470456,1,1,0,0,0,0,0,0,0,0,0,0
470456,2,1,0,0,0,0,0,0,0,0,0,0
470457,0,1,10,36,0,0,0,14,0,0,22,0
470457,1,1,0,0,0,0,0,0,0,0,0,0
470458,1,1,16,16,16,16,16,16,16,16,16,16
470459,1,1,19,19,19,19,19,19,19,19,19,19
470460,1,1,0,0,0,0,0,0,0,0,0,0
470460,2,1,0,0,0,0,0,0,0,0,0,0
470461,0,1,0,0,0,0,0,0,0,0,0,0
470462,1,1,30,30,30,30,30,30,30,30,30,30
470463,1,1,28,28,28,28,28,28,28,28,28,28
470464,1,1,0,0,0,0,0,0,21,0,18,0
470465,1,1,11,11,11,11,11,11,11,11,11,11
470465,2,1,3,3,3,3,3,3,3,3,3,3
470466,1,1,14,14,14,14,14,14,14,14,14,14
470467,1,1,0,0,0,0,0,0,0,0,0,0
470467,2,1,0,9,0,7,0,0,10,0,0,11
470468,1,1,6,6,6,6,6,6,6,6,6,6
470469,1,1,12,12,12,12,12,12,12,12,12,12
470469,2,1,11,11,11,11,11,11,11,11,11,11
470470,1,1,0,0,0,0,0,0,0,0,0,0
470470,2,1,0,0,0,0,0,0,0,0,0,0
470471,1,1,0,0,0,0,0,0,0,0,0,0
470472,1,1,17,0,34,15,0,14,0,25,0,12
470473,1,1,0,0,16,6,0,8,16,0,15,0
470474,1,1,0,0,0,0,0,0,0,0,0,0
470474,2,1,33,0,9,0,0,16,30,25,0,18
470475,0,1,0,0,14,0,0,0,0,0,16,0
470475,1,1,0,16,17,0,0,0,13,19,0,0
470476,1,1,7,7,7,7,7,7,7,7,7,7
470477,1,1,8,19,0,0,0,0,0,0,0,0
470478,1,1,22,22,22,22,22,22,22,22,22,22
470479,1,1,0,3,0,11,0,14,5,0,0,0
470480,1,1,0,0,0,0,0,0,0,0,0,0
470480,2,1,0,0,0,0,0,0,0,0,0,0
470481,1,1,12,12,12,12,12,12,12,12,12,12
470482,0,1,0,0,0,28,0,39,23,0,0,0
470482,1,1,0,0,0,0,0,0,0,0,0,0
470483,1,1,18,21,0,0,0,0,0,4,0,9