ST_CASE,VEH_NO,PER_NO,P1,P2,P3,P4,P5,P6,P7,P8,P9,P10
470484,1,1,0,0,0,0,0,0,0,0,0,0
470484,2,1,0,0,0,0,0,0,0,0,0,0
470485,0,1,6,6,6,6,6,6,6,6,6,6
470485,1,1,0,0,0,0,0,0,0,0,0,0
470486,1,1,0,0,0,0,0,0,0,0,0,0
470486,2,1,11,11,11,11,11,11,11,11,11,11
470487,0,1,0,0,0,0,0,0,0,0,0,0
470487,1,1,0,8,0,8,0,15,0,0,0,0
470488,1,1,10,10,10,10,10,10,10,10,10,10
470489,1,1,17,17,17,17,17,17,17,17,17,17
470490,1,1,0,0,0,0,0,0,0,0,0,0
470490,2,1,0,0,0,0,0,0,0,0,0,0
470491,1,1,0,0,0,0,0,0,0,0,0,0
470491,2,1,0,0,0,0,0,0,0,0,0,0
470491,3,1,0,0,0,0,0,0,0,0,0,0
470492,0,1,0,0,0,0,0,0,0,0,0,0
470492,1,1,0,0,0,0,0,0,0,0,0,0
470493,1,1,0,0,0,0,0,0,0,0,0,0
470493,2,1,0,0,0,0,0,0,0,0,0,0
470493,3,1,0,0,0,0,0,0,0,0,0,0
470494,1,1,0,31,11,18,0,38,0,9,18,0
470495,1,1,0,0,0,0,0,0,0,0,0,15
470496,1,1,0,0,0,0,0,0,0,0,0,0
470497,1,1,0,0,0,0,0,0,0,0,0,0
470498,1,1,0,0,0,0,0,0,0,0,0,0
470498,2,1,0,0,0,0,0,0,0,0,0,0
470499,0,1,0,0,0,0,0,0,0,22,0,0
470499,1,1,0,0,0,0,0,0,8,0,0,0
470500,1,1,0,0,0,14,0,0,10,0,0,6
470501,1,1,0,0,0,0,0,0,0,0,0,0
470502,1,1,0,0,0,0,0,0,0,0,0,0
470502,2,1,18,18,18,18,18,18,18,18,18,18
470503,0,1,18,0,21,8,0,21,0,0,0,0
470503,1,1,0,11,0,0,0,0,0,0,0,0
470504,1,1,24,24,24,24,24,24,24,24,24,24
470505,1,1,18,18,18,18,18,18,18,18,18,18
470505,2,1,0,0,0,0,0,0,0,0,0,0
470506,1,1,15,15,15,15,15,15,15,15,15,15
470507,1,1,16,16,16,16,16,16,16,16,16,16
470507,2,1,0,0,0,0,0,0,0,0,0,0
470508,0,1,0,8,14,0,13,0,24,16,26,0
470508,1,1,0,0,0,19,0,0,0,0,0,0
470509,1,1,0,0,0,0,0,0,0,0,0,0
470509,2,1,0,0,0,0,0,0,0,0,0,0
470510,1,1,16,16,16,16,16,16,16,16,16,16
470511,0,1,0,0,0,0,0,0,0,0,0,0
470511,1,1,0,0,0,0,0,0,0,0,0,0
470512,1,1,0,0,0,0,0,0,0,0,0,0
470512,2,1,0,0,0,0,0,0,0,0,0,0
470513,1,1,12,12,12,12,12,12,12,12,12,12
470514,1,1,11,30,22,39,0,17,30,28,9,22
470515,0,1,0,24,0,0,19,0,21,11,12,14
470515,1,1,0,0,9,0,0,0,0,0,0,0
470516,1,1,32,32,32,32,32,32,32,32,32,32
470517,1,1,15,15,15,15,15,15,15,15,15,15
470518,1,1,0,0,0,0,0,0,0,0,0,0
470519,1,1,21,16,9,4,0,9,16,0,7,0
470520,1,1,0,0,0,0,0,0,0,0,0,0
470521,1,1,0,0,0,0,0,0,0,0,0,0
470522,1,1,0,0,0,0,0,0,0,0,0,0
470523,1,1,0,0,0,0,0,0,0,0,0,0
470523,2,1,0,0,0,0,0,0,0,0,0,0
470524,1,1,0,0,0,0,0,0,0,0,0,0
470524,2,1,0,0,0,0,0,0,0,0,0,0
470525,1,1,0,0,0,0,0,0,0,0,0,0
470525,2,1,0,0,0,0,0,0,0,0,0,0
470525,3,1,0,0,0,0,0,0,0,0,0,0
470526,1,1,0,0,0,0,0,0,0,0,0,0
470527,1,1,0,0,0,0,0,0,0,0,0,0
470527,2,1,0,0,0,0,0,0,0,0,0,0
470528,0,1,0,0,0,0,0,0,0,0,0,0
470528,1,1,0,0,0,0,0,0,0,0,0,0
470529,1,1,0,0,0,0,0,0,0,11,0,0
470530,0,1,0,0,0,0,0,0,0,0,0,0
470530,1,1,0,0,0,0,0,0,0,0,0,0
470531,1,1,0,0,0,0,0,0,0,0,0,0
470531,2,1,0,0,17,0,0,0,0,0,0,0
470531,3,1,0,0,0,0,0,0,0,0,0,0
470531,4,1,0,0,0,0,0,0,0,0,0,0
470532,1,1,0,0,0,0,0,0,0,0,0,0
470532,2,1,0,0,0,0,0,0,0,0,0,0
470533,1,1,15,15,15,15,15,15,15,15,15,15
470534,1,1,10,10,10,10,10,10,10,10,10,10
470535,1,1,0,0,0,0,0,0,0,0,0,0
470535,2,1,0,0,0,0,0,0,0,0,0,0
470536,1,1,0,0,0,0,0,0,0,0,0,0
470536,2,1,0,0,0,0,0,0,0,0,0,0
470537,1,1,0,0,0,0,14,0,0,0,0,0
470538,1,1,0,0,0,0,0,0,0,0,0,0
470538,2,1,0,0,0,0,0,0,0,0,0,0
470539,1,1,0,0,0,0,0,0,0,0,0,0
470539,2,1,0,0,0,0,0,0,0,0,0,0
470540,1,1,16,16,16,16,16,16,16,16,16,16
470540,2,1,0,0,0,0,0,0,0,0,0,0
470541,1,1,0,0,0,0,0,0,0,0,0,0
470541,2,1,0,0,0,0,0,0,0,0,0,0
470541,3,1,0,0,0,0,0,0,0,0,0,8
470541,4,1,0,0,0,0,0,0,0,0,0,0
470542,1,1,23,23,23,23,23,23,23,23,23,23
470543,1,1,0,0,0,0,0,0,0,0,0,0
470543,2,1,0,0,0,0,0,0,0,0,0,0
470544,1,1,16,16,16,16,16,16,16,16,16,16
470545,1,1,14,0,0,0,23,0,0,0,0,0
470546,1,1,0,0,0,28,0,0,12,0,0,0
470548,1,1,11,11,11,11,11,11,11,11,11,11
470549,1,1,7,0,0,12,0,0,0,0,0,0
470549,2,1,0,0,0,0,0,0,0,0,0,0
470549,3,1,0,0,0,0,0,0,0,0,0,0
470550,1,1,4,16,0,13,26,16,8,28,12,14
470551,1,1,0,0,0,0,0,0,0,0,0,0
470552,1,1,0,0,0,7,0,0,0,0,27,0
470553,0,1,0,16,0,10,16,0,0,26,0,18
470553,1,1,16,0,0,12,3,8,15,16,27,13
470554,1,1,26,26,26,26,26,26,26,26,26,26
470555,1,1,0,0,0,0,0,0,0,0,0,0
470555,2,1,0,0,0,0,0,0,0,0,0,0
470556,1,1,0,0,0,0,0,0,0,0,0,0
470557,1,1,0,0,0,0,0,0,32,0,18,0
470558,1,1,12,21,0,0,0,12,8,0,0,27
470559,1,1,0,0,0,0,0,0,16,0,2,0
470559,2,1,0,0,0,0,0,0,0,0,0,0
470560,1,1,20,20,0,18,14,27,0,23,0,0
470561,1,1,0,0,4,0,0,0,24,10,16,0
470562,1,1,13,13,13,13,13,13,13,13,13,13
470562,2,1,0,0,0,0,5,0,0,0,0,24
470562,3,1,0,0,0,0,0,0,0,0,0,0
470563,1,1,0,0,12,0,0,0,0,0,0,0
470564,0,1,19,19,19,19,19,19,19,19,19,19
470564,1,1,0,0,0,0,0,0,0,0,0,0
470565,1,1,0,0,0,0,0,0,0,0,0,0
470565,2,1,0,0,0,0,0,0,0,0,0,0
470566,1,1,25,23,35,0,13,18,14,10,18,0
470567,0,1,0,0,0,0,0,0,0,0,0,0
470567,1,1,17,0,0,0,0,0,19,0,0,0
470568,1,1,51,51,51,51,51,51,51,51,51,51
470569,1,1,0,0,0,0,0,0,0,0,0,0
470569,2,1,0,0,0,0,0,0,0,0,0,0
470570,1,1,18,18,18,18,18,18,18,18,18,18
470571,1,1,0,0,0,0,0,0,0,0,0,0
470571,2,1,0,20,0,0,0,0,0,0,0,0
470572,1,1,0,29,0,0,17,0,0,0,0,0
470573,1,1,0,0,0,0,0,0,0,0,0,0
470574,1,1,0,0,0,0,0,0,0,0,0,0
470574,2,1,0,0,0,0,0,0,0,0,0,0
470575,1,1,0,0,0,0,0,0,0,0,0,0
470575,2,1,13,13,13,13,13,13,13,13,13,13
470576,0,1,0,13,0,13,0,0,0,0,0,11
470576,1,1,0,0,0,0,0,0,0,0,0,0
470577,1,1,0,0,0,0,0,0,0,0,0,0
470577,2,1,0,0,0,0,0,0,0,0,0,0
470578,1,1,0,0,0,0,0,0,0,0,0,0
470578,2,1,0,0,0,0,0,0,0,0,0,0
470578,3,1,0,0,0,0,0,0,0,0,0,0
470578,4,1,0,0,0,0,0,0,0,0,0,0
470579,1,1,24,24,24,24,24,24,24,24,24,24
470580,1,1,0,0,0,0,0,0,0,0,0,0
470581,1,1,0,0,0,0,0,0,0,0,0,0
470581,2,1,0,0,0,0,0,0,0,0,0,0
470582,1,1,0,0,0,0,0,22,0,0,28,0
470583,1,1,16,16,16,16,16,16,16,16,16,16
470584,1,1,0,0,0,0,0,0,0,0,0,0
470584,2,1,0,0,0,0,0,0,0,0,0,0
470585,1,1,18,18,18,18,18,18,18,18,18,18
470585,2,1,0,0,0,0,0,0,0,0,0,0
470586,1,1,0,0,24,0,0,0,0,0,0,0
470586,2,1,0,8,0,0,0,0,0,0,0,0
470587,1,1,0,0,0,0,0,0,0,0,0,0
470587,2,1,0,0,0,0,8,0,0,0,0,0
470588,1,1,0,0,0,0,0,0,0,0,0,0
470588,2,1,0,0,0,0,0,0,0,0,0,0
470588,3,1,0,0,0,0,0,0,0,0,0,0
470589,0,1,0,14,0,31,10,0,17,30,0,0
470589,1,1,0,0,0,9,0,0,0,0,0,0
470590,1,1,0,0,0,0,0,0,0,0,0,0
470590,2,1,22,22,22,22,22,22,22,22,22,22
470591,1,1,0,0,0,0,0,0,0,0,0,0
470591,2,1,0,0,0,0,0,0,0,0,0,0
470592,1,1,0,0,0,0,0,0,0,0,0,0
470593,1,1,21,21,21,21,21,21,21,21,21,21
470594,1,1,0,0,0,0,0,0,0,0,0,0
470594,2,1,0,0,0,0,0,34,0,0,6,0
470595,1,1,1,1,1,1,1,1,1,1,1,1
470596,1,1,0,14,0,0,12,0,0,22,0,35
470597,1,1,0,0,0,0,0,0,0,0,0,0
470597,2,1,0,0,0,0,0,0,0,0,0,0
470598,1,1,15,15,15,15,15,15,15,15,15,15
470598,2,1,6,16,6,0,0,11,0,0,0,0
470599,1,1,0,0,0,0,0,0,0,0,0,0
470600,1,1,0,0,0,0,0,0,0,0,0,0
470600,2,1,28,0,0,0,0,0,0,0,22,13
470601,1,1,0,0,0,0,0,0,0,0,0,0
470602,1,1,0,0,0,0,0,0,0,0,0,0
470603,1,1,0,0,0,0,0,0,0,0,0,0
470604,1,1,0,17,0,0,0,0,0,0,0,0
470605,1,1,0,0,0,0,0,0,0,0,0,0
470605,2,1,0,0,0,0,0,0,0,0,0,0
470606,0,1,15,43,19,0,0,0,0,14,13,4
470606,1,1,0,0,0,0,0,0,0,0,0,0
470607,1,1,0,31,0,0,18,0,0,0,0,0
470608,1,1,16,16,16,16,16,16,16,16,16,16
470608,2,1,0,0,0,0,0,0,0,0,0,0
470609,1,1,25,25,25,25,25,25,25,25,25,25
470609,2,1,0,0,0,13,0,0,0,0,0,0
470610,1,1,0,0,0,0,0,0,0,0,0,0
470610,2,1,0,0,0,0,0,0,0,0,0,0
470611,0,1,0,0,0,0,0,0,0,0,0,0
470611,1,1,0,0,0,0,0,0,0,0,0,0
470612,1,1,6,6,6,6,6,6,6,6,6,6
470613,1,1,16,16,16,16,16,16,16,16,16,16
470614,1,1,12,0,0,17,7,0,0,0,15,0
470615,1,1,0,19,0,31,16,0,0,0,32,26
470616,1,1,0,0,0,7,0,0,0,0,0,0
470617,1,1,0,0,0,0,0,0,0,0,0,0
470617,2,1,0,0,0,0,0,0,0,0,0,0
470618,1,1,0,0,0,0,0,0,35,9,0,0
470619,1,1,0,0,0,0,0,0,0,0,0,0
470620,1,1,0,0,0,0,0,0,0,0,0,0
470620,2,1,33,0,23,0,0,0,15,0,0,0
470621,1,1,0,0,0,0,0,0,0,0,0,0
470621,2,1,0,0,0,0,0,0,0,0,0,0
470622,1,1,11,0,0,0,0,0,0,0,0,0
470622,2,1,0,0,0,0,0,0,0,0,0,0
470623,1,1,0,12,0,0,0,0,13,0,0,0
470623,2,1,0,0,0,0,0,0,0,0,0,0
470624,1,1,0,0,0,0,0,38,0,37,0,0
470625,1,1,0,0,0,0,0,0,0,0,0,0
470626,1,1,15,15,15,15,15,15,15,15,15,15
470627,1,1,0,0,0,0,0,0,0,0,0,0
470627,2,1,0,0,0,0,0,0,0,0,0,0
470628,1,1,0,0,14,0,0,0,15,0,0,0
470628,2,1,0,0,9,0,0,0,0,0,21,0
470629,1,1,0,0,0,0,0,0,0,0,0,0
470629,2,1,0,0,0,0,0,0,0,0,0,0
470630,1,1,0,0,0,0,0,0,0,0,0,0
470631,1,1,22,22,22,22,22,22,22,22,22,22
470632,1,1,0,0,24,13,0,0,0,0,0,0
470633,1,1,0,0,0,0,0,0,0,0,0,0
470634,1,1,0,0,0,0,0,0,0,0,0,15
470634,2,1,0,0,0,0,0,0,0,0,0,0
470635,1,1,0,0,0,0,0,0,0,0,0,0
470636,1,1,15,15,15,15,15,15,15,15,15,15
470637,0,1,0,0,0,0,0,0,0,0,0,0
470637,1,1,0,9,0,0,0,21,8,6,15,17
470638,1,1,18,18,18,18,18,18,18,18,18,18
470639,1,1,0,0,0,0,0,0,0,0,0,0
470640,1,1,11,11,11,11,11,11,11,11,11,11
470640,2,1,0,0,0,0,0,0,0,0,0,0
470641,1,1,17,17,17,17,17,17,17,17,17,17
470641,2,1,0,0,0,0,0,0,0,0,0,0
470642,1,1,12,12,12,12,12,12,12,12,12,12
470643,1,1,24,24,24,24,24,24,24,24,24,24
470644,1,1,0,0,0,0,0,0,0,0,0,0
470644,2,1,0,0,0,0,0,0,0,0,0,0
470645,1,1,0,0,0,0,0,0,0,0,0,0
470645,2,1,0,0,0,0,0,0,0,0,0,0
470645,3,1,0,0,0,0,0,0,0,0,0,0
470645,4,1,0,0,0,0,0,0,0,0,0,0
470646,1,1,8,8,8,8,8,8,8,8,8,8
470646,2,1,0,0,0,0,0,0,0,0,0,0
470647,1,1,0,0,0,0,0,0,0,0,0,0
470648,0,1,0,42,32,19,10,0,0,21,0,39
470648,1,1,20,0,14,29,0,0,3,0,14,0
470648,2,1,0,0,0,0,0,0,0,0,0,0
470649,1,1,0,0,0,0,0,0,20,0,0,0
470650,1,1,0,0,0,0,0,23,0,0,0,0
470650,2,1,0,0,0,0,0,0,0,0,0,11
470651,1,1,0,0,0,0,0,0,0,0,0,0
470651,2,1,0,0,0,0,0,0,0,0,0,0
470652,1,1,0,0,0,0,0,0,0,0,0,0
470654,1,1,0,0,0,0,0,0,0,0,0,0
470654,2,1,5,5,5,5,5,5,5,5,5,5
470655,1,1,0,0,0,0,0,0,0,0,0,0
470656,1,1,0,0,6,0,0,0,0,0,22,0
470656,2,1,0,11,0,0,10,0,0,0,0,0
470657,0,1,0,0,0,0,0,0,0,0,0,0
470657,1,1,0,0,0,0,0,0,0,0,0,0
470658,1,1,0,0,0,9,0,0,0,0,0,0
470659,1,1,0,6,0,0,0,0,0,0,0,0
470660,1,1,18,18,18,18,18,18,18,18,18,18
470660,2,1,0,0,0,0,0,0,0,0,0,0
470661,1,1,9,9,9,9,9,9,9,9,9,9
470662,2,1,0,8,0,0,0,8,22,21,25,19
470663,1,1,0,0,0,0,0,0,0,0,0,0
470664,1,1,0,0,0,0,0,0,0,0,0,0
470664,2,1,0,0,0,0,0,0,0,0,0,0
470664,3,1,0,0,0,0,0,0,0,0,0,0
470665,1,1,17,17,17,17,17,17,17,17,17,17
470666,1,1,0,0,0,0,7,0,0,0,0,0
470667,1,1,16,16,16,16,16,16,16,16,16,16
470668,1,1,0,0,28,0,14,0,0,0,12,0
470669,1,1,7,7,7,7,7,7,7,7,7,7
470669,2,1,0,0,0,0,0,0,0,0,0,0
470670,1,1,10,10,10,10,10,10,10,10,10,10
470671,1,1,0,14,0,0,0,0,0,0,0,0
470672,1,1,0,0,0,0,0,0,0,0,0,0
470673,1,1,0,0,35,0,0,0,0,0,0,0
470673,2,1,0,0,0,0,0,0,0,0,0,0
470674,0,1,0,7,0,0,0,0,0,0,0,0
470674,1,1,0,0,0,0,0,0,0,0,0,0
470675,1,1,13,13,13,13,13,13,13,13,13,13
470676,1,1,18,18,18,18,18,18,18,18,18,18
470677,1,1,16,16,16,16,16,16,16,16,16,16
470678,1,1,0,0,0,0,0,0,0,0,0,0
470679,1,1,24,24,24,24,24,24,24,24,24,24
470680,1,1,0,0,0,0,0,0,0,0,0,0
470681,1,1,17,25,14,28,21,29,0,5,0,23
470682,1,1,3,3,3,3,3,3,3,3,3,3
470683,1,1,0,0,0,0,0,0,0,0,0,0
470684,1,1,0,0,0,0,0,0,0,0,0,0
470684,2,1,0,0,0,0,0,0,0,0,0,0
470685,1,1,0,0,0,0,0,0,0,0,0,0
470685,2,1,0,0,0,0,0,0,0,25,0,0
470686,1,1,0,6,0,0,0,0,0,0,0,0
470686,2,1,0,0,0,0,0,0,0,0,0,0
470687,1,1,0,0,0,0,0,0,0,0,0,0
470688,1,1,0,0,0,0,0,0,0,0,0,0
470688,2,1,0,0,0,0,0,0,0,0,0,0
470689,1,1,0,0,0,0,0,0,0,0,0,0
470689,2,1,0,0,0,0,0,0,0,0,0,0
470690,1,1,17,17,17,17,17,17,17,17,17,17
470691,1,1,0,0,0,0,0,0,0,0,0,0
470692,1,1,25,25,25,25,25,25,25,25,25,25
470693,1,1,0,0,30,9,0,23,16,28,0,0
470694,1,1,0,0,0,0,0,0,0,0,0,0
470694,2,1,0,0,0,0,0,0,0,0,0,0
470694,3,1,0,0,0,0,0,0,0,0,0,0
470695,1,1,0,0,0,0,0,0,0,0,0,0
470695,2,1,0,0,0,0,0,0,5,0,0,0
470696,1,1,0,0,0,0,0,0,0,0,0,0
470697,1,1,0,0,0,0,0,0,0,0,0,0
470698,1,1,0,0,0,0,0,0,0,0,0,0
470699,1,1,0,0,0,0,0,0,0,0,0,0
470701,1,1,12,26,0,0,0,0,0,15,0,0
470702,1,1,0,0,0,0,0,0,0,0,0,0
470703,1,1,0,0,0,0,0,0,0,0,0,0
470703,2,1,0,0,0,0,0,4,0,0,0,0
470704,1,1,0,0,14,0,0,0,0,37,0,0
470705,1,1,0,0,0,0,0,0,0,0,0,0
470705,2,1,0,0,0,21,0,0,0,0,0,0
470705,3,1,0,0,0,0,0,0,0,0,0,0
470707,1,1,0,0,0,0,0,11,0,0,0,0
470708,1,1,0,0,0,0,0,0,0,0,5,0
470708,2,1,0,0,0,0,0,0,0,0,0,0
470708,3,1,0,0,0,0,0,0,0,0,0,0
470709,1,1,0,0,0,0,10,0,0,0,0,0
470710,1,1,0,0,0,0,0,0,0,0,0,0
470711,2,1,0,0,0,0,0,0,0,0,0,0
470712,1,1,0,0,0,0,0,0,0,0,0,0
470714,1,1,16,16,16,16,16,16,16,16,16,16
470714,2,1,0,0,0,0,0,0,0,19,0,0
470715,1,1,5,5,5,5,5,5,5,5,5,5
470716,0,1,0,0,0,0,0,0,0,0,0,0
470716,1,1,0,0,0,0,0,0,0,0,0,0
470717,1,1,0,0,17,0,18,0,0,0,25,0
470717,2,1,10,0,7,13,18,23,16,15,6,11
470717,3,1,0,0,0,5,0,14,0,12,16,0
470718,1,1,0,0,0,0,0,0,0,0,0,0
470718,2,1,0,0,0,0,0,0,0,0,0,0
470719,1,1,0,0,0,0,0,11,0,0,0,22
470721,1,1,31,7,11,27,20,20,17,26,16,8
470722,1,1,0,13,0,0,10,0,0,0,0,0
470723,1,1,0,0,0,0,0,0,0,0,0,0
470724,1,1,15,15,15,15,15,15,15,15,15,15
470725,1,1,0,0,0,16,0,0,0,0,0,10
470725,2,1,0,0,0,24,0,0,0,14,0,0
470726,1,1,8,8,8,8,8,8,8,8,8,8
470726,2,1,0,0,0,0,0,0,0,0,0,0
470727,1,1,21,21,21,21,21,21,21,21,21,21
470728,1,1,0,0,0,0,0,0,0,0,0,0
470728,2,1,0,0,0,0,0,0,0,0,11,0
470729,1,1,0,0,0,0,0,0,0,0,0,0
470729,2,1,0,0,8,0,8,0,0,0,0,0
470730,1,1,0,0,0,0,0,0,0,0,0,0
470730,2,1,0,0,0,0,0,0,0,0,0,0
470731,1,1,0,0,0,0,0,0,0,0,0,0
470732,0,1,11,11,11,11,11,11,11,11,11,11
470732,1,1,8,8,8,8,8,8,8,8,8,8
470733,2,1,7,7,7,7,7,7,7,7,7,7
470734,1,1,0,0,0,0,0,0,0,0,0,0
470734,2,1,0,0,0,0,0,0,0,0,0,0
470735,1,1,0,0,0,0,0,0,0,0,0,0
470736,1,1,0,0,0,0,0,0,0,0,0,0
470736,2,1,0,0,0,0,0,0,0,0,0,0
470737,1,1,0,0,0,0,0,0,0,0,0,0
470738,0,1,0,0,30,23,0,0,33,0,0,0
470738,1,1,19,0,0,0,0,0,0,0,0,0
470739,0,1,0,0,0,0,0,0,0,0,0,0
470739,1,1,0,0,0,0,0,0,0,6,0,0
470740,1,1,0,0,0,0,0,0,0,0,0,0
470740,2,1,0,0,0,0,0,0,0,0,34,0
470741,1,1,0,0,0,0,0,0,0,0,0,0
470741,2,1,0,0,0,0,0,0,0,0,0,0
470741,3,1,0,0,0,0,0,0,0,0,0,0
470742,1,1,0,0,0,0,0,0,0,0,0,0
470742,2,1,0,0,0,0,0,0,0,0,0,0
470743,1,1,19,0,0,0,0,0,29,0,0,0
470744,1,1,0,0,0,0,0,0,0,0,0,0
470745,1,1,0,0,0,0,0,0,0,0,0,0
470745,2,1,0,0,0,0,0,0,0,0,0,0
470747,1,1,4,4,4,4,4,4,4,4,4,4
470747,2,1,0,45,0,0,0,0,0,0,0,0
470748,1,1,0,0,0,0,0,0,0,0,0,0
470749,1,1,0,0,0,0,0,0,12,0,0,0
470749,2,1,0,0,0,0,0,0,0,0,0,0
470750,1,1,0,0,0,0,0,0,0,0,0,0
470751,1,1,0,0,0,0,0,0,0,0,0,0
470752,1,1,0,0,0,0,0,0,0,0,0,29
470753,1,1,0,0,0,0,0,0,0,0,0,0
470754,1,1,0,0,0,0,0,0,0,0,0,0
470754,2,1,0,0,0,0,0,0,0,0,0,0
470755,1,1,0,0,0,0,0,0,0,0,0,0
470755,2,1,0,0,0,0,0,0,0,0,0,0
470756,1,1,13,0,0,0,18,0,0,0,0,0
470756,2,1,0,0,0,0,0,0,0,0,0,10
470757,1,1,0,0,0,0,0,0,0,0,0,0
470757,2,1,0,0,0,0,0,0,0,0,0,0
470758,1,1,0,0,0,0,0,0,0,0,0,0
470759,1,1,20,20,20,20,20,20,20,20,20,20
470760,1,1,0,0,0,0,0,0,0,0,0,0
470761,1,1,0,0,0,0,0,0,0,0,0,0
470761,2,1,0,5,0,18,0,0,0,0,0,30
470761,3,1,0,0,0,0,0,0,0,3,0,0
470763,1,1,0,0,0,0,0,0,0,0,0,0
470763,2,1,0,0,0,0,0,0,0,0,0,0
470764,0,1,0,23,0,0,29,0,0,0,0,0
470764,0,2,22,0,0,0,0,0,28,0,0,33
470764,0,3,0,0,0,0,0,0,0,0,0,0
470764,0,4,0,0,0,0,0,0,0,0,0,0
470764,1,1,0,0,0,0,0,0,0,0,0,0
470764,2,1,0,0,19,0,19,0,0,0,0,0
470765,1,1,0,0,0,31,0,0,0,0,0,0
470766,1,1,0,0,0,0,0,0,0,0,0,0
470766,2,1,0,0,0,0,0,0,0,0,0,0
470767,1,1,0,0,0,0,0,0,0,0,0,0
470767,2,1,0,0,0,0,0,0,0,0,0,0
470768,0,1,0,0,0,0,0,0,0,0,0,0
470768,1,1,0,0,0,0,0,0,0,6,0,0
470769,1,1,0,0,0,0,0,10,0,0,0,0
470769,2,1,0,0,0,0,0,0,0,0,0,0
470770,1,1,12,12,12,12,12,12,12,12,12,12
470770,2,1,0,0,0,0,0,0,0,0,0,0
470771,1,1,0,0,0,0,0,0,0,0,0,0
470771,2,1,0,0,0,0,0,0,0,0,0,0
470772,1,1,0,0,0,0,14,0,0,0,0,0
470773,1,1,0,0,0,0,0,0,0,0,0,0
470773,2,1,9,13,21,13,15,0,0,0,0,0
470774,1,1,0,0,0,0,0,0,0,0,0,0
470774,2,1,0,0,0,0,0,5,0,0,0,0
470775,1,1,21,21,21,21,21,21,21,21,21,21
470776,1,1,0,0,0,0,0,0,0,0,0,0
470777,1,1,0,0,0,0,0,0,0,0,0,0
470777,2,1,0,0,8,0,0,0,0,0,0,0
470778,1,1,0,0,0,0,0,0,0,0,0,0
470778,2,1,0,0,0,0,0,0,0,0,0,0
470779,1,1,0,0,0,0,0,0,0,0,0,0
470779,2,1,0,0,0,0,0,0,0,0,0,0
470780,1,1,0,0,0,0,0,0,0,0,0,0
470781,1,1,20,20,20,20,20,20,20,20,20,20
470782,1,1,0,0,0,0,0,0,0,0,0,0
470783,1,1,0,0,0,0,0,0,0,0,0,0
470783,2,1,0,0,0,0,0,0,0,0,0,0
470784,1,1,0,0,0,0,0,0,0,0,0,0
470784,2,1,0,0,0,0,0,0,0,0,0,0
470785,0,1,0,0,0,0,0,22,0,0,0,0
470785,1,1,0,0,0,0,0,0,0,0,0,0
470786,1,1,0,0,0,0,0,0,0,0,0,0
470786,2,1,16,16,16,16,16,16,16,16,16,16
470787,1,1,0,0,0,0,0,0,0,0,0,0
470787,2,1,0,0,0,0,0,0,0,0,0,0
470789,1,1,0,0,0,0,0,0,0,0,0,0
470789,2,1,23,23,23,23,23,23,23,23,23,23
470790,1,1,0,0,17,0,18,0,0,0,0,0
470790,2,1,0,0,0,0,0,0,0,0,0,0
470792,1,1,0,0,0,0,0,0,0,27,0,0
470792,2,1,0,0,0,0,0,0,0,0,0,0
470793,1,1,30,30,30,30,30,30,30,30,30,30
470794,1,1,0,0,0,0,0,0,0,0,0,0
470794,2,1,0,0,0,0,0,0,0,0,0,0
470795,1,1,0,0,0,0,0,0,0,0,0,0
470796,1,1,0,0,0,0,0,0,0,0,0,0
470797,1,1,0,0,0,0,0,0,0,0,0,0
470798,1,1,0,0,0,0,0,0,0,0,0,0
470799,1,1,0,0,0,2,14,0,0,0,0,0
470800,0,1,0,48,26,36,0,25,0,30,24,0
470800,1,1,0,0,0,0,32,0,0,0,0,0
470801,1,1,16,16,16,16,16,16,16,16,16,16
470802,1,1,14,14,14,14,14,14,14,14,14,14
470803,1,1,27,27,27,27,27,27,27,27,27,27
470805,0,1,0,0,0,0,0,0,0,0,0,0
470805,1,1,0,0,0,0,0,0,0,0,0,0
470806,1,1,0,0,0,0,0,0,0,0,0,0
470806,2,1,0,0,0,0,0,0,0,0,0,0
470807,0,1,0,0,0,0,0,0,0,0,0,0
470807,1,1,0,0,0,0,0,0,0,0,0,0
470808,1,1,0,0,0,0,0,0,0,0,0,0
470808,2,1,0,0,0,0,0,0,0,0,0,0
470809,0,1,0,0,0,0,0,0,0,0,0,0
470809,1,1,0,0,0,0,0,0,0,0,0,0
470810,1,1,0,0,0,0,0,0,0,0,0,0
470811,1,1,0,0,0,0,0,0,0,0,0,0
470812,1,1,0,0,0,0,0,0,0,0,0,0
470813,1,1,14,14,14,14,14,14,14,14,14,14
470814,1,1,6,6,6,6,6,6,6,6,6,6
470815,1,1,30,30,30,30,30,30,30,30,30,30
470815,2,1,0,0,0,0,0,0,0,0,0,0
470816,1,1,0,0,0,0,0,0,0,0,0,0
470816,2,1,0,0,0,0,0,0,0,0,0,0
470817,1,1,0,0,0,0,0,0,0,0,0,0
470818,1,1,0,0,0,0,0,0,0,0,0,0
470818,2,1,0,0,0,0,0,0,0,0,0,0
470819,0,1,19,19,19,19,19,19,19,19,19,19
470819,1,1,0,0,0,0,0,0,0,0,0,0
470820,1,1,0,0,0,0,0,0,0,0,0,0
470820,2,1,0,0,0,0,0,0,0,0,0,0
470821,1,1,24,24,24,24,24,24,24,24,24,24
470821,2,1,0,0,0,0,0,0,0,0,0,0
470822,1,1,0,0,0,0,0,0,0,0,0,0