ST_CASE,VEH_NO,PER_NO,P1,P2,P3,P4,P5,P6,P7,P8,P9,P10
470822,2,1,0,0,0,0,0,0,0,0,0,0
470823,1,1,0,0,0,0,0,0,0,0,0,0
470823,2,1,0,0,0,0,0,0,0,0,0,0
470824,1,1,0,0,0,0,0,0,0,0,0,0
470825,1,1,21,37,31,27,20,23,28,21,19,14
470826,1,1,0,0,0,0,0,0,0,0,0,0
470827,1,1,0,0,0,0,0,0,0,0,0,0
470827,2,1,0,0,0,0,0,0,0,0,0,0
470828,0,1,0,0,0,0,0,0,0,0,0,0
470828,1,1,0,0,0,0,0,0,0,0,0,0
470828,2,1,1,1,1,1,1,1,1,1,1,1
470829,0,1,0,0,0,0,13,0,0,0,0,0
470829,1,1,0,0,0,0,0,0,0,0,0,0
470830,1,1,0,0,0,0,0,0,0,0,0,0
470831,1,1,0,15,25,0,0,12,0,29,0,0
470832,0,1,18,0,11,14,17,21,10,0,15,0
470832,1,1,0,0,0,0,0,0,0,0,0,0
470833,1,1,3,3,3,3,3,3,3,3,3,3
470834,1,1,11,11,11,11,11,11,11,11,11,11
470834,2,1,22,0,16,0,0,0,0,27,0,0
470835,1,1,0,0,0,0,0,0,0,0,0,0
470836,0,1,0,0,0,0,0,0,0,0,0,0
470836,1,1,0,0,0,0,0,0,0,0,0,0
470837,1,1,0,0,0,0,0,0,0,0,0,0
470837,2,1,0,0,0,0,0,0,0,0,0,0
470838,1,1,22,22,22,22,22,22,22,22,22,22
470839,1,1,0,0,13,0,25,9,0,0,0,0
470840,1,1,0,0,0,0,0,0,0,0,0,0
470841,1,1,0,0,0,0,0,0,0,0,0,0
470843,1,1,0,0,0,0,0,0,0,0,0,0
470843,2,1,0,0,0,0,0,0,0,0,0,0
470843,3,1,0,0,0,0,0,0,0,0,0,0
470844,0,1,0,0,0,0,0,0,0,0,0,0
470844,1,1,0,0,0,0,0,0,0,0,0,0
470845,1,1,0,0,0,0,0,0,0,0,0,0
470845,2,1,0,0,0,0,0,0,0,0,0,0
470846,1,1,6,6,6,6,6,6,6,6,6,6
470847,1,1,0,9,0,12,17,17,12,0,8,6
470848,1,1,0,0,0,0,0,0,0,0,0,0
470848,2,1,0,0,0,0,0,0,0,0,0,0
470849,1,1,1,1,1,1,1,1,1,1,1,1
470849,2,1,0,0,0,26,0,0,0,0,0,0
470849,3,1,0,0,0,0,0,0,0,0,0,0
470850,1,1,0,0,0,0,0,0,8,0,0,0
470850,2,1,0,0,0,0,0,0,0,0,0,0
470851,1,1,0,0,0,0,0,0,0,0,0,0
470851,2,1,0,0,0,0,0,0,0,0,0,0
470852,1,1,0,0,0,22,0,0,0,16,0,0
470853,1,1,0,0,0,0,0,0,0,0,0,24
470854,1,1,0,0,0,0,0,0,0,0,0,0
470855,1,1,0,0,0,0,0,0,0,0,0,0
470855,2,1,0,0,0,0,0,0,0,0,0,0
470855,3,1,0,0,0,0,0,0,0,0,0,0
470856,1,1,0,0,0,0,0,0,0,0,0,0
470856,2,1,0,0,0,0,0,0,0,0,0,0
470857,1,1,6,6,6,6,6,6,6,6,6,6
470858,1,1,23,0,24,19,8,25,20,0,0,15
470859,1,1,0,0,0,0,0,0,0,0,0,0
470860,1,1,0,0,0,0,0,0,0,0,0,0
470861,1,1,0,0,0,0,0,0,0,0,0,0
470861,2,1,0,0,0,0,0,0,0,0,0,0
470862,1,1,0,0,0,0,0,0,0,0,0,0
470862,2,1,0,0,0,0,0,0,0,0,0,0
470863,1,1,20,20,20,20,20,20,20,20,20,20
470864,1,1,0,0,0,0,0,0,0,0,0,0
470864,2,1,0,0,0,0,0,0,0,0,0,0
470865,1,1,0,0,0,0,0,0,0,0,0,0
470866,1,1,0,0,0,0,0,0,0,0,0,0
470866,2,1,0,0,0,0,0,0,0,0,0,0
470867,1,1,0,0,0,0,0,0,0,0,0,0
470868,1,1,0,0,0,0,0,0,0,0,0,0
470869,1,1,0,0,0,0,0,0,0,0,0,0
470870,1,1,22,13,16,15,30,26,17,22,17,21
470871,1,1,0,0,0,0,0,0,0,0,0,0
470871,2,1,0,0,0,0,0,0,0,0,0,0
470872,1,1,0,0,0,0,0,0,0,0,0,0
470872,2,1,0,0,0,0,0,0,0,0,0,0
470873,0,1,0,0,0,0,0,0,0,0,0,0
470873,1,1,0,0,0,0,0,0,0,0,0,0
470874,1,1,15,15,15,15,15,15,15,15,15,15
470875,1,1,0,0,27,0,11,10,0,0,0,0
470875,2,1,17,17,17,17,17,17,17,17,17,17
470876,1,1,0,0,0,0,0,0,0,0,0,0
470876,2,1,0,0,0,0,0,0,0,0,0,0
470877,1,1,0,0,0,15,0,24,9,0,31,27
470878,1,1,0,0,0,0,0,0,0,0,0,0
470878,2,1,0,0,15,0,0,0,4,0,0,0
470878,3,1,0,0,0,0,0,0,0,0,0,0
470879,0,1,0,0,0,0,0,0,0,0,0,0
470879,1,1,0,0,0,0,0,0,0,0,0,0
470880,1,1,0,0,0,26,0,0,0,0,0,0
470880,2,1,0,0,0,0,0,0,0,0,0,0
470881,1,1,0,0,0,0,0,0,0,0,0,0
470881,2,1,0,0,0,0,0,0,0,0,0,0
470882,1,1,0,0,0,0,0,0,0,0,0,0
470882,2,1,0,0,0,0,0,0,0,0,0,0
470883,1,1,29,29,29,29,29,29,29,29,29,29
470884,1,1,0,0,0,0,0,0,0,0,0,0
470884,2,1,0,0,0,0,0,0,0,0,0,16
470885,0,1,17,0,0,0,23,0,0,15,0,20
470885,1,1,0,0,0,0,0,0,0,0,0,0
470886,1,1,0,0,0,0,0,0,0,0,0,0
470887,0,1,0,0,0,0,20,0,0,0,0,0
470887,1,1,17,5,0,26,0,13,0,5,20,0
470888,1,1,0,0,0,0,0,0,0,0,0,0
470888,2,1,0,0,0,0,0,0,0,0,0,0
470889,1,1,0,0,0,0,0,0,0,0,0,0
470889,2,1,0,0,0,0,0,0,0,0,0,0
470890,0,1,23,23,23,23,23,23,23,23,23,23
470890,1,1,11,9,17,32,4,6,25,21,11,9
470891,1,1,0,0,0,0,20,0,0,0,0,0
470892,1,1,16,0,35,0,0,0,0,4,0,14
470893,1,1,0,0,0,0,0,0,0,0,0,0
470894,1,1,25,0,0,0,0,0,0,0,0,0
470894,2,1,0,0,0,0,0,0,0,0,0,0
470895,1,1,0,0,0,0,0,0,0,0,0,0
470895,2,1,0,0,0,0,0,0,0,0,0,0
470895,3,1,0,0,0,0,0,0,16,0,0,0
470895,4,1,3,0,0,0,0,10,0,3,0,0
470896,1,1,0,0,0,0,0,0,0,0,0,0
470896,2,1,0,0,0,0,0,0,0,0,0,0
470897,1,1,2,2,2,2,2,2,2,2,2,2
470898,1,1,19,19,19,19,19,19,19,19,19,19
470899,0,1,0,0,0,0,0,0,0,0,0,29
470899,1,1,0,0,0,0,0,0,0,0,12,0
470900,1,1,0,0,0,0,0,21,0,0,0,0
470900,2,1,0,0,0,0,0,0,0,0,0,0
470900,3,1,0,0,0,0,0,0,0,0,0,0
470901,1,1,0,0,0,0,0,0,0,0,0,0
470902,1,1,24,24,24,24,24,24,24,24,24,24
470902,2,1,0,0,0,0,0,0,0,0,0,0
470903,1,1,0,0,0,0,0,0,0,0,0,0
470903,2,1,0,0,0,0,0,0,0,0,0,0
470904,1,1,0,0,0,0,0,0,0,0,0,0
470904,2,1,0,0,0,0,0,0,0,0,0,0
470905,1,1,11,11,11,11,11,11,11,11,11,11
470906,0,1,0,0,0,0,8,0,0,32,0,0
470906,1,1,0,0,0,0,0,0,0,0,0,0
470907,1,1,0,0,0,0,0,0,0,0,0,0
470908,0,1,11,11,11,11,11,11,11,11,11,11
470908,1,1,0,0,0,0,0,0,12,0,0,0
470909,1,1,0,0,0,0,0,0,0,0,0,0
470909,2,1,0,0,0,0,0,0,0,0,0,0
470909,3,1,0,0,0,9,0,7,0,0,15,0
470910,0,1,0,0,0,0,0,0,0,0,19,0
470910,1,1,0,0,0,0,0,0,0,0,0,0
470911,1,1,0,0,0,0,0,0,22,0,0,0
470912,1,1,0,0,0,0,0,0,0,0,0,0
470913,0,1,0,0,0,0,0,0,0,0,0,0
470913,0,2,0,0,0,0,0,0,0,0,0,0
470913,1,1,0,0,0,0,0,0,0,0,0,0
470913,2,1,0,0,0,0,0,0,0,0,0,0
470913,3,1,0,0,0,0,0,0,0,0,0,0
470913,6,1,0,0,0,0,0,0,0,0,0,0
470914,1,1,0,0,0,0,0,0,0,0,0,0
470915,1,1,0,0,0,0,0,0,0,0,0,0
470915,2,1,0,0,0,0,0,0,0,0,0,0
470916,1,1,26,26,26,26,26,26,26,26,26,26
480001,0,1,25,25,25,25,25,25,25,25,25,25
480001,1,1,0,3,0,0,0,13,14,17,0,0
480002,1,1,13,13,13,13,13,13,13,13,13,13
480003,1,1,0,0,0,0,0,0,0,0,0,0
480003,2,1,0,0,15,0,0,0,0,0,12,0
480004,1,1,26,26,26,26,26,26,26,26,26,26
480005,1,1,0,0,0,0,0,0,0,0,0,0
480006,1,1,10,10,10,10,10,10,10,10,10,10
480006,2,1,10,11,14,0,0,0,11,0,6,0
480007,0,1,21,27,8,0,22,29,5,31,13,18
480007,1,1,0,0,0,0,15,0,0,0,0,0
480008,1,1,0,0,0,14,5,19,24,11,9,11
480009,1,1,10,20,19,23,19,19,6,21,14,12
480010,1,1,0,0,0,0,0,16,0,0,0,0
480010,2,1,0,0,0,0,0,0,0,0,0,0
480011,1,1,0,0,0,0,0,0,0,0,0,0
480012,1,1,0,0,0,0,0,0,0,0,0,0
480012,2,1,0,0,0,0,0,0,0,0,0,0
480013,1,1,0,0,0,20,13,0,0,0,26,20
480013,2,1,0,0,0,0,0,0,0,5,0,0
480014,1,1,4,4,4,4,4,4,4,4,4,4
480015,1,1,20,20,20,20,20,20,20,20,20,20
480016,1,1,0,0,0,0,0,0,0,0,0,0
480016,2,1,0,0,0,0,0,11,0,0,0,0
480017,1,1,15,2,23,13,0,48,38,13,0,25
480018,1,1,0,0,0,0,0,0,0,0,0,0
480018,2,1,0,0,0,0,0,0,0,0,0,0
480019,1,1,0,0,0,0,0,0,0,0,0,0
480020,1,1,21,0,0,0,0,28,0,0,0,0
480021,1,1,0,0,0,0,0,0,0,0,0,7
480021,2,1,0,0,4,0,0,0,0,21,0,10
480022,1,1,0,0,0,0,0,0,0,0,0,0
480023,1,1,0,0,0,0,0,0,0,0,0,0
480024,1,1,0,0,0,0,0,0,0,0,20,21
480025,1,1,27,27,27,27,27,27,27,27,27,27
480025,2,1,0,0,0,12,19,28,17,0,0,0
480026,1,1,0,0,0,20,0,0,24,0,0,0
480026,2,1,0,0,0,0,22,0,0,0,0,0
480026,3,1,35,0,0,0,0,0,0,0,0,0
480026,4,1,0,0,0,0,0,32,0,0,0,12
480027,0,1,20,23,0,23,0,0,17,20,38,3
480027,1,1,0,0,0,0,0,7,0,0,9,15
480028,0,1,0,0,0,0,0,0,0,0,0,0
480028,1,1,0,12,9,0,10,0,11,10,27,0
480029,0,1,34,0,28,14,0,0,13,2,14,21
480029,1,1,10,17,0,0,17,9,0,0,0,0
480030,1,1,0,18,21,0,0,0,0,16,22,23
480031,1,1,18,18,18,18,18,18,18,18,18,18
480032,1,1,0,0,0,4,0,17,0,0,17,0
480033,1,1,0,0,21,0,9,0,0,0,20,0
480033,2,1,0,0,0,0,0,0,0,0,0,0
480034,0,1,0,0,0,0,0,0,0,0,0,0
480034,1,1,0,12,34,6,11,0,0,0,0,0
480035,1,1,0,24,26,0,0,0,24,0,0,0
480036,1,1,25,25,25,25,25,25,25,25,25,25
480037,0,1,0,27,0,21,0,22,0,10,46,0
480037,1,1,0,2,0,0,0,0,22,0,6,0
480038,1,1,0,0,0,0,0,0,0,0,0,0
480038,2,1,0,10,0,0,0,0,0,0,0,0
480039,1,1,24,24,24,24,24,24,24,24,24,24
480040,0,1,10,10,10,10,10,10,10,10,10,10
480040,1,1,0,0,0,0,0,0,16,0,0,0
480041,1,1,0,0,0,0,0,0,0,0,0,0
480041,2,1,0,0,0,0,0,0,0,0,0,0
480042,0,1,0,21,0,0,0,0,0,0,0,21
480042,1,1,0,0,0,13,0,0,0,0,15,0
480043,1,1,18,18,18,18,18,18,18,18,18,18
480043,2,1,0,0,0,13,0,0,0,0,0,0
480044,1,1,20,20,20,20,20,20,20,20,20,20
480045,0,1,0,0,0,0,0,0,0,0,0,0
480045,1,1,0,0,0,0,0,0,12,4,16,0
480046,1,1,0,0,0,0,0,0,9,0,18,24
480047,1,1,6,6,6,6,6,6,6,6,6,6
480047,2,1,5,0,0,0,0,0,18,0,0,4
480048,1,1,0,0,0,0,0,0,0,0,0,0
480048,2,1,0,0,0,0,0,0,0,0,0,0
480049,0,1,0,0,0,0,0,0,0,0,0,0
480049,1,1,0,0,0,0,0,0,0,0,0,0
480050,1,1,0,0,0,0,0,0,0,0,0,0
480050,2,1,0,0,0,0,0,0,0,6,0,0
480051,1,1,2,2,2,2,2,2,2,2,2,2
480052,1,1,0,0,0,0,0,0,0,0,0,0
480052,2,1,0,0,0,0,0,0,0,0,0,0
480053,0,1,4,4,4,4,4,4,4,4,4,4
480053,1,1,0,0,0,27,0,0,0,9,6,0
480054,1,1,0,0,0,0,0,0,0,0,0,0
480054,2,1,0,0,0,0,0,0,0,0,0,0
480055,1,1,25,0,0,0,0,12,27,0,0,0
480056,1,1,0,0,0,0,0,0,0,0,0,0
480056,2,1,0,0,0,0,0,0,0,0,0,0
480057,0,1,0,0,0,0,0,0,0,0,0,0
480057,1,1,0,0,0,0,0,0,0,0,0,0
480058,1,1,0,24,11,0,0,0,0,0,7,0
480059,1,1,20,0,0,0,0,0,0,0,0,0
480059,2,1,0,35,0,0,45,0,15,0,15,0
480060,1,1,0,0,40,0,15,10,0,0,0,0
480061,1,1,0,13,0,0,0,0,0,0,0,0
480062,1,1,0,0,0,0,0,0,0,0,21,0
480062,2,1,0,10,9,0,0,0,0,0,0,0
480063,0,1,18,15,0,0,0,35,24,0,24,0
480063,1,1,0,10,9,0,0,0,14,15,0,0
480064,1,1,0,0,0,0,0,0,14,9,7,0
480064,2,1,25,16,19,17,13,15,13,11,9,0
480065,1,1,16,16,16,16,16,16,16,16,16,16
480065,2,1,12,0,9,0,0,0,0,0,0,0
480066,1,1,0,0,0,0,0,0,0,0,0,0
480066,2,1,0,15,0,13,0,0,9,0,24,0
480067,1,1,0,0,0,0,0,17,5,0,0,0
480067,2,1,0,8,0,0,0,0,0,0,0,0
480068,1,1,16,16,16,16,16,16,16,16,16,16
480068,2,1,0,0,0,0,0,0,6,0,0,0
480068,3,1,0,0,0,40,0,0,0,0,16,27
480069,0,1,0,0,0,0,0,0,0,0,0,0
480069,1,1,26,26,26,26,26,26,26,26,26,26
480070,1,1,7,7,7,7,7,7,7,7,7,7
480070,2,1,0,0,0,0,0,0,0,0,0,0
480071,1,1,0,0,0,0,0,0,0,0,0,0
480071,2,1,0,0,0,0,0,0,0,0,0,0
480072,1,1,28,28,28,28,28,28,28,28,28,28
480073,1,1,23,23,23,23,23,23,23,23,23,23
480074,1,1,6,6,6,6,6,6,6,6,6,6
480075,1,1,12,12,12,12,12,12,12,12,12,12
480076,1,1,9,9,9,9,9,9,9,9,9,9
480076,2,1,0,0,0,0,0,0,0,0,0,0
480076,3,1,3,3,3,3,3,3,3,3,3,3
480077,1,1,0,0,0,0,0,0,0,0,0,0
480078,1,1,21,0,0,0,22,0,23,5,3,0
480078,2,1,20,0,0,12,0,8,7,18,0,0
480079,1,1,7,7,7,7,7,7,7,7,7,7
480079,2,1,0,0,0,0,0,0,0,0,0,0
480080,1,1,0,0,0,0,0,0,0,0,0,0
480080,2,1,0,0,0,0,0,0,0,0,3,0
480081,1,1,0,0,0,0,0,0,0,0,0,0
480082,0,1,0,0,0,0,0,0,0,0,0,0
480082,0,2,0,7,0,0,0,0,41,11,0,19
480082,1,1,0,0,0,0,0,0,9,8,0,10
480083,0,1,15,15,15,15,15,15,15,15,15,15
480083,1,1,0,0,0,0,0,22,10,0,0,0
480084,0,1,0,0,0,0,0,0,0,0,0,0
480084,1,1,4,11,14,16,0,0,0,11,16,0
480085,1,1,0,0,0,0,0,0,0,0,0,0
480085,2,1,0,0,0,0,0,0,0,0,0,0
480086,1,1,0,0,10,11,0,0,0,0,0,0
480086,2,1,0,0,7,0,0,6,0,16,0,0
480087,0,1,0,0,0,0,0,0,0,0,0,0
480087,1,1,5,0,0,0,26,0,0,0,0,0
480088,1,1,0,14,0,0,16,0,0,10,0,0
480088,2,1,27,0,0,0,0,0,0,0,0,6
480088,3,1,0,0,0,0,0,10,10,0,0,0
480089,0,1,0,0,2,21,0,22,0,0,7,22
480089,1,1,3,9,0,11,9,0,4,2,0,12
480090,1,1,0,0,0,0,0,0,0,0,0,0
480091,1,1,1,1,1,1,1,1,1,1,1,1
480091,2,1,0,0,0,14,11,0,0,0,0,24
480092,1,1,0,0,0,0,6,0,0,0,0,0
480092,2,1,32,32,32,32,32,32,32,32,32,32
480093,1,1,43,43,43,43,43,43,43,43,43,43
480093,2,1,17,0,0,25,15,14,7,20,7,27
480094,0,1,0,0,0,0,0,0,0,0,0,0
480094,1,1,0,0,0,0,0,0,0,0,0,0
480095,1,1,0,0,0,0,0,0,0,0,0,0
480095,2,1,0,0,0,0,0,0,0,0,0,0
480096,1,1,25,25,25,25,25,25,25,25,25,25
480097,1,1,15,15,15,15,15,15,15,15,15,15
480098,1,1,0,0,0,0,0,0,0,0,0,0
480098,2,1,0,0,0,0,0,0,0,0,0,0
480099,1,1,17,17,17,17,17,17,17,17,17,17
480100,0,1,0,0,0,0,0,0,0,0,0,0
480100,1,1,13,0,0,0,0,0,0,20,0,0
480101,0,1,0,0,0,0,0,0,0,0,0,0
480101,1,1,0,29,0,0,0,0,0,0,16,20
480101,2,1,0,0,0,0,0,0,28,15,0,0
480101,3,1,0,14,0,8,0,0,16,0,0,17
480102,1,1,14,14,14,14,14,14,14,14,14,14
480103,1,1,0,0,0,0,0,0,0,0,0,0
480103,2,1,0,18,0,0,0,4,0,0,0,0
480104,1,1,0,0,0,0,0,0,0,0,0,0
480104,2,1,0,0,0,0,0,0,0,0,13,10
480104,3,1,0,0,0,14,0,0,0,13,0,0
480105,1,1,14,14,14,14,14,14,14,14,14,14
480106,1,1,22,22,22,22,22,22,22,22,22,22
480107,1,1,0,0,0,0,0,0,0,0,0,0
480107,2,1,0,0,0,0,0,0,0,0,0,0
480108,1,1,0,0,0,0,0,0,0,0,0,0
480108,2,1,0,0,0,0,0,0,0,0,0,0
480108,3,1,0,0,0,0,0,0,0,0,0,0
480109,1,1,0,14,0,0,0,0,0,0,9,0
480110,1,1,0,0,0,0,0,0,0,0,0,0
480110,2,1,0,0,0,0,0,0,0,14,0,0
480111,1,1,0,0,17,0,13,20,13,0,31,21
480112,1,1,9,9,9,9,9,9,9,9,9,9
480113,1,1,0,0,0,0,0,0,0,0,0,0
480113,2,1,0,0,0,0,0,0,0,0,0,0
480114,1,1,0,0,0,0,0,0,0,0,0,0
480114,2,1,13,13,13,13,13,13,13,13,13,13
480115,1,1,0,0,0,17,0,0,16,0,0,20
480115,2,1,0,0,0,0,0,3,0,15,4,0
480116,1,1,0,0,0,0,0,0,0,0,0,0
480116,2,1,0,0,0,0,0,0,0,0,0,0
480117,1,1,10,10,10,10,10,10,10,10,10,10
480118,1,1,21,40,0,0,14,0,20,0,0,0
480120,1,1,19,19,19,19,19,19,19,19,19,19
480121,1,1,0,0,0,0,0,0,0,0,14,0
480122,0,1,0,6,0,0,0,0,0,0,20,0
480122,1,1,0,0,0,0,0,0,0,0,0,0
480123,1,1,0,0,0,13,0,0,0,0,0,0
480123,2,1,0,0,0,0,0,0,0,0,0,0
480124,1,1,8,25,19,29,7,22,14,7,24,17
480125,0,1,0,0,0,0,0,6,0,17,0,21
480125,1,1,0,0,0,0,0,0,0,0,14,0
480126,1,1,0,0,0,0,0,0,0,0,0,0
480126,2,1,0,0,0,0,0,19,0,0,0,0
480126,3,1,0,0,0,0,0,0,0,0,0,0
480127,0,1,0,0,0,0,0,0,0,0,0,0
480127,1,1,0,0,0,0,0,9,0,0,0,0
480128,1,1,0,0,0,0,0,0,0,0,0,0
480128,2,1,0,0,0,0,0,0,0,0,0,0
480129,0,1,0,0,0,0,0,0,0,0,0,0
480129,1,1,0,0,0,0,0,0,0,11,0,0
480130,1,1,0,0,0,0,0,0,0,0,0,0
480130,2,1,0,0,0,0,0,0,0,0,0,0
480131,1,1,18,0,15,0,0,0,0,0,0,0
480131,2,1,0,0,0,0,0,0,0,0,0,0
480132,1,1,0,23,0,0,0,0,15,0,0,0
480132,2,1,0,0,0,0,0,0,0,0,0,0
480133,1,1,0,0,0,0,0,0,0,0,0,0
480133,2,1,0,0,0,0,0,0,0,0,0,0
480134,1,1,0,0,0,0,0,0,0,0,0,0
480134,2,1,14,0,0,0,0,0,0,0,0,13
480135,1,1,0,0,0,0,0,0,0,0,0,0
480135,2,1,0,0,0,0,0,0,0,0,0,0
480136,1,1,0,0,0,0,0,5,0,0,0,0
480136,2,1,0,0,0,0,0,0,0,0,0,0
480136,3,1,0,0,0,0,22,0,0,0,0,0
480137,1,1,0,0,0,15,18,10,0,0,0,0
480137,2,1,0,0,27,0,0,0,0,0,0,0
480138,1,1,0,0,0,0,0,0,0,0,0,0
480138,2,1,0,0,0,0,0,0,0,0,0,0
480139,0,1,0,0,0,31,11,0,27,0,25,0
480139,1,1,0,11,0,0,0,0,0,0,0,0
480140,1,1,15,15,15,15,15,15,15,15,15,15
480141,1,1,0,0,16,16,0,18,0,0,0,0
480141,2,1,0,0,0,0,0,7,0,0,0,0
480142,1,1,0,0,0,21,0,0,0,0,0,0
480142,2,1,0,18,0,0,0,8,0,0,31,0
480143,1,1,0,14,0,0,0,13,5,8,0,9
480144,1,1,4,4,4,4,4,4,4,4,4,4
480144,2,1,18,18,18,18,18,18,18,18,18,18
480145,1,1,27,27,27,27,27,27,27,27,27,27
480146,1,1,33,33,33,33,33,33,33,33,33,33
480147,1,1,2,2,2,2,2,2,2,2,2,2
480148,1,1,19,0,0,0,0,0,0,0,0,0
480148,2,1,0,0,0,0,0,6,0,0,0,0
480149,1,1,22,22,22,22,22,22,22,22,22,22
480150,1,1,0,0,0,0,0,0,0,0,0,0
480150,2,1,25,25,25,25,25,25,25,25,25,25
480151,1,1,0,0,0,0,0,0,0,0,0,0
480151,2,1,0,0,0,0,0,0,0,0,0,0
480152,0,1,0,0,0,0,0,0,0,0,0,0
480152,1,1,0,27,0,0,0,0,0,0,18,0
480153,1,1,0,0,0,0,0,0,0,0,0,0
480153,2,1,0,0,4,0,0,0,0,0,38,0
480154,0,1,11,0,17,16,28,0,27,0,17,36
480154,1,1,0,0,0,0,0,29,0,0,0,0
480155,1,1,0,0,0,0,0,0,0,0,0,0
480155,2,1,0,0,0,0,27,12,0,0,0,0
480156,1,1,0,0,0,0,0,21,29,23,0,0
480157,0,1,0,0,0,0,0,0,0,0,0,16
480157,1,1,0,20,0,11,0,0,0,0,0,0
480158,1,1,15,0,9,16,29,0,22,28,18,21
480159,1,1,25,25,25,25,25,25,25,25,25,25
480160,0,1,0,0,0,0,0,0,0,0,0,28
480160,1,1,0,0,0,0,0,0,0,0,0,0
480161,1,1,0,0,0,0,0,0,0,0,0,0
480162,1,1,15,15,15,15,15,15,15,15,15,15
480164,1,1,0,0,0,0,0,0,0,0,0,0
480164,2,1,0,0,0,0,0,0,0,0,0,0
480165,1,1,0,0,0,0,0,13,0,21,0,0
480166,1,1,0,0,0,0,0,0,0,0,0,0
480166,2,1,0,0,0,0,0,0,21,0,0,0
480166,3,1,0,0,0,22,0,0,0,0,0,0
480166,4,1,0,0,0,0,0,0,13,0,0,0
480167,1,1,0,0,0,0,0,0,0,0,0,0
480167,2,1,0,0,0,0,0,0,0,0,0,0
480168,1,1,0,0,0,0,14,0,0,0,0,0
480169,1,1,20,12,0,23,0,21,27,33,14,0
480170,1,1,19,19,19,19,19,19,19,19,19,19
480171,1,1,0,18,0,0,19,0,0,0,0,8
480171,2,1,12,0,0,15,30,0,22,0,0,14
480172,1,1,11,11,11,11,11,11,11,11,11,11
480173,1,1,0,0,0,0,0,0,0,0,0,0
480173,2,1,0,0,0,0,7,0,20,0,0,0
480174,1,1,19,19,19,19,19,19,19,19,19,19
480175,1,1,26,26,26,26,26,26,26,26,26,26
480176,0,1,0,0,0,0,0,0,0,0,0,0
480176,1,1,9,0,0,0,0,0,8,0,0,0
480177,0,1,0,19,0,0,9,0,0,0,22,17
480177,1,1,8,0,8,37,12,2,13,0,20,0
480179,0,1,0,0,0,0,0,0,0,0,0,0
480179,1,1,6,12,14,4,22,3,0,8,3,12
480180,1,1,9,0,0,0,0,0,0,6,0,0
480180,2,1,0,0,0,0,12,0,0,0,0,6
480181,0,1,0,0,0,0,0,0,0,0,0,0
480181,1,1,0,0,19,0,0,0,17,0,0,0
480182,1,1,0,23,0,0,0,14,0,0,5,0
480182,2,1,0,0,0,0,14,0,0,0,10,0
480183,1,1,0,0,0,0,0,0,0,0,0,0
480183,2,1,0,0,0,0,0,0,0,0,0,0
480184,0,1,0,20,0,0,0,28,0,0,0,0
480184,1,1,16,0,0,0,0,0,0,0,0,0
480185,1,1,0,0,0,0,0,0,0,0,0,0
480185,2,1,0,26,0,0,0,0,0,0,0,13
480186,1,1,0,0,0,0,0,0,0,0,0,0
480186,2,1,16,18,0,7,0,21,0,0,9,18
480187,0,1,0,0,0,0,0,0,0,0,0,0
480187,1,1,0,0,0,0,0,0,0,0,0,0
480188,1,1,0,25,0,14,22,0,24,0,0,22
480189,1,1,0,0,0,0,0,0,0,0,0,0
480189,2,1,13,0,0,0,0,0,0,0,0,0
480190,1,1,10,10,10,10,10,10,10,10,10,10
480191,1,1,18,0,0,0,0,11,0,0,22,0
480191,2,1,0,0,19,0,0,0,0,0,0,0
480192,1,1,18,0,0,0,0,22,0,14,0,0
480192,2,1,0,0,0,0,0,0,0,0,0,0
480193,1,1,15,15,15,15,15,15,15,15,15,15
480194,1,1,0,15,6,0,10,18,26,17,32,20
480195,1,1,0,23,0,0,0,0,0,0,0,0
480196,1,1,31,31,31,31,31,31,31,31,31,31
480197,1,1,0,0,0,0,24,0,12,0,4,0
480197,2,1,0,12,0,0,0,11,7,0,0,0
480198,1,1,0,0,0,0,0,0,0,0,0,0
480198,2,1,0,0,0,0,0,0,0,0,0,0
480199,1,1,0,0,0,0,0,0,0,0,0,0
480199,2,1,0,0,0,0,0,0,0,0,0,6
480199,3,1,0,0,0,0,0,0,0,0,0,21
480199,4,1,0,14,0,0,0,0,0,14,0,31
480199,5,1,0,0,0,5,0,0,0,13,0,0
480200,0,1,39,17,0,21,0,0,0,0,0,0
480200,1,1,14,0,16,0,0,0,0,0,0,0
480201,1,1,4,4,4,4,4,4,4,4,4,4
480201,2,1,0,0,0,0,0,4,0,4,0,0
480202,1,1,0,0,7,0,13,0,0,14,0,0
480203,1,1,0,0,0,0,0,0,0,0,0,0
480203,2,1,0,0,0,0,0,0,0,0,0,13
480204,1,1,0,0,0,0,0,0,0,0,0,0
480205,1,1,11,20,0,22,21,37,30,5,15,39
480206,1,1,0,0,0,0,0,0,0,0,0,0
480207,1,1,0,0,0,0,0,0,0,0,0,0
480207,2,1,24,24,24,24,24,24,24,24,24,24
480208,1,1,0,0,0,0,4,0,0,0,0,0
480208,2,1,0,0,0,0,0,0,0,0,0,0
480208,3,1,0,0,0,0,0,0,0,0,0,0
480208,4,1,0,0,0,0,0,0,0,0,0,0
480209,1,1,11,0,24,0,0,0,0,0,0,0
480210,1,1,19,0,0,0,0,0,0,8,0,0