ST_CASE,VEH_NO,PER_NO,P1,P2,P3,P4,P5,P6,P7,P8,P9,P10
481124,2,1,5,0,0,11,0,13,0,0,6,0
481125,1,1,0,0,0,0,0,0,0,0,27,0
481125,2,1,0,0,0,4,0,0,0,0,0,0
481126,1,1,0,0,0,0,0,0,0,0,0,0
481127,1,1,20,20,20,20,20,20,20,20,20,20
481129,1,1,13,0,0,0,0,0,0,0,11,0
481130,1,1,12,12,12,12,12,12,12,12,12,12
481130,2,1,0,0,0,0,0,0,0,0,0,0
481131,1,1,16,0,0,0,0,0,0,0,0,0
481132,0,1,0,0,0,0,0,0,0,0,0,0
481132,1,1,0,0,0,0,0,0,0,0,0,0
481133,0,1,17,17,17,17,17,17,17,17,17,17
481133,1,1,20,35,18,0,0,0,0,0,0,0
481134,1,1,0,0,0,0,0,0,0,0,0,0
481134,2,1,0,0,0,0,0,0,0,7,0,0
481134,3,1,0,0,0,0,0,0,0,0,0,0
481135,1,1,37,37,37,37,37,37,37,37,37,37
481135,2,1,0,0,0,0,0,0,0,0,0,0
481137,1,1,0,0,0,0,0,0,0,0,0,0
481137,2,1,0,0,0,0,0,0,0,9,15,0
481138,1,1,34,0,0,8,16,0,0,6,0,0
481139,1,1,0,5,4,0,0,0,33,7,11,3
481139,2,1,0,0,0,0,0,0,0,0,0,0
481140,1,1,0,0,0,0,31,0,0,0,0,27
481140,2,1,0,0,0,0,0,0,0,0,0,0
481141,1,1,0,0,0,0,0,0,0,0,0,0
481141,2,1,0,0,0,0,0,0,14,0,0,0
481142,1,1,18,18,18,18,18,18,18,18,18,18
481143,1,1,16,16,16,16,16,16,16,16,16,16
481144,1,1,0,0,0,0,0,0,0,0,0,0
481144,2,1,0,0,0,0,0,0,0,0,0,0
481145,1,1,0,0,0,0,0,0,0,0,0,0
481145,2,1,0,0,0,0,0,0,0,0,0,0
481146,1,1,21,21,21,21,21,21,21,21,21,21
481147,1,1,12,0,0,0,0,0,0,0,0,0
481147,2,1,0,0,0,0,0,15,0,0,0,0
481148,1,1,0,12,10,17,19,25,16,0,0,10
481149,1,1,13,13,13,13,13,13,13,13,13,13
481150,1,1,13,13,13,13,13,13,13,13,13,13
481150,2,1,0,0,0,7,0,0,0,0,0,0
481151,1,1,0,0,0,0,0,0,0,0,0,0
481152,1,1,0,19,8,0,0,19,19,25,0,11
481153,0,1,15,39,16,23,0,17,11,22,0,0
481153,1,1,21,20,0,0,18,0,0,0,0,0
481154,1,1,0,0,0,0,0,0,0,0,0,0
481155,0,1,30,8,0,0,28,31,0,0,16,13
481155,1,1,6,24,0,12,14,0,0,0,6,6
481156,1,1,0,0,0,0,0,0,0,0,0,0
481156,2,1,0,0,0,0,0,0,0,0,0,0
481157,1,1,0,0,0,0,0,14,0,0,0,0
481157,2,1,16,0,0,0,0,19,0,42,0,0
481158,1,1,33,33,33,33,33,33,33,33,33,33
481159,1,1,0,0,0,0,0,0,0,0,6,0
481159,2,1,0,0,0,0,0,0,0,0,0,0
481160,1,1,0,0,0,0,0,0,0,0,0,0
481161,1,1,0,0,0,0,0,0,0,0,0,0
481161,2,1,0,0,0,12,0,19,0,0,0,0
481161,3,1,0,0,0,0,0,0,0,0,0,0
481162,1,1,19,19,19,19,19,19,19,19,19,19
481162,2,1,0,0,15,0,0,0,0,0,0,0
481163,1,1,18,18,18,18,18,18,18,18,18,18
481163,2,1,0,0,0,7,0,22,0,23,15,0
481164,1,1,0,0,0,0,0,0,0,0,0,0
481164,2,1,0,0,0,0,0,0,0,0,0,0
481165,1,1,0,0,0,0,0,0,0,0,0,0
481165,2,1,0,0,0,0,0,0,0,0,0,13
481166,1,1,0,0,0,0,0,0,0,0,0,0
481166,2,1,23,23,23,23,23,23,23,23,23,23
481167,1,1,20,20,20,20,20,20,20,20,20,20
481167,2,1,10,0,0,23,11,0,0,10,0,17
481168,1,1,27,27,27,27,27,27,27,27,27,27
481169,0,1,0,0,0,0,0,0,0,0,0,0
481169,1,1,0,0,21,0,0,0,0,7,0,0
481170,1,1,0,0,0,0,0,0,0,0,0,0
481171,1,1,23,23,23,23,23,23,23,23,23,23
481172,1,1,22,22,22,22,22,22,22,22,22,22
481172,2,1,0,0,0,0,0,0,0,0,0,0
481173,1,1,0,0,0,0,0,0,0,0,0,0
481173,2,1,0,0,13,0,0,16,0,0,0,0
481174,1,1,0,0,0,0,0,0,0,0,0,6
481174,2,1,0,0,15,16,0,0,10,0,15,0
481174,3,1,0,0,0,0,0,0,0,11,0,0
481175,1,1,0,0,0,0,0,0,0,0,0,0
481175,2,1,0,13,12,0,0,17,0,14,33,0
481176,0,1,3,3,3,3,3,3,3,3,3,3
481176,1,1,0,0,0,0,7,0,9,0,0,13
481177,1,1,18,0,0,0,0,0,0,19,0,12
481177,2,1,0,6,0,0,0,0,0,0,14,25
481178,1,1,0,0,0,10,0,0,25,0,0,0
481178,2,1,0,0,17,0,0,0,0,0,14,0
481178,3,1,0,0,0,0,0,14,0,10,0,0
481179,1,1,0,9,28,0,0,0,0,0,0,0
481179,2,1,22,0,16,0,0,0,0,0,0,0
481181,1,1,0,0,33,0,0,0,0,0,25,0
481181,2,1,1,0,0,0,0,0,0,0,0,0
481182,1,1,8,0,0,0,0,0,0,0,0,18
481183,1,1,0,0,0,0,0,0,0,0,0,0
481183,2,1,0,0,0,0,0,0,0,0,0,0
481184,0,1,0,0,0,0,0,0,0,0,0,0
481184,1,1,17,0,0,19,0,28,0,0,10,0
481185,0,1,22,0,0,7,18,0,33,25,0,0
481185,1,1,0,0,24,5,0,10,0,0,8,0
481186,1,1,11,11,11,11,11,11,11,11,11,11
481188,1,1,21,21,21,21,21,21,21,21,21,21
481189,1,1,0,0,0,0,0,0,0,0,0,0
481190,0,1,0,0,0,0,0,41,0,0,0,0
481190,0,2,0,0,0,0,0,0,0,0,0,0
481190,1,1,0,0,0,0,0,0,0,0,0,0
481190,2,1,0,0,0,0,0,0,0,0,0,0
481191,1,1,0,0,27,0,0,0,21,20,8,0
481192,0,1,40,40,40,40,40,40,40,40,40,40
481192,1,1,15,0,9,24,0,14,0,0,0,11
481193,1,1,8,8,8,8,8,8,8,8,8,8
481194,1,1,0,0,0,0,0,0,0,0,0,0
481195,1,1,11,11,11,11,11,11,11,11,11,11
481197,1,1,31,31,31,31,31,31,31,31,31,31
481198,1,1,0,0,0,0,0,0,0,0,0,0
481198,2,1,0,0,0,0,0,0,0,0,0,26
481199,0,1,23,23,23,23,23,23,23,23,23,23
481199,1,1,21,21,21,21,21,21,21,21,21,21
481200,1,1,0,0,0,0,0,0,0,0,0,0
481202,1,1,0,8,20,21,9,19,0,33,13,30
481203,1,1,0,0,0,0,0,0,0,0,0,0
481203,2,1,0,11,0,0,0,14,0,0,22,0
481204,1,1,0,19,6,3,16,0,0,19,15,14
481205,1,1,19,11,0,14,18,26,10,11,0,23
481205,2,1,0,0,0,0,0,0,0,0,0,0
481206,1,1,0,0,7,26,0,25,24,29,0,0
481207,1,1,0,0,0,0,0,0,0,0,0,0
481207,2,1,19,0,0,0,0,0,0,0,0,0
481208,1,1,9,9,9,9,9,9,9,9,9,9
481209,1,1,29,0,0,0,0,0,0,0,0,0
481209,2,1,0,0,0,0,0,0,0,0,0,0
481210,1,1,15,15,15,15,15,15,15,15,15,15
481211,0,1,0,0,0,29,0,0,25,0,11,0
481211,1,1,0,0,6,0,0,17,0,14,0,31
481212,1,1,0,0,0,0,12,13,0,19,0,17
481213,1,1,16,16,16,16,16,16,16,16,16,16
481214,1,1,0,0,26,0,0,0,0,0,0,0
481214,2,1,0,0,0,0,0,0,0,0,0,0
481215,0,1,0,0,0,0,0,0,0,0,0,0
481215,1,1,0,0,0,0,0,0,0,0,0,0
481216,1,1,0,0,0,0,0,0,0,0,0,12
481217,1,1,0,0,0,0,0,0,0,0,0,0
481218,1,1,12,12,12,12,12,12,12,12,12,12
481219,1,1,11,0,0,0,0,0,0,0,0,0
481219,2,1,16,16,16,16,16,16,16,16,16,16
481221,0,1,9,8,30,29,0,0,18,31,15,0
481221,1,1,10,0,0,0,10,8,0,0,0,0
481222,1,1,0,0,0,0,0,0,0,0,0,0
481222,2,1,0,0,0,8,0,0,0,0,0,0
481223,1,1,6,0,0,0,0,0,0,0,0,0
481223,2,1,0,0,0,0,0,0,0,0,0,0
481224,1,1,16,16,16,16,16,16,16,16,16,16
481224,2,1,0,0,0,0,0,0,0,0,0,0
481225,0,1,20,14,19,0,20,32,29,14,0,15
481225,1,1,0,0,12,0,0,0,0,9,0,13
481226,1,1,0,0,0,0,0,0,0,0,0,0
481226,2,1,0,0,0,0,0,0,0,0,0,0
481227,0,1,0,0,0,0,0,0,0,0,0,0
481227,1,1,0,0,7,0,0,10,9,8,0,0
481228,1,1,0,12,12,16,26,13,18,0,9,0
481229,1,1,0,24,0,0,0,0,0,0,18,0
481230,1,1,0,17,0,0,0,0,0,7,35,0
481231,0,1,0,0,14,0,8,20,0,0,17,0
481231,1,1,0,0,0,0,0,0,0,21,0,0
481232,0,1,30,6,0,0,19,35,0,0,0,0
481232,1,1,9,9,9,9,9,9,9,9,9,9
481233,1,1,24,40,0,10,12,21,22,33,17,23
481234,1,1,1,1,1,1,1,1,1,1,1,1
481235,0,1,0,0,0,0,0,0,0,0,0,0
481235,1,1,0,10,0,0,0,7,0,15,13,9
481236,1,1,20,20,20,20,20,20,20,20,20,20
481237,1,1,0,0,0,0,0,0,0,0,0,0
481237,2,1,0,0,22,0,13,0,0,0,0,0
481238,1,1,20,20,20,20,20,20,20,20,20,20
481239,1,1,0,0,0,0,0,0,0,0,0,0
481240,1,1,0,0,0,0,0,0,0,0,0,0
481240,2,1,0,0,0,0,0,0,0,0,0,0
481241,1,1,0,0,0,0,0,0,0,0,0,0
481241,3,1,0,0,0,5,0,0,0,0,0,0
481242,1,1,0,0,0,0,0,0,0,0,0,0
481242,2,1,0,0,0,0,0,0,0,0,0,0
481243,1,1,12,12,0,16,23,7,2,42,0,0
481244,1,1,0,0,0,0,0,0,0,0,0,0
481244,2,1,0,0,0,0,0,0,0,0,18,0
481245,0,1,0,0,0,0,0,0,0,0,0,0
481245,1,1,0,0,0,0,0,0,0,0,0,0
481247,1,1,11,11,11,11,11,11,11,11,11,11
481248,0,1,12,12,12,12,12,12,12,12,12,12
481248,1,1,0,0,16,0,0,8,0,0,14,0
481249,1,1,0,0,0,0,0,0,0,0,0,0
481249,2,1,3,0,18,0,0,0,0,0,10,10
481249,3,1,0,0,11,0,0,0,0,0,0,0
481249,4,1,0,0,5,0,0,0,18,0,9,0
481249,5,1,0,0,0,0,0,0,0,0,0,0
481250,1,1,0,0,0,0,0,0,0,3,0,0
481250,2,1,0,0,0,21,17,8,2,13,0,0
481250,3,1,0,0,0,0,0,0,0,0,0,0
481251,0,1,36,0,0,0,0,23,0,0,0,0
481251,1,1,0,0,0,0,0,0,0,0,15,15
481252,0,1,0,0,0,0,0,0,0,0,0,0
481252,1,1,0,0,0,0,0,0,0,0,0,0
481252,2,1,0,0,0,0,0,0,18,0,0,0
481253,1,1,0,0,0,18,0,0,0,0,20,0
481253,2,1,17,19,0,0,0,0,0,0,0,0
481254,1,1,7,0,18,18,0,8,23,16,0,0
481254,2,1,13,13,13,13,13,13,13,13,13,13
481255,0,1,0,0,0,0,0,0,0,0,0,0
481255,1,1,0,0,0,0,0,0,0,0,0,0
481256,1,1,0,14,0,0,0,0,8,0,0,0
481256,2,1,0,0,0,0,0,0,0,0,0,0
481257,1,1,0,0,0,0,0,0,0,0,0,0
481257,2,1,0,0,0,0,0,0,0,0,0,0
481257,3,1,0,0,0,0,0,0,0,0,0,0
481258,1,1,0,0,0,0,0,0,0,0,0,0
481258,2,1,0,0,0,0,0,0,0,0,0,0
481259,1,1,0,0,0,0,0,0,0,0,0,0
481259,2,1,10,10,10,10,10,10,10,10,10,10
481260,1,1,25,25,25,25,25,25,25,25,25,25
481260,2,1,0,0,0,0,0,0,16,0,0,18
481262,1,1,35,35,35,35,35,35,35,35,35,35
481262,2,1,0,0,0,0,0,11,0,0,0,0
481262,3,1,0,0,0,0,14,7,0,0,0,0
481263,1,1,0,0,0,0,0,0,0,0,0,0
481263,2,1,0,0,0,0,0,17,0,0,0,0
481264,1,1,0,0,0,0,0,0,0,0,3,0
481264,2,1,0,0,0,0,0,0,0,0,0,0
481265,1,1,0,0,0,0,0,0,0,0,0,0
481265,2,1,0,14,17,0,0,0,0,0,0,0
481266,1,1,0,0,0,0,0,0,0,0,0,0
481266,2,1,0,0,0,0,0,0,0,10,0,0
481266,3,1,0,0,14,0,0,5,0,0,0,0
481267,1,1,0,0,0,0,0,0,0,0,0,0
481267,2,1,23,23,23,23,23,23,23,23,23,23
481268,1,1,0,0,0,0,0,0,0,0,0,0
481268,2,1,0,0,0,0,0,0,0,0,6,0
481269,1,1,0,0,0,0,0,0,0,0,0,0
481269,2,1,0,0,0,0,0,0,0,0,0,0
481270,0,1,19,0,0,0,0,22,0,0,0,0
481270,0,2,0,0,0,0,0,0,0,0,0,0
481270,0,3,25,0,0,21,0,0,0,0,0,0
481270,1,1,0,13,0,0,0,0,21,0,0,6
481270,2,1,0,0,16,0,7,0,19,0,0,0
481270,3,1,0,7,16,14,0,9,16,27,13,13
481271,1,1,16,16,16,16,16,16,16,16,16,16
481272,1,1,0,0,0,0,0,0,0,0,0,0
481272,2,1,13,22,18,4,12,30,26,10,0,24
481273,1,1,29,0,8,17,0,0,0,10,13,20
481273,2,1,0,0,0,0,5,0,0,0,0,0
481274,1,1,24,19,0,12,15,26,30,6,9,0
481274,2,1,0,0,0,0,0,0,2,0,0,0
481274,3,1,0,0,9,0,0,0,0,0,0,0
481276,1,1,0,0,15,0,0,18,15,0,0,0
481276,2,1,16,0,15,30,0,0,22,9,0,0
481277,1,1,0,0,0,0,0,0,0,0,0,0
481277,2,1,0,0,0,22,0,0,0,0,0,0
481278,1,1,18,18,18,18,18,18,18,18,18,18
481279,1,1,0,0,0,0,0,0,0,0,0,0
481280,1,1,0,0,5,0,7,0,0,5,0,0
481280,2,1,0,0,0,0,0,0,0,0,0,0
481280,3,1,7,16,0,0,0,5,13,12,22,0
481281,1,1,0,0,0,0,0,0,0,0,0,0
481281,2,1,0,0,0,0,0,0,0,0,0,0
481282,1,1,5,5,5,5,5,5,5,5,5,5
481284,1,1,0,0,0,0,0,0,0,0,0,0
481284,2,1,0,0,19,0,0,0,0,27,35,0
481284,3,1,13,0,0,0,0,13,0,0,0,15
481285,1,1,0,0,0,0,0,0,0,0,0,0
481285,2,1,4,4,4,4,4,4,4,4,4,4
481285,3,1,0,0,15,0,12,0,14,13,0,12
481286,1,1,0,0,0,0,0,0,0,0,0,0
481286,2,1,0,0,0,0,0,0,0,0,0,0
481287,1,1,17,9,32,20,10,8,25,34,19,18
481287,2,1,0,0,0,0,0,0,0,0,0,0
481288,0,1,11,11,11,11,11,11,11,11,11,11
481288,1,1,3,3,3,3,3,3,3,3,3,3
481289,1,1,0,0,0,0,0,0,0,0,0,0
481289,3,1,0,0,0,0,0,0,0,0,0,0
481290,0,1,24,0,25,0,0,0,5,0,0,0
481290,1,1,0,9,11,0,32,0,0,0,0,0
481291,1,1,0,0,0,22,0,0,0,0,0,0
481291,2,1,0,0,0,0,0,0,0,0,0,0
481292,1,1,21,12,0,10,0,0,10,0,0,11
481293,1,1,38,38,38,38,38,38,38,38,38,38
481293,2,1,5,5,5,5,5,5,5,5,5,5
481294,1,1,0,0,0,20,0,0,0,0,0,0
481294,2,1,0,0,0,0,0,0,0,0,0,0
481295,1,1,0,0,0,0,0,0,0,0,0,0
481295,2,1,30,0,22,0,0,23,0,24,10,25
481296,1,1,0,0,0,0,0,0,0,0,0,0
481296,2,1,15,15,15,15,15,15,15,15,15,15
481297,1,1,23,23,23,23,23,23,23,23,23,23
481298,0,1,0,0,0,0,0,0,0,0,0,0
481298,1,1,0,0,0,20,0,0,0,21,19,0
481298,2,1,0,0,0,0,0,0,0,0,0,0
481299,1,1,23,0,22,26,30,24,28,0,0,0
481300,1,1,10,10,10,10,10,10,10,10,10,10
481301,1,1,0,0,0,0,0,0,0,0,0,0
481302,0,1,0,0,8,19,0,58,33,0,0,0
481302,1,1,5,24,0,0,0,0,12,0,3,0
481303,0,1,0,0,0,0,0,25,0,0,0,12
481303,1,1,0,0,19,9,0,12,0,19,0,0
481304,1,1,0,0,0,0,0,0,0,0,0,18
481304,2,1,0,0,0,0,0,0,0,0,0,0
481305,0,1,0,0,0,0,0,0,0,0,0,0
481305,1,1,19,0,5,0,5,0,6,19,0,0
481306,1,1,0,0,0,0,0,0,0,0,0,12
481307,1,1,0,12,0,0,0,0,0,0,0,0
481307,2,1,0,0,0,0,0,0,7,0,0,5
481308,1,1,0,0,0,0,0,0,0,0,0,0
481308,2,1,0,0,0,0,0,0,0,0,0,0
481308,3,1,0,0,0,0,0,0,0,0,0,0
481309,1,1,21,21,21,21,21,21,21,21,21,21
481310,1,1,20,20,20,20,20,20,20,20,20,20
481310,2,1,0,0,3,0,17,18,11,27,0,15
481311,0,1,0,0,24,0,0,11,0,12,0,0
481311,1,1,0,0,0,24,6,19,0,0,0,0
481312,1,1,0,0,0,0,0,0,0,0,0,0
481312,2,1,0,0,0,0,26,0,0,0,0,0
481313,1,1,24,19,0,0,18,14,0,22,20,0
481314,1,1,15,8,16,0,7,20,23,35,6,14
481315,1,1,10,0,0,0,9,20,0,0,0,0
481315,2,1,0,29,0,0,23,0,0,0,0,0
481316,1,1,0,0,0,0,0,0,0,0,0,0
481317,1,1,0,0,13,0,25,0,0,0,0,31
481317,2,1,9,11,0,12,9,0,0,13,0,0
481318,1,1,0,0,0,0,0,0,0,0,0,0
481319,1,1,0,25,0,0,28,14,17,13,2,24
481320,1,1,0,0,0,0,0,0,0,0,0,0
481320,2,1,0,0,10,16,0,6,0,0,0,0
481321,0,1,20,20,20,20,20,20,20,20,20,20
481321,1,1,0,12,0,7,5,16,0,0,15,0
481321,2,1,0,0,0,0,0,0,11,0,16,7
481322,1,1,0,0,0,0,0,0,0,0,0,0
481323,1,1,15,15,15,15,15,15,15,15,15,15
481323,2,1,0,0,0,0,0,0,0,0,0,0
481324,1,1,0,0,0,0,0,0,0,0,0,0
481324,2,1,0,0,0,0,0,0,0,0,0,0
481324,3,1,10,24,0,9,19,20,0,0,14,0
481325,1,1,0,0,18,0,0,0,5,0,0,0
481325,2,1,0,0,0,0,0,0,0,0,0,0
481326,1,1,25,25,25,25,25,25,25,25,25,25
481327,1,1,0,0,0,0,0,0,0,0,0,0
481328,1,1,0,0,30,0,0,0,0,7,0,0
481328,2,1,6,0,0,0,0,0,0,0,0,0
481328,3,1,0,0,0,0,0,0,0,0,0,0
481329,1,1,0,0,0,0,0,0,0,0,0,0
481330,1,1,19,0,0,0,0,14,0,0,0,0
481330,2,1,0,0,0,0,0,0,0,0,0,0
481331,1,1,0,0,0,0,0,15,22,20,0,17
481331,2,1,0,7,27,16,2,11,0,0,9,0
481331,3,1,0,0,6,0,3,18,0,0,0,0
481332,1,1,8,8,8,8,8,8,8,8,8,8
481333,1,1,0,38,18,22,31,0,17,12,0,0
481334,1,1,1,1,1,1,1,1,1,1,1,1
481335,1,1,0,0,0,0,20,0,0,0,0,0
481335,2,1,0,0,0,0,0,30,0,0,0,12
481336,1,1,0,0,0,0,0,0,0,0,0,22
481337,1,1,0,0,0,0,0,0,0,0,0,0
481337,2,1,5,5,5,5,5,5,5,5,5,5
481338,1,1,0,0,0,0,0,0,15,0,0,0
481338,2,1,0,0,0,0,0,0,0,0,0,0
481339,1,1,0,0,0,0,17,0,0,15,0,5
481339,2,1,11,2,0,0,19,0,16,0,0,0
481340,1,1,0,0,0,20,14,0,0,0,0,14
481341,1,1,16,16,16,16,16,16,16,16,16,16
481342,1,1,18,18,18,18,18,18,18,18,18,18
481343,1,1,24,24,24,24,24,24,24,24,24,24
481344,1,1,11,10,26,0,8,34,0,22,23,0
481345,1,1,0,0,0,0,0,0,0,0,0,0
481345,2,1,10,0,0,0,0,5,13,0,0,0
481346,1,1,40,13,11,19,10,17,23,0,10,14
481346,2,1,0,0,0,0,20,0,0,0,15,0
481346,3,1,0,0,0,0,11,23,28,0,15,8
481346,4,1,22,24,9,21,0,0,0,22,16,34
481346,5,1,0,11,0,0,0,0,8,0,0,0
481347,1,1,24,24,24,24,24,24,24,24,24,24
481348,1,1,0,0,0,0,0,0,0,0,0,0
481349,1,1,0,0,0,0,0,0,0,0,0,0
481350,1,1,0,0,0,23,0,21,28,9,0,0
481351,1,1,0,0,0,0,0,0,17,5,4,0
481352,1,1,0,0,0,0,0,0,0,0,0,0
481352,2,1,0,0,0,0,0,0,0,0,0,0
481353,0,1,20,20,20,20,20,20,20,20,20,20
481353,1,1,5,18,0,0,0,18,0,0,0,16
481354,1,1,0,0,0,0,0,0,0,0,25,0
481354,2,1,0,0,0,0,0,0,0,0,0,0
481355,1,1,0,0,0,0,0,0,0,0,0,0
481356,1,1,0,0,0,21,0,21,0,6,0,0
481357,1,1,0,0,18,0,0,0,0,8,0,0
481358,1,1,0,0,0,0,0,0,0,0,0,0
481358,2,1,0,0,0,0,0,0,0,0,0,0
481359,1,1,0,0,0,0,0,16,0,0,0,0
481359,2,1,0,0,0,20,0,0,0,0,0,0
481360,1,1,0,0,0,0,0,0,0,0,0,0
481361,1,1,0,0,0,0,0,0,0,0,0,0
481361,2,1,0,0,0,0,0,0,0,0,0,0
481361,3,1,0,0,0,0,13,0,15,0,0,0
481362,1,1,0,5,0,0,11,0,18,5,0,19
481363,1,1,0,0,0,0,0,0,0,0,0,0
481363,2,1,22,22,22,22,22,22,22,22,22,22
481364,1,1,0,0,0,0,0,0,0,0,0,0
481364,2,1,0,0,0,0,0,0,0,0,0,0
481365,0,1,0,0,0,0,0,0,0,0,0,0
481365,1,1,0,0,0,0,0,0,0,11,0,0
481366,1,1,0,0,0,0,0,0,0,0,0,0
481367,0,1,15,15,15,15,15,15,15,15,15,15
481367,1,1,0,0,14,0,16,0,0,0,7,0
481368,1,1,0,0,0,0,0,0,0,18,0,0
481369,1,1,0,0,0,0,0,0,0,0,0,0
481369,2,1,0,0,8,0,0,0,0,0,0,15
481370,1,1,19,14,31,13,15,19,9,19,15,6
481371,1,1,11,11,11,11,11,11,11,11,11,11
481373,1,1,18,18,18,18,18,18,18,18,18,18
481374,1,1,14,0,27,0,0,0,0,6,0,0
481375,1,1,8,8,8,8,8,8,8,8,8,8
481376,0,1,27,27,27,27,27,27,27,27,27,27
481376,1,1,0,0,0,0,0,18,14,0,0,0
481378,1,1,0,0,0,0,0,0,0,0,0,0
481379,1,1,3,3,3,3,3,3,3,3,3,3
481380,1,1,0,0,0,0,0,0,3,0,0,0
481382,1,1,0,10,0,0,21,19,0,0,0,0
481383,0,1,0,0,0,0,0,0,0,0,0,0
481383,1,1,0,0,6,0,0,0,0,0,0,20
481384,1,1,16,16,16,16,16,16,16,16,16,16
481384,2,1,8,9,14,0,10,0,0,8,0,0
481385,0,1,29,54,9,0,22,0,36,0,0,10
481385,1,1,0,0,0,0,0,0,0,0,0,0
481386,1,1,0,0,0,0,0,0,0,20,0,0
481387,1,1,0,17,0,0,0,32,0,0,0,0
481388,1,1,0,0,0,9,0,0,0,0,0,0
481389,1,1,0,28,0,0,0,24,0,0,0,0
481389,2,1,27,0,0,0,0,0,0,0,0,0
481390,1,1,0,0,0,13,0,0,31,0,0,19
481390,2,1,0,4,0,17,0,0,13,21,0,19
481391,0,1,21,16,0,10,0,0,33,0,12,0
481391,1,1,0,28,0,0,0,0,0,0,5,9
481392,1,1,0,0,0,0,0,0,0,0,0,0
481392,2,1,0,0,0,0,0,0,0,0,0,0
481393,1,1,0,0,0,0,0,0,0,0,0,0
481394,1,1,4,12,6,18,29,20,10,14,0,14
481395,1,1,0,0,0,16,0,0,0,0,20,9
481396,1,1,0,0,0,0,0,0,0,0,0,0
481397,1,1,0,0,0,12,0,0,0,0,21,0
481397,2,1,7,7,7,7,7,7,7,7,7,7
481398,1,1,0,0,0,0,0,0,0,0,0,0
481398,2,1,0,0,0,0,0,0,0,0,0,0
481399,1,1,0,0,0,0,0,0,0,0,13,0
481400,1,1,0,0,0,0,0,0,0,3,17,0
481400,2,1,0,0,0,0,0,0,0,0,0,0
481401,1,1,0,0,0,0,0,0,0,0,0,0
481401,2,1,0,0,0,0,0,0,0,0,0,0
481403,1,1,0,0,20,0,21,21,0,13,0,0
481403,2,1,0,0,0,0,0,0,0,0,0,0
481404,1,1,19,0,11,17,0,13,30,0,0,26
481404,2,1,0,0,0,0,0,0,0,0,0,0
481405,1,1,0,0,0,0,0,0,0,0,0,0
481406,1,1,0,0,0,0,0,0,0,0,0,0
481406,2,1,0,0,0,0,0,0,0,0,0,0
481408,1,1,0,0,0,0,0,0,0,0,4,0
481408,2,1,0,0,0,0,0,0,0,0,0,0
481408,3,1,0,25,22,0,0,13,0,24,0,25
481409,1,1,11,25,34,0,27,19,13,0,18,31
481410,1,1,2,2,2,2,2,2,2,2,2,2
481410,2,1,0,0,0,0,0,0,0,0,0,0
481411,1,1,0,0,0,0,0,0,0,0,0,0
481411,2,1,0,0,0,0,0,0,0,0,0,0
481412,1,1,0,0,0,0,0,0,0,0,0,0
481412,2,1,0,0,0,0,0,13,0,19,0,0
481413,1,1,0,0,0,0,0,0,0,0,0,0
481413,2,1,0,0,0,0,0,0,0,0,11,0
481413,3,1,0,0,0,0,0,0,0,0,0,0
481414,1,1,20,0,0,0,0,0,0,0,0,0
481415,1,1,0,0,0,0,5,0,0,0,0,0
481415,2,1,0,9,0,0,0,0,15,20,0,8
481415,3,1,0,0,14,0,0,0,0,0,0,0
481416,1,1,0,0,0,0,0,0,0,7,0,0
481416,2,1,0,0,0,0,0,0,0,0,0,0
481417,1,1,0,0,0,13,0,15,23,0,0,27
481418,1,1,0,0,0,0,0,0,0,0,0,0
481419,1,1,0,4,0,0,4,0,0,0,0,0
481420,0,1,6,14,0,18,14,0,0,0,0,0
481420,1,1,0,0,0,0,0,0,0,0,0,0
481421,1,1,18,18,18,18,18,18,18,18,18,18
481422,0,1,0,0,0,0,0,0,0,0,0,0
481422,1,1,9,0,0,8,20,13,0,13,0,13
481423,1,1,26,26,26,26,26,26,26,26,26,26
481423,2,1,0,0,0,10,0,4,0,0,0,14
481424,0,1,8,0,0,14,0,0,0,0,0,0
481424,1,1,8,0,0,0,0,12,0,0,0,0
481425,1,1,4,0,0,0,0,0,0,0,0,0
481426,1,1,22,22,22,22,22,22,22,22,22,22
481427,1,1,14,0,10,25,0,33,18,0,17,14
481428,1,1,21,21,21,21,21,21,21,21,21,21
481429,1,1,0,0,0,0,0,0,0,0,0,0
481430,1,1,0,17,16,6,0,10,15,25,32,8
481430,2,1,0,0,0,0,0,0,0,21,0,0
481431,1,1,0,0,0,0,0,0,0,0,0,0
481432,1,1,0,0,0,0,0,0,0,0,0,0
481432,2,1,0,0,0,0,0,0,0,0,0,0
481433,1,1,16,0,0,0,0,0,0,33,19,0
481433,2,1,0,0,0,0,1,0,0,0,19,0
481434,1,1,4,4,4,4,4,4,4,4,4,4
481435,1,1,29,0,0,0,0,0,0,0,41,0
481436,1,1,0,18,0,9,0,0,0,0,0,0
481436,2,1,0,0,0,0,9,0,0,0,0,0