ST_CASE,VEH_NO,PER_NO,P1,P2,P3,P4,P5,P6,P7,P8,P9,P10
481437,1,1,23,17,30,0,33,0,29,0,0,0
481438,1,1,0,0,0,0,0,0,0,0,0,0
481438,2,1,0,0,0,0,0,0,0,0,0,0
481439,1,1,0,0,0,0,0,0,0,0,0,0
481439,2,1,0,0,18,0,0,0,23,0,0,0
481440,1,1,26,26,26,26,26,26,26,26,26,26
481440,2,1,0,0,0,3,0,0,0,0,18,0
481441,1,1,0,0,0,15,0,0,0,0,0,0
481441,2,1,0,0,0,0,28,0,0,0,0,0
481443,1,1,23,23,23,23,23,23,23,23,23,23
481443,2,1,0,0,0,0,0,0,0,0,0,0
481444,1,1,0,0,12,0,0,14,0,0,0,0
481445,1,1,0,0,0,0,0,0,0,0,0,0
481446,1,1,0,0,0,0,0,0,0,0,8,0
481447,1,1,0,0,0,0,0,0,0,21,0,0
481447,2,1,25,24,0,0,24,26,0,22,12,7
481448,1,1,0,0,0,0,0,0,0,0,0,0
481449,0,1,0,0,0,0,0,0,0,0,0,0
481449,1,1,0,0,0,0,0,0,0,0,0,0
481450,1,1,11,11,11,11,11,11,11,11,11,11
481451,1,1,19,12,25,13,16,13,38,26,30,10
481452,1,1,23,23,23,23,23,23,23,23,23,23
481452,2,1,0,0,0,0,0,0,0,0,0,6
481452,3,1,0,0,0,0,0,0,0,0,0,0
481453,1,1,0,9,0,0,0,0,0,0,0,0
481453,2,1,0,0,0,17,0,7,0,12,0,0
481454,1,1,17,0,26,0,17,20,11,14,29,7
481455,0,1,0,17,11,0,15,15,0,16,0,7
481455,1,1,0,0,22,34,4,9,0,13,8,0
481456,1,1,11,11,11,11,11,11,11,11,11,11
481456,2,1,0,0,0,0,0,0,0,0,18,0
481457,1,1,0,0,19,0,0,0,0,0,0,0
481457,2,1,0,25,17,0,0,0,0,0,0,18
481458,1,1,17,16,0,17,0,10,0,8,0,0
481458,2,1,0,0,0,0,0,0,0,0,0,0
481459,1,1,0,29,12,16,0,7,0,19,19,12
481460,0,1,37,37,37,37,37,37,37,37,37,37
481460,1,1,0,0,0,0,0,0,0,0,0,0
481461,1,1,0,0,25,6,14,0,0,0,0,0
481462,0,1,0,6,27,0,0,23,33,0,0,0
481462,1,1,0,0,0,0,0,0,0,0,5,10
481463,1,1,0,0,0,0,0,13,0,12,0,0
481463,2,1,0,0,0,0,0,0,0,0,0,0
481464,1,1,28,28,28,28,28,28,28,28,28,28
481464,2,1,0,0,18,9,9,0,0,0,0,0
481466,1,1,0,0,6,4,0,11,0,0,13,16
481467,1,1,0,0,0,0,0,0,0,0,0,0
481468,1,1,18,13,0,0,9,11,8,24,0,13
481469,1,1,40,0,11,15,0,0,12,5,0,15
481470,0,1,15,15,15,15,15,15,15,15,15,15
481470,1,1,0,0,0,0,0,0,0,0,0,0
481471,1,1,11,11,11,11,11,11,11,11,11,11
481471,2,1,0,13,0,0,11,0,0,0,0,0
481472,1,1,0,0,0,0,0,0,0,0,0,0
481473,1,1,13,0,0,0,0,0,0,0,0,0
481473,2,1,0,0,0,5,0,5,0,0,0,0
481474,1,1,0,0,0,0,0,0,0,0,0,0
481474,2,1,0,0,0,0,0,0,0,0,0,0
481475,1,1,0,0,0,0,0,0,0,0,0,0
481475,2,1,0,0,0,0,0,0,0,0,0,0
481476,1,1,0,0,0,0,0,0,0,0,0,0
481476,2,1,0,0,0,0,0,0,0,0,0,0
481477,1,1,13,14,15,0,0,0,0,4,0,11
481477,2,1,0,0,0,6,12,24,13,0,0,0
481478,1,1,0,0,0,16,0,0,26,0,0,0
481478,2,1,0,0,0,0,0,0,0,0,0,0
481479,1,1,0,0,0,0,0,0,0,0,0,0
481479,2,1,0,0,0,0,0,0,0,0,0,0
481479,3,1,0,0,0,0,0,0,0,22,0,0
481480,1,1,19,19,19,19,19,19,19,19,19,19
481481,1,1,14,14,14,14,14,14,14,14,14,14
481481,2,1,0,0,0,0,0,0,0,0,0,0
481481,3,1,0,0,0,0,0,0,0,20,11,0
481482,1,1,7,33,0,14,0,0,0,0,0,14
481483,1,1,6,6,6,6,6,6,6,6,6,6
481484,1,1,5,5,5,5,5,5,5,5,5,5
481484,2,1,16,16,16,16,16,16,16,16,16,16
481485,1,1,0,0,0,0,0,0,0,0,0,0
481485,2,1,38,0,0,0,0,0,0,0,0,0
481486,1,1,0,11,0,5,0,0,0,0,0,0
481486,2,1,0,0,9,24,10,19,0,0,0,16
481487,1,1,7,0,18,29,0,0,0,0,0,15
481487,2,1,0,0,0,0,0,0,0,0,21,0
481488,0,1,0,0,0,0,0,0,0,0,0,0
481488,1,1,0,0,0,0,0,0,0,0,9,0
481489,1,1,0,23,0,0,20,0,9,23,22,10
481490,1,1,19,0,0,0,0,0,17,0,0,16
481491,1,1,10,10,10,10,10,10,10,10,10,10
481491,2,1,0,0,0,0,0,0,0,0,0,0
481492,1,1,5,0,22,0,0,0,0,0,20,0
481492,2,1,0,0,0,0,0,0,0,0,0,0
481493,1,1,23,23,23,23,23,23,23,23,23,23
481494,1,1,11,6,17,9,0,10,0,6,13,17
481495,0,1,36,46,24,0,0,26,0,0,14,18
481495,1,1,16,17,23,11,5,9,8,0,9,0
481496,1,1,19,0,0,0,0,0,0,0,0,19
481496,2,1,0,0,0,0,0,0,0,10,0,0
481498,1,1,27,0,0,18,14,0,0,0,15,28
481499,1,1,0,0,20,25,0,0,0,0,0,26
481500,1,1,0,0,12,0,25,0,16,20,17,9
481500,2,1,0,0,0,0,4,0,10,0,0,32
481501,1,1,7,0,0,0,0,0,0,0,0,0
481503,1,1,0,14,0,0,0,28,0,0,0,0
481503,2,1,0,0,0,0,0,0,0,0,0,0
481504,1,1,0,0,0,22,10,0,0,0,0,0
481504,2,1,0,2,0,0,0,0,0,0,0,0
481505,1,1,0,15,0,0,0,0,0,0,0,13
481506,1,1,0,0,0,0,0,0,0,0,0,0
481506,2,1,19,0,0,0,13,0,0,0,0,0
481507,0,1,11,11,11,11,11,11,11,11,11,11
481507,1,1,6,6,6,6,6,6,6,6,6,6
481508,1,1,0,0,0,0,0,0,0,33,8,0
481508,2,1,0,0,0,0,30,32,5,0,7,5
481508,3,1,0,0,14,0,0,9,0,0,0,0
481509,1,1,21,0,14,0,0,29,0,0,0,0
481509,2,1,30,0,0,11,0,0,0,0,23,0
481510,1,1,0,2,0,2,0,0,0,0,0,0
481510,2,1,0,0,0,0,21,0,0,0,0,0
481511,0,1,40,0,24,24,22,20,0,35,0,44
481511,1,1,0,0,0,8,0,11,15,7,0,0
481512,1,1,23,23,23,23,23,23,23,23,23,23
481512,2,1,0,0,0,0,0,0,0,0,0,0
481512,3,1,0,0,0,0,0,0,0,0,0,0
481512,4,1,0,0,0,13,0,0,0,0,0,0
481512,5,1,14,0,0,0,0,0,20,0,0,0
481512,6,1,0,0,8,0,22,0,0,0,0,0
481513,1,1,10,10,10,10,10,10,10,10,10,10
481514,1,1,18,18,18,18,18,18,18,18,18,18
481515,1,1,23,23,23,23,23,23,23,23,23,23
481516,0,1,27,27,27,27,27,27,27,27,27,27
481516,1,1,9,9,9,9,9,9,9,9,9,9
481517,1,1,25,25,25,25,25,25,25,25,25,25
481517,2,1,0,0,20,0,0,0,0,0,0,0
481517,3,1,0,12,0,0,15,16,0,0,0,0
481517,4,1,0,14,0,13,0,0,0,0,0,17
481518,1,1,18,18,18,18,18,18,18,18,18,18
481519,1,1,0,0,0,0,0,0,0,0,24,0
481519,2,1,0,5,23,24,0,0,0,0,0,0
481520,0,1,0,0,0,0,0,0,0,0,0,0
481520,1,1,10,0,0,2,12,16,0,0,11,6
481521,1,1,21,17,8,0,0,9,0,0,13,0
481521,2,1,6,17,20,13,0,0,10,0,0,0
481522,1,1,19,19,19,19,19,19,19,19,19,19
481523,1,1,0,0,0,0,0,0,0,0,0,0
481524,1,1,0,0,0,0,0,0,0,0,0,0
481525,1,1,8,8,8,8,8,8,8,8,8,8
481526,1,1,14,14,14,14,14,14,14,14,14,14
481526,2,1,8,0,0,5,0,6,16,0,31,0
481527,1,1,0,0,0,0,31,7,12,0,0,0
481527,2,1,8,0,7,0,0,0,0,0,0,0
481528,1,1,0,15,0,0,0,0,0,0,0,0
481529,1,1,0,0,0,0,0,0,0,0,0,0
481529,2,1,0,0,0,0,0,0,0,0,0,0
481530,1,1,1,1,1,1,1,1,1,1,1,1
481531,1,1,7,7,7,7,7,7,7,7,7,7
481532,1,1,4,6,21,24,15,11,14,8,12,14
481533,1,1,31,31,31,31,31,31,31,31,31,31
481534,1,1,0,0,0,0,0,0,0,0,0,0
481534,2,1,16,16,16,16,16,16,16,16,16,16
481535,0,1,13,0,20,21,28,23,14,0,11,0
481535,1,1,0,0,0,0,0,0,0,0,0,0
481536,1,1,0,16,11,0,0,0,0,0,0,0
481537,1,1,0,22,0,0,0,26,19,0,0,0
481537,2,1,0,0,0,0,0,0,0,0,0,0
481537,3,1,0,0,0,0,0,0,0,0,0,0
481538,1,1,0,0,0,0,0,0,0,0,0,0
481539,1,1,0,0,0,0,0,0,0,0,0,0
481540,2,1,0,0,0,0,0,0,0,0,0,0
481540,3,1,7,8,0,24,0,18,24,0,23,9
481541,1,1,0,0,0,0,0,0,0,0,0,0
481542,1,1,0,0,0,0,0,0,0,0,0,6
481542,2,1,19,0,0,0,0,0,0,0,0,0
481543,1,1,0,0,0,23,20,0,6,12,11,22
481543,2,1,2,2,2,2,2,2,2,2,2,2
481544,1,1,15,0,22,7,0,28,18,0,13,0
481544,2,1,0,10,0,0,0,0,0,7,0,0
481545,1,1,22,22,22,22,22,22,22,22,22,22
481546,1,1,19,19,19,19,19,19,19,19,19,19
481546,2,1,0,0,0,0,0,0,0,0,0,0
481547,0,1,0,0,0,0,0,0,0,0,0,0
481547,1,1,0,0,0,0,0,14,2,0,0,0
481548,1,1,19,19,19,19,19,19,19,19,19,19
481549,2,1,15,15,15,15,15,15,15,15,15,15
481550,1,1,0,0,0,0,0,0,0,0,0,0
481551,1,1,0,0,0,0,0,0,0,0,0,0
481551,2,1,0,0,0,0,0,0,0,0,0,0
481552,1,1,5,5,5,5,5,5,5,5,5,5
481552,2,1,0,0,0,0,0,0,0,0,0,14
481552,3,1,0,0,8,0,0,0,0,0,0,0
481553,1,1,0,0,0,0,0,0,0,0,0,0
481554,1,1,0,0,0,0,0,19,0,0,0,0
481554,2,1,0,0,0,0,0,0,0,0,0,0
481555,1,1,0,0,0,0,0,0,0,0,0,0
481556,1,1,0,0,0,0,0,31,0,0,0,0
481557,1,1,0,0,0,0,0,0,0,0,0,0
481558,1,1,12,0,0,0,0,0,0,0,0,0
481558,2,1,0,15,0,0,0,0,0,0,0,0
481559,1,1,0,0,0,0,0,0,0,0,0,0
481560,1,1,16,16,16,16,16,16,16,16,16,16
481560,2,1,0,0,0,0,0,0,0,0,0,0
481561,1,1,0,0,0,0,0,0,0,0,0,0
481561,2,1,0,3,0,0,0,0,0,0,0,0
481562,1,1,0,6,45,5,16,0,8,9,0,17
481562,2,1,0,0,0,3,0,0,0,19,20,7
481563,1,1,0,0,0,6,3,0,17,25,0,0
481564,1,1,0,0,0,0,0,0,0,0,0,0
481564,2,1,0,0,0,0,0,0,0,0,0,0
481565,1,1,0,0,0,0,0,0,6,0,0,0
481565,2,1,0,0,0,11,0,0,0,5,0,0
481566,1,1,0,0,0,0,0,0,0,0,0,0
481566,2,1,0,0,0,0,0,5,0,0,0,0
481567,1,1,0,0,0,0,0,0,0,0,0,0
481568,1,1,0,0,0,0,0,0,0,0,0,0
481569,1,1,0,0,0,0,0,0,0,0,6,0
481570,1,1,0,0,0,0,0,0,0,0,0,0
481571,1,1,0,0,0,0,0,0,0,0,0,0
481571,2,1,0,0,20,0,0,0,18,0,0,0
481572,1,1,14,0,0,0,15,6,0,0,0,3
481573,1,1,26,0,0,15,25,30,14,0,0,20
481573,2,1,0,10,25,10,16,0,0,0,13,15
481574,1,1,0,16,0,16,14,0,0,0,12,12
481575,1,1,3,9,24,0,10,0,23,11,14,23
481576,1,1,0,0,0,0,0,11,0,0,0,0
481576,2,1,0,0,0,0,0,0,0,0,0,0
481577,1,1,0,0,0,0,0,0,0,24,21,22
481577,2,1,0,0,0,0,0,0,0,0,0,0
481578,1,1,0,0,24,27,28,0,23,0,24,16
481579,1,1,23,23,23,23,23,23,23,23,23,23
481580,1,1,20,10,0,0,7,0,0,0,0,0
481581,1,1,5,5,5,5,5,5,5,5,5,5
481582,1,1,0,0,0,0,0,0,0,0,0,0
481582,2,1,0,0,0,0,0,0,0,0,0,17
481583,1,1,23,23,23,23,23,23,23,23,23,23
481584,1,1,0,0,0,0,0,0,0,0,0,0
481584,2,1,0,0,0,0,0,0,0,0,0,0
481585,1,1,0,0,0,0,0,0,0,0,0,0
481585,2,1,0,0,0,0,0,0,0,0,0,0
481586,0,1,0,0,0,0,0,0,0,0,0,0
481586,1,1,6,0,0,3,0,0,12,0,0,0
481587,1,1,15,0,0,0,0,0,0,29,0,0
481587,2,1,31,0,9,0,17,31,21,0,0,9
481588,0,1,0,29,36,0,0,15,10,26,16,13
481588,1,1,0,0,0,0,6,14,0,0,0,0
481589,1,1,0,0,0,15,0,0,6,0,0,0
481590,1,1,0,0,0,0,0,0,0,0,0,0
481590,2,1,27,0,0,0,0,0,0,0,0,21
481591,1,1,12,12,12,12,12,12,12,12,12,12
481592,1,1,0,4,12,0,8,0,17,0,17,0
481592,2,1,5,3,0,10,0,0,0,0,0,12
481593,1,1,16,16,16,16,16,16,16,16,16,16
481594,1,1,0,0,0,0,0,0,0,0,0,0
481594,2,1,0,0,0,0,0,0,0,0,0,16
481595,1,1,0,0,0,0,0,0,0,0,0,0
481596,1,1,20,20,20,20,20,20,20,20,20,20
481596,2,1,0,0,14,0,0,0,0,26,0,0
481597,1,1,14,14,14,14,14,14,14,14,14,14
481598,0,1,12,12,12,12,12,12,12,12,12,12
481598,1,1,10,0,0,0,15,0,0,3,15,14
481599,1,1,19,19,19,19,19,19,19,19,19,19
481600,1,1,0,0,0,0,0,0,20,0,0,0
481601,1,1,0,0,0,0,12,0,0,0,0,0
481602,1,1,21,0,0,0,0,0,0,14,19,0
481603,1,1,0,0,0,0,0,0,0,0,0,0
481604,1,1,0,0,0,0,0,0,0,0,0,0
481605,1,1,0,0,0,0,0,0,0,0,0,0
481605,2,1,0,0,0,0,0,0,0,0,0,0
481605,3,1,0,0,0,34,0,8,0,0,0,0
481606,1,1,7,7,7,7,7,7,7,7,7,7
481606,2,1,0,0,0,0,19,19,0,0,7,0
481607,1,1,22,9,18,0,0,26,5,24,0,17
481608,1,1,0,0,0,17,0,0,0,0,15,0
481608,2,1,0,0,0,0,0,0,0,0,0,23
481609,1,1,10,0,0,0,10,0,32,0,0,0
481609,2,1,0,0,26,0,17,13,21,0,0,10
481610,1,1,23,23,23,23,23,23,23,23,23,23
481610,2,1,0,0,33,0,0,6,15,14,0,17
481611,1,1,0,0,0,0,0,0,0,0,0,0
481611,2,1,0,0,0,0,0,10,0,6,0,0
481612,1,1,18,0,0,0,0,0,0,15,0,0
481613,0,1,10,0,16,0,0,0,0,26,11,34
481613,1,1,8,14,0,9,0,0,18,10,0,0
481614,0,1,0,0,0,0,0,0,0,0,0,0
481614,1,1,16,23,0,0,0,0,0,0,0,0
481615,0,1,0,0,0,0,0,0,0,0,0,0
481615,1,1,0,0,2,9,11,0,0,0,0,3
481616,1,1,16,0,0,22,0,0,0,0,0,0
481616,2,1,0,0,0,0,0,6,0,0,0,0
481617,1,1,0,0,0,0,0,19,0,0,20,0
481617,2,1,0,0,0,0,0,0,0,0,0,0
481618,1,1,21,21,21,21,21,21,21,21,21,21
481619,0,1,17,17,17,17,17,17,17,17,17,17
481619,1,1,0,0,0,8,0,12,0,14,0,0
481620,1,1,13,13,13,13,13,13,13,13,13,13
481621,1,1,19,0,0,31,0,0,0,0,20,0
481622,1,1,0,0,0,0,0,0,0,0,0,0
481622,2,1,0,0,0,0,0,0,0,0,0,0
481622,3,1,0,0,0,0,0,0,18,0,26,0
481623,1,1,0,22,16,0,0,14,27,11,33,23
481624,1,1,0,0,0,0,0,15,17,0,0,0
481624,2,1,0,0,0,0,0,0,0,0,0,0
481624,3,1,0,0,0,0,0,0,0,0,29,0
481624,4,1,0,0,0,0,0,0,0,0,0,0
481625,1,1,20,0,0,0,0,0,0,0,0,0
481625,2,1,0,0,0,0,0,0,0,0,0,0
481626,1,1,15,15,15,15,15,15,15,15,15,15
481627,1,1,0,15,23,0,19,0,0,0,21,18
481628,1,1,19,19,19,19,19,19,19,19,19,19
481629,1,1,12,0,0,0,0,0,0,0,0,0
481630,1,1,0,0,0,0,0,0,0,0,0,0
481630,2,1,0,0,0,0,0,0,0,0,0,0
481631,1,1,0,0,0,0,0,0,0,0,0,0
481631,2,1,0,0,0,0,0,0,0,0,0,0
481632,1,1,0,0,0,0,0,0,0,0,0,0
481633,1,1,0,0,0,0,0,0,0,0,0,0
481633,2,1,0,0,0,0,0,0,0,0,0,0
481634,0,1,31,31,31,31,31,31,31,31,31,31
481634,1,1,0,10,0,0,0,27,0,11,0,11
481635,1,1,0,0,0,0,0,0,0,0,0,0
481636,1,1,17,17,17,17,17,17,17,17,17,17
481636,2,1,11,11,11,11,11,11,11,11,11,11
481637,1,1,6,6,6,6,6,6,6,6,6,6
481637,2,1,14,14,14,14,14,14,14,14,14,14
481638,1,1,0,0,9,9,12,18,20,0,12,0
481639,1,1,2,2,2,2,2,2,2,2,2,2
481640,0,1,0,0,0,0,0,0,0,0,0,0
481640,1,1,0,0,0,0,0,9,0,16,19,0
481641,0,1,23,23,23,23,23,23,23,23,23,23
481641,1,1,21,0,0,0,0,0,0,0,0,0
481642,1,1,8,8,8,8,8,8,8,8,8,8
481643,1,1,0,0,22,0,0,0,0,0,0,31
481644,1,1,38,38,38,38,38,38,38,38,38,38
481644,2,1,0,0,14,0,12,0,0,18,0,19
481644,3,1,5,0,0,0,27,0,14,0,0,0
481645,1,1,12,12,12,12,12,12,12,12,12,12
481646,1,1,5,25,13,13,18,27,12,34,12,23
481647,1,1,0,0,0,0,0,0,0,0,0,0
481648,1,1,0,19,22,2,0,0,0,0,0,0
481648,2,1,18,7,0,16,0,0,0,0,0,0
481649,1,1,9,9,9,9,9,9,9,9,9,9
481649,2,1,0,10,0,0,0,0,16,0,0,0
481650,1,1,1,1,1,1,1,1,1,1,1,1
481651,1,1,0,14,18,9,0,0,0,26,22,26
481651,2,1,0,0,0,0,0,0,0,0,0,0
481652,0,1,25,25,25,25,25,25,25,25,25,25
481652,1,1,0,0,0,0,0,0,0,0,0,0
481653,1,1,16,0,11,0,0,20,0,11,0,0
481653,2,1,0,0,0,0,0,17,0,0,0,0
481654,1,1,0,36,0,0,0,25,30,9,0,25
481655,1,1,8,19,0,37,0,0,0,20,0,0
481655,2,1,19,0,0,4,14,9,0,0,0,0
481656,1,1,18,18,18,18,18,18,18,18,18,18
481657,0,1,8,8,8,8,8,8,8,8,8,8
481657,1,1,0,0,0,0,0,0,0,0,0,0
481658,1,1,0,0,0,0,0,0,20,10,7,0
481659,1,1,0,0,0,0,0,0,0,0,0,0
481659,2,1,0,0,0,0,0,0,0,0,0,0
481660,1,1,0,0,0,0,0,0,18,0,0,18
481660,2,1,27,0,7,0,20,0,0,29,0,24
481661,1,1,0,0,11,20,0,0,0,0,0,7
481661,2,1,0,0,0,0,0,0,0,23,0,0
481661,3,1,14,0,0,15,0,13,0,5,13,0
481661,4,1,0,2,0,6,0,0,0,0,0,0
481661,5,1,0,0,17,0,7,32,12,21,0,7
481661,6,1,0,0,13,0,0,21,0,0,0,15
481661,7,1,0,0,22,11,8,0,0,0,0,0
481661,8,1,8,0,0,0,0,0,0,0,0,14
481662,1,1,0,0,0,0,0,0,0,0,0,0
481662,2,1,0,0,0,0,0,0,0,0,0,27
481663,1,1,19,17,22,24,0,9,0,14,30,24
481664,1,1,18,18,18,18,18,18,18,18,18,18
481665,1,1,17,0,0,0,0,17,0,0,9,0
481666,1,1,0,0,0,10,0,0,12,0,10,0
481667,0,1,21,21,21,21,21,21,21,21,21,21
481667,1,1,0,13,0,12,0,0,0,14,0,8
481668,1,1,0,28,0,0,23,0,28,9,0,0
481669,1,1,0,0,0,0,0,0,0,0,0,0
481669,2,1,18,24,30,10,0,0,0,0,0,6
481670,0,1,20,0,0,16,0,22,0,0,0,9
481670,1,1,6,17,10,8,17,24,21,20,10,7
481672,1,1,0,19,0,0,0,0,0,11,22,0
481673,1,1,0,0,24,0,0,0,0,7,19,21
481674,1,1,0,0,0,0,0,0,0,0,0,0
481674,2,1,0,0,0,0,0,0,0,0,0,0
481675,1,1,23,23,23,23,23,23,23,23,23,23
481675,2,1,0,0,0,0,0,0,0,0,0,0
481676,1,1,26,26,26,26,26,26,26,26,26,26
481677,1,1,19,21,22,13,9,27,3,11,9,8
481677,2,1,24,22,0,0,0,13,0,13,25,0
481678,1,1,5,25,14,6,0,0,0,27,0,13
481679,1,1,10,10,10,10,10,10,10,10,10,10
481679,2,1,18,0,0,0,16,0,15,0,0,9
481679,3,1,0,0,0,0,0,0,0,0,0,0
481680,1,1,14,14,14,14,14,14,14,14,14,14
481681,1,1,22,22,22,22,22,22,22,22,22,22
481682,1,1,27,27,27,27,27,27,27,27,27,27
481683,0,1,25,0,0,0,23,21,20,28,14,0
481683,1,1,0,0,0,0,0,0,11,11,18,0
481684,1,1,0,0,0,0,0,0,0,0,0,0
481684,2,1,0,0,0,0,0,0,0,0,0,0
481684,3,1,18,0,0,0,16,0,0,0,0,0
481685,1,1,0,30,13,18,25,27,20,11,5,27
481686,1,1,0,0,0,0,0,0,0,0,0,0
481687,1,1,28,9,14,28,30,18,13,25,24,13
481688,1,1,19,19,19,19,19,19,19,19,19,19
481688,2,1,0,0,0,0,0,0,0,0,0,0
481689,1,1,13,13,13,13,13,13,13,13,13,13
481689,2,1,0,9,0,0,2,16,0,12,0,0
481690,1,1,1,1,1,1,1,1,1,1,1,1
481690,2,1,0,5,0,0,0,0,0,0,0,0
481691,1,1,0,0,0,18,0,0,16,11,8,0
481692,1,1,0,0,0,0,0,0,0,0,0,0
481693,1,1,0,0,0,9,12,0,26,13,0,13
481693,2,1,21,0,0,0,9,0,18,23,0,13
481694,1,1,25,26,10,32,27,10,13,28,23,17
481695,1,1,19,19,19,19,19,19,19,19,19,19
481695,2,1,0,0,0,0,0,0,0,0,0,5
481696,1,1,0,0,0,0,0,17,33,21,0,0
481696,2,1,0,0,0,22,0,0,0,0,8,0
481697,1,1,0,9,0,0,0,18,21,30,0,0
481698,0,1,39,39,39,39,39,39,39,39,39,39
481698,1,1,6,0,0,16,15,14,0,7,0,21
481698,2,1,39,39,39,39,39,39,39,39,39,39
481698,3,1,0,0,0,0,14,0,0,0,4,0
481699,1,1,0,0,0,0,0,0,0,0,0,0
481700,1,1,3,3,3,3,3,3,3,3,3,3
481700,2,1,0,0,0,0,0,0,7,0,0,0
481701,1,1,0,0,0,0,0,0,0,0,0,0
481701,2,1,0,0,0,0,0,0,0,0,0,0
481701,3,1,0,0,0,0,0,0,0,0,0,0
481702,1,1,0,0,0,0,0,0,0,0,0,0
481703,1,1,33,33,33,33,33,33,33,33,33,33
481704,1,1,0,9,20,24,0,26,0,0,0,0
481705,1,1,12,18,14,8,22,11,0,24,0,10
481706,1,1,0,0,0,0,0,0,0,0,0,0
481707,0,1,22,20,0,0,32,35,0,3,10,13
481707,1,1,4,4,4,4,4,4,4,4,4,4
481708,1,1,0,0,0,0,0,0,0,0,0,0
481709,1,1,0,0,0,16,0,8,12,0,3,15
481710,1,1,19,16,0,0,0,0,0,0,0,0
481710,2,1,0,0,0,0,0,0,0,0,0,0
481711,0,1,0,0,0,0,0,0,0,0,0,0
481711,1,1,0,0,0,0,0,0,0,0,0,0
481712,1,1,16,36,28,22,0,0,22,0,24,0
481712,2,1,0,4,0,0,0,20,0,0,9,0
481713,1,1,0,0,0,0,0,0,0,0,0,0
481713,2,1,0,0,0,0,0,0,0,0,0,0
481714,0,1,0,0,0,0,0,0,0,0,0,0
481714,1,1,0,0,0,0,0,0,0,0,0,0
481715,1,1,0,0,0,0,0,0,0,0,0,0
481716,1,1,20,23,43,32,23,24,12,9,10,16
481717,1,1,14,14,14,14,14,14,14,14,14,14
481717,2,1,0,0,0,0,0,0,0,0,0,0
481718,0,1,24,24,24,24,24,24,24,24,24,24
481718,1,1,0,0,0,0,0,9,0,0,0,0
481719,1,1,13,13,13,13,13,13,13,13,13,13
481720,1,1,0,0,0,0,0,0,0,0,0,0
481721,1,1,0,0,0,0,13,0,0,0,13,0
481721,2,1,0,7,0,0,0,0,0,0,0,17
481722,1,1,23,23,23,23,23,23,23,23,23,23
481723,1,1,0,0,0,0,0,7,0,12,0,0
481723,2,1,8,20,7,10,6,0,18,11,15,12
481724,0,1,0,0,0,0,0,0,0,0,0,0
481724,1,1,0,0,0,0,0,0,0,0,0,0
481725,0,1,0,0,0,0,26,0,19,0,0,0
481725,1,1,0,0,0,0,0,0,0,0,0,0
481726,1,1,0,0,11,0,26,15,0,0,0,0
481726,2,1,0,0,0,0,0,0,0,0,0,0
481727,0,1,17,0,0,36,18,0,10,0,0,0
481727,0,2,0,21,0,7,0,21,0,27,24,0
481727,0,3,23,23,14,0,0,28,16,0,0,0
481727,1,1,0,0,10,0,0,0,0,0,0,0
481728,0,1,0,0,0,0,0,0,0,0,0,0
481728,1,1,0,0,0,0,0,0,0,0,11,13
481729,1,1,0,0,0,0,0,0,32,0,0,0
481729,2,1,11,24,0,0,17,0,0,22,0,18
481730,1,1,8,8,8,8,8,8,8,8,8,8
481731,0,1,0,0,0,0,0,0,0,0,0,10
481731,1,1,5,0,0,7,0,0,0,0,17,0
481732,1,1,0,0,19,35,0,4,12,8,11,12
481733,1,1,0,0,0,0,0,0,0,0,0,0
481733,2,1,0,0,0,0,0,0,0,31,0,0
481734,1,1,4,4,4,4,4,4,4,4,4,4
481735,1,1,0,0,0,0,0,0,0,0,0,0
481735,2,1,0,0,0,0,0,0,0,0,0,0
481736,1,1,0,0,0,0,0,0,0,37,0,0
481736,2,1,14,0,0,17,0,0,0,19,6,8
481737,1,1,1,1,1,1,1,1,1,1,1,1
481737,2,1,1,1,1,1,1,1,1,1,1,1
481738,1,1,6,6,6,6,6,6,6,6,6,6
481739,1,1,0,0,0,0,0,37,0,0,18,25
481740,0,1,0,0,0,0,0,0,0,0,0,0
481740,1,1,0,0,0,0,4,0,0,0,0,0
481740,3,1,0,0,0,0,0,0,0,0,0,0
481741,1,1,9,0,0,5,28,0,15,0,25,17
481742,1,1,0,0,0,0,0,0,0,0,0,0
481742,2,1,0,0,0,0,0,0,22,0,0,0
481743,0,1,24,24,24,24,24,24,24,24,24,24
481743,1,1,0,0,0,0,0,28,0,0,0,0
481744,1,1,23,0,0,0,0,0,0,9,0,14
481745,1,1,0,11,0,11,0,0,0,0,0,0
481745,2,1,0,0,13,0,0,0,7,0,0,0