ST_CASE,VEH_NO,PER_NO,P1,P2,P3,P4,P5,P6,P7,P8,P9,P10
482339,2,1,0,0,0,0,0,0,0,0,0,0
482340,1,1,0,0,0,6,0,0,24,0,10,14
482340,2,1,0,0,0,0,0,0,0,0,0,0
482341,1,1,0,0,0,0,0,0,11,0,0,0
482341,2,1,0,0,0,0,0,0,0,0,0,0
482341,3,1,0,0,0,0,0,0,0,9,0,0
482341,4,1,0,19,0,0,0,0,0,0,0,0
482342,1,1,9,0,0,0,0,15,0,0,0,0
482343,0,1,0,0,0,0,0,0,0,0,0,0
482343,1,1,0,0,0,0,10,0,0,0,0,0
482344,1,1,0,0,0,0,0,0,0,0,5,0
482344,2,1,0,0,0,0,0,0,0,0,0,0
482346,1,1,11,11,11,11,11,11,11,11,11,11
482346,2,1,0,0,0,0,0,0,0,0,0,0
482347,1,1,25,25,25,25,25,25,25,25,25,25
482348,0,1,32,16,27,38,0,0,0,14,0,17
482348,1,1,0,8,0,11,0,17,0,18,0,21
482349,1,1,23,19,12,0,16,0,0,27,16,0
482350,1,1,0,23,0,0,0,0,0,15,0,0
482350,2,1,0,0,0,0,0,0,0,0,0,0
482351,1,1,12,12,12,12,12,12,12,12,12,12
482352,1,1,0,0,0,0,0,0,0,0,0,0
482352,2,1,0,0,0,0,0,0,0,0,0,0
482352,3,1,0,0,0,0,0,0,0,0,0,0
482353,0,1,21,0,8,0,22,28,15,0,14,0
482353,1,1,4,0,0,0,0,0,0,0,0,0
482354,1,1,0,0,0,0,0,0,0,0,0,0
482354,2,1,0,0,0,0,0,0,11,0,0,0
482354,3,1,0,0,0,0,0,0,0,0,9,0
482355,1,1,16,7,17,0,22,20,13,19,19,16
482356,1,1,0,0,0,0,0,0,0,0,0,0
482356,2,1,0,0,6,0,0,0,9,0,0,0
482357,1,1,0,0,0,0,0,0,0,0,0,0
482358,0,1,14,14,14,14,14,14,14,14,14,14
482358,1,1,20,14,0,17,0,0,0,0,0,0
482359,1,1,0,11,0,0,0,0,0,21,39,0
482360,0,1,0,0,0,0,0,0,0,0,0,0
482360,1,1,0,0,0,0,0,0,0,0,0,0
482361,1,1,0,0,0,0,0,0,0,0,0,0
482362,1,1,0,0,0,0,0,0,0,4,0,0
482362,2,1,0,0,0,0,0,0,0,0,8,0
482363,1,1,0,0,0,17,0,0,0,0,0,19
482363,2,1,6,0,13,14,0,0,0,15,0,0
482363,3,1,0,0,14,0,0,0,0,0,0,0
482364,1,1,0,0,17,0,0,0,0,27,0,0
482364,2,1,0,0,0,0,0,0,0,22,0,0
482365,0,1,0,0,0,0,0,0,0,0,0,0
482365,1,1,0,31,0,0,10,13,8,0,0,0
482366,1,1,0,0,0,0,0,18,18,23,0,0
482366,2,1,0,0,0,0,0,0,0,0,0,21
482367,1,1,24,0,5,0,16,0,0,0,0,15
482368,1,1,24,13,27,29,23,9,18,0,14,14
482368,2,1,0,8,0,0,0,0,16,0,0,0
482369,1,1,0,21,0,0,0,0,0,19,0,0
482370,1,1,0,9,18,0,14,26,26,26,9,0
482371,1,1,0,0,18,0,0,0,0,0,0,0
482371,2,1,0,0,26,12,0,3,0,0,0,0
482372,1,1,18,18,18,18,18,18,18,18,18,18
482373,1,1,0,0,35,7,26,0,0,0,0,25
482374,1,1,23,23,23,23,23,23,23,23,23,23
482374,2,1,13,0,11,0,0,10,10,8,0,0
482375,0,1,0,0,0,0,0,0,0,0,0,0
482375,1,1,0,0,0,0,0,0,0,0,0,19
482376,1,1,17,0,12,0,0,0,8,0,0,0
482377,1,1,0,0,0,0,0,0,0,0,0,0
482378,1,1,20,20,20,20,20,20,20,20,20,20
482379,1,1,0,0,0,0,0,0,0,0,0,0
482379,2,1,10,0,0,0,0,0,0,0,0,11
482380,1,1,8,0,10,39,6,21,15,0,11,39
482381,1,1,0,0,0,0,0,16,0,0,0,7
482381,2,1,0,0,0,0,0,0,0,0,0,0
482382,0,1,16,16,16,16,16,16,16,16,16,16
482382,1,1,0,0,0,0,11,0,0,0,11,21
482383,1,1,17,17,17,17,17,17,17,17,17,17
482383,2,1,0,0,0,0,0,0,0,0,0,0
482384,1,1,16,16,16,16,16,16,16,16,16,16
482384,2,1,13,13,13,13,13,13,13,13,13,13
482384,3,1,0,0,0,0,0,0,0,0,0,11
482385,1,1,0,0,0,0,0,0,0,0,0,0
482385,2,1,0,0,0,0,0,0,0,0,0,0
482386,1,1,15,15,15,15,15,15,15,15,15,15
482387,1,1,3,0,5,0,0,0,9,0,0,14
482387,2,1,14,16,8,0,0,0,0,0,0,18
482388,1,1,16,16,16,16,16,16,16,16,16,16
482389,1,1,0,0,0,0,0,0,0,0,0,0
482389,2,1,0,0,0,0,0,0,0,0,0,0
482390,1,1,0,0,0,0,0,0,0,0,0,0
482391,1,1,10,0,15,7,28,22,0,0,0,2
482392,1,1,14,14,14,14,14,14,14,14,14,14
482393,1,1,0,0,0,9,0,3,9,0,0,0
482394,0,1,0,0,0,0,0,0,0,0,0,0
482394,1,1,0,0,0,0,0,0,0,0,0,0
482395,1,1,0,0,0,0,0,0,0,0,0,0
482395,2,1,0,0,0,0,0,0,0,0,0,0
482396,1,1,0,0,0,0,0,0,0,0,0,7
482396,2,1,0,0,0,0,0,0,0,0,0,0
482397,0,1,0,0,0,0,0,0,0,0,0,0
482397,1,1,0,0,0,0,0,0,0,0,0,0
482398,1,1,0,0,0,0,19,0,22,11,0,0
482398,2,1,0,0,0,0,0,12,12,0,0,0
482399,1,1,35,5,24,13,35,15,15,12,44,14
482400,1,1,0,0,0,0,0,0,0,0,0,0
482401,1,1,0,0,0,0,0,0,0,0,0,0
482401,2,1,0,0,0,0,0,0,0,0,0,0
482401,3,1,0,0,0,0,0,0,4,0,0,0
482402,1,1,0,0,0,0,0,0,0,0,11,0
482402,2,1,0,0,0,0,0,0,0,0,16,0
482403,0,1,0,0,0,0,0,0,0,0,0,0
482403,1,1,1,1,1,1,1,1,1,1,1,1
482404,1,1,10,0,0,0,22,0,0,0,0,0
482404,2,1,0,0,0,0,0,8,0,0,0,0
482405,1,1,0,0,0,0,0,0,0,9,0,0
482405,2,1,0,0,17,0,0,0,0,0,0,0
482405,3,1,0,0,11,18,0,0,0,0,0,0
482406,1,1,5,5,5,5,5,5,5,5,5,5
482406,2,1,20,23,0,0,0,0,0,0,0,0
482407,1,1,17,17,17,17,17,17,17,17,17,17
482407,2,1,12,0,0,0,0,0,0,0,0,0
482409,1,1,0,0,0,0,0,0,0,0,0,0
482409,2,1,0,0,0,0,0,0,0,5,0,0
482409,3,1,0,0,0,0,0,0,0,0,7,0
482410,1,1,17,17,17,17,17,17,17,17,17,17
482411,1,1,17,17,17,17,17,17,17,17,17,17
482412,0,1,0,0,0,0,0,0,0,0,0,0
482412,1,1,8,0,0,0,0,7,0,0,13,0
482413,1,1,12,12,12,12,12,12,12,12,12,12
482414,1,1,24,24,24,24,24,24,24,24,24,24
482415,0,1,0,0,0,0,0,0,0,0,0,0
482415,1,1,0,0,0,0,0,0,0,13,20,0
482416,0,1,17,33,21,13,21,36,17,25,16,25
482416,1,1,0,5,20,0,7,0,0,0,0,0
482417,0,1,0,0,0,0,0,0,0,0,0,0
482417,1,1,0,0,0,0,0,0,0,0,0,0
482418,1,1,0,0,0,0,0,0,0,0,0,0
482418,2,1,0,0,12,0,0,0,0,0,4,0
482419,1,1,0,0,10,0,5,0,26,16,0,16
482420,0,1,21,8,15,13,21,22,19,24,33,20
482420,1,1,13,0,0,0,0,0,0,16,11,20
482421,0,1,24,24,24,24,24,24,24,24,24,24
482421,1,1,0,0,0,0,0,0,0,0,7,11
482422,0,1,0,0,0,0,0,18,39,0,0,24
482422,1,1,6,0,12,30,0,0,8,0,0,0
482423,1,1,22,22,22,22,22,22,22,22,22,22
482423,2,1,19,19,0,0,0,0,16,17,0,0
482424,0,1,14,0,0,0,0,0,0,0,0,0
482424,1,1,0,8,0,5,0,0,0,0,0,0
482425,1,1,16,16,16,16,16,16,16,16,16,16
482426,1,1,0,0,0,0,0,0,0,0,0,0
482426,2,1,0,0,0,0,0,0,0,0,0,19
482427,1,1,0,0,0,0,0,0,0,0,0,0
482427,2,1,0,0,0,0,0,0,0,0,0,0
482428,1,1,0,7,0,0,0,0,0,0,0,0
482428,2,1,0,5,0,26,0,0,0,0,0,0
482429,1,1,0,0,0,0,0,0,0,0,0,0
482429,2,1,0,0,0,0,0,0,0,0,0,0
482431,1,1,0,0,0,0,0,0,0,0,0,0
482431,2,1,0,0,15,0,0,0,0,0,0,0
482432,0,1,0,0,0,0,0,0,0,0,0,0
482432,1,1,6,0,0,0,0,0,0,0,0,0
482433,1,1,0,0,0,2,12,11,0,24,21,13
482433,2,1,0,7,20,13,0,0,7,0,15,16
482434,1,1,0,0,12,18,16,27,6,5,0,17
482435,1,1,17,17,17,17,17,17,17,17,17,17
482436,0,1,0,0,11,0,0,7,18,0,0,14
482436,1,1,0,0,0,0,0,0,0,0,0,0
482437,1,1,18,18,18,18,18,18,18,18,18,18
482438,1,1,0,0,0,0,0,0,0,0,0,0
482438,2,1,4,6,8,5,9,20,14,10,17,9
482439,1,1,4,4,4,4,4,4,4,4,4,4
482440,1,1,12,12,12,12,12,12,12,12,12,12
482441,1,1,12,12,12,12,12,12,12,12,12,12
482442,1,1,0,0,0,0,0,0,0,0,0,0
482442,2,1,0,0,0,0,0,0,0,0,0,0
482442,3,1,0,0,0,7,0,0,0,0,0,0
482442,4,1,0,0,0,0,0,0,0,0,0,0
482442,5,1,0,0,0,0,0,0,0,7,0,0
482442,6,1,0,0,0,0,0,7,0,0,0,0
482443,1,1,0,0,0,5,0,0,0,0,0,0
482443,2,1,0,11,0,21,0,0,0,26,0,0
482444,1,1,12,12,12,12,12,12,12,12,12,12
482445,1,1,21,21,21,21,21,21,21,21,21,21
482445,2,1,0,0,17,15,18,13,0,0,14,0
482445,3,1,0,30,0,0,0,7,14,0,0,0
482446,1,1,20,20,20,20,20,20,20,20,20,20
482447,1,1,0,0,0,0,0,0,0,0,18,0
482447,2,1,0,0,0,0,0,0,0,0,31,0
482448,1,1,0,0,4,12,0,9,19,10,0,9
482449,1,1,0,0,0,0,0,0,0,0,0,0
482449,2,1,34,0,25,0,0,0,0,0,0,0
482450,1,1,25,19,11,10,12,17,27,20,17,11
482450,2,1,6,0,0,0,10,0,5,0,0,0
482451,1,1,24,24,24,24,24,24,24,24,24,24
482452,1,1,0,23,0,0,0,0,0,0,0,0
482452,2,1,0,0,0,0,0,0,17,0,0,0
482453,1,1,0,0,0,0,0,0,0,0,0,0
482454,0,1,0,0,0,4,0,0,0,8,0,0
482454,1,1,7,2,0,0,0,11,22,22,0,0
482455,1,1,24,24,24,24,24,24,24,24,24,24
482456,1,1,0,0,0,0,0,0,0,0,0,12
482456,2,1,0,0,0,25,0,0,24,13,0,10
482456,3,1,0,0,12,0,0,0,0,5,0,0
482457,0,1,0,0,0,0,0,0,0,0,0,22
482457,1,1,0,0,0,10,0,0,14,0,0,0
482458,1,1,0,0,3,12,0,12,6,0,0,0
482458,2,1,0,10,10,0,0,0,0,0,0,9
482459,0,1,0,0,29,0,0,0,0,0,0,0
482459,1,1,0,0,10,0,0,0,0,0,0,0
482460,1,1,0,12,0,3,0,0,0,0,7,0
482461,1,1,14,14,14,14,14,14,14,14,14,14
482462,1,1,11,6,27,0,21,0,20,0,32,11
482462,2,1,0,0,4,0,0,0,0,0,0,0
482463,1,1,0,0,0,0,0,13,25,0,0,0
482463,2,1,0,0,0,14,0,12,10,0,0,0
482464,1,1,16,16,16,16,16,16,16,16,16,16
482465,1,1,28,28,28,28,28,28,28,28,28,28
482465,2,1,0,0,0,0,0,0,0,0,0,0
482466,1,1,0,0,0,0,0,0,0,0,0,0
482466,2,1,17,0,0,13,22,0,0,5,15,0
482467,1,1,0,0,0,0,0,0,0,0,0,0
482468,1,1,0,0,0,0,0,0,0,0,0,0
482469,0,1,0,0,11,0,0,0,0,3,21,0
482469,1,1,0,0,0,21,0,14,27,0,0,23
482470,1,1,0,7,0,0,17,14,0,4,0,8
482471,1,1,27,13,0,0,10,11,13,18,0,2
482471,2,1,7,28,0,0,12,23,6,0,11,21
482472,1,1,0,9,16,0,0,0,16,18,25,8
482473,0,1,0,0,0,0,0,0,0,0,0,0
482473,1,1,0,0,0,0,0,0,0,0,0,23
482474,1,1,0,0,0,0,0,0,0,0,0,0
482475,1,1,11,11,11,11,11,11,11,11,11,11
482476,0,1,15,15,15,15,15,15,15,15,15,15
482476,1,1,0,0,0,0,0,0,0,0,0,0
482476,2,1,0,0,0,0,0,0,9,0,0,0
482477,1,1,0,0,0,0,0,0,0,0,0,0
482477,2,1,0,0,0,0,0,0,0,0,0,0
482478,0,1,0,0,0,0,0,0,0,0,0,0
482478,1,1,0,0,11,12,0,16,0,10,10,11
482479,1,1,35,22,11,0,24,26,0,0,0,0
482479,2,1,18,0,0,0,24,4,15,0,0,24
482480,0,1,36,36,36,36,36,36,36,36,36,36
482480,1,1,9,9,9,9,9,9,9,9,9,9
482481,1,1,0,0,0,0,0,0,0,0,0,0
482482,1,1,22,19,24,29,31,7,28,12,18,11
482483,1,1,0,0,0,0,0,0,0,0,0,0
482483,2,1,0,0,0,0,0,0,0,0,0,0
482484,1,1,0,0,0,19,0,0,0,19,0,0
482484,2,1,0,18,16,0,24,0,0,0,0,0
482485,1,1,0,0,0,25,27,18,0,21,14,12
482486,1,1,0,0,0,0,0,0,0,0,0,0
482486,2,1,0,0,0,0,0,0,0,0,0,0
482487,1,1,0,0,0,0,0,0,0,0,0,0
482487,2,1,0,0,0,0,0,0,0,0,0,0
482488,0,1,18,18,18,18,18,18,18,18,18,18
482488,1,1,7,0,0,0,0,0,17,18,0,0
482488,2,1,19,0,9,0,9,0,0,0,0,0
482489,1,1,0,0,0,0,0,0,0,0,0,0
482489,2,1,0,27,0,0,0,19,0,0,12,0
482489,3,1,0,0,0,0,0,0,0,24,0,7
482489,4,1,0,0,19,0,0,0,0,0,0,0
482490,0,1,0,0,0,0,0,0,0,0,0,0
482490,1,1,15,0,14,13,25,0,20,0,0,0
482491,1,1,0,0,0,0,0,0,0,0,0,0
482491,2,1,0,0,0,0,0,0,0,0,0,0
482491,3,1,0,0,0,0,0,0,0,0,0,0
482492,1,1,30,30,30,30,30,30,30,30,30,30
482493,1,1,5,0,14,0,23,0,0,0,0,0
482493,2,1,0,0,0,17,23,0,10,0,7,20
482494,1,1,13,20,33,30,9,19,25,19,0,25
482495,1,1,7,12,27,19,11,5,6,12,6,0
482496,1,1,0,0,0,0,0,0,14,0,0,0
482496,2,1,0,0,8,0,0,0,0,0,0,0
482497,1,1,0,0,0,0,21,0,0,0,0,25
482498,1,1,0,6,8,0,0,19,0,12,0,0
482498,2,1,0,0,0,0,27,0,13,0,0,0
482499,1,1,0,0,0,0,0,0,0,0,0,0
482500,1,1,25,25,25,25,25,25,25,25,25,25
482501,1,1,11,11,11,11,11,11,11,11,11,11
482501,2,1,16,0,0,0,0,0,0,0,27,22
482502,1,1,0,0,0,0,0,0,0,0,0,0
482503,1,1,16,16,16,16,16,16,16,16,16,16
482504,1,1,13,9,8,10,9,31,20,20,30,24
482505,1,1,0,19,0,38,0,0,0,0,0,0
482505,2,1,10,0,19,0,0,13,20,9,16,10
482505,3,1,16,12,0,5,0,0,9,0,3,12
482506,1,1,0,0,0,0,0,0,0,0,0,0
482506,2,1,0,0,0,0,0,0,0,0,0,0
482506,3,1,0,0,0,0,0,9,0,0,0,0
482506,4,1,0,0,11,0,0,0,0,0,0,0
482507,1,1,23,23,23,23,23,23,23,23,23,23
482507,2,1,0,12,0,8,0,0,0,13,10,0
482508,1,1,0,24,0,0,0,21,0,0,0,0
482509,1,1,0,6,0,0,0,19,0,0,0,0
482509,2,1,14,14,14,14,14,14,14,14,14,14
482510,1,1,6,6,6,6,6,6,6,6,6,6
482510,2,1,0,0,0,0,0,0,0,0,0,0
482511,1,1,0,0,0,0,0,18,0,0,0,0
482511,2,1,0,0,0,21,0,22,0,0,0,10
482512,0,1,13,13,13,13,13,13,13,13,13,13
482512,1,1,0,0,0,0,0,0,0,0,0,0
482513,1,1,0,28,0,0,0,22,0,13,31,0
482513,2,1,0,0,0,0,0,0,0,0,0,0
482514,1,1,0,0,0,0,0,0,0,0,0,0
482514,2,1,0,0,0,0,0,0,0,0,0,0
482515,1,1,0,0,0,0,0,0,0,0,0,0
482515,2,1,0,0,0,0,0,5,0,9,21,5
482516,1,1,0,0,0,0,0,0,0,0,0,0
482517,0,1,0,13,0,0,0,0,0,0,12,0
482518,1,1,0,0,0,0,0,0,0,0,0,0
482518,2,1,0,0,0,0,0,0,0,0,0,0
482519,1,1,12,12,12,12,12,12,12,12,12,12
482520,1,1,24,24,24,24,24,24,24,24,24,24
482521,1,1,17,22,2,19,9,22,0,17,4,9
482521,2,1,0,0,9,0,0,0,0,18,17,0
482522,1,1,0,3,0,0,13,0,0,5,0,0
482522,2,1,0,0,0,0,0,0,0,0,0,0
482522,3,1,0,0,0,0,0,0,0,0,0,18
482523,1,1,13,0,0,0,13,0,2,16,19,0
482523,2,1,0,0,0,0,0,0,0,0,0,0
482524,1,1,7,0,13,19,13,0,0,0,0,0
482524,3,1,0,8,7,0,0,0,5,0,0,13
482525,1,1,0,0,0,0,0,0,0,16,0,0
482526,1,1,0,0,0,0,0,0,0,0,0,0
482527,1,1,0,13,0,0,0,0,0,0,0,0
482527,2,1,16,0,0,0,0,25,0,0,0,0
482527,3,1,33,0,0,0,0,0,7,17,0,0
482528,1,1,0,0,0,0,0,0,0,0,0,0
482528,2,1,0,0,0,0,0,0,0,0,0,0
482529,1,1,24,24,24,24,24,24,24,24,24,24
482530,1,1,21,21,21,21,21,21,21,21,21,21
482530,2,1,7,10,0,14,0,0,0,25,17,0
482531,0,1,0,0,0,0,0,0,0,0,0,0
482531,1,1,0,0,0,0,0,0,0,0,0,0
482532,1,1,0,0,0,0,0,0,0,0,8,0
482532,2,1,0,0,0,0,0,4,0,0,0,0
482533,1,1,0,0,0,0,0,0,0,0,0,0
482534,0,1,0,0,0,0,0,0,0,0,0,0
482534,1,1,0,0,0,0,0,0,0,0,0,0
482536,1,1,22,22,22,22,22,22,22,22,22,22
482536,2,1,38,6,0,0,19,0,0,0,21,18
482537,1,1,14,0,0,0,0,16,0,0,0,0
482537,2,1,0,0,0,0,0,0,0,0,0,0
482539,1,1,22,22,22,22,22,22,22,22,22,22
482539,2,1,0,0,0,0,0,0,0,0,0,0
482540,1,1,3,11,16,13,0,28,15,0,34,0
482541,1,1,0,0,0,0,0,0,0,0,0,0
482542,1,1,0,0,0,0,0,0,0,0,0,0
482543,1,1,0,0,0,0,0,0,0,23,0,9
482544,1,1,0,49,20,13,21,13,11,16,0,11
482545,1,1,0,18,0,1,0,0,26,0,0,0
482546,1,1,0,0,0,0,0,0,0,0,0,0
482547,1,1,0,0,0,0,0,0,0,0,0,0
482547,2,1,30,30,30,30,30,30,30,30,30,30
482548,1,1,8,8,8,8,8,8,8,8,8,8
482549,1,1,0,0,0,0,0,0,0,0,0,0
482549,2,1,21,21,21,21,21,21,21,21,21,21
482550,1,1,26,26,26,26,26,26,26,26,26,26
482551,1,1,12,12,12,12,12,12,12,12,12,12
482552,1,1,0,0,0,0,0,0,0,0,0,0
482552,2,1,0,0,0,0,0,0,0,0,4,0
482553,0,1,16,0,0,0,0,0,0,0,0,0
482553,1,1,0,0,0,0,21,0,0,0,7,6
482554,1,1,0,0,0,0,0,0,0,0,0,0
482555,1,1,21,27,10,19,16,24,26,16,35,0
482556,1,1,0,0,0,0,0,0,0,0,0,0
482557,1,1,0,0,0,0,0,0,0,0,0,0
482558,1,1,0,16,0,0,18,0,0,0,10,0
482559,1,1,5,5,5,5,5,5,5,5,5,5
482560,0,1,0,0,0,0,0,12,0,0,0,0
482560,1,1,0,0,0,0,0,0,0,0,0,0
482561,1,1,24,24,24,24,24,24,24,24,24,24
482561,2,1,0,0,0,0,0,5,0,0,0,0
482562,0,1,0,0,0,0,0,0,0,0,0,0
482562,1,1,0,0,0,5,5,0,0,11,17,0
482563,1,1,0,14,0,0,0,0,0,0,0,0
482564,0,1,16,17,3,0,0,0,15,0,10,25
482564,1,1,0,0,0,0,0,0,0,0,0,4
482564,2,1,0,0,0,0,0,3,0,0,9,0
482565,1,1,4,0,0,0,17,9,0,31,21,20
482566,1,1,0,0,0,0,0,0,0,0,0,0
482566,2,1,0,17,0,0,0,0,0,0,0,0
482567,0,1,0,0,0,0,0,0,0,0,0,0
482567,1,1,17,0,26,10,0,0,0,0,13,0
482568,1,1,2,2,2,2,2,2,2,2,2,2
482569,1,1,23,0,10,0,23,0,31,21,0,17
482569,2,1,0,14,0,0,14,0,5,0,0,14
482570,1,1,0,0,0,0,0,0,0,0,0,0
482570,2,1,0,24,0,0,0,0,0,0,0,0
482570,3,1,0,0,0,0,0,0,0,0,0,0
482570,4,1,0,0,0,0,0,0,0,0,0,0
482571,1,1,0,0,0,0,0,22,0,22,0,18
482572,1,1,0,0,0,0,0,0,0,0,0,0
482572,2,1,0,0,0,0,0,0,0,0,0,0
482573,1,1,0,0,0,0,0,0,0,13,4,0
482573,2,1,0,0,0,0,0,0,0,0,0,0
482574,1,1,1,1,1,1,1,1,1,1,1,1
482575,1,1,14,0,0,0,0,43,0,14,0,0
482575,2,1,0,0,16,0,13,0,0,0,0,0
482576,0,1,0,0,0,0,0,0,0,0,0,0
482576,1,1,4,0,0,0,0,16,10,0,3,0
482577,1,1,20,0,0,14,0,0,0,0,0,11
482577,2,1,0,0,6,0,0,0,0,0,0,0
482578,1,1,0,0,0,0,0,0,0,0,0,0
482578,2,1,0,0,0,0,0,0,5,13,0,0
482579,0,1,0,0,0,0,0,0,0,0,0,0
482579,1,1,18,32,0,0,0,0,0,0,24,0
482580,1,1,18,18,18,18,18,18,18,18,18,18
482580,2,1,11,0,0,0,4,0,0,5,0,0
482581,1,1,9,0,0,0,6,0,0,0,7,0
482581,2,1,2,0,0,0,0,0,8,11,0,0
482581,3,1,0,0,0,0,0,0,0,0,0,0
482582,1,1,0,0,26,23,0,0,2,30,15,12
482583,1,1,21,21,21,21,21,21,21,21,21,21
482584,1,1,8,0,13,0,0,0,0,0,0,0
482584,2,1,0,0,6,0,0,0,0,0,0,0
482585,1,1,0,0,0,0,0,0,0,0,0,0
482585,2,1,0,0,0,0,0,14,0,0,10,0
482585,3,1,0,0,0,8,0,0,0,11,0,0
482585,4,1,0,10,0,17,0,0,0,0,0,0
482586,1,1,10,0,0,13,28,0,0,0,0,0
482587,1,1,0,0,0,10,0,19,0,10,0,10
482587,2,1,0,0,21,12,0,22,0,27,0,15
482588,1,1,24,24,24,24,24,24,24,24,24,24
482588,2,1,0,0,0,17,4,10,0,0,0,0
482588,3,1,0,0,0,0,0,0,0,0,0,0
482589,1,1,2,29,3,8,19,13,12,11,11,14
482590,1,1,17,26,15,19,0,24,16,0,0,0
482591,1,1,0,0,0,0,0,0,0,0,25,29
482592,1,1,23,23,23,23,23,23,23,23,23,23
482593,1,1,4,4,4,4,4,4,4,4,4,4
482594,1,1,0,0,0,0,0,0,0,0,0,0
482594,2,1,0,0,0,27,0,0,0,7,0,8
482595,1,1,25,25,25,25,25,25,25,25,25,25
482596,0,1,0,8,0,0,0,0,8,0,0,30
482596,1,1,6,0,0,0,0,0,5,16,0,0
482597,0,1,13,13,13,13,13,13,13,13,13,13
482597,1,1,4,15,7,0,15,0,0,15,0,18
482598,1,1,2,7,14,9,0,20,10,0,0,9
482599,1,1,14,14,14,14,14,14,14,14,14,14
482600,1,1,0,0,0,0,0,0,0,0,0,0
482601,1,1,14,14,14,14,14,14,14,14,14,14
482602,1,1,8,25,10,5,0,7,4,29,11,15
482602,2,1,4,4,4,4,4,4,4,4,4,4
482603,1,1,0,0,0,0,0,0,0,0,0,0
482604,1,1,0,0,0,0,0,0,0,0,0,0
482604,2,1,0,0,0,0,0,0,11,0,0,0
482605,1,1,0,0,0,0,0,0,0,23,0,0
482605,2,1,5,5,5,5,5,5,5,5,5,5
482606,0,1,10,0,0,0,21,0,0,0,15,0
482606,1,1,17,0,0,0,0,0,0,0,0,0
482607,0,1,27,0,0,0,0,0,18,12,0,0
482607,1,1,23,0,0,3,25,0,7,0,0,19
482608,1,1,0,0,0,0,0,0,0,0,0,0
482608,2,1,0,0,0,15,0,0,0,0,0,0
482608,3,1,0,0,0,0,0,0,0,0,0,0
482609,1,1,0,0,0,34,0,0,0,0,0,0
482610,0,1,0,0,0,13,0,24,0,0,9,17
482610,1,1,0,24,2,23,0,10,0,0,0,15
482610,2,1,0,0,15,20,0,0,0,0,0,6
482610,3,1,0,0,0,6,22,14,0,0,0,14
482611,1,1,3,17,8,3,15,10,19,5,4,20
482613,1,1,0,0,0,0,0,0,9,0,14,0
482614,1,1,13,13,13,13,13,13,13,13,13,13
482615,1,1,0,0,0,0,0,0,0,0,19,0
482615,2,1,0,0,0,0,0,0,0,0,0,0
482617,1,1,18,0,0,16,0,0,0,23,0,12
482617,2,1,0,0,0,9,0,17,0,19,8,0
482618,1,1,18,18,18,18,18,18,18,18,18,18
482618,2,1,12,34,0,0,0,23,0,0,19,0
482618,3,1,12,27,0,0,7,3,13,20,0,7
482619,1,1,0,0,0,0,0,0,0,0,0,0
482619,2,1,0,0,0,17,0,0,0,0,0,0
482619,3,1,0,23,0,0,0,0,0,0,0,0
482620,1,1,10,0,0,0,15,0,0,0,18,0
482620,2,1,12,0,9,0,0,0,0,0,0,3
482621,1,1,0,0,0,0,0,0,0,0,0,0
482621,2,1,0,0,12,0,0,0,0,0,0,26
482622,1,1,37,18,0,0,0,0,0,0,0,0
482623,1,1,0,0,0,0,0,0,0,0,0,0
482623,2,1,0,0,0,0,0,0,0,0,23,31
482624,0,1,0,0,0,0,0,0,0,0,0,0
482624,1,1,8,0,25,0,0,12,0,0,0,0
482625,1,1,22,0,10,8,11,14,20,25,16,0
482626,0,1,0,0,0,0,0,0,0,0,0,0
482626,1,1,0,17,13,0,0,0,0,0,11,0
482627,1,1,8,0,0,15,0,0,7,0,0,0
482627,2,1,0,0,0,0,0,0,0,0,0,9
482627,3,1,0,0,0,0,0,0,0,0,0,0
482628,1,1,0,0,0,0,0,0,0,0,0,0
482628,2,1,0,0,0,0,0,0,0,0,0,0
482628,3,1,0,0,0,0,0,0,0,0,0,14
482629,0,1,0,0,0,0,0,0,0,0,0,0
482629,1,1,11,9,15,0,0,0,0,0,0,0
482630,0,1,0,0,0,0,28,0,0,17,0,0
482630,0,2,0,14,49,0,0,0,0,22,46,0
482630,0,3,0,0,0,10,0,12,11,0,0,0
482630,1,1,8,0,0,7,15,11,0,11,0,0
482631,1,1,0,0,0,0,0,0,0,0,0,0
482632,1,1,0,0,0,0,0,0,0,0,0,0
482633,1,1,0,0,0,0,0,0,0,0,0,0
482634,0,1,34,34,34,34,34,34,34,34,34,34
482634,1,1,0,16,0,9,0,0,0,0,0,0
482635,1,1,0,0,0,0,17,0,0,0,0,19
482636,1,1,0,0,0,0,0,0,0,0,0,11
482636,2,1,0,0,13,0,4,10,0,0,11,0