ST_CASE,VEH_NO,PER_NO,P1,P2,P3,P4,P5,P6,P7,P8,P9,P10
482933,0,1,23,23,23,23,23,23,23,23,23,23
482933,1,1,0,0,0,0,0,0,0,0,0,0
482934,1,1,0,0,0,0,9,0,0,0,0,0
482934,2,1,0,0,0,0,0,0,0,0,0,0
482934,3,1,0,10,18,0,0,6,0,0,0,14
482935,1,1,23,23,23,23,23,23,23,23,23,23
482935,2,1,0,32,0,0,20,0,18,12,0,0
482936,0,1,0,36,0,0,35,12,0,0,7,28
482936,0,2,0,0,0,0,0,0,0,0,0,0
482936,1,1,3,0,0,0,0,0,10,0,0,0
482937,1,1,0,0,0,0,0,0,0,0,0,0
482938,0,1,24,0,0,0,0,0,0,0,0,0
482938,1,1,7,0,0,0,0,0,0,12,0,0
482939,1,1,7,7,7,7,7,7,7,7,7,7
482940,0,1,24,24,24,24,24,24,24,24,24,24
482940,1,1,0,0,0,0,0,18,0,0,0,0
482940,2,1,0,12,0,0,0,0,0,0,0,6
482941,1,1,16,14,17,8,21,21,25,22,22,8
482941,2,1,0,0,8,0,0,0,0,0,0,0
482942,1,1,20,20,20,20,20,20,20,20,20,20
482942,2,1,0,0,0,0,0,0,0,0,0,0
482943,1,1,0,0,0,0,0,29,19,23,5,0
482944,1,1,28,28,28,28,28,28,28,28,28,28
482945,1,1,0,0,15,0,31,0,0,14,0,11
482945,2,1,0,0,0,0,0,11,0,0,0,0
482946,0,1,0,0,0,0,0,0,0,0,0,0
482946,1,1,16,9,0,0,0,0,0,0,0,0
482947,1,1,0,8,0,0,0,0,0,0,0,0
482948,1,1,0,0,0,0,0,0,0,0,0,0
482949,1,1,0,0,0,0,0,0,0,0,0,0
482950,1,1,33,0,0,0,0,0,0,7,0,0
482950,2,1,0,0,0,0,0,0,0,0,0,0
482951,1,1,14,14,14,14,14,14,14,14,14,14
482952,1,1,0,0,0,0,0,0,0,0,0,0
482953,1,1,0,25,0,0,0,0,0,0,0,0
482953,2,1,0,0,0,0,8,12,0,0,0,0
482954,1,1,0,0,0,0,27,0,0,0,0,0
482954,2,1,0,25,18,0,0,0,21,0,0,0
482955,1,1,20,20,20,20,20,20,20,20,20,20
482956,1,1,15,29,0,0,0,0,4,0,0,0
482957,0,1,10,10,10,10,10,10,10,10,10,10
482957,1,1,0,0,0,0,0,9,0,0,0,0
482958,1,1,21,0,0,0,0,0,4,0,0,0
482958,2,1,0,0,0,0,0,0,0,0,0,0
482958,3,1,0,10,0,0,0,16,11,0,14,0
482958,4,1,0,0,0,0,0,0,0,0,0,0
482959,1,1,0,0,0,11,0,25,0,0,0,36
482960,0,1,32,32,32,32,32,32,32,32,32,32
482960,1,1,0,32,12,0,0,0,0,11,0,20
482961,1,1,0,0,0,0,0,12,0,0,0,0
482961,2,1,0,0,0,0,0,0,0,0,0,0
482962,1,1,20,20,20,20,20,20,20,20,20,20
482962,2,1,0,0,0,0,0,0,0,0,0,17
482963,1,1,20,20,20,20,20,20,20,20,20,20
482964,1,1,14,10,8,8,14,3,19,0,0,13
482965,1,1,0,0,0,0,0,0,0,0,0,0
482966,1,1,0,0,0,0,0,0,0,0,0,0
482966,2,1,0,0,0,0,27,0,0,0,0,0
482967,1,1,9,9,9,9,9,9,9,9,9,9
482968,1,1,0,0,0,0,0,0,0,0,0,0
482968,2,1,0,0,0,0,15,0,10,0,14,0
482969,1,1,16,19,0,0,0,0,0,0,0,0
482969,2,1,11,0,26,0,23,0,0,18,0,14
482970,1,1,9,9,9,9,9,9,9,9,9,9
482971,1,1,20,0,0,0,0,0,0,23,0,21
482972,1,1,0,0,0,0,0,0,0,0,0,0
482972,2,1,9,9,9,9,9,9,9,9,9,9
482973,1,1,0,0,0,0,0,0,0,0,0,0
482974,1,1,0,0,0,17,0,0,0,0,28,0
482975,1,1,0,0,0,12,12,0,0,11,0,16
482976,0,1,8,8,8,8,8,8,8,8,8,8
482976,1,1,0,16,0,0,0,14,0,0,0,0
482977,1,1,15,15,15,15,15,15,15,15,15,15
482978,0,1,0,0,0,0,0,0,0,0,0,0
482978,1,1,0,0,0,0,0,0,0,0,0,0
482979,1,1,0,0,0,0,0,0,0,0,0,0
482980,0,1,0,0,0,0,0,0,0,0,0,0
482980,1,1,0,0,0,0,0,0,0,0,0,0
482981,0,1,23,23,23,23,23,23,23,23,23,23
482981,1,1,0,4,0,11,0,0,17,5,15,0
482982,1,1,0,0,0,0,0,0,0,0,0,0
482982,2,1,0,0,0,0,0,0,0,0,0,13
482983,1,1,0,0,0,0,0,0,14,0,0,13
482983,2,1,0,0,0,0,0,0,0,0,0,23
482984,1,1,0,0,19,0,7,0,45,0,0,0
482984,2,1,0,10,0,0,0,0,0,0,0,9
482985,1,1,7,17,0,13,24,16,24,27,17,25
482985,2,1,0,0,0,22,0,0,0,3,0,0
482986,1,1,13,13,13,13,13,13,13,13,13,13
482987,1,1,3,0,0,0,0,0,0,20,0,20
482987,2,1,29,0,0,0,0,0,0,27,21,0
482987,3,1,0,0,0,0,0,0,0,0,11,0
482988,1,1,24,0,0,0,0,0,0,8,0,9
482988,2,1,0,0,0,0,0,0,0,0,0,0
482988,3,1,10,0,0,0,0,0,0,4,0,5
482989,1,1,28,28,28,28,28,28,28,28,28,28
482990,1,1,0,0,0,0,0,0,0,0,9,0
482990,2,1,0,0,8,0,0,0,31,0,0,0
482991,1,1,17,31,12,26,7,10,28,19,16,27
482992,1,1,27,17,13,28,15,16,10,8,23,15
482992,2,1,9,0,0,29,20,17,6,0,19,0
482993,1,1,17,0,0,19,10,0,0,0,18,0
482994,0,1,13,11,34,10,10,9,48,16,36,29
482994,0,2,13,23,31,44,21,21,22,18,24,20
482994,1,1,14,15,0,13,0,0,0,27,0,0
482995,1,1,0,0,0,0,0,0,0,0,0,0
482995,2,1,0,0,0,0,0,0,0,0,0,0
482996,1,1,0,0,0,0,0,0,0,0,0,0
482997,1,1,35,35,35,35,35,35,35,35,35,35
482998,1,1,0,0,0,0,0,0,0,0,0,0
482998,2,1,0,0,0,0,0,0,0,0,0,0
482999,0,1,0,0,0,0,10,14,0,0,2,24
482999,0,2,29,0,0,0,0,0,16,0,20,30
482999,1,1,0,7,11,0,0,0,0,6,0,0
483000,1,1,17,17,17,17,17,17,17,17,17,17
483001,1,1,23,23,23,23,23,23,23,23,23,23
483002,1,1,22,22,22,22,22,22,22,22,22,22
483003,1,1,0,26,0,0,19,22,0,8,0,0
483004,1,1,0,22,14,20,13,20,0,0,0,18
483005,1,1,18,18,18,18,18,18,18,18,18,18
483005,2,1,0,0,0,0,0,0,0,0,0,0
483006,1,1,0,0,0,0,0,0,0,0,0,0
483006,2,1,0,0,0,0,0,0,0,0,0,0
483007,1,1,10,0,17,13,0,8,22,28,0,0
483008,1,1,24,24,24,24,24,24,24,24,24,24
483009,0,1,0,0,0,0,0,0,0,0,0,0
483009,1,1,0,0,0,0,0,0,0,0,0,0
483010,1,1,11,0,32,0,0,0,0,0,0,0
483011,1,1,19,19,19,19,19,19,19,19,19,19
483012,1,1,4,4,4,4,4,4,4,4,4,4
483013,0,1,38,38,38,38,38,38,38,38,38,38
483013,1,1,0,0,0,0,22,0,0,0,0,0
483014,1,1,18,18,18,18,18,18,18,18,18,18
483015,1,1,5,19,41,23,15,7,3,13,12,20
483016,1,1,0,0,0,0,0,0,0,0,0,0
483016,2,1,0,0,0,0,0,0,0,0,0,0
483017,0,1,32,0,0,0,0,0,12,0,0,0
483017,1,1,0,12,0,0,0,0,0,13,6,0
483018,1,1,21,7,11,19,20,17,7,18,10,20
483019,1,1,14,0,0,17,0,0,0,0,0,22
483020,0,1,0,0,0,10,0,21,0,12,36,0
483020,1,1,0,0,4,4,0,0,0,4,0,0
483021,0,1,0,0,0,20,0,0,0,0,0,37
483021,1,1,0,0,5,9,29,11,0,0,0,0
483022,1,1,11,11,11,11,11,11,11,11,11,11
483022,2,1,0,0,0,0,0,0,0,0,0,0
483023,1,1,24,24,24,24,24,24,24,24,24,24
483024,0,1,0,0,15,0,0,12,0,0,0,0
483024,1,1,0,0,0,0,0,0,22,22,0,10
483025,1,1,11,11,11,11,11,11,11,11,11,11
483026,1,1,0,0,0,0,0,0,0,0,0,0
483027,1,1,0,0,0,0,22,0,28,0,0,0
483027,2,1,0,0,0,0,0,0,0,0,0,12
483028,1,1,0,0,0,0,0,0,0,0,0,0
483028,2,1,0,0,0,0,0,0,0,0,0,0
483029,1,1,0,0,0,0,0,0,0,0,0,0
483029,2,1,0,0,0,0,0,0,0,0,0,0
483029,3,1,0,0,0,0,8,0,0,0,0,0
483029,4,1,0,0,0,0,0,0,11,0,22,0
483030,1,1,17,0,8,0,24,3,15,0,0,0
483030,2,1,0,0,30,0,7,9,7,17,0,15
483031,1,1,0,0,0,0,0,0,0,0,0,0
483032,0,1,12,12,12,12,12,12,12,12,12,12
483032,1,1,21,21,21,21,21,21,21,21,21,21
483033,1,1,0,0,0,0,0,0,0,0,0,0
483033,2,1,0,0,12,0,0,0,15,0,9,0
483034,1,1,26,0,16,0,0,0,23,17,0,10
483035,1,1,7,7,7,7,7,7,7,7,7,7
483036,0,1,18,50,34,12,19,12,31,15,12,20
483036,1,1,0,0,0,0,5,0,0,8,0,0
483037,1,1,0,0,0,0,0,0,0,0,0,0
483038,1,1,0,0,36,0,0,0,0,17,0,0
483039,1,1,0,0,0,0,0,18,0,0,0,0
483039,2,1,0,0,0,0,0,0,0,0,0,0
483040,1,1,13,37,17,20,14,13,12,18,19,19
483041,1,1,0,0,0,0,0,0,0,0,0,0
483041,2,1,0,14,12,0,0,0,0,0,15,11
483042,1,1,0,0,0,0,0,0,0,0,0,0
483042,2,1,0,0,0,0,0,0,19,0,0,0
483042,3,1,0,0,0,0,0,0,0,0,0,0
483043,1,1,0,0,0,13,0,0,0,15,0,0
483044,1,1,0,0,0,0,0,0,0,0,0,0
483045,1,1,0,0,0,0,0,0,0,0,0,0
483045,2,1,0,0,0,0,0,0,0,0,0,0
483046,0,1,0,0,0,0,0,0,0,0,0,0
483046,1,1,0,0,0,0,0,0,0,0,0,0
483047,1,1,0,0,0,0,0,0,0,0,0,0
483047,2,1,0,0,0,0,0,0,0,0,6,0
483048,1,1,16,16,16,16,16,16,16,16,16,16
483048,2,1,0,0,0,0,0,0,0,0,0,0
483049,1,1,0,0,0,0,0,0,0,0,0,2
483049,2,1,0,0,0,0,0,5,16,0,0,0
483050,1,1,2,2,2,2,2,2,2,2,2,2
483051,1,1,0,41,22,18,31,0,20,0,25,0
483052,1,1,10,17,14,5,11,19,13,13,34,23
483053,1,1,0,0,0,0,0,0,23,0,29,0
483054,1,1,0,0,0,7,0,25,0,0,0,0
483054,2,1,0,0,0,0,0,0,14,0,0,0
483055,1,1,0,0,0,0,0,0,0,0,0,0
483056,1,1,15,15,15,15,15,15,15,15,15,15
483056,2,1,23,25,0,23,13,0,26,12,8,8
483058,1,1,15,15,15,15,15,15,15,15,15,15
483059,1,1,0,0,0,0,0,0,0,0,0,0
483059,2,1,0,0,0,15,33,0,0,0,0,0
483060,1,1,19,19,19,19,19,19,19,19,19,19
483061,1,1,0,0,0,0,0,0,0,4,0,12
483061,2,1,0,17,15,0,0,6,0,0,11,0
483061,3,1,0,0,0,0,0,0,0,0,0,0
483062,0,1,0,9,16,0,22,0,0,0,0,0
483062,1,1,0,0,6,0,0,0,0,0,0,8
483063,1,1,24,24,24,24,24,24,24,24,24,24
483063,2,1,0,0,28,0,18,0,7,0,0,27
483064,0,1,0,0,0,0,0,0,0,0,0,0
483064,1,1,0,0,0,0,0,0,0,0,0,0
483065,1,1,0,12,0,0,27,0,0,0,0,0
483065,2,1,0,0,0,0,12,6,0,28,0,0
483066,1,1,0,0,0,0,0,0,0,0,0,0
483066,2,1,0,11,0,17,0,18,0,0,2,29
483067,0,1,0,0,0,0,0,0,0,0,0,0
483067,1,1,12,0,0,0,0,0,0,0,0,0
483068,1,1,0,0,0,0,0,0,0,0,3,0
483068,2,1,0,0,0,0,0,0,0,0,12,0
483069,1,1,0,0,0,0,0,0,0,0,0,0
483069,2,1,14,15,0,0,23,0,15,0,0,0
483070,1,1,0,0,24,0,0,0,0,0,0,0
483071,1,1,0,0,0,0,0,0,19,0,21,22
483071,2,1,0,0,0,0,0,0,0,0,0,0
483072,1,1,16,16,16,16,16,16,16,16,16,16
483074,1,1,28,28,28,28,28,28,28,28,28,28
483075,1,1,0,0,0,0,0,0,0,0,0,0
483075,2,1,0,0,0,0,0,0,0,0,13,0
483076,1,1,0,0,0,0,0,0,0,0,0,0
483076,2,1,0,0,20,15,0,0,19,0,0,23
483076,3,1,0,0,0,0,0,0,27,0,0,0
483077,0,1,21,21,21,21,21,21,21,21,21,21
483077,1,1,0,0,23,9,7,4,0,8,4,6
483078,0,1,0,28,0,0,0,45,34,51,22,36
483078,1,1,8,0,0,22,0,11,0,9,0,0
483079,1,1,27,27,27,27,27,27,27,27,27,27
483080,1,1,0,0,0,0,0,0,0,0,0,0
483081,1,1,0,0,0,0,0,0,0,0,0,0
483081,2,1,0,0,0,3,0,12,11,0,0,0
483082,1,1,0,0,0,0,0,0,0,10,0,0
483082,2,1,0,0,0,7,0,0,0,0,0,0
483083,1,1,34,34,34,34,34,34,34,34,34,34
483084,1,1,0,0,0,0,0,0,0,0,21,0
483085,1,1,0,0,0,0,0,0,0,0,0,0
483086,1,1,0,5,19,8,0,15,0,27,7,16
483087,0,1,0,0,0,0,0,0,0,0,0,0
483087,1,1,0,16,8,0,0,0,6,0,23,27
483088,1,1,4,4,4,4,4,4,4,4,4,4
483089,1,1,26,26,26,26,26,26,26,26,26,26
483090,0,1,0,0,0,0,0,0,0,0,0,0
483090,1,1,10,0,2,6,0,0,0,0,0,0
483091,1,1,0,0,0,0,0,0,0,0,0,0
483093,1,1,0,38,0,27,0,0,0,0,0,0
483093,2,1,0,0,0,15,8,0,0,0,0,0
483094,1,1,0,0,0,8,0,0,0,34,0,0
483094,2,1,0,0,0,0,0,0,0,0,0,0
483095,1,1,20,20,20,20,20,20,20,20,20,20
483096,1,1,27,27,27,27,27,27,27,27,27,27
483097,1,1,0,0,0,0,0,0,0,0,0,0
483098,1,1,0,0,0,0,28,0,0,0,0,0
483098,2,1,0,0,0,27,0,21,0,0,19,0
483098,3,1,0,18,0,15,0,12,0,0,0,0
483099,1,1,25,0,0,0,0,0,0,32,0,0
483099,2,1,12,12,12,12,12,12,12,12,12,12
483100,1,1,0,0,0,0,0,0,0,0,0,0
483101,1,1,0,8,11,0,0,0,0,5,0,30
483102,1,1,23,23,23,23,23,23,23,23,23,23
483103,1,1,15,15,15,15,15,15,15,15,15,15
483104,0,1,0,0,0,27,0,0,0,0,0,18
483104,1,1,0,0,0,0,0,0,0,0,0,0
483105,0,1,0,0,0,0,0,0,0,0,0,0
483105,1,1,0,0,0,0,0,0,0,0,0,0
483106,1,1,0,0,0,0,0,0,0,0,0,0
483106,2,1,0,0,0,0,0,0,0,0,0,0
483107,1,1,0,0,0,0,0,0,0,0,0,0
483108,0,1,0,0,0,0,0,0,0,0,0,0
483108,1,1,0,11,0,21,5,16,10,5,15,0
483109,1,1,0,0,2,0,0,0,0,0,0,0
483110,1,1,0,0,0,0,0,16,0,0,0,16
483110,2,1,0,0,0,0,0,0,0,0,0,0
483111,1,1,10,6,9,11,14,13,9,25,14,30
483111,2,1,7,21,24,18,0,0,0,15,14,10
483111,3,1,0,0,0,0,0,0,0,0,0,0
483112,0,1,0,0,0,0,0,0,0,0,0,0
483112,1,1,0,20,10,0,7,3,0,7,0,28
483113,1,1,15,15,15,15,15,15,15,15,15,15
483113,2,1,6,0,0,0,10,0,0,15,0,20
483113,3,1,8,10,0,0,26,0,0,19,31,0
483114,1,1,14,15,9,21,9,14,2,11,4,0
483115,0,1,16,16,16,16,16,16,16,16,16,16
483115,1,1,0,0,0,0,0,15,0,9,0,25
483116,0,1,0,0,0,0,0,0,0,0,0,0
483116,1,1,0,0,0,0,0,0,0,0,0,0
483117,1,1,13,3,0,26,0,20,10,0,27,24
483118,1,1,31,31,31,31,31,31,31,31,31,31
483118,2,1,27,27,27,27,27,27,27,27,27,27
483119,1,1,0,0,0,0,0,0,0,0,0,0
483119,2,1,0,0,0,0,0,0,0,0,0,17
483120,1,1,23,11,27,0,30,0,22,41,0,8
483121,0,1,38,0,0,61,0,0,0,0,11,0
483121,0,2,0,0,28,0,0,0,0,0,18,0
483121,1,1,0,0,0,0,0,0,0,0,0,0
483122,1,1,0,0,0,0,0,0,0,0,0,0
483122,2,1,0,0,0,0,0,0,0,0,0,0
483123,1,1,26,26,26,26,26,26,26,26,26,26
483124,0,1,0,0,0,0,0,0,0,0,0,0
483124,1,1,0,14,14,0,18,0,10,0,0,22
483125,1,1,0,0,0,0,0,0,0,0,0,0
483125,2,1,0,0,0,0,0,0,23,0,0,0
483126,1,1,0,0,0,0,0,0,0,0,0,0
483126,2,1,0,0,21,22,0,0,0,11,0,0
483127,1,1,0,23,15,0,0,0,0,0,13,8
483128,1,1,41,15,0,0,20,15,27,15,0,12
483129,1,1,0,0,0,0,0,0,0,5,0,0
483129,2,1,0,0,0,0,0,0,0,4,0,0
483130,1,1,21,21,21,21,21,21,21,21,21,21
483131,1,1,14,14,14,14,14,14,14,14,14,14
483131,2,1,0,0,13,0,0,0,0,0,17,17
483132,1,1,22,22,22,22,22,22,22,22,22,22
483133,1,1,13,0,0,0,8,0,0,16,0,0
483134,1,1,10,9,9,20,11,0,13,0,0,17
483135,1,1,0,0,0,0,0,0,0,0,0,0
483135,2,1,0,0,0,0,0,0,0,0,0,0
483136,1,1,21,0,31,0,0,23,0,23,0,0
483136,2,1,0,0,0,0,0,0,0,0,0,0
483137,0,1,0,0,0,0,0,0,0,0,0,0
483137,1,1,0,0,0,0,0,0,0,0,0,0
483138,1,1,6,6,6,6,6,6,6,6,6,6
483139,0,1,33,33,33,33,33,33,33,33,33,33
483139,1,1,0,0,0,0,0,6,0,12,0,13
483140,0,1,24,9,16,0,26,0,0,5,14,26
483140,1,1,0,0,23,0,0,0,10,18,24,0
483141,0,1,27,27,27,27,27,27,27,27,27,27
483141,1,1,0,0,0,0,0,0,0,0,0,0
483142,1,1,0,9,0,0,0,0,11,10,0,0
483142,2,1,0,0,14,0,0,17,0,0,0,0
483143,1,1,0,23,24,22,0,29,0,0,13,15
483144,0,1,13,0,19,0,0,0,0,0,0,0
483144,1,1,0,0,0,26,0,0,0,0,0,0
483145,1,1,22,22,22,22,22,22,22,22,22,22
483145,2,1,0,29,0,0,0,8,0,0,0,0
483146,0,1,0,0,0,0,0,0,0,0,0,0
483146,1,1,0,0,8,0,0,0,0,0,13,0
483147,0,1,0,0,0,0,0,0,0,0,0,0
483147,1,1,15,0,0,0,0,0,3,0,0,0
483148,1,1,0,0,0,0,0,0,0,0,0,0
483148,2,1,0,0,0,0,0,0,0,0,0,0
483149,0,1,0,0,0,0,24,0,0,0,0,17
483149,1,1,0,0,0,0,0,0,0,0,0,0
483150,1,1,13,13,13,13,13,13,13,13,13,13
483150,2,1,17,0,0,19,15,0,8,0,0,18
483150,3,1,0,0,0,0,0,0,7,19,10,0
483151,0,1,31,0,0,0,7,7,0,0,0,17
483151,1,1,16,0,0,0,0,21,25,0,3,0
483152,1,1,7,0,0,0,0,0,0,0,0,21
483152,2,1,7,0,0,16,0,0,17,0,0,0
483153,1,1,14,14,14,14,14,14,14,14,14,14
483153,2,1,0,0,0,0,0,0,0,0,0,0
483154,1,1,7,7,7,7,7,7,7,7,7,7
483154,2,1,0,0,0,0,0,0,0,0,0,0
483155,1,1,0,0,0,17,0,0,0,6,0,0
483156,1,1,0,0,0,18,0,0,0,0,0,0
483156,2,1,0,25,20,0,0,0,0,0,0,13
483157,1,1,33,33,33,33,33,33,33,33,33,33
483158,1,1,0,0,0,0,0,0,0,0,0,0
483159,1,1,0,0,0,26,0,22,0,18,0,0
483160,1,1,33,16,19,6,18,17,15,14,0,8
483161,1,1,0,0,0,0,5,0,11,0,14,0
483162,1,1,0,0,0,0,0,0,0,0,0,0
483164,1,1,0,0,27,13,0,0,23,23,11,0
483165,1,1,19,0,0,0,19,14,22,0,0,0
483166,0,1,20,0,27,31,0,35,47,24,12,0
483166,1,1,0,0,0,0,10,9,0,8,0,0
483167,0,1,24,0,7,16,14,20,0,20,0,0
483167,1,1,0,10,0,9,0,0,0,0,16,0
483168,1,1,15,15,15,15,15,15,15,15,15,15
483168,2,1,0,0,0,0,0,0,0,0,0,0
483169,1,1,0,0,0,0,0,0,0,0,0,0
483169,2,1,0,0,0,0,0,0,0,0,0,0
483170,0,1,26,13,9,18,28,20,28,34,20,12
483170,1,1,5,0,0,0,0,10,0,0,10,0
483171,1,1,15,15,15,15,15,15,15,15,15,15
483171,2,1,0,14,0,8,0,8,20,0,17,0
483172,1,1,0,0,0,0,0,0,16,0,12,0
483172,2,1,0,0,0,0,0,0,0,0,0,0
483173,1,1,0,0,0,0,0,0,0,0,0,0
483173,2,1,0,0,0,38,0,0,0,0,0,0
483174,1,1,25,25,25,25,25,25,25,25,25,25
483174,2,1,0,0,0,0,0,0,0,0,27,0
483175,0,1,28,0,0,0,0,0,0,0,0,0
483175,0,2,0,0,16,0,0,0,0,0,0,0
483175,1,1,0,0,25,0,0,0,0,0,0,0
483176,1,1,0,0,0,0,0,0,0,21,0,0
483178,1,1,0,21,0,0,0,0,2,0,0,0
483179,1,1,0,0,0,0,0,0,0,0,0,0
483179,2,1,0,15,0,0,0,0,0,0,7,0
483180,1,1,0,11,4,15,7,0,0,0,27,0
483181,1,1,20,20,20,20,20,20,20,20,20,20
483182,0,1,0,0,0,0,0,0,0,0,0,0
483182,1,1,0,0,14,0,0,0,0,9,0,0
483183,1,1,17,12,24,27,22,0,10,21,27,8
483184,1,1,0,0,0,0,0,0,0,0,0,0
483184,2,1,0,0,0,0,0,0,0,0,0,0
483185,0,1,30,0,0,0,0,0,0,0,0,0
483185,1,1,0,0,0,0,0,0,0,0,0,0
483186,1,1,0,0,0,0,0,0,22,0,0,0
483186,2,1,0,0,0,0,0,0,0,0,0,0
483187,1,1,0,0,0,0,0,0,0,39,7,0
483188,1,1,0,0,0,18,21,0,22,0,6,18
483188,2,1,0,0,0,0,0,0,0,0,0,0
483189,1,1,24,24,24,24,24,24,24,24,24,24
483189,2,1,0,0,0,0,0,0,0,0,0,0
483190,1,1,12,12,12,12,12,12,12,12,12,12
483191,1,1,23,23,23,23,23,23,23,23,23,23
483191,2,1,0,0,0,0,0,0,0,0,0,0
483192,1,1,0,11,0,0,0,0,0,0,0,0
483192,2,1,0,0,0,0,0,0,0,0,0,0
483193,1,1,0,0,0,0,0,0,0,0,0,24
483193,2,1,0,0,0,0,14,0,0,0,0,0
483193,3,1,0,0,0,0,0,0,0,0,0,0
483194,1,1,0,0,0,0,0,0,0,9,0,24
483194,2,1,0,0,0,0,0,0,0,0,0,0
483195,1,1,2,2,2,2,2,2,2,2,2,2
483195,2,1,0,0,0,0,0,0,0,0,0,0
483196,1,1,0,0,0,0,0,0,0,0,17,0
483196,2,1,0,0,0,0,0,0,17,0,0,0
483196,3,1,10,0,31,0,15,0,0,0,0,0
483197,0,1,0,0,0,23,0,0,0,0,0,0
483197,1,1,0,0,0,0,0,0,0,9,0,0
483198,1,1,9,9,9,9,9,9,9,9,9,9
483198,2,1,0,0,0,0,10,0,0,0,0,0
483199,1,1,0,0,0,13,0,0,0,0,0,0
483200,1,1,0,0,0,31,0,0,0,0,0,0
483200,2,1,0,0,0,0,0,0,0,0,0,0
483201,0,1,0,0,16,29,12,0,0,0,0,0
483201,1,1,0,0,0,0,35,12,0,0,0,0
483202,1,1,6,6,6,6,6,6,6,6,6,6
483203,1,1,0,0,0,17,20,0,0,0,0,0
483203,2,1,10,0,6,10,0,0,0,21,3,0
483204,1,1,0,0,0,0,0,0,0,0,0,0
483205,1,1,0,0,0,0,16,0,0,0,0,0
483205,2,1,0,0,0,0,0,0,0,0,0,0
483206,1,1,0,0,0,0,10,0,0,0,0,0
483206,2,1,28,0,0,0,0,0,0,0,0,0
483208,0,1,22,22,22,22,22,22,22,22,22,22
483208,1,1,0,0,0,0,0,0,0,0,0,0
483209,0,1,21,21,21,21,21,21,21,21,21,21
483209,1,1,0,0,0,0,20,0,0,2,0,0
483210,1,1,22,22,0,21,0,20,0,12,0,10
483211,1,1,11,4,16,38,29,14,23,15,23,23
483212,0,1,0,0,12,0,23,0,0,0,0,24
483212,1,1,18,11,0,0,28,5,0,0,4,0
483213,1,1,6,24,12,11,3,0,10,14,12,13
483213,2,1,0,15,21,0,0,0,0,0,0,0
483214,1,1,0,14,0,0,0,0,28,0,0,0
483214,2,1,0,0,0,0,18,0,0,0,6,0
483215,1,1,24,12,21,5,41,21,14,25,20,27
483216,1,1,7,7,7,7,7,7,7,7,7,7
483216,2,1,0,0,0,0,0,0,0,0,0,0
483217,1,1,0,0,0,0,0,0,0,0,0,0
483217,2,1,0,21,0,0,0,0,0,0,0,0
483218,1,1,0,0,0,0,0,0,0,0,0,0
483219,1,1,7,7,7,7,7,7,7,7,7,7
483220,1,1,0,0,28,0,0,0,0,0,0,0
483221,0,1,0,0,0,30,0,0,12,0,0,0
483221,1,1,15,14,0,13,20,0,0,5,0,0
483222,1,1,0,0,0,0,0,0,0,0,0,0
483222,2,1,0,0,0,0,12,0,0,0,0,0
483222,3,1,0,0,0,0,0,0,0,0,0,0
483222,4,1,0,0,0,0,0,0,0,0,0,0
483223,1,1,19,0,25,0,12,0,0,0,0,0
483223,2,1,0,0,0,0,0,0,0,25,0,0
483224,0,1,13,15,0,37,0,0,0,0,12,0
483224,1,1,0,0,0,12,0,0,0,0,0,0
483225,1,1,0,10,11,0,13,14,11,21,34,9
483226,0,1,0,18,0,0,0,0,22,0,21,0
483227,1,1,31,4,13,3,31,13,0,13,0,0
483228,1,1,16,16,16,16,16,16,16,16,16,16
483229,1,1,9,20,0,0,0,5,0,0,0,0
483229,2,1,0,0,0,0,0,0,0,0,0,0
483229,3,1,0,0,0,0,4,11,0,13,11,0
483229,4,1,9,0,0,0,0,0,0,0,0,0
483230,1,1,9,9,9,9,9,9,9,9,9,9
483230,2,1,0,0,0,0,0,0,0,0,0,0
483231,1,1,22,22,22,22,22,22,22,22,22,22
483232,1,1,30,30,30,30,30,30,30,30,30,30
483233,0,1,0,0,0,0,0,0,0,0,0,0
483233,1,1,0,20,0,9,0,13,0,0,0,0
483234,1,1,0,0,0,0,0,0,11,0,0,12
483234,2,1,0,0,4,0,0,0,9,17,0,0
483236,1,1,18,18,18,18,18,18,18,18,18,18
483237,1,1,0,0,0,0,0,0,0,0,0,18
483237,2,1,0,0,0,0,0,0,0,0,0,0
483237,3,1,0,0,0,0,0,0,0,0,7,0
483237,4,1,0,0,0,0,0,0,0,0,0,0
483238,1,1,0,5,13,0,40,0,0,10,0,0
483238,2,1,0,0,0,0,0,0,0,14,0,0
483239,1,1,0,0,0,0,0,0,0,14,0,0
483239,2,1,0,0,0,0,0,0,0,0,0,0