ST_CASE,VEH_NO,PER_NO,P1,P2,P3,P4,P5,P6,P7,P8,P9,P10
483240,1,1,0,0,0,0,0,0,0,0,0,0
483240,2,1,0,0,0,14,15,9,0,6,0,0
483241,0,1,0,0,0,0,0,0,0,0,0,0
483241,1,1,0,0,0,0,0,0,0,0,5,0
483242,1,1,10,10,10,10,10,10,10,10,10,10
483242,2,1,0,0,0,0,0,0,0,0,0,0
483243,1,1,8,0,0,11,0,13,0,0,0,0
483243,2,1,0,0,0,0,0,0,0,0,0,0
483244,1,1,0,23,36,11,16,7,16,22,0,7
483245,1,1,23,23,23,23,23,23,23,23,23,23
483246,0,1,0,0,0,0,0,0,0,0,0,0
483246,1,1,7,0,0,0,0,0,0,0,0,0
483247,1,1,7,19,0,29,23,14,17,34,0,17
483247,2,1,25,40,12,51,0,40,12,0,53,22
483248,1,1,0,0,0,9,0,0,0,0,0,0
483248,2,1,0,0,0,27,0,0,10,35,0,14
483249,0,1,0,0,0,0,0,0,0,0,0,0
483249,0,2,0,0,0,19,0,0,0,0,0,0
483249,1,1,0,0,0,0,0,0,0,0,19,0
483250,1,1,17,0,0,0,0,23,0,0,0,0
483251,1,1,0,0,0,0,0,0,0,16,20,0
483251,2,1,0,5,0,0,0,0,10,0,5,10
483252,1,1,0,0,0,0,0,0,0,0,0,0
483252,2,1,0,0,0,0,0,0,0,0,0,0
483253,1,1,0,0,0,0,0,32,0,0,0,0
483253,2,1,6,4,0,0,0,0,0,0,0,0
483254,1,1,0,0,0,0,0,0,7,0,0,0
483254,2,1,0,0,0,0,0,0,18,0,0,5
483255,1,1,0,8,0,0,15,0,9,0,11,13
483255,2,1,4,0,0,0,0,0,0,0,0,0
483256,0,1,27,27,27,27,27,27,27,27,27,27
483256,1,1,0,0,0,0,12,0,0,10,0,0
483257,0,1,0,0,0,0,0,19,0,0,0,0
483257,1,1,0,0,0,9,0,0,0,0,0,0
483258,1,1,24,9,10,7,0,19,0,24,30,0
483259,1,1,0,0,0,0,0,0,18,0,0,0
483260,0,1,16,0,0,22,0,27,0,0,12,0
483260,1,1,0,0,23,15,17,0,0,0,0,0
483261,1,1,21,21,21,21,21,21,21,21,21,21
490001,1,1,30,30,30,30,30,30,30,30,30,30
490002,0,1,0,17,0,13,0,0,18,16,0,0
490002,1,1,0,0,0,0,0,0,0,0,0,0
490003,0,1,0,0,0,0,0,0,0,0,0,0
490003,1,1,0,0,11,0,0,0,0,0,0,0
490003,2,1,0,0,0,0,0,0,0,0,0,0
490004,1,1,0,0,0,0,0,0,0,0,0,0
490004,2,1,0,0,0,0,0,0,0,0,0,0
490005,1,1,2,2,2,2,2,2,2,2,2,2
490006,1,1,0,0,0,0,0,0,0,0,0,0
490006,2,1,0,0,0,0,0,0,0,0,0,0
490007,0,1,0,0,0,0,0,0,0,0,0,0
490007,1,1,0,0,0,0,0,0,0,0,0,0
490008,0,1,0,0,0,0,0,0,0,0,0,0
490008,1,1,0,0,0,0,0,0,0,0,0,0
490009,1,1,0,0,0,0,0,0,0,0,0,0
490009,2,1,0,0,0,0,0,0,0,0,0,0
490010,1,1,21,21,21,21,21,21,21,21,21,21
490010,2,1,0,0,0,0,0,0,0,3,0,0
490010,3,1,0,0,0,0,0,0,0,0,0,0
490010,4,1,0,0,0,0,0,0,0,0,0,0
490010,5,1,0,0,0,0,0,0,14,0,0,16
490011,1,1,0,0,0,0,0,0,0,0,0,0
490011,2,1,0,0,0,0,0,0,0,0,0,0
490013,0,1,0,0,0,0,0,0,0,0,0,0
490013,1,1,0,0,0,0,0,0,0,0,0,0
490013,2,1,0,0,0,0,0,0,0,0,0,0
490014,1,1,0,0,0,0,0,0,0,0,0,0
490015,1,1,0,0,0,0,0,0,0,0,0,0
490015,2,1,0,0,0,0,0,0,0,0,0,0
490016,1,1,0,0,0,0,0,0,0,0,0,0
490016,2,1,0,0,0,0,0,0,0,0,0,0
490017,1,1,20,20,20,20,20,20,20,20,20,20
490019,1,1,0,0,0,0,0,0,0,0,0,0
490019,2,1,0,0,0,0,0,0,0,0,0,0
490020,1,1,0,0,0,0,0,0,0,0,0,0
490021,0,1,0,0,0,0,0,0,0,0,0,0
490021,1,1,0,0,0,0,0,4,0,0,0,0
490022,1,1,0,0,0,0,0,0,0,0,0,0
490023,1,1,0,0,0,0,0,0,0,0,0,0
490023,2,1,0,0,0,0,0,0,7,0,0,0
490023,3,1,0,0,0,0,0,0,0,0,0,0
490024,0,1,0,0,0,0,0,0,0,0,0,0
490024,1,1,0,0,0,0,0,0,0,0,0,0
490025,0,1,0,0,0,0,0,0,0,0,0,0
490025,0,2,0,0,0,0,0,0,0,0,0,0
490025,1,1,0,0,0,0,0,0,0,0,0,0
490026,1,1,0,0,0,0,0,0,0,0,0,0
490026,2,1,0,0,0,0,0,0,0,0,0,0
490027,1,1,0,0,0,0,0,0,0,0,0,0
490027,2,1,0,0,0,0,0,0,0,0,0,0
490028,1,1,0,0,0,0,0,0,0,0,0,0
490028,2,1,0,0,0,0,0,0,0,0,0,0
490028,3,1,0,0,0,0,0,0,0,0,0,0
490029,1,1,0,0,0,0,0,0,0,0,0,0
490029,2,1,0,0,0,0,0,0,0,0,0,0
490029,3,1,0,8,0,0,0,0,0,0,0,0
490030,0,1,0,0,0,0,0,0,0,0,0,0
490030,0,2,0,0,20,0,0,0,20,0,0,0
490030,1,1,0,0,0,0,0,0,0,0,0,0
490031,0,1,22,22,22,22,22,22,22,22,22,22
490031,1,1,0,0,0,0,0,0,0,0,0,0
490032,1,1,0,0,0,0,0,0,0,0,0,0
490033,1,1,0,0,0,0,0,0,0,0,0,0
490033,2,1,0,0,0,0,0,0,0,0,0,0
490034,1,1,0,0,0,0,0,0,0,0,0,0
490035,1,1,0,24,27,26,0,0,0,21,0,0
490036,1,1,0,0,0,0,0,0,0,0,0,0
490037,1,1,17,17,17,17,17,17,17,17,17,17
490038,1,1,0,0,0,0,0,0,0,0,0,0
490039,1,1,22,22,22,22,22,22,22,22,22,22
490040,1,1,18,18,18,18,18,18,18,18,18,18
490040,2,1,0,0,0,0,0,0,0,0,0,0
490040,3,1,0,0,0,0,14,0,0,4,0,3
490041,0,1,0,0,0,0,0,0,0,0,0,0
490041,1,1,0,0,0,0,0,0,0,0,0,0
490041,2,1,0,0,0,0,0,0,0,0,0,0
490041,3,1,0,0,0,0,0,0,0,0,0,0
490041,5,1,0,0,0,0,0,0,0,0,0,0
490042,1,1,0,0,0,0,0,0,0,0,0,0
490042,2,1,0,0,0,0,0,0,0,0,0,0
490042,3,1,0,0,0,0,0,0,0,0,0,0
490043,0,1,0,0,0,0,0,0,0,0,0,0
490043,1,1,0,0,0,0,0,0,0,0,0,0
490044,1,1,20,20,20,20,20,20,20,20,20,20
490045,0,1,0,0,0,0,0,0,0,0,0,0
490045,0,2,0,0,42,0,25,25,0,20,11,25
490045,0,3,26,22,0,0,10,14,0,0,0,6
490045,1,1,0,0,0,0,0,0,0,0,0,0
490046,0,1,0,0,0,0,0,0,0,0,0,0
490046,2,1,0,0,0,0,0,0,0,0,0,0
490047,0,1,0,0,18,0,0,0,0,0,0,0
490047,1,1,0,0,0,0,0,0,0,0,0,0
490048,1,1,0,0,0,0,0,0,0,0,0,0
490048,2,1,0,0,0,0,0,19,0,0,0,0
490049,0,1,28,6,0,0,0,0,24,2,0,0
490049,0,2,0,0,0,0,0,21,0,21,20,0
490049,1,1,0,0,0,0,0,0,6,0,9,0
490050,1,1,0,0,0,0,0,0,0,0,0,0
490051,1,1,19,19,19,19,19,19,19,19,19,19
490051,2,1,0,0,0,0,0,0,0,0,0,0
490052,0,1,19,19,19,19,19,19,19,19,19,19
490052,0,2,0,0,0,0,0,0,0,0,0,0
490052,1,1,0,0,0,0,0,0,0,0,0,0
490053,1,1,22,22,22,22,22,22,22,22,22,22
490054,1,1,0,0,0,0,0,0,0,0,0,0
490055,1,1,22,22,22,22,22,22,22,22,22,22
490055,2,1,0,0,0,0,0,0,0,0,0,0
490055,3,1,0,0,0,0,0,0,0,0,0,0
490055,4,1,0,0,0,0,0,0,0,0,0,0
490055,5,1,0,0,0,0,0,0,0,0,0,0
490055,6,1,0,0,0,0,0,0,0,0,0,0
490055,7,1,0,0,0,0,0,0,0,0,0,0
490055,8,1,22,0,0,0,0,0,0,0,0,0
490055,9,1,0,0,0,0,0,0,0,0,0,0
490055,10,1,0,0,0,0,0,0,0,0,0,0
490055,11,1,0,0,0,0,0,0,10,0,0,0
490055,12,1,0,0,0,0,0,0,0,0,0,0
490055,13,1,0,0,0,0,0,0,0,0,0,0
490055,14,1,0,20,0,0,0,0,0,0,0,0
490056,1,1,0,0,0,0,0,0,0,0,0,0
490056,2,1,0,0,0,0,0,0,0,0,0,0
490057,0,1,23,23,23,23,23,23,23,23,23,23
490057,1,1,0,0,0,0,0,0,0,0,0,0
490058,0,1,0,0,0,0,0,0,0,0,0,0
490058,1,1,0,0,0,0,0,0,0,0,0,0
490059,1,1,19,19,19,19,19,19,19,19,19,19
490059,2,1,0,0,0,0,0,0,0,0,0,0
490060,0,1,15,15,15,15,15,15,15,15,15,15
490060,1,1,0,0,19,0,0,0,0,0,0,0
490060,2,1,15,0,0,10,0,0,0,0,0,0
490060,3,1,0,0,0,0,0,0,0,0,0,0
490061,0,1,0,0,0,0,0,0,0,0,0,0
490061,1,1,15,15,15,15,15,15,15,15,15,15
490062,1,1,0,3,0,0,0,0,10,0,0,0
490063,1,1,0,0,0,0,0,0,0,0,0,0
490064,1,1,0,0,0,0,0,0,0,0,0,0
490065,1,1,0,0,0,0,0,0,0,0,0,0
490065,2,1,0,0,0,0,0,0,0,0,0,0
490066,1,1,0,0,0,0,0,0,0,0,0,0
490066,2,1,0,0,0,0,0,0,0,0,0,0
490067,1,1,0,0,0,0,0,0,0,0,0,0
490068,0,1,0,0,0,0,0,0,0,0,0,0
490068,1,1,0,0,0,0,0,0,0,0,0,0
490069,1,1,0,0,0,0,0,0,0,0,0,0
490069,2,1,0,0,0,0,0,0,0,0,0,0
490069,3,1,0,0,0,0,0,0,0,0,0,0
490069,4,1,0,0,0,6,0,0,0,0,0,0
490069,5,1,0,0,0,0,0,0,0,0,0,0
490070,1,1,0,0,0,0,0,0,0,0,0,0
490070,2,1,0,0,0,0,0,0,0,0,0,0
490071,1,1,0,0,0,9,0,0,0,0,0,0
490071,2,1,0,0,0,0,0,0,0,0,0,0
490072,1,1,0,0,0,0,0,0,0,0,10,0
490073,1,1,0,0,0,0,0,0,0,0,0,0
490073,2,1,0,0,0,0,0,0,0,0,0,0
490073,3,1,0,0,0,0,0,0,0,0,0,0
490074,1,1,0,0,0,0,0,0,0,0,0,0
490075,1,1,0,0,0,0,0,0,0,0,0,0
490076,1,1,0,0,0,0,0,0,0,0,0,0
490077,1,1,0,0,0,0,0,0,0,0,0,18
490077,2,1,0,0,0,0,0,0,0,0,0,0
490077,3,1,0,0,0,0,21,0,0,0,0,0
490077,4,1,0,0,0,0,0,0,0,0,0,0
490077,5,1,0,0,0,0,0,0,0,0,0,0
490078,1,1,0,0,0,0,0,0,0,0,0,0
490079,1,1,0,0,0,0,0,0,0,0,0,0
490080,1,1,0,0,0,0,0,0,0,0,0,0
490080,2,1,0,0,0,0,0,0,0,0,0,0
490080,3,1,0,0,0,0,0,0,0,0,0,0
490081,1,1,0,0,0,0,0,0,0,0,0,0
490081,2,1,0,0,0,0,0,0,0,0,0,0
490082,1,1,0,0,0,0,0,0,0,0,0,0
490083,1,1,14,14,14,14,14,14,14,14,14,14
490084,1,1,4,4,4,4,4,4,4,4,4,4
490085,1,1,0,0,0,0,0,0,0,0,0,0
490086,1,1,0,0,0,0,0,0,0,0,0,0
490086,2,1,0,0,0,0,0,0,0,0,0,0
490087,1,1,25,25,25,25,25,25,25,25,25,25
490088,1,1,0,0,0,0,0,0,0,0,0,0
490088,2,1,0,0,0,0,0,0,0,0,0,0
490088,3,1,0,0,0,0,0,0,0,0,0,0
490088,4,1,0,0,0,0,0,0,0,0,0,0
490088,5,1,0,0,0,0,0,0,0,0,0,0
490089,1,1,29,29,29,29,29,29,29,29,29,29
490090,1,1,0,0,0,0,0,0,0,0,0,0
490091,1,1,0,0,0,0,0,0,0,0,0,0
490092,0,1,0,0,0,0,0,0,0,0,0,0
490092,1,1,0,0,0,0,0,0,0,0,0,0
490093,1,1,0,0,0,0,0,0,0,0,0,0
490093,2,1,0,0,0,0,0,0,0,0,0,0
490094,1,1,0,0,0,0,0,0,0,0,0,0
490094,2,1,0,0,0,0,0,0,0,0,0,0
490095,1,1,0,0,0,0,0,0,0,0,0,0
490096,1,1,0,0,0,0,0,0,0,0,0,0
490097,1,1,0,0,0,0,0,0,0,0,0,0
490097,2,1,0,0,0,0,0,0,0,0,0,0
490098,0,1,0,0,0,0,0,0,0,0,0,0
490098,1,1,0,0,0,0,0,0,0,0,0,0
490099,0,1,4,4,4,4,4,4,4,4,4,4
490099,1,1,0,0,0,0,0,0,0,0,0,0
490100,1,1,0,0,0,0,0,0,0,0,0,0
490100,2,1,0,0,0,0,0,0,0,0,0,0
490101,1,1,0,0,0,0,0,0,0,0,0,0
490102,1,1,0,0,0,0,0,0,0,0,0,0
490102,2,1,0,0,0,0,0,0,0,0,0,0
490103,0,1,0,0,0,0,0,0,0,0,0,0
490103,1,1,0,0,0,0,0,0,0,0,0,0
490104,1,1,0,0,0,0,0,0,0,0,0,0
490105,1,1,0,0,0,0,0,0,0,0,0,0
490105,2,1,0,0,0,0,0,0,0,0,0,15
490106,1,1,0,0,0,0,0,0,0,0,0,0
490107,1,1,21,21,21,21,21,21,21,21,21,21
490108,0,1,0,0,0,0,0,0,0,0,0,0
490108,1,1,0,0,0,0,0,0,0,0,0,0
490109,1,1,0,0,0,0,0,0,0,0,0,0
490110,1,1,24,24,24,24,24,24,24,24,24,24
490110,2,1,0,0,0,0,0,26,0,0,0,0
490111,1,1,17,0,0,0,17,21,22,3,8,21
490112,1,1,0,0,0,0,0,0,0,0,0,0
490113,1,1,0,0,21,0,0,0,0,0,21,0
490114,1,1,0,0,0,0,0,0,0,0,0,0
490114,2,1,0,0,0,0,0,0,0,0,0,0
490115,1,1,18,18,18,18,18,18,18,18,18,18
490116,1,1,0,0,0,0,0,0,0,0,0,0
490116,2,1,0,0,0,0,0,0,0,0,0,0
490117,1,1,0,0,0,0,0,0,0,0,0,26
490117,2,1,0,0,0,0,0,27,0,0,0,0
490118,1,1,0,0,0,0,0,0,0,0,0,0
490118,2,1,0,0,0,0,0,0,0,0,0,0
490120,1,1,0,0,0,0,0,0,0,0,0,0
490120,2,1,0,0,0,0,0,21,0,0,0,0
490121,1,1,15,15,15,15,15,15,15,15,15,15
490121,2,1,0,0,0,0,0,0,0,0,0,0
490122,1,1,0,0,0,0,0,0,0,0,0,0
490122,2,1,0,0,0,0,0,0,0,0,0,0
490124,0,1,0,0,0,0,0,0,0,0,0,0
490124,1,1,0,0,0,0,0,0,0,0,0,0
490126,0,1,0,0,0,0,0,0,0,0,0,0
490126,1,1,22,22,22,22,22,22,22,22,22,22
490127,1,1,0,0,26,0,0,0,0,0,0,0
490127,2,1,0,0,0,0,0,0,0,0,0,0
490128,1,1,0,0,0,0,0,0,0,14,0,0
490128,2,1,0,0,0,0,0,0,0,0,0,0
490129,1,1,0,0,0,0,0,0,0,0,0,0
490129,2,1,0,0,0,0,0,0,0,0,0,0
490130,1,1,0,0,0,0,0,0,0,0,0,0
490130,2,1,0,0,0,0,31,0,0,0,0,0
490131,1,1,0,0,0,0,0,0,0,0,0,0
490131,2,1,0,0,0,0,0,0,0,0,0,0
490131,3,1,0,0,0,0,0,0,0,0,0,0
490131,4,1,0,0,0,0,0,0,0,0,0,0
490132,1,1,0,0,0,0,0,0,0,0,0,0
490133,1,1,0,0,0,0,0,0,0,0,0,0
490134,1,1,0,0,0,0,0,0,0,0,0,0
490134,2,1,0,0,0,0,0,0,0,0,22,0
490135,1,1,20,20,20,20,20,20,20,20,20,20
490136,1,1,13,13,13,13,13,13,13,13,13,13
490137,1,1,0,0,0,0,0,0,0,0,0,0
490138,1,1,0,0,0,24,0,0,0,0,0,0
490138,2,1,0,0,0,0,0,0,0,13,0,24
490138,3,1,5,5,5,5,5,5,5,5,5,5
490139,1,1,0,0,0,0,0,0,0,0,0,0
490139,2,1,0,0,0,0,12,0,0,0,0,0
490139,3,1,0,0,0,0,0,0,0,0,0,0
490140,1,1,0,0,0,0,0,0,0,0,0,0
490140,2,1,0,0,0,0,0,0,0,0,0,0
490141,1,1,0,0,0,0,0,0,0,0,0,0
490142,1,1,10,10,10,10,10,10,10,10,10,10
490143,1,1,0,0,0,0,0,0,0,0,0,0
490144,1,1,0,0,0,0,0,0,0,0,0,0
490144,2,1,0,0,0,0,0,0,0,0,0,0
490145,1,1,0,0,0,0,0,0,0,0,0,0
490145,2,1,0,0,0,0,0,0,0,0,0,0
490145,3,1,37,0,0,0,0,0,0,0,0,0
490147,1,1,0,0,10,0,20,0,0,0,0,0
490147,2,1,0,0,13,0,29,0,0,9,13,0
490147,3,1,0,0,0,0,0,0,0,0,0,0
490148,1,1,0,0,0,0,0,0,0,0,0,0
490148,2,1,6,0,0,0,0,0,0,0,0,0
490149,1,1,4,4,4,4,4,4,4,4,4,4
490149,2,1,0,0,0,0,0,0,0,0,0,0
490150,1,1,0,0,0,0,0,0,0,0,0,0
490151,1,1,0,0,0,0,0,0,0,0,0,0
490151,2,1,0,0,0,0,0,0,0,0,0,0
490152,1,1,0,0,0,0,0,0,0,0,0,0
490153,1,1,0,0,0,0,0,0,0,0,0,14
490153,2,1,0,0,0,0,0,0,0,0,0,0
490154,0,1,0,36,0,0,15,0,5,0,15,0
490154,1,1,0,0,0,0,0,0,0,0,0,0
490155,1,1,19,19,19,19,19,19,19,19,19,19
490156,1,1,0,14,0,24,17,0,0,0,0,0
490157,1,1,0,0,0,0,0,0,0,0,0,0
490159,1,1,0,0,0,0,0,0,0,0,0,0
490160,1,1,25,25,25,25,25,25,25,25,25,25
490161,1,1,0,0,0,4,0,0,0,0,0,0
490162,1,1,5,0,0,0,0,0,0,0,0,0
490162,2,1,0,0,0,0,0,0,0,0,0,0
490163,1,1,0,0,0,0,0,0,0,0,0,0
490163,2,1,0,0,0,0,0,0,0,0,0,0
490163,3,1,0,0,0,0,0,0,0,0,0,0
490164,1,1,11,11,11,11,11,11,11,11,11,11
490165,1,1,0,0,0,0,0,0,0,0,0,0
490166,1,1,0,0,0,0,0,0,0,0,0,0
490166,2,1,0,0,0,0,0,0,0,0,0,0
490167,0,1,19,19,19,19,19,19,19,19,19,19
490167,1,1,0,0,0,0,0,0,0,11,0,0
490167,2,1,0,0,0,0,0,0,15,0,0,0
490167,3,1,0,0,0,0,0,0,0,0,0,0
490167,4,1,0,0,0,0,0,0,0,0,0,15
490168,1,1,14,14,14,14,14,14,14,14,14,14
490168,2,1,0,0,0,0,0,0,0,0,0,0
490169,1,1,0,0,0,0,0,0,0,0,0,0
490170,1,1,0,0,0,0,0,0,0,0,10,0
490171,0,1,19,19,19,19,19,19,19,19,19,19
490171,1,1,0,0,0,0,0,0,0,0,0,0
490172,0,1,0,0,0,0,0,0,0,0,0,0
490172,1,1,21,21,21,21,21,21,21,21,21,21
490173,0,1,0,28,0,19,30,22,38,16,15,0
490173,1,1,0,0,0,0,0,0,0,0,0,0
490173,2,1,0,0,0,0,0,0,0,0,0,0
490174,1,1,0,0,0,0,0,0,0,0,0,0
490174,2,1,0,0,0,0,0,0,0,0,0,0
490175,1,1,20,20,20,20,20,20,20,20,20,20
490176,1,1,0,0,0,0,0,0,0,0,0,0
490177,0,1,0,0,0,0,0,0,0,0,0,0
490177,1,1,0,0,0,0,0,0,0,0,0,0
490178,1,1,0,0,0,0,0,0,0,0,14,0
490178,2,1,0,0,0,0,0,0,0,0,17,0
490179,1,1,13,13,13,13,13,13,13,13,13,13
490179,2,1,0,0,0,0,0,0,0,0,0,0
490180,0,1,0,0,0,0,0,0,0,0,0,0
490180,1,1,0,0,0,0,0,0,0,0,0,0
490181,0,1,0,0,0,0,0,0,0,0,0,0
490181,1,1,0,0,0,0,0,0,0,0,0,0
490182,1,1,0,0,0,13,14,13,0,0,0,0
490182,2,1,0,0,0,0,0,0,0,0,0,0
490182,3,1,13,0,17,6,2,0,0,0,14,0
490183,1,1,0,0,0,0,0,0,0,0,0,0
490184,1,1,0,0,0,0,0,0,0,0,0,0
490184,2,1,0,0,0,0,0,0,0,0,0,0
490185,1,1,16,16,16,16,16,16,16,16,16,16
490186,1,1,0,0,21,0,0,0,0,0,0,0
490187,1,1,0,0,0,0,0,0,0,0,0,0
490188,1,1,0,0,0,0,0,0,0,0,0,0
490188,2,1,0,0,0,0,0,0,0,0,0,0
490189,1,1,24,24,24,24,24,24,24,24,24,24
490190,1,1,0,0,0,0,0,0,0,0,0,0
490191,1,1,0,0,0,0,0,0,0,0,0,0
490192,0,1,28,28,28,28,28,28,28,28,28,28
490192,1,1,0,0,0,0,0,0,0,0,0,0
490193,0,1,0,0,0,0,0,0,0,0,0,0
490193,1,1,0,0,0,0,0,0,0,0,0,0
490194,1,1,20,7,18,17,7,8,14,25,10,18
490195,1,1,0,0,0,0,0,0,0,0,0,0
490195,2,1,0,0,0,0,0,0,0,0,0,0
490196,1,1,0,0,0,0,0,0,0,0,0,0
490197,0,1,0,0,0,0,8,0,0,0,0,0
490197,1,1,0,0,0,0,0,0,0,0,0,0
490197,2,1,0,21,0,0,0,0,0,0,0,0
490198,1,1,23,8,12,4,14,7,13,11,26,14
490199,0,1,0,0,0,0,0,0,0,0,0,0
490199,1,1,13,0,0,0,0,0,6,0,29,10
490199,2,1,0,0,0,0,0,0,0,0,0,0
490200,1,1,0,0,0,0,0,0,0,0,0,0
490200,2,1,0,0,0,0,0,0,0,0,0,0
490201,1,1,0,0,0,0,0,0,0,0,0,0
490202,1,1,0,0,0,0,0,0,0,0,0,0
490202,2,1,0,0,0,0,0,0,0,0,0,0
490202,3,1,0,0,0,0,0,0,0,0,0,0
490204,1,1,0,0,0,0,0,0,0,0,0,0
490205,1,1,0,0,0,0,0,0,0,0,0,0
490206,1,1,0,0,0,0,0,0,0,0,0,0
490206,2,1,0,0,0,0,0,0,0,0,0,0
490207,1,1,0,0,0,0,0,0,0,0,0,0
490207,2,1,0,0,0,0,0,0,0,0,0,0
490208,0,1,32,32,32,32,32,32,32,32,32,32
490208,1,1,0,0,0,0,0,0,0,0,0,0
490209,1,1,0,0,0,0,0,30,0,0,0,0
490210,1,1,20,19,20,11,19,16,9,14,34,19
490211,1,1,26,26,26,26,26,26,26,26,26,26
490211,2,1,0,19,0,0,0,0,0,0,8,0
490212,1,1,73,73,73,73,73,73,73,73,73,73
490213,1,1,0,0,0,0,0,0,0,0,0,0
490214,0,1,24,24,24,24,24,24,24,24,24,24
490214,1,1,0,0,24,0,0,23,0,0,0,12
490215,1,1,0,0,26,10,0,0,0,22,17,0
490217,1,1,0,0,0,0,0,0,0,0,0,0
490218,1,1,19,19,19,19,19,19,19,19,19,19
490219,1,1,0,0,0,0,0,0,0,0,0,0
490220,1,1,0,0,0,0,0,0,0,0,0,0
490221,1,1,0,0,0,0,0,0,0,0,0,0
490222,1,1,0,0,0,0,0,8,0,0,0,0
490222,2,1,0,0,0,0,0,0,23,0,0,11
490223,0,1,0,0,0,0,0,0,0,0,0,0
490223,0,2,0,0,0,0,0,0,0,0,0,0
490223,1,1,13,13,13,13,13,13,13,13,13,13
490224,1,1,0,0,16,0,0,0,16,0,0,0
490225,1,1,0,18,0,17,0,0,0,7,0,0
490225,2,1,0,0,0,0,0,0,0,0,0,0
490226,1,1,0,0,0,0,0,0,0,0,0,0
490227,1,1,0,0,0,0,0,0,0,0,0,0
490228,1,1,0,0,0,0,0,0,0,0,0,0
490229,1,1,0,0,0,0,0,0,0,0,0,0
490230,0,1,0,0,0,0,0,0,0,0,0,0
490230,1,1,13,13,13,13,13,13,13,13,13,13
490231,1,1,0,0,0,0,0,0,0,19,0,0
490231,2,1,0,0,0,0,0,0,0,0,0,0
500001,1,1,0,0,0,0,0,0,0,0,0,0
500002,0,1,0,0,0,0,0,0,0,0,0,0
500002,1,1,0,0,0,0,0,0,0,0,0,0
500003,1,1,0,0,0,0,0,0,0,0,0,0
500003,2,1,0,13,0,0,0,0,0,0,0,0
500004,1,1,0,0,0,0,0,0,0,0,0,0
500004,2,1,0,0,0,0,0,0,0,0,0,0
500005,1,1,0,0,0,0,0,0,0,0,0,0
500006,1,1,0,0,0,0,0,0,0,0,0,0
500007,1,1,7,7,7,7,7,7,7,7,7,7
500008,0,1,0,0,0,0,0,0,0,0,0,0
500008,2,1,0,0,0,0,6,0,0,0,0,0
500008,3,1,0,0,0,0,0,0,0,0,0,0
500009,1,1,0,0,0,0,0,0,0,0,0,0
500009,2,1,31,0,0,35,0,9,0,0,0,0
500010,1,1,0,0,0,0,0,0,0,0,0,0
500011,1,1,0,0,0,0,0,0,0,0,0,0
500012,1,1,0,0,0,0,0,0,0,0,0,0
500012,2,1,0,0,0,0,0,0,0,0,0,0
500013,1,1,15,24,0,0,3,0,0,0,3,0
500014,1,1,17,17,17,17,17,17,17,17,17,17
500015,1,1,0,0,0,0,0,0,0,0,0,0
500015,2,1,0,0,0,0,0,0,0,0,0,0
500016,1,1,0,0,0,0,0,0,0,0,0,0
500016,2,1,0,0,0,0,0,0,0,0,0,0
500017,1,1,0,0,0,0,0,0,0,0,0,0
500017,2,1,0,0,0,0,0,0,0,0,0,0
500017,3,1,0,0,0,0,0,0,0,0,0,0
500017,4,1,0,0,0,0,22,0,0,0,0,0
500017,5,1,0,0,0,0,0,0,0,0,0,0
500018,1,1,0,22,13,0,0,0,0,0,4,7
500019,1,1,0,0,0,0,0,0,0,0,0,0
500020,1,1,2,2,2,2,2,2,2,2,2,2
500021,1,1,31,0,0,0,0,0,0,0,0,0
500021,2,1,0,0,0,0,0,0,0,0,0,0
500022,1,1,18,18,18,18,18,18,18,18,18,18
500022,2,1,0,0,0,0,0,0,0,0,0,0
500022,3,1,0,0,0,0,0,0,0,0,0,0
500023,1,1,7,7,7,7,7,7,7,7,7,7
500024,0,1,0,0,0,0,0,0,0,0,0,0
500024,1,1,0,0,0,0,0,0,0,0,0,0
500025,1,1,3,3,3,3,3,3,3,3,3,3
500025,2,1,0,0,0,0,0,0,0,0,0,0
500026,1,1,0,0,0,0,0,0,0,0,0,0
500027,0,1,0,0,0,0,0,0,0,0,0,0
500027,1,1,0,0,0,0,0,0,2,0,0,0
500028,1,1,0,0,0,0,0,0,0,0,0,0
500029,1,1,0,0,0,0,0,0,0,0,0,0
500030,1,1,19,19,19,19,19,19,19,19,19,19
500031,0,1,0,0,0,0,0,0,0,0,0,0
500031,1,1,0,0,0,0,0,0,0,0,0,0
500032,1,1,0,0,0,0,0,0,0,0,0,0
500032,2,1,0,0,0,0,0,0,0,0,0,0
500033,1,1,0,0,0,26,0,0,0,0,0,0
500034,1,1,0,0,0,0,0,0,0,0,0,0
500035,1,1,23,23,23,23,23,23,23,23,23,23
500036,1,1,0,0,0,0,0,0,0,0,0,0
500036,2,1,0,0,0,0,0,0,0,0,0,0
500037,1,1,9,9,9,9,9,9,9,9,9,9
500038,1,1,2,2,2,2,2,2,2,2,2,2
500039,1,1,9,9,9,9,9,9,9,9,9,9
500040,1,1,0,0,0,0,0,0,0,0,0,0
500041,1,1,0,0,0,0,0,0,0,0,0,0
500041,2,1,0,0,0,0,0,0,0,0,11,0
500042,1,1,10,0,0,14,0,0,7,0,0,0
510001,1,1,41,41,41,41,41,41,41,41,41,41
510002,1,1,0,0,0,0,0,0,0,0,0,0
510003,1,1,0,0,0,0,0,0,0,0,0,0
510004,0,1,0,0,0,0,0,0,0,0,0,0
510004,1,1,0,0,0,0,0,0,0,0,0,0
510004,2,1,0,0,0,0,0,0,0,0,0,0
510004,3,1,0,0,0,0,0,0,0,0,0,0
510005,1,1,0,0,0,0,0,0,0,0,0,0
510006,1,1,0,0,0,0,0,0,0,0,0,0
510007,1,1,0,0,0,0,0,0,0,0,0,0
510008,1,1,7,20,8,9,8,12,15,5,13,15