ST_CASE,VEH_NO,PER_NO,P1,P2,P3,P4,P5,P6,P7,P8,P9,P10
510008,2,1,0,0,0,0,0,0,0,0,0,0
510008,3,1,0,0,0,0,0,0,0,0,0,0
510009,1,1,0,0,0,0,0,0,0,0,0,0
510010,1,1,0,0,0,0,0,0,0,0,0,0
510010,2,1,0,0,0,0,0,0,0,0,0,0
510011,1,1,0,0,0,0,0,0,0,0,0,0
510012,2,1,0,0,0,0,0,0,0,0,0,0
510013,1,1,0,0,0,0,0,0,0,0,0,0
510013,2,1,0,0,12,0,0,0,0,0,0,0
510014,0,1,0,0,0,0,0,0,0,0,0,0
510014,1,1,0,0,0,0,0,0,0,0,0,0
510016,1,1,24,24,24,24,24,24,24,24,24,24
510016,2,1,0,0,0,0,0,0,0,0,0,0
510017,1,1,25,25,25,25,25,25,25,25,25,25
510018,1,1,10,10,10,10,10,10,10,10,10,10
510019,1,1,0,0,0,0,0,0,0,0,0,0
510020,1,1,0,0,0,0,0,0,0,0,0,0
510020,2,1,0,0,0,0,0,0,0,0,0,0
510021,0,1,0,0,0,0,0,0,0,0,0,0
510021,1,1,12,0,9,0,24,19,0,8,0,8
510022,1,1,0,0,0,0,0,0,0,0,0,0
510022,2,1,0,0,0,0,0,0,0,0,0,0
510023,1,1,0,0,0,0,0,0,0,0,0,0
510024,0,1,18,18,18,18,18,18,18,18,18,18
510024,1,1,0,10,17,9,15,9,17,13,21,5
510025,1,1,17,0,0,0,0,0,0,0,0,0
510026,1,1,0,0,0,0,0,0,0,0,0,0
510027,0,1,0,0,0,0,0,0,0,0,0,0
510027,1,1,0,0,0,0,0,0,0,0,0,0
510028,1,1,0,0,0,0,0,0,0,0,0,0
510029,1,1,0,0,0,0,0,0,0,0,0,0
510030,1,1,0,0,0,0,0,0,0,0,0,0
510031,1,1,11,11,11,11,11,11,11,11,11,11
510031,2,1,0,0,0,0,10,19,0,0,11,11
510031,3,1,0,0,0,0,0,0,0,0,0,0
510031,4,1,0,0,0,15,0,0,0,0,17,0
510032,1,1,0,0,0,0,0,0,0,0,0,0
510032,2,1,0,0,0,0,0,0,0,0,0,0
510033,0,1,0,0,0,0,0,0,0,0,0,0
510033,1,1,0,0,0,0,0,0,0,0,0,0
510034,1,1,15,0,5,10,35,46,9,18,17,22
510035,1,1,0,0,0,0,0,0,0,0,0,0
510035,2,1,0,0,24,0,0,0,13,0,0,0
510036,1,1,11,19,14,26,5,5,9,16,9,33
510036,2,1,13,13,10,0,0,0,0,0,0,0
510037,1,1,0,0,0,0,0,16,9,0,0,0
510037,2,1,0,0,16,0,0,0,0,0,0,0
510038,1,1,16,16,16,16,16,16,16,16,16,16
510038,2,1,0,0,0,0,0,0,0,0,0,0
510039,1,1,0,0,0,0,0,0,0,0,0,0
510040,1,1,0,0,0,0,0,0,0,0,0,0
510040,2,1,0,0,0,6,26,12,0,11,0,0
510041,1,1,10,10,10,10,10,10,10,10,10,10
510042,1,1,0,0,0,0,0,12,0,0,0,0
510042,2,1,0,0,0,0,0,0,0,0,0,0
510043,1,1,0,0,0,0,0,0,0,0,0,0
510044,1,1,0,0,0,0,0,0,0,0,0,0
510045,1,1,0,0,0,0,0,0,0,0,0,0
510045,2,1,0,0,0,0,0,0,0,0,0,0
510046,1,1,21,21,21,21,21,21,21,21,21,21
510047,1,1,0,0,0,0,0,0,0,0,0,0
510047,2,1,0,0,0,0,0,0,0,0,0,24
510048,0,1,14,14,14,14,14,14,14,14,14,14
510048,1,1,0,0,0,0,0,0,0,0,0,0
510049,1,1,12,12,12,12,12,12,12,12,12,12
510050,1,1,0,0,0,0,0,0,0,0,0,0
510051,1,1,0,0,0,0,0,0,0,0,0,0
510052,1,1,1,1,1,1,1,1,1,1,1,1
510053,1,1,0,0,0,0,0,0,0,0,0,0
510054,1,1,8,8,8,8,8,8,8,8,8,8
510055,1,1,11,11,11,11,11,11,11,11,11,11
510056,1,1,3,3,3,3,3,3,3,3,3,3
510057,1,1,17,27,16,9,5,14,12,15,18,16
510058,1,1,0,0,0,0,0,0,0,0,0,0
510058,2,1,0,0,0,0,0,0,0,0,0,0
510059,1,1,22,22,22,22,22,22,22,22,22,22
510060,1,1,0,0,0,0,0,0,0,0,0,0
510060,2,1,0,0,0,0,0,0,0,0,0,0
510061,1,1,0,0,0,0,0,0,0,0,0,0
510061,2,1,0,0,0,0,0,0,0,0,0,0
510062,1,1,0,0,0,0,0,0,0,0,0,0
510063,1,1,0,0,0,0,0,29,0,0,0,0
510064,1,1,24,24,24,24,24,24,24,24,24,24
510064,2,1,0,0,0,0,0,0,0,0,0,0
510065,1,1,0,0,0,0,0,0,0,0,0,0
510065,2,1,0,0,0,0,0,0,0,0,0,0
510066,1,1,33,33,33,33,33,33,33,33,33,33
510067,1,1,0,0,0,0,0,0,0,0,0,0
510067,2,1,0,0,0,0,0,0,0,10,0,0
510068,0,1,2,2,2,2,2,2,2,2,2,2
510068,1,1,0,0,12,0,0,0,0,0,0,12
510069,1,1,0,0,0,0,0,0,0,0,0,0
510069,2,1,0,0,0,0,0,0,0,0,0,0
510070,0,1,12,12,12,12,12,12,12,12,12,12
510070,1,1,0,0,0,0,0,0,0,19,0,0
510071,0,1,26,26,26,26,26,26,26,26,26,26
510071,1,1,0,0,0,0,0,0,0,0,0,0
510072,1,1,0,0,0,0,0,0,0,0,0,0
510073,0,1,30,30,30,30,30,30,30,30,30,30
510073,1,1,0,0,0,0,0,0,0,0,0,0
510074,1,1,0,0,0,22,0,0,0,34,0,0
510075,1,1,9,24,10,17,19,4,11,21,10,7
510076,1,1,0,0,0,0,0,0,0,0,0,0
510076,2,1,0,0,0,0,0,0,0,0,0,0
510077,1,1,0,0,0,0,0,0,0,0,0,0
510078,1,1,38,38,38,38,38,38,38,38,38,38
510078,2,1,0,0,10,0,0,0,0,0,0,0
510079,0,1,0,0,0,0,0,0,0,0,0,0
510079,1,1,0,23,0,0,0,0,0,0,0,0
510080,1,1,0,0,0,0,0,0,0,0,0,0
510080,2,1,0,0,0,0,0,0,0,0,0,0
510080,3,1,0,0,0,0,0,0,0,0,0,0
510081,1,1,0,0,0,0,0,0,0,0,0,17
510082,1,1,0,0,0,0,0,0,0,0,0,0
510082,2,1,0,0,0,0,0,0,0,0,0,0
510082,3,1,0,0,0,0,0,0,0,0,0,0
510083,0,1,0,0,0,0,0,0,0,0,0,0
510083,1,1,0,0,0,0,0,17,0,0,0,0
510084,1,1,0,0,0,0,0,0,0,0,0,0
510085,0,1,19,19,19,19,19,19,19,19,19,19
510085,1,1,0,0,0,0,0,0,0,0,0,0
510086,1,1,13,13,13,13,13,13,13,13,13,13
510087,1,1,0,0,10,0,17,0,0,0,0,0
510088,1,1,8,5,27,24,45,0,9,19,21,13
510089,0,1,0,23,0,12,0,0,33,49,25,21
510089,1,1,0,0,15,6,0,0,0,0,7,0
510091,1,1,0,0,0,0,0,0,0,0,0,0
510092,1,1,0,0,0,0,0,0,0,0,0,0
510093,1,1,0,0,0,0,0,0,0,0,0,0
510094,1,1,0,0,0,0,0,0,0,0,0,0
510094,2,1,0,0,0,0,0,0,0,0,0,0
510095,1,1,0,0,0,0,0,0,0,0,0,0
510095,2,1,0,0,0,0,0,0,0,0,0,0
510096,0,1,10,10,10,10,10,10,10,10,10,10
510096,1,1,20,10,0,0,29,7,13,5,8,4
510097,1,1,0,0,0,0,0,0,0,0,0,0
510098,1,1,0,0,0,0,0,0,0,0,0,0
510098,2,1,0,0,0,15,8,0,0,0,23,0
510098,3,1,19,0,0,0,15,0,0,0,0,0
510098,4,1,0,0,0,0,0,0,0,0,21,0
510098,5,1,0,0,0,0,0,0,0,0,0,0
510098,6,1,0,0,0,0,0,0,0,0,0,0
510099,1,1,24,20,23,19,15,0,0,19,0,0
510100,1,1,7,19,10,8,2,9,16,23,7,21
510100,2,1,0,0,0,0,0,0,0,0,0,0
510101,1,1,0,0,0,0,0,0,0,0,0,0
510101,2,1,0,0,0,0,0,0,0,0,0,0
510102,1,1,32,32,32,32,32,32,32,32,32,32
510103,1,1,15,15,15,15,15,15,15,15,15,15
510103,2,1,0,0,0,0,0,0,0,0,0,0
510104,1,1,0,0,0,0,0,0,0,0,0,0
510105,1,1,0,0,0,0,0,0,0,0,0,0
510105,2,1,0,0,0,0,0,0,0,2,0,0
510106,1,1,6,6,6,6,6,6,6,6,6,6
510107,1,1,0,0,0,0,0,0,0,0,0,0
510108,1,1,0,0,0,0,0,0,0,0,0,0
510109,1,1,13,13,13,13,13,13,13,13,13,13
510110,1,1,11,11,11,11,11,11,11,11,11,11
510111,1,1,22,22,22,22,22,22,22,22,22,22
510111,2,1,0,0,0,0,0,0,0,5,0,11
510112,1,1,0,0,0,0,0,0,0,0,0,0
510112,2,1,0,0,0,0,0,0,0,0,0,0
510113,1,1,14,14,14,14,14,14,14,14,14,14
510114,1,1,0,0,0,0,0,0,0,0,0,0
510115,1,1,0,0,0,0,0,0,0,0,0,0
510116,1,1,12,12,12,12,12,12,12,12,12,12
510117,0,1,0,0,0,0,0,0,0,0,0,0
510117,1,1,0,0,0,0,12,33,11,18,0,21
510118,1,1,9,9,9,9,9,9,9,9,9,9
510119,1,1,0,0,0,0,0,0,0,0,0,0
510120,1,1,0,0,0,0,0,0,0,0,0,0
510121,1,1,14,5,21,15,19,6,10,9,25,9
510121,2,1,0,0,4,21,8,0,0,0,0,0
510122,0,1,0,0,0,0,0,0,0,0,0,0
510122,1,1,0,0,8,0,0,0,0,0,0,0
510123,1,1,0,0,0,0,0,0,0,0,0,0
510124,1,1,0,0,12,10,9,0,0,0,0,0
510125,1,1,0,0,0,0,0,0,0,0,0,0
510126,1,1,0,0,0,0,0,0,0,0,0,0
510127,1,1,0,0,0,0,0,0,0,0,0,0
510127,2,1,0,0,0,0,0,0,0,0,0,0
510128,1,1,0,0,0,0,0,0,0,0,0,0
510128,2,1,0,0,0,0,0,0,0,0,0,0
510129,1,1,0,0,0,0,0,0,0,0,0,0
510130,1,1,0,26,13,0,0,0,0,0,0,0
510131,0,1,0,0,0,0,0,0,0,0,0,0
510131,1,1,16,14,9,19,17,17,2,25,16,28
510132,0,1,0,0,0,0,0,0,0,0,0,0
510132,1,1,0,0,0,0,20,0,0,0,0,0
510133,1,1,0,0,0,0,0,0,0,0,0,0
510133,2,1,0,0,0,0,0,0,0,0,0,0
510133,3,1,0,0,0,0,0,0,0,0,0,0
510133,4,1,0,0,0,0,0,0,0,11,0,0
510134,0,1,0,0,0,0,0,0,0,0,0,0
510134,1,1,0,0,0,0,0,0,0,0,0,0
510135,1,1,0,0,0,0,0,0,0,0,0,0
510135,2,1,0,0,0,0,0,0,0,0,0,0
510135,3,1,0,0,0,0,0,0,0,0,0,0
510135,4,1,0,0,0,0,0,0,0,0,0,0
510136,0,1,0,0,0,0,0,0,0,0,0,0
510136,1,1,0,0,0,0,0,0,0,0,0,0
510137,0,1,14,14,14,14,14,14,14,14,14,14
510137,1,1,0,0,0,0,0,0,0,0,0,0
510138,1,1,0,0,0,0,0,0,0,0,0,0
510138,2,1,0,0,0,0,0,0,0,0,0,0
510139,1,1,0,0,0,0,0,0,0,0,0,0
510140,1,1,0,2,0,0,0,0,0,0,0,0
510140,2,1,13,8,18,12,23,6,0,5,28,0
510141,1,1,0,0,0,0,0,0,0,0,0,0
510142,1,1,0,0,0,0,0,0,0,0,0,0
510143,1,1,0,0,0,0,0,0,14,0,0,0
510143,2,1,0,0,0,0,0,0,0,0,0,0
510144,1,1,0,0,0,0,0,0,0,0,0,0
510144,2,1,0,10,0,0,0,0,0,0,0,0
510145,1,1,8,8,8,8,8,8,8,8,8,8
510145,2,1,0,0,0,0,0,0,0,0,0,21
510146,1,1,0,0,0,0,0,0,0,0,0,0
510146,2,1,0,0,0,0,0,0,0,0,0,0
510147,1,1,0,0,0,0,0,0,0,0,0,0
510148,1,1,9,8,10,0,23,8,25,3,15,5
510148,2,1,0,0,0,0,0,0,0,0,0,0
510149,1,1,0,0,0,0,0,0,0,0,0,0
510150,1,1,0,0,0,0,0,0,0,0,0,0
510150,2,1,0,0,0,0,0,0,0,0,0,0
510151,1,1,16,16,16,16,16,16,16,16,16,16
510152,1,1,0,0,0,0,0,0,0,0,0,0
510153,1,1,19,19,19,19,19,19,19,19,19,19
510153,2,1,0,0,0,0,0,0,0,0,0,0
510154,1,1,19,19,19,19,19,19,19,19,19,19
510155,1,1,0,0,0,0,0,0,0,0,0,0
510155,2,1,0,0,0,0,0,0,0,0,0,0
510156,1,1,0,0,0,0,0,0,0,0,0,0
510157,1,1,8,8,8,8,8,8,8,8,8,8
510158,1,1,12,18,15,8,11,27,0,13,3,19
510159,1,1,28,28,28,28,28,28,28,28,28,28
510160,1,1,0,0,0,0,0,0,0,0,0,0
510160,2,1,0,0,0,0,0,0,0,0,0,0
510161,1,1,0,0,18,0,13,0,0,0,10,13
510162,1,1,0,19,0,11,0,0,0,0,18,21
510163,1,1,0,0,0,0,0,0,0,0,0,0
510164,1,1,7,7,7,7,7,7,7,7,7,7
510164,2,1,0,0,0,0,0,0,0,0,18,0
510165,1,1,0,0,0,0,0,0,0,0,14,15
510166,1,1,0,0,0,0,0,0,0,0,0,0
510166,2,1,0,0,0,0,0,0,0,0,0,0
510167,1,1,17,17,17,17,17,17,17,17,17,17
510167,2,1,0,0,0,0,0,0,0,0,0,0
510168,1,1,27,27,27,27,27,27,27,27,27,27
510169,1,1,0,0,0,0,0,0,0,0,0,0
510170,1,1,27,27,27,27,27,27,27,27,27,27
510171,1,1,0,0,0,0,0,0,0,0,0,0
510172,0,1,0,0,0,0,0,0,0,0,0,0
510172,1,1,0,0,0,0,0,0,0,0,0,0
510173,1,1,0,0,0,0,0,0,0,0,0,0
510174,1,1,0,0,0,0,0,0,0,0,0,0
510174,2,1,0,0,0,0,4,0,0,16,0,0
510175,1,1,0,0,0,0,0,0,0,0,0,0
510175,2,1,0,0,0,0,0,0,0,0,0,0
510176,1,1,9,0,0,0,0,0,0,14,0,0
510176,2,1,0,0,0,0,0,0,0,0,23,0
510177,1,1,0,0,0,0,0,0,0,0,0,0
510177,2,1,0,0,0,0,0,0,0,0,0,17
510178,1,1,0,12,11,4,0,0,0,17,22,0
510179,1,1,0,0,0,0,0,0,0,0,0,0
510180,1,1,20,31,6,26,2,21,0,16,20,0
510180,2,1,0,0,0,0,0,0,0,0,0,0
510181,1,1,0,0,0,0,0,0,0,0,0,0
510181,2,1,0,0,0,0,0,0,0,0,0,0
510181,3,1,0,0,0,0,0,0,0,0,0,0
510182,1,1,0,0,0,0,0,0,0,0,0,0
510183,0,1,0,0,0,0,0,0,0,0,0,0
510183,1,1,0,0,0,0,0,0,0,0,0,0
510184,1,1,0,0,0,0,0,0,0,0,0,0
510184,2,1,0,0,0,0,0,0,0,0,0,0
510185,1,1,16,0,0,0,0,0,0,0,0,8
510186,1,1,0,0,0,0,0,0,0,0,0,0
510186,2,1,0,0,0,0,0,0,0,0,0,0
510187,1,1,0,0,0,0,0,0,0,0,0,0
510187,2,1,0,0,0,0,0,0,0,0,0,0
510188,1,1,0,0,0,0,0,0,0,0,0,0
510188,2,1,0,0,0,14,0,0,0,0,0,0
510189,1,1,0,0,0,0,0,0,0,0,0,0
510189,2,1,0,0,0,0,0,0,0,0,0,0
510190,1,1,0,0,0,0,0,0,0,0,0,0
510190,2,1,0,0,0,0,0,0,0,0,0,0
510191,1,1,0,0,0,0,0,0,0,0,0,0
510192,0,1,0,0,0,0,0,0,0,0,0,0
510192,1,1,14,1,11,5,6,13,21,13,6,9
510193,0,1,28,28,28,28,28,28,28,28,28,28
510193,1,1,12,4,18,0,0,16,6,12,0,22
510194,1,1,0,0,0,0,0,0,0,0,0,0
510195,1,1,0,0,0,0,0,0,0,0,0,0
510195,2,1,26,0,0,0,0,0,0,6,0,0
510196,0,1,19,19,19,19,19,19,19,19,19,19
510196,1,1,22,14,16,11,3,55,12,9,24,6
510197,1,1,0,0,0,0,0,0,0,0,0,0
510197,2,1,0,0,34,0,0,0,0,0,0,0
510198,1,1,0,0,0,0,0,0,0,0,0,0
510199,0,1,0,0,0,0,0,0,0,0,0,0
510199,1,1,0,0,0,0,0,0,0,0,0,0
510200,1,1,0,0,0,0,0,0,0,0,0,0
510200,2,1,0,0,0,0,0,0,0,0,0,0
510201,1,1,6,1,19,15,6,13,25,22,23,16
510201,2,1,0,0,0,0,0,0,0,0,0,0
510202,1,1,7,7,7,7,7,7,7,7,7,7
510203,1,1,10,10,10,10,10,10,10,10,10,10
510204,0,1,0,0,0,0,0,0,0,0,0,0
510204,1,1,0,0,0,0,0,0,0,0,0,0
510205,1,1,0,0,0,0,0,0,0,0,0,0
510206,1,1,0,0,0,0,0,0,0,0,0,0
510206,2,1,0,0,0,0,0,0,0,0,0,0
510207,1,1,28,28,28,28,28,28,28,28,28,28
510208,1,1,0,0,0,0,0,0,0,0,0,0
510208,2,1,0,0,0,0,0,0,0,0,0,4
510208,3,1,0,0,0,0,0,0,0,0,0,0
510209,1,1,24,24,24,24,24,24,24,24,24,24
510210,1,1,9,9,9,9,9,9,9,9,9,9
510211,1,1,0,0,0,0,0,8,0,0,0,0
510211,2,1,0,0,0,0,0,0,0,0,0,0
510211,3,1,0,0,0,8,22,0,0,16,4,0
510212,1,1,0,0,0,0,0,0,0,0,0,0
510213,1,1,1,1,1,1,1,1,1,1,1,1
510214,1,1,16,16,16,16,16,16,16,16,16,16
510215,1,1,0,0,0,0,0,0,0,0,0,0
510215,2,1,0,0,0,0,0,0,0,0,0,0
510216,1,1,0,0,0,0,0,0,0,0,0,0
510217,1,1,40,40,40,40,40,40,40,40,40,40
510218,1,1,10,10,10,10,10,10,10,10,10,10
510219,1,1,0,0,0,0,0,0,0,0,0,0
510220,1,1,18,18,18,18,18,18,18,18,18,18
510221,1,1,19,8,19,9,15,0,0,0,0,21
510222,1,1,0,0,0,0,0,0,0,0,0,0
510223,1,1,24,24,24,24,24,24,24,24,24,24
510224,1,1,13,13,13,13,13,13,13,13,13,13
510225,1,1,32,21,0,15,0,22,0,11,0,0
510226,1,1,6,6,6,6,6,6,6,6,6,6
510227,1,1,0,0,0,0,0,0,19,11,0,0
510228,1,1,40,40,40,40,40,40,40,40,40,40
510228,2,1,0,0,0,0,0,0,0,0,0,0
510229,1,1,0,0,0,0,0,0,0,0,0,0
510230,1,1,0,0,0,0,0,0,0,0,0,0
510230,2,1,0,0,0,0,14,0,0,0,0,5
510231,1,1,0,0,0,0,0,0,0,0,0,0
510232,0,1,17,17,17,17,17,17,17,17,17,17
510232,1,1,0,0,0,0,0,0,0,0,0,0
510233,1,1,0,0,0,0,0,0,0,0,0,0
510233,2,1,0,0,0,0,0,0,0,0,0,0
510234,1,1,0,0,0,0,0,0,0,0,0,0
510235,1,1,14,0,15,11,0,13,0,17,0,8
510236,0,1,0,0,0,0,0,0,9,6,0,0
510236,1,1,0,0,0,0,0,0,0,0,0,0
510236,2,1,0,0,0,0,0,0,0,0,0,0
510237,1,1,23,0,0,11,19,13,0,0,0,17
510238,1,1,0,9,9,0,16,9,21,19,26,35
510239,1,1,13,13,13,13,13,13,13,13,13,13
510240,1,1,0,0,0,0,0,0,0,0,0,0
510241,1,1,0,0,0,0,0,0,0,0,0,0
510242,1,1,3,20,8,19,0,13,11,10,24,11
510243,0,1,26,31,8,24,14,33,0,25,11,26
510243,1,1,0,0,0,0,0,0,0,0,0,0
510244,1,1,0,0,0,0,0,0,0,0,0,0
510244,2,1,0,0,0,0,0,0,0,0,0,0
510244,3,1,0,0,0,26,0,0,0,0,0,0
510245,1,1,17,17,17,17,17,17,17,17,17,17
510246,1,1,41,10,15,23,10,7,28,9,17,20
510247,1,1,0,0,0,0,0,0,0,0,0,0
510247,2,1,0,0,0,0,0,0,0,0,0,0
510248,1,1,0,0,0,0,0,0,0,0,0,0
510249,1,1,17,0,0,12,11,14,10,3,12,16
510250,1,1,0,0,0,0,0,8,0,0,0,0
510250,2,1,0,11,0,0,0,17,16,13,0,0
510251,1,1,0,0,0,0,0,0,0,0,0,0
510251,2,1,0,0,0,0,0,0,0,0,0,0
510252,1,1,24,0,10,5,0,0,0,0,0,21
510253,1,1,0,0,0,0,0,0,0,0,0,0
510253,2,1,0,8,0,0,0,0,0,0,0,0
510254,0,1,0,0,0,0,0,0,0,0,0,0
510254,1,1,0,0,0,0,0,0,22,0,0,17
510255,0,1,17,24,30,17,22,42,15,23,11,40
510255,1,1,0,0,0,0,0,0,0,0,0,21
510256,1,1,0,0,0,0,0,0,0,0,0,0
510257,1,1,36,36,36,36,36,36,36,36,36,36
510258,1,1,0,0,0,0,0,0,0,0,0,0
510258,2,1,0,0,0,0,0,0,0,0,0,0
510259,1,1,15,0,0,0,0,0,0,0,0,9
510260,0,1,0,0,0,0,0,0,0,0,0,0
510260,1,1,0,0,0,0,0,0,0,0,0,0
510261,0,1,0,0,0,0,0,0,0,0,0,0
510261,1,1,0,0,0,0,0,0,0,0,0,0
510262,1,1,0,0,0,0,0,0,11,0,0,0
510262,2,1,0,0,20,0,0,0,0,0,15,4
510262,3,1,0,0,0,0,27,0,0,13,0,0
510262,4,1,17,0,0,6,0,0,0,0,0,0
510263,1,1,0,0,0,0,0,0,0,0,0,0
510263,2,1,0,0,0,0,0,0,0,0,0,0
510263,3,1,0,0,0,0,0,0,0,0,0,0
510263,4,1,20,0,0,0,0,0,0,0,33,0
510264,1,1,2,2,2,2,2,2,2,2,2,2
510265,1,1,0,0,0,0,0,0,0,0,0,0
510265,2,1,0,0,0,0,0,0,0,0,0,0
510266,1,1,0,0,0,0,0,0,0,0,0,0
510267,1,1,0,0,0,0,0,0,0,0,0,0
510267,2,1,0,0,0,0,0,0,0,0,0,0
510268,1,1,12,12,12,12,12,12,12,12,12,12
510269,1,1,7,6,22,5,15,15,8,0,0,0
510269,2,1,0,0,0,0,0,0,0,0,0,0
510270,1,1,0,27,0,0,0,0,0,0,0,14
510271,1,1,14,17,20,13,3,11,8,8,18,21
510271,2,1,0,0,0,0,0,0,0,0,0,0
510272,0,1,0,0,0,0,0,0,0,0,0,0
510272,1,1,0,0,0,0,0,0,0,0,0,0
510273,1,1,26,11,20,24,20,26,16,22,25,10
510273,2,1,0,0,0,0,0,0,0,0,0,0
510273,3,1,0,0,0,3,0,0,0,0,0,0
510274,1,1,0,0,0,0,0,0,0,0,0,0
510275,1,1,0,0,0,0,0,0,0,0,0,0
510276,1,1,0,17,0,0,0,0,0,0,0,0
510276,2,1,0,0,0,0,0,0,0,0,0,0
510277,1,1,23,23,23,23,23,23,23,23,23,23
510278,1,1,0,0,0,0,0,0,0,0,0,0
510279,0,1,1,1,1,1,1,1,1,1,1,1
510279,0,2,25,0,0,20,6,11,0,10,0,20
510279,1,1,0,0,0,0,0,0,0,0,0,7
510279,2,1,0,0,0,0,0,0,0,0,0,0
510280,1,1,27,27,27,27,27,27,27,27,27,27
510281,1,1,0,0,0,0,0,0,0,0,0,0
510282,1,1,0,0,0,0,0,0,0,0,0,0
510282,2,1,0,0,0,0,16,0,0,0,0,0
510282,3,1,0,0,0,0,0,0,0,0,0,0
510283,0,1,0,0,0,0,0,0,0,0,0,0
510283,1,1,0,0,0,0,0,0,0,0,0,0
510284,1,1,0,0,0,0,0,0,0,0,0,0
510284,2,1,0,0,0,0,0,0,0,0,0,0
510285,1,1,13,13,13,13,13,13,13,13,13,13
510285,2,1,0,0,0,0,0,0,9,0,0,0
510286,1,1,9,21,29,11,17,10,18,25,4,14
510286,2,1,0,0,0,0,0,0,0,0,0,0
510287,0,1,21,21,21,21,21,21,21,21,21,21
510287,1,1,0,0,15,0,0,0,0,0,4,0
510288,1,1,0,0,0,0,0,0,0,0,0,0
510289,1,1,10,22,17,23,6,24,3,13,10,0
510289,2,1,0,11,0,0,0,0,0,17,0,0
510289,3,1,0,0,0,0,0,0,0,0,0,0
510290,1,1,0,0,0,0,0,0,0,0,0,0
510290,2,1,0,0,0,13,0,0,0,0,0,0
510291,1,1,0,0,0,0,0,0,0,0,0,0
510292,1,1,0,0,0,0,0,0,0,0,0,0
510293,0,1,0,0,0,0,0,0,0,0,0,0
510293,1,1,0,0,0,0,0,0,0,0,0,0
510294,1,1,26,26,26,26,26,26,26,26,26,26
510295,1,1,0,0,0,0,0,0,40,0,0,0
510296,1,1,0,0,0,0,0,0,0,0,0,0
510296,2,1,0,0,0,0,0,0,0,0,0,0
510296,3,1,0,0,0,0,0,0,0,0,0,0
510296,4,1,0,0,0,0,0,0,0,0,0,0
510296,5,1,0,0,0,0,0,0,0,0,0,0
510297,1,1,0,0,0,0,0,0,0,0,0,0
510297,2,1,0,0,0,0,0,0,0,0,0,7
510298,1,1,0,0,0,0,0,0,0,0,0,0
510298,2,1,0,0,0,0,0,0,0,0,0,0
510299,1,1,0,0,0,0,0,0,0,0,0,0
510300,0,1,0,0,0,0,0,0,0,0,0,0
510300,1,1,0,0,0,0,0,0,0,0,0,16
510301,1,1,1,1,1,1,1,1,1,1,1,1
510302,1,1,0,0,0,0,0,0,0,0,0,0
510303,1,1,23,20,15,0,14,11,15,0,17,9
510304,0,1,27,27,27,27,27,27,27,27,27,27
510304,1,1,0,0,0,0,0,0,0,0,0,0
510305,1,1,0,0,0,0,0,22,0,0,0,0
510305,2,1,3,3,3,3,3,3,3,3,3,3
510306,1,1,20,20,20,20,20,20,20,20,20,20
510307,1,1,0,0,0,0,0,0,0,0,0,0
510308,1,1,0,0,0,0,0,0,0,0,0,0
510309,1,1,0,0,0,0,0,0,0,0,0,0
510310,1,1,0,0,0,0,0,0,0,0,0,0
510311,1,1,0,0,0,0,0,0,0,0,0,0
510311,2,1,0,0,0,0,0,0,0,0,0,0
510312,1,1,0,0,0,0,0,0,0,0,0,0
510312,2,1,0,0,0,0,0,0,0,0,0,0
510312,3,1,0,0,0,0,0,0,0,0,0,0
510313,1,1,10,20,19,0,12,18,34,13,31,0
510314,1,1,0,4,0,0,0,0,0,0,0,0
510314,2,1,0,0,0,0,0,0,0,0,0,0
510314,3,1,0,0,0,0,0,0,0,0,0,0
510314,4,1,0,0,0,0,0,0,0,0,0,0
510315,1,1,0,0,0,0,0,0,0,0,0,5
510316,1,1,20,20,20,20,20,20,20,20,20,20
510317,1,1,6,7,16,11,0,3,23,15,15,18
510317,2,1,0,0,0,0,0,0,0,0,0,0
510318,1,1,0,0,0,0,6,0,0,0,0,0
510319,1,1,17,0,0,0,0,0,0,0,0,0
510319,2,1,0,0,0,0,0,0,0,0,0,0
510320,1,1,28,28,28,28,28,28,28,28,28,28
510321,1,1,0,0,0,0,0,0,0,0,0,0
510321,2,1,0,0,0,0,0,0,0,0,0,0
510322,1,1,18,12,34,6,11,11,13,28,15,7
510323,1,1,15,15,15,15,15,15,15,15,15,15
510324,1,1,0,0,0,0,0,0,0,0,0,0
510324,2,1,0,0,0,0,0,0,0,0,0,0
510325,1,1,0,0,0,0,0,0,0,0,0,0
510325,2,1,0,0,0,0,0,0,0,0,0,0
510326,1,1,52,52,52,52,52,52,52,52,52,52
510326,2,1,4,0,0,0,0,10,0,0,0,16
510327,1,1,0,0,0,0,0,0,0,0,0,0
510328,1,1,22,22,22,22,22,22,22,22,22,22
510329,1,1,0,0,0,0,0,0,0,0,0,0
510330,1,1,0,0,0,0,0,0,0,0,0,0
510330,2,1,0,0,0,0,0,0,0,0,0,0
510331,1,1,0,0,0,0,0,0,0,0,0,0
510331,2,1,0,0,0,0,0,0,0,0,0,0
510332,1,1,0,0,0,0,0,0,0,0,0,0
510333,1,1,0,0,0,0,0,0,0,0,0,0
510333,2,1,32,0,0,0,0,0,0,0,0,0
510334,1,1,7,7,7,7,7,7,7,7,7,7