ST_CASE,VEH_NO,PER_NO,P1,P2,P3,P4,P5,P6,P7,P8,P9,P10
510335,1,1,0,0,0,0,0,0,0,0,0,0
510336,1,1,15,0,0,0,0,0,0,0,0,0
510336,2,1,0,0,0,0,34,0,0,0,35,0
510337,1,1,0,0,0,0,0,0,0,0,0,11
510338,1,1,0,0,0,0,0,0,0,0,0,0
510338,2,1,0,0,0,0,0,0,0,0,0,0
510339,1,1,0,0,0,0,0,0,0,0,0,0
510339,2,1,0,0,0,0,0,0,0,0,0,14
510340,0,1,0,0,0,0,0,0,0,0,0,0
510340,1,1,0,0,0,0,0,0,0,0,0,0
510341,1,1,0,0,0,0,0,0,0,0,0,0
510342,1,1,27,27,27,27,27,27,27,27,27,27
510343,1,1,0,0,0,0,0,0,0,0,0,0
510343,2,1,0,0,0,0,0,0,0,0,0,0
510344,0,1,28,28,28,28,28,28,28,28,28,28
510344,1,1,0,0,0,0,0,23,17,0,24,0
510345,1,1,0,0,0,0,0,0,0,0,0,0
510345,2,1,0,0,0,0,0,0,0,0,0,0
510346,1,1,0,0,0,0,0,0,0,0,0,0
510347,1,1,0,0,0,0,0,0,0,0,0,0
510347,2,1,0,0,0,0,0,0,0,0,0,0
510348,1,1,0,0,0,0,0,0,0,0,0,0
510348,2,1,0,0,0,0,0,0,0,0,0,0
510348,3,1,11,0,0,0,0,0,0,0,0,0
510349,0,1,0,0,0,0,0,0,0,0,0,0
510349,1,1,0,0,0,0,0,14,0,0,0,0
510350,1,1,0,0,0,0,0,0,0,0,0,0
510350,2,1,0,0,0,0,0,0,0,0,0,0
510351,1,1,20,4,27,17,5,9,16,19,17,5
510351,2,1,0,0,0,0,0,4,0,0,0,0
510352,1,1,0,0,0,0,0,0,0,0,0,0
510353,1,1,0,0,0,0,0,0,0,0,0,0
510353,2,1,0,0,0,0,0,0,0,0,13,0
510354,0,1,0,0,0,0,0,0,0,0,0,0
510354,1,1,0,0,0,23,0,12,18,0,0,0
510355,0,1,0,0,0,0,0,0,0,0,0,0
510355,1,1,0,13,0,2,0,0,13,0,0,18
510355,2,1,0,0,0,0,24,0,0,9,0,0
510355,3,1,26,0,0,0,0,21,24,0,14,0
510356,1,1,0,0,0,0,0,2,0,0,0,18
510356,2,1,0,0,0,0,0,0,0,0,0,0
510356,3,1,0,0,0,0,0,0,0,0,0,0
510357,1,1,2,2,2,2,2,2,2,2,2,2
510357,2,1,0,0,0,0,0,0,0,0,0,0
510358,1,1,4,26,23,18,3,18,14,10,7,18
510358,2,1,0,0,0,0,0,0,0,0,0,0
510359,1,1,0,0,0,0,0,0,0,0,0,0
510359,2,1,0,0,0,0,0,0,0,0,0,0
510360,1,1,17,8,26,0,21,19,24,9,0,15
510360,2,1,0,0,0,0,0,0,0,0,0,0
510361,1,1,6,2,8,15,8,19,16,9,5,12
510362,1,1,3,3,3,3,3,3,3,3,3,3
510363,1,1,13,30,16,1,5,14,25,1,16,6
510364,1,1,8,19,0,0,0,0,0,0,0,0
510365,1,1,17,17,17,17,17,17,17,17,17,17
510366,1,1,0,0,0,8,0,0,0,0,0,0
510366,2,1,0,0,0,0,0,0,0,0,0,0
510366,3,1,0,0,0,0,0,0,0,0,0,0
510366,4,1,0,0,0,0,0,0,0,0,0,0
510366,5,1,0,0,0,0,0,0,0,0,0,0
510367,1,1,15,15,15,15,15,15,15,15,15,15
510368,1,1,16,16,16,16,16,16,16,16,16,16
510368,2,1,0,0,0,0,18,0,0,0,0,0
510369,1,1,0,0,0,0,0,0,0,0,0,0
510369,2,1,0,0,0,0,0,0,0,0,0,0
510370,1,1,0,0,0,0,0,0,0,0,0,0
510371,1,1,27,27,27,27,27,27,27,27,27,27
510372,1,1,12,17,0,15,18,6,7,4,11,0
510372,2,1,0,0,0,0,0,0,0,0,0,0
510373,1,1,0,0,0,0,0,0,0,0,0,0
510373,2,1,0,0,0,0,0,0,0,0,0,0
510373,3,1,0,0,0,0,0,0,0,0,0,0
510373,4,1,0,0,0,0,0,0,0,0,0,0
510374,1,1,0,0,0,0,3,0,0,0,0,0
510374,2,1,0,0,0,0,0,0,0,0,0,0
510375,1,1,1,1,1,1,1,1,1,1,1,1
510375,2,1,0,0,0,0,0,0,0,0,0,0
510376,1,1,0,0,0,0,0,0,0,0,0,0
510377,1,1,0,0,0,0,0,0,0,0,0,0
510378,1,1,6,6,6,6,6,6,6,6,6,6
510379,1,1,15,7,17,6,10,14,12,10,19,6
510379,2,1,0,0,0,0,0,0,0,0,0,0
510379,3,1,0,0,0,0,0,0,0,0,0,0
510380,1,1,19,12,22,9,6,10,14,3,6,15
510381,0,1,27,25,11,11,9,13,18,5,25,24
510381,1,1,0,10,0,0,11,14,0,0,0,0
510381,2,1,26,12,16,0,8,5,12,9,10,17
510382,0,1,0,0,0,0,0,0,0,0,0,0
510382,1,1,21,6,14,8,7,16,13,5,9,17
510383,1,1,0,0,0,0,0,0,0,0,0,0
510383,2,1,0,0,0,0,0,0,0,0,0,0
510384,1,1,26,14,12,26,25,18,17,11,12,0
510385,1,1,0,9,11,0,8,11,0,0,31,0
510386,1,1,14,14,14,14,14,14,14,14,14,14
510386,2,1,0,0,0,0,0,0,0,0,0,0
510387,1,1,0,0,0,0,0,0,0,0,0,0
510387,2,1,0,0,0,0,0,0,0,0,0,0
510388,1,1,0,0,0,0,0,0,0,0,0,0
510388,2,1,0,0,0,0,0,0,0,0,0,0
510389,1,1,32,32,32,32,32,32,32,32,32,32
510389,2,1,0,0,0,0,0,0,0,0,0,0
510389,3,1,0,0,0,0,0,0,0,0,0,0
510390,1,1,0,0,0,0,0,0,0,0,0,0
510390,2,1,0,0,0,0,0,0,0,0,0,0
510391,1,1,0,0,0,0,0,0,0,0,0,0
510392,1,1,4,4,4,4,4,4,4,4,4,4
510392,2,1,0,0,0,0,0,8,0,0,0,0
510393,1,1,0,0,0,0,0,0,0,0,0,0
510393,2,1,0,0,0,0,0,0,0,0,0,0
510394,1,1,0,0,0,0,0,0,0,0,0,0
510394,2,1,0,0,0,0,0,0,0,0,0,0
510395,1,1,0,0,0,0,0,0,0,0,0,0
510396,1,1,17,0,10,12,0,6,0,17,8,9
510396,2,1,0,0,0,0,0,0,0,0,0,0
510397,1,1,23,23,23,23,23,23,23,23,23,23
510398,1,1,0,0,0,0,0,0,0,0,0,0
510398,2,1,0,0,0,0,0,0,0,0,0,0
510399,1,1,17,17,17,17,17,17,17,17,17,17
510400,1,1,0,0,0,0,0,0,0,0,0,0
510401,1,1,2,2,2,2,2,2,2,2,2,2
510402,0,1,0,0,0,0,0,0,0,0,0,0
510402,1,1,0,0,0,0,0,0,0,0,0,0
510403,1,1,23,23,23,23,23,23,23,23,23,23
510404,1,1,0,0,0,0,0,0,0,0,26,0
510404,2,1,0,0,0,0,0,0,0,0,0,0
510405,1,1,0,0,0,0,0,0,0,0,0,0
510405,2,1,0,0,0,0,0,0,0,0,0,0
510406,1,1,0,0,0,0,0,0,0,0,0,0
510407,1,1,0,0,0,0,0,0,0,0,0,0
510408,1,1,0,0,0,0,0,0,0,0,0,0
510409,1,1,3,3,3,3,3,3,3,3,3,3
510410,1,1,0,0,0,0,0,0,0,0,0,0
510410,2,1,0,0,0,0,0,11,0,0,0,0
510411,0,1,0,0,0,0,13,0,0,0,45,0
510411,1,1,0,0,0,0,0,0,0,0,0,0
510412,1,1,18,18,18,18,18,18,18,18,18,18
510413,1,1,9,18,13,9,9,31,8,13,11,25
510414,1,1,21,21,21,21,21,21,21,21,21,21
510415,1,1,23,23,23,23,23,23,23,23,23,23
510416,1,1,39,9,30,15,0,22,11,20,6,31
510416,2,1,0,0,0,0,0,0,0,0,0,0
510417,1,1,2,2,2,2,2,2,2,2,2,2
510418,1,1,0,0,0,0,0,0,0,0,0,0
510418,2,1,0,0,0,0,0,0,0,0,0,0
510419,1,1,10,10,10,10,10,10,10,10,10,10
510420,1,1,0,0,0,0,0,0,0,0,0,0
510421,1,1,0,0,0,0,0,0,0,0,0,5
510421,2,1,0,0,0,0,0,0,0,0,0,0
510422,0,1,0,0,0,0,0,0,0,0,0,0
510422,1,1,0,0,0,0,0,0,0,0,0,0
510423,1,1,0,0,0,0,0,0,0,0,0,0
510424,1,1,0,0,0,0,0,0,0,0,0,0
510424,2,1,0,0,0,0,0,0,0,0,0,0
510425,1,1,24,24,24,24,24,24,24,24,24,24
510426,1,1,0,0,0,0,0,0,0,0,0,0
510426,2,1,0,31,0,0,0,0,0,0,0,0
510427,1,1,0,0,0,0,0,0,0,0,0,0
510427,2,1,0,0,0,0,0,0,0,0,0,0
510428,0,1,0,0,0,0,0,0,0,0,0,0
510428,1,1,15,0,15,27,16,10,32,10,18,9
510429,0,1,0,0,0,0,0,28,0,0,0,0
510429,1,1,0,0,0,0,35,0,0,0,0,0
510430,1,1,25,25,25,25,25,25,25,25,25,25
510431,1,1,0,0,0,0,0,0,0,0,0,0
510431,2,1,0,0,0,0,0,0,0,0,0,0
510432,1,1,0,0,0,0,0,0,0,0,0,0
510433,1,1,0,0,0,0,0,0,0,0,0,0
510433,2,1,0,0,0,0,0,0,0,0,0,0
510434,1,1,0,0,0,0,0,0,0,0,0,0
510435,1,1,0,0,0,0,0,0,0,0,0,0
510436,1,1,0,0,0,27,0,0,0,9,0,0
510437,1,1,12,12,12,12,12,12,12,12,12,12
510437,2,1,0,0,0,0,0,11,0,0,0,0
510438,1,1,0,0,0,0,0,0,0,0,0,0
510438,2,1,0,0,16,0,0,0,0,0,0,0
510439,1,1,29,29,29,29,29,29,29,29,29,29
510440,1,1,0,0,0,0,0,0,0,0,0,0
510440,2,1,0,0,0,0,0,0,0,0,0,0
510441,0,1,27,0,26,13,0,0,14,30,11,37
510442,1,1,10,10,10,10,10,10,10,10,10,10
510443,0,1,50,50,50,50,50,50,50,50,50,50
510443,1,1,0,0,0,0,0,0,33,8,0,0
510444,1,1,0,0,0,0,0,0,0,0,0,0
510444,2,1,0,0,0,0,0,0,0,0,0,0
510444,3,1,0,0,0,0,0,0,0,0,0,0
510445,1,1,0,40,0,0,23,0,0,0,0,0
510446,1,1,0,0,0,0,0,0,0,0,0,0
510446,2,1,0,0,0,0,0,0,0,0,0,0
510447,1,1,0,0,0,0,0,0,0,0,0,0
510448,1,1,0,0,0,0,0,0,0,0,0,0
510448,2,1,0,0,0,0,0,0,0,0,0,0
510449,1,1,20,20,20,20,20,20,20,20,20,20
510450,1,1,0,0,0,0,0,0,0,0,0,0
510450,2,1,0,0,0,0,0,0,0,0,0,0
510451,1,1,10,10,10,10,10,10,10,10,10,10
510452,1,1,0,13,0,0,0,0,0,0,0,0
510452,2,1,10,10,10,10,10,10,10,10,10,10
510453,1,1,0,0,0,0,0,0,0,0,0,0
510454,1,1,0,0,0,0,0,0,0,0,0,0
510455,1,1,13,13,13,13,13,13,13,13,13,13
510456,1,1,0,0,0,0,0,0,0,0,0,0
510456,2,1,0,0,0,0,0,0,0,0,0,0
510457,0,1,15,15,15,15,15,15,15,15,15,15
510457,1,1,12,12,0,0,9,0,0,11,0,0
510458,1,1,2,18,11,18,7,9,20,13,20,13
510459,1,1,17,17,17,17,17,17,17,17,17,17
510460,1,1,0,0,0,0,0,0,0,0,0,0
510460,2,1,0,0,0,0,0,0,0,0,0,0
510460,3,1,0,0,0,0,0,0,0,0,0,0
510461,1,1,20,20,20,20,20,20,20,20,20,20
510461,2,1,0,0,0,0,0,0,0,0,0,0
510462,1,1,0,0,0,0,0,0,0,0,0,0
510462,2,1,0,0,0,0,0,0,0,0,0,0
510462,3,1,0,0,0,0,0,0,0,0,0,0
510462,4,1,0,0,0,0,0,0,0,0,0,0
510463,1,1,0,0,0,0,0,18,0,16,0,0
510464,1,1,0,0,0,0,0,0,0,0,0,0
510464,2,1,0,0,0,0,0,0,0,0,0,0
510465,1,1,13,9,15,0,11,0,0,0,4,13
510465,2,1,0,0,0,0,0,0,0,0,0,0
510466,1,1,0,0,0,0,18,0,0,0,0,0
510466,2,1,0,0,0,0,0,0,0,0,0,0
510466,3,1,0,0,0,0,0,0,0,0,0,0
510467,1,1,0,0,0,0,0,0,0,0,0,0
510467,2,1,0,0,0,0,0,0,0,0,0,0
510468,1,1,23,23,23,23,23,23,23,23,23,23
510469,0,1,0,0,0,0,0,0,0,0,0,0
510469,1,1,32,19,0,0,0,0,0,0,0,0
510470,1,1,14,14,14,14,14,14,14,14,14,14
510470,2,1,0,0,0,0,0,0,0,0,0,0
510471,1,1,0,0,0,0,0,0,0,0,0,0
510472,1,1,9,9,9,9,9,9,9,9,9,9
510473,1,1,28,28,28,28,28,28,28,28,28,28
510474,1,1,3,3,3,3,3,3,3,3,3,3
510474,2,1,0,0,0,0,0,10,0,0,0,0
510475,0,1,0,0,0,0,0,0,0,0,0,0
510475,1,1,0,0,0,0,0,17,0,0,0,0
510476,1,1,14,14,14,14,14,14,14,14,14,14
510477,1,1,0,0,0,0,0,0,0,0,0,0
510478,1,1,0,0,0,0,0,0,0,0,0,0
510479,0,1,0,0,0,0,0,0,0,0,0,0
510479,1,1,0,0,0,0,0,0,0,0,0,21
510480,1,1,0,0,0,0,0,0,0,0,0,0
510480,2,1,19,19,19,19,19,19,19,19,19,19
510481,0,1,0,0,0,0,0,0,0,0,0,0
510481,1,1,0,0,0,0,0,15,0,9,0,6
510482,1,1,21,21,21,21,21,21,21,21,21,21
510483,1,1,0,0,0,0,0,0,0,0,0,0
510484,1,1,0,0,0,0,0,0,0,0,0,0
510484,2,1,0,0,0,0,0,0,0,0,0,0
510484,3,1,0,0,0,0,0,0,0,0,0,0
510485,1,1,0,0,0,0,0,0,0,0,0,0
510485,2,1,14,0,0,0,0,0,0,0,0,0
510486,1,1,0,0,0,0,0,0,0,0,0,0
510486,2,1,0,0,0,0,0,0,0,0,0,12
510486,3,1,0,0,0,0,0,0,0,0,0,0
510487,1,1,0,0,0,0,0,0,0,0,0,0
510488,1,1,0,0,0,0,0,0,0,0,0,0
510488,2,1,0,0,0,0,0,0,0,0,0,0
510490,1,1,0,0,0,0,0,0,0,0,0,0
510491,1,1,7,7,7,7,7,7,7,7,7,7
510492,1,1,0,0,0,0,0,0,0,0,0,0
510492,2,1,0,0,0,0,0,0,0,0,0,0
510493,1,1,0,0,0,0,0,0,0,0,0,0
510494,1,1,21,21,21,21,21,21,21,21,21,21
510495,0,1,24,24,24,24,24,24,24,24,24,24
510495,1,1,0,0,0,0,0,0,0,0,3,0
510496,1,1,0,0,0,0,0,0,0,0,0,0
510496,2,1,0,0,0,0,0,0,0,0,0,0
510497,1,1,0,0,0,0,0,0,0,0,0,0
510497,2,1,0,0,0,0,0,0,0,0,0,0
510498,1,1,24,24,24,24,24,24,24,24,24,24
510498,2,1,0,0,0,0,0,0,0,0,0,0
510499,1,1,22,22,22,22,22,22,22,22,22,22
510500,0,1,0,0,0,0,0,0,0,0,0,0
510500,1,1,0,0,0,0,0,0,0,0,0,0
510501,0,1,0,0,0,0,0,0,0,0,0,0
510501,1,1,0,0,0,0,0,0,0,0,0,0
510502,1,1,9,9,9,9,9,9,9,9,9,9
510503,1,1,0,0,0,0,0,0,0,0,0,0
510503,2,1,0,0,0,0,0,0,0,0,0,0
510503,3,1,0,12,0,0,0,0,0,0,0,0
510504,1,1,23,23,23,23,23,23,23,23,23,23
510505,1,1,0,0,0,0,0,0,0,0,0,0
510506,1,1,0,0,0,0,0,0,0,0,0,0
510507,0,1,0,0,0,0,0,0,0,0,0,0
510507,1,1,0,0,0,0,0,0,0,0,0,0
510508,1,1,25,25,25,25,25,25,25,25,25,25
510509,1,1,0,0,0,0,0,0,0,0,0,0
510509,2,1,0,0,0,0,0,0,0,0,0,20
510510,0,1,0,0,0,0,0,0,0,0,0,0
510510,1,1,0,0,0,0,0,0,0,0,0,0
510511,1,1,0,0,17,0,12,0,17,0,6,4
510512,1,1,22,16,0,10,13,2,8,8,7,10
510513,1,1,0,0,0,0,0,0,0,0,0,0
510514,1,1,13,13,13,13,13,13,13,13,13,13
510515,1,1,0,0,0,0,0,0,0,0,0,0
510516,1,1,5,5,5,5,5,5,5,5,5,5
510517,1,1,0,0,0,0,0,0,0,0,0,0
510517,2,1,0,0,0,0,0,0,0,0,0,0
510518,1,1,0,0,0,0,0,0,0,0,0,0
510518,2,1,0,0,0,0,0,0,0,0,0,0
510519,0,1,0,0,0,0,0,0,0,0,0,0
510519,1,1,0,0,0,0,0,0,0,0,0,0
510520,1,1,0,0,0,0,0,0,0,0,27,0
510520,2,1,0,0,0,0,0,0,0,0,0,0
510521,1,1,0,0,0,0,0,0,0,0,0,0
510521,2,1,0,0,0,0,0,0,0,0,0,0
510521,3,1,0,0,0,0,0,0,0,20,0,0
510521,4,1,0,0,0,0,0,0,0,0,0,0
510522,0,1,39,39,39,39,39,39,39,39,39,39
510522,1,1,0,0,0,0,0,0,0,0,19,0
510523,1,1,30,30,30,30,30,30,30,30,30,30
510524,1,1,3,3,3,3,3,3,3,3,3,3
510525,1,1,0,0,0,0,0,0,0,0,0,0
510526,1,1,0,0,0,0,0,0,0,0,0,0
510526,2,1,0,0,0,0,0,0,0,0,0,0
510527,1,1,20,31,16,10,0,22,0,31,18,0
510528,1,1,11,11,11,11,11,11,11,11,11,11
510529,1,1,12,12,12,12,12,12,12,12,12,12
510529,2,1,0,0,0,0,0,0,0,0,0,0
510530,1,1,0,0,23,20,0,0,0,0,0,0
510530,2,1,0,0,0,0,0,0,0,0,0,0
510530,3,1,0,0,11,0,0,0,0,0,0,0
510531,1,1,0,0,0,0,0,0,0,0,0,0
510532,0,1,15,15,15,15,15,15,15,15,15,15
510532,1,1,0,0,0,0,0,0,12,0,0,0
510533,1,1,0,0,0,0,0,0,0,0,0,0
510533,2,1,0,0,0,0,0,0,0,0,0,0
510534,1,1,0,0,0,0,0,0,0,0,0,0
510535,1,1,13,30,6,12,28,28,28,0,0,0
510536,1,1,0,0,0,0,0,0,0,0,0,0
510536,2,1,0,0,0,0,0,0,0,0,0,0
510537,0,1,0,0,0,0,0,0,0,0,0,0
510537,1,1,0,0,0,0,0,0,0,0,0,16
510538,1,1,0,0,0,0,0,0,0,0,0,0
510539,1,1,19,19,19,19,19,19,19,19,19,19
510540,1,1,0,0,0,0,0,0,0,0,0,0
510541,1,1,0,0,0,0,0,0,0,0,0,0
510541,2,1,0,0,0,0,0,0,0,0,0,0
510542,1,1,9,15,13,17,7,19,0,15,16,5
510543,1,1,0,0,0,0,0,0,0,0,0,0
510543,2,1,0,0,0,0,0,0,0,0,0,0
510544,1,1,0,0,0,0,0,0,0,0,0,0
510544,2,1,0,0,0,0,0,0,0,0,0,0
510545,1,1,0,0,0,0,0,0,0,0,0,0
510545,2,1,0,0,0,0,0,0,0,0,0,0
510546,1,1,0,0,12,0,0,14,9,0,5,23
510546,2,1,0,0,0,0,0,0,0,0,0,0
510547,0,1,32,32,32,32,32,32,32,32,32,32
510547,1,1,0,0,0,0,0,0,0,0,0,0
510548,0,1,0,0,0,0,0,0,0,0,0,0
510548,1,1,6,0,3,0,23,0,0,0,22,16
510549,1,1,0,0,0,0,0,0,0,0,0,0
510550,0,1,6,6,6,6,6,6,6,6,6,6
510550,1,1,12,11,19,22,21,17,6,3,15,28
510551,1,1,8,8,8,8,8,8,8,8,8,8
510552,1,1,0,0,0,0,0,0,0,0,0,0
510553,0,1,0,0,0,0,0,0,0,0,0,0
510553,1,1,0,0,0,0,0,0,0,0,0,0
510554,1,1,0,0,0,0,0,0,0,0,0,0
510555,0,1,22,22,22,22,22,22,22,22,22,22
510555,1,1,0,0,0,0,0,0,0,0,0,0
510556,1,1,18,18,18,18,18,18,18,18,18,18
510557,1,1,19,19,19,19,19,19,19,19,19,19
510558,1,1,0,0,0,0,0,0,0,0,0,0
510558,2,1,0,0,0,0,0,0,0,0,0,0
510559,0,1,23,23,23,23,23,23,23,23,23,23
510559,1,1,0,0,14,0,0,0,0,0,0,13
510560,1,1,0,0,0,0,0,0,9,4,0,0
510561,1,1,0,0,0,0,0,0,0,0,0,0
510561,2,1,0,0,0,0,0,0,0,0,0,0
510561,3,1,0,0,0,0,0,0,0,0,0,0
510562,0,1,0,0,0,0,0,0,0,0,0,0
510562,1,1,7,5,0,11,15,0,0,0,11,17
510563,1,1,0,0,0,0,0,0,0,0,0,0
510564,1,1,22,0,11,0,0,0,14,0,0,0
510565,1,1,0,0,0,0,0,0,0,0,0,0
510565,2,1,0,0,0,0,0,0,0,0,0,0
510566,0,1,32,32,32,32,32,32,32,32,32,32
510566,1,1,0,0,0,0,0,12,0,0,0,0
510567,0,1,17,22,0,0,0,25,0,0,0,0
510567,1,1,0,0,0,0,0,0,0,0,15,0
510568,1,1,0,0,0,0,0,0,0,0,0,0
510569,1,1,0,0,0,0,0,0,0,0,0,0
510569,2,1,0,0,0,0,0,0,0,0,0,0
510570,1,1,0,0,0,0,0,0,0,0,0,0
510571,1,1,0,0,9,12,19,24,23,31,4,0
510571,2,1,0,0,0,0,0,0,0,0,0,0
510572,1,1,0,0,0,0,0,0,0,0,0,0
510572,2,1,0,0,0,0,0,0,0,0,0,0
510573,0,1,24,24,24,24,24,24,24,24,24,24
510573,1,1,0,0,0,0,0,0,0,0,0,0
510574,1,1,31,31,31,31,31,31,31,31,31,31
510574,2,1,0,0,0,0,0,0,0,0,0,0
510575,1,1,5,5,5,5,5,5,5,5,5,5
510576,1,1,24,24,24,24,24,24,24,24,24,24
510577,1,1,0,0,0,0,0,0,0,0,0,0
510578,0,1,0,0,0,0,0,0,0,0,0,0
510578,1,1,0,0,0,0,0,0,0,0,0,0
510579,0,1,0,0,0,0,0,0,32,0,36,0
510579,1,1,0,0,0,0,0,0,0,0,0,0
510580,1,1,11,0,0,0,0,0,0,0,0,0
510580,2,1,28,28,28,28,28,28,28,28,28,28
510581,1,1,0,0,0,0,0,0,0,0,0,0
510582,1,1,0,0,0,0,0,0,0,0,0,0
510582,2,1,0,0,0,0,0,0,0,0,0,0
510583,1,1,15,15,15,15,15,15,15,15,15,15
510584,1,1,0,20,34,0,0,14,17,15,0,0
510585,1,1,13,13,13,13,13,13,13,13,13,13
510585,2,1,0,0,0,0,0,0,0,0,0,0
510586,1,1,0,0,0,0,0,0,0,0,0,0
510587,1,1,17,17,17,17,17,17,17,17,17,17
510588,0,1,0,0,0,0,0,0,0,0,0,30
510588,0,2,0,32,19,20,23,24,11,34,22,0
510588,1,1,0,0,0,0,0,0,0,0,0,0
510589,1,1,0,0,0,0,0,0,0,0,0,0
510590,0,1,0,0,0,0,0,7,0,0,0,0
510590,1,1,0,0,0,0,0,0,0,0,4,0
510591,1,1,2,2,2,2,2,2,2,2,2,2
510592,1,1,23,23,23,23,23,23,23,23,23,23
510592,2,1,13,15,0,0,0,0,0,0,16,0
510593,0,1,0,0,0,0,0,0,0,0,0,0
510593,1,1,0,0,0,0,0,0,0,0,0,0
510594,1,1,24,24,24,24,24,24,24,24,24,24
510595,1,1,30,30,30,30,30,30,30,30,30,30
510596,0,1,0,0,0,0,0,0,0,0,0,0
510596,1,1,15,14,13,3,22,16,30,9,12,0
510597,1,1,24,0,22,24,12,21,9,0,19,23
510598,1,1,23,23,23,23,23,23,23,23,23,23
510599,1,1,12,12,12,12,12,12,12,12,12,12
510600,1,1,0,0,0,0,0,0,0,0,0,0
510601,1,1,0,0,0,0,0,0,0,0,0,0
510601,2,1,0,0,0,0,0,0,0,0,0,0
510602,1,1,17,17,17,17,17,17,17,17,17,17
510602,2,1,0,0,0,0,0,0,0,0,0,0
510603,1,1,0,23,13,36,0,0,18,21,3,20
510604,1,1,0,0,0,0,0,0,0,0,0,0
510604,2,1,0,0,0,0,0,0,0,0,0,0
510605,0,1,0,0,0,0,0,0,0,26,0,0
510605,1,1,0,15,0,0,0,0,0,0,0,0
510606,1,1,0,0,0,0,0,0,0,0,0,0
510607,0,1,0,15,17,8,0,0,27,12,0,0
510607,1,1,0,0,0,0,0,0,14,0,0,0
510608,1,1,0,0,0,0,0,0,0,0,0,0
510608,2,1,0,21,0,0,0,0,0,0,0,0
510609,1,1,0,0,0,0,0,0,0,0,0,0
510610,1,1,0,0,0,0,0,0,0,0,0,0
510611,0,1,0,0,22,4,0,0,0,0,0,27
510611,1,1,0,0,0,0,12,0,0,0,0,0
510612,1,1,0,0,0,0,0,0,0,0,0,0
510613,1,1,0,0,0,0,0,0,0,0,0,0
510614,1,1,0,0,0,0,0,0,0,0,0,0
510614,2,1,0,0,0,0,8,0,0,0,0,0
510615,0,1,0,0,0,0,0,0,0,0,0,0
510615,1,1,0,0,0,0,0,0,0,0,0,0
510616,1,1,21,21,21,21,21,21,21,21,21,21
510617,1,1,0,0,0,0,0,0,0,0,0,0
510617,2,1,0,0,0,0,0,0,0,0,0,0
510618,1,1,0,0,0,0,0,0,0,0,0,0
510619,1,1,11,7,8,8,7,30,20,12,15,18
510620,1,1,0,0,0,0,0,0,0,0,0,0
510620,2,1,0,0,0,0,0,0,0,0,0,0
510621,0,1,25,25,25,25,25,25,25,25,25,25
510621,1,1,0,0,0,0,0,0,0,0,0,0
510622,1,1,22,22,22,22,22,22,22,22,22,22
510623,1,1,0,15,25,0,0,0,24,0,0,9
510623,2,1,0,0,11,0,0,0,0,0,0,0
510624,1,1,2,16,21,6,20,0,0,9,2,6
510625,1,1,16,29,0,3,0,0,0,8,20,0
510626,1,1,0,0,0,0,0,0,0,0,0,12
510626,2,1,0,0,0,0,0,0,15,0,0,0
510627,1,1,24,24,24,24,24,24,24,24,24,24
510627,2,1,0,0,0,13,0,0,0,0,0,0
510628,1,1,9,9,9,9,9,9,9,9,9,9
510629,1,1,0,0,0,0,0,0,0,0,0,0
510629,2,1,0,0,0,0,0,0,0,0,0,0
510630,1,1,0,0,0,0,0,0,0,0,0,0
510630,2,1,0,0,0,0,0,0,0,0,0,0
510631,1,1,0,0,0,0,0,0,0,0,0,0
510631,2,1,0,0,0,0,0,0,0,0,0,0
510631,3,1,0,0,0,0,0,0,0,0,0,0
510632,1,1,0,0,0,0,0,0,0,0,0,0
510632,2,1,0,0,19,0,0,0,0,0,0,0
510633,1,1,21,21,21,21,21,21,21,21,21,21
510634,1,1,0,0,0,0,0,0,0,0,0,0
510635,1,1,32,20,6,21,12,20,0,18,12,19
510636,1,1,0,0,0,0,0,0,0,0,0,0
510636,2,1,0,0,0,0,0,0,0,0,0,0
510637,0,1,0,0,0,0,0,0,0,0,0,0
510637,1,1,0,0,0,0,0,0,0,0,0,0
510638,1,1,0,0,0,0,0,0,0,0,0,0
510639,0,1,0,0,0,0,0,0,0,0,0,0
510639,1,1,0,0,0,13,0,0,0,0,0,0
510640,1,1,0,0,0,0,0,0,0,0,0,0
510640,2,1,6,6,6,6,6,6,6,6,6,6
510641,1,1,0,5,0,22,0,3,16,0,0,0
510642,0,1,9,0,0,10,23,13,11,0,20,0
510642,1,1,0,0,13,17,0,0,0,0,0,0
510643,1,1,0,0,13,0,0,0,0,12,0,0
510643,2,1,0,0,0,0,0,0,0,0,0,9
510644,1,1,20,0,0,0,0,0,0,0,0,0
510645,1,1,21,21,21,21,21,21,21,21,21,21
510646,0,1,20,20,20,20,20,20,20,20,20,20
510646,1,1,0,0,0,0,0,0,0,0,0,0
510647,1,1,0,20,0,0,0,0,26,0,0,0
510648,1,1,0,0,0,0,0,0,0,0,0,0
510649,0,1,35,35,35,35,35,35,35,35,35,35
510649,1,1,0,0,0,0,12,0,0,0,0,0
510650,1,1,0,0,0,0,0,0,0,0,0,0
510650,2,1,0,0,0,0,0,0,20,0,0,0
510651,0,1,0,0,0,0,0,0,0,0,0,0