ST_CASE,VEH_NO,PER_NO,P1,P2,P3,P4,P5,P6,P7,P8,P9,P10
510651,1,1,0,0,0,0,0,0,0,0,0,0
510652,1,1,22,22,22,22,22,22,22,22,22,22
510652,2,1,0,0,0,0,0,0,0,0,7,0
510652,3,1,0,0,0,0,0,0,0,0,0,0
510653,1,1,0,0,0,0,11,12,11,18,0,0
510653,2,1,0,0,0,0,0,0,0,0,0,0
510654,0,1,14,14,14,14,14,14,14,14,14,14
510654,1,1,0,0,0,0,0,0,0,0,0,0
510655,1,1,19,0,5,0,0,0,0,7,0,0
510656,1,1,7,0,14,20,13,14,16,14,11,15
510657,0,1,0,0,0,0,0,0,0,0,0,0
510657,1,1,0,0,0,0,0,0,0,0,0,30
510658,1,1,0,0,0,0,0,0,0,0,0,0
510659,0,1,11,11,11,11,11,11,11,11,11,11
510659,1,1,0,0,0,0,0,0,0,0,5,0
510660,1,1,32,8,0,33,25,5,19,9,0,0
510661,1,1,0,0,0,3,0,0,0,0,0,0
510661,2,1,0,0,0,0,0,0,0,15,0,0
510662,0,1,0,0,0,0,0,0,0,0,0,0
510662,1,1,0,26,0,0,0,0,0,0,0,0
530001,0,1,0,0,0,0,0,0,6,0,22,0
530001,1,1,0,0,0,0,0,0,0,0,0,0
530002,1,1,20,20,20,20,20,20,20,20,20,20
530003,1,1,0,0,0,0,0,0,0,0,0,0
530003,2,1,0,0,0,0,0,0,0,0,0,0
530004,1,1,20,20,20,20,20,20,20,20,20,20
530005,1,1,17,17,17,17,17,17,17,17,17,17
530006,1,1,0,0,0,0,0,0,0,0,0,0
530006,2,1,0,0,0,0,0,0,0,0,0,0
530007,1,1,0,18,0,0,13,2,7,4,0,4
530007,2,1,0,0,0,0,0,0,0,0,0,0
530008,1,1,0,0,0,0,0,0,0,0,0,0
530010,1,1,21,21,21,21,21,21,21,21,21,21
530011,0,1,16,16,16,16,16,16,16,16,16,16
530011,1,1,0,0,0,0,0,0,0,0,0,0
530012,1,1,3,3,3,3,3,3,3,3,3,3
530013,1,1,0,0,0,14,0,0,0,0,0,0
530014,1,1,1,1,1,1,1,1,1,1,1,1
530015,1,1,0,21,12,0,0,14,0,0,0,0
530016,1,1,0,0,0,0,0,0,0,0,0,0
530017,0,1,0,0,0,0,0,0,0,0,0,0
530017,0,2,0,0,0,0,0,0,0,0,0,0
530017,0,3,0,0,0,0,0,25,21,0,0,0
530017,1,1,0,0,0,0,6,0,0,0,13,0
530019,1,1,0,0,0,0,0,0,0,0,0,0
530020,1,1,0,0,0,0,0,0,0,0,0,0
530022,1,1,0,0,0,0,0,0,0,0,0,0
530022,2,1,0,0,0,0,0,0,0,0,0,0
530023,0,1,0,0,0,0,0,0,0,0,0,0
530023,1,1,0,0,0,0,0,0,0,0,0,0
530024,1,1,0,0,0,0,0,0,0,0,0,0
530025,1,1,0,11,0,0,0,0,0,0,0,0
530026,1,1,0,0,0,0,0,0,0,0,0,0
530027,1,1,0,0,0,0,0,0,0,0,0,0
530028,1,1,0,0,0,0,0,0,0,0,0,0
530028,2,1,0,0,0,0,0,0,0,0,0,0
530029,1,1,30,30,30,30,30,30,30,30,30,30
530030,0,1,0,0,0,0,0,0,0,0,0,0
530030,1,1,0,0,0,0,0,0,0,0,0,0
530031,1,1,19,19,19,19,19,19,19,19,19,19
530032,1,1,24,24,24,24,24,24,24,24,24,24
530032,2,1,0,0,0,0,0,14,0,0,0,0
530033,1,1,24,24,24,24,24,24,24,24,24,24
530034,1,1,10,10,10,10,10,10,10,10,10,10
530035,1,1,32,32,32,32,32,32,32,32,32,32
530036,1,1,0,0,15,0,0,0,0,0,0,0
530036,2,1,0,0,0,0,0,0,0,0,0,0
530037,1,1,0,0,0,0,0,0,0,0,0,0
530037,2,1,0,0,0,0,0,0,0,0,0,0
530037,3,1,0,0,0,0,0,0,0,0,0,0
530038,1,1,0,0,0,0,0,4,0,0,7,0
530039,1,1,0,0,0,0,0,0,0,0,0,0
530040,1,1,0,0,0,0,0,0,0,0,0,0
530040,2,1,0,0,0,0,0,0,0,0,0,0
530041,0,1,42,42,42,42,42,42,42,42,42,42
530041,1,1,0,0,0,5,19,17,0,5,17,6
530042,1,1,13,13,13,13,13,13,13,13,13,13
530043,0,1,0,0,0,0,0,0,0,0,0,0
530043,1,1,0,0,0,0,0,0,18,0,0,0
530044,1,1,24,24,24,24,24,24,24,24,24,24
530044,2,1,0,0,0,0,0,0,0,0,0,0
530045,1,1,0,0,0,0,0,0,0,0,0,0
530046,1,1,0,0,0,0,0,0,0,0,0,0
530047,1,1,22,22,22,22,22,22,22,22,22,22
530048,1,1,0,0,0,0,0,0,0,0,0,0
530049,1,1,0,0,0,0,0,7,0,3,0,0
530050,1,1,0,0,0,0,0,0,0,0,0,0
530051,1,1,10,27,0,0,0,0,0,0,0,0
530051,2,1,0,0,0,0,0,0,0,0,0,0
530052,1,1,0,0,0,0,0,0,15,0,0,0
530052,2,1,0,0,0,0,0,0,0,0,0,0
530053,1,1,0,0,0,0,0,0,0,0,0,0
530053,2,1,0,0,0,0,0,0,0,0,0,0
530055,1,1,8,8,8,8,8,8,8,8,8,8
530056,0,1,31,31,31,31,31,31,31,31,31,31
530056,1,1,0,0,0,12,0,0,0,0,0,0
530057,1,1,0,0,0,0,0,0,0,0,0,0
530058,1,1,6,6,6,6,6,6,6,6,6,6
530058,2,1,0,0,0,0,0,0,0,0,0,0
530059,1,1,0,0,0,0,0,0,0,0,0,0
530059,2,1,0,12,0,0,0,0,0,0,0,0
530060,1,1,17,17,17,17,17,17,17,17,17,17
530060,2,1,0,0,4,0,0,0,0,0,0,0
530060,3,1,0,0,0,0,0,0,0,0,0,0
530060,4,1,0,0,0,0,0,0,0,0,0,0
530061,1,1,29,29,29,29,29,29,29,29,29,29
530062,0,1,0,0,0,0,0,0,0,0,0,0
530063,0,1,0,0,0,0,0,0,0,0,0,0
530063,1,1,0,0,0,0,0,0,0,0,0,0
530064,1,1,0,0,0,0,0,0,0,0,0,0
530064,2,1,0,0,0,0,0,0,0,0,0,0
530065,1,1,0,0,0,0,0,0,0,0,0,0
530066,1,1,11,11,11,11,11,11,11,11,11,11
530067,1,1,15,15,15,15,15,15,15,15,15,15
530068,1,1,0,0,0,0,0,0,0,0,0,0
530068,2,1,0,0,0,0,0,0,0,0,0,0
530068,3,1,0,0,0,0,0,0,0,0,0,0
530069,1,1,0,0,0,0,0,0,0,0,0,0
530069,2,1,0,0,0,0,0,0,0,0,0,0
530070,0,1,0,0,0,0,0,0,0,0,0,0
530070,1,1,0,0,0,0,0,0,0,0,0,0
530071,0,1,0,25,0,24,7,28,0,0,23,17
530071,1,1,0,0,0,0,0,0,0,0,0,0
530072,1,1,12,0,0,0,0,16,0,0,0,0
530072,2,1,0,0,0,0,0,0,0,0,0,0
530072,3,1,0,0,0,0,3,33,0,0,0,0
530073,1,1,0,0,0,0,0,0,0,0,0,0
530073,2,1,0,0,0,0,9,0,0,0,0,0
530074,1,1,26,26,26,26,26,26,26,26,26,26
530075,1,1,0,0,0,0,0,0,0,0,0,0
530076,1,1,0,0,0,0,0,0,0,0,0,0
530076,2,1,0,0,0,0,0,0,0,0,0,0
530077,1,1,10,10,10,10,10,10,10,10,10,10
530078,1,1,7,7,7,7,7,7,7,7,7,7
530079,1,1,16,16,16,16,16,16,16,16,16,16
530079,2,1,0,0,0,0,0,0,0,0,0,0
530080,1,1,22,22,22,22,22,22,22,22,22,22
530081,1,1,0,0,0,0,0,0,0,0,0,0
530081,2,1,0,0,0,0,0,0,0,0,0,0
530082,1,1,0,0,0,0,0,0,0,0,0,0
530082,2,1,13,0,0,0,0,0,0,13,0,0
530083,1,1,14,14,14,14,14,14,14,14,14,14
530083,2,1,0,0,0,0,0,0,0,0,0,0
530084,0,1,0,0,0,0,0,0,0,0,0,0
530084,1,1,12,12,12,12,12,12,12,12,12,12
530085,1,1,0,0,0,0,0,0,0,0,0,0
530085,2,1,0,0,0,0,0,0,0,0,6,23
530086,0,1,0,0,0,0,0,0,0,0,0,0
530086,1,1,0,0,0,0,0,0,0,0,0,0
530088,1,1,0,0,0,0,0,0,0,0,0,0
530088,2,1,0,0,0,0,0,0,0,0,0,0
530089,1,1,0,0,0,0,0,0,0,0,0,0
530089,2,1,0,0,0,0,0,0,0,0,1,0
530090,1,1,0,0,0,0,0,0,0,0,0,0
530090,2,1,0,0,0,0,0,0,0,0,18,0
530091,1,1,13,13,13,13,13,13,13,13,13,13
530092,0,1,0,0,0,0,0,0,0,0,0,0
530092,1,1,0,0,0,0,0,0,0,0,0,0
530094,1,1,15,15,15,15,15,15,15,15,15,15
530095,1,1,0,0,0,0,0,0,0,0,0,0
530095,2,1,0,0,0,0,0,0,0,0,0,0
530096,1,1,20,20,20,20,20,20,20,20,20,20
530097,1,1,12,12,12,12,12,12,12,12,12,12
530098,1,1,21,21,21,21,21,21,21,21,21,21
530098,2,1,10,10,10,10,10,10,10,10,10,10
530099,1,1,0,0,0,0,0,0,0,0,0,0
530099,2,1,0,0,0,0,0,0,0,0,0,0
530100,1,1,0,0,0,0,0,0,0,0,0,0
530102,1,1,9,9,9,9,9,9,9,9,9,9
530103,1,1,0,0,0,0,0,0,0,0,0,0
530104,1,1,15,15,15,15,15,15,15,15,15,15
530106,1,1,9,9,9,9,9,9,9,9,9,9
530107,1,1,0,0,0,0,0,0,0,0,0,0
530107,2,1,0,0,0,0,0,0,0,0,0,0
530108,1,1,0,0,0,0,0,0,0,0,0,0
530108,2,1,17,0,0,15,0,0,0,0,12,0
530108,3,1,0,0,0,0,0,0,0,0,0,0
530109,1,1,0,0,0,9,0,0,0,0,0,0
530110,1,1,0,0,0,0,0,0,0,0,0,0
530110,2,1,0,0,0,0,0,0,0,0,0,0
530112,0,1,0,0,0,0,0,0,0,0,0,0
530112,1,1,0,0,0,0,0,0,0,0,0,0
530113,1,1,10,10,10,10,10,10,10,10,10,10
530113,2,1,0,0,0,0,0,0,0,0,0,0
530114,1,1,19,19,19,19,19,19,19,19,19,19
530114,2,1,0,0,0,0,0,0,0,0,0,0
530115,1,1,0,0,0,0,0,0,0,0,0,0
530115,2,1,0,0,0,0,0,0,0,0,0,0
530116,1,1,0,0,0,0,0,0,0,0,0,0
530117,1,1,14,14,14,14,14,14,14,14,14,14
530118,1,1,0,0,0,0,0,0,0,0,0,0
530119,0,1,0,0,0,0,0,0,0,0,0,0
530119,1,1,0,0,0,0,0,0,0,0,0,0
530120,0,1,0,0,0,0,0,0,0,0,0,0
530120,1,1,0,0,0,0,0,0,0,0,0,0
530121,1,1,0,0,0,0,0,0,0,0,0,0
530121,2,1,0,0,0,0,0,0,0,0,0,0
530121,3,1,0,0,0,0,0,0,0,0,0,0
530122,1,1,0,0,0,0,0,0,0,0,0,0
530122,2,1,0,0,0,0,0,0,0,10,0,0
530122,3,1,0,0,0,0,0,0,0,0,0,0
530124,0,1,0,0,0,0,0,0,0,0,0,0
530124,1,1,0,0,0,0,0,0,0,0,0,0
530124,2,1,0,0,0,0,0,0,0,0,0,0
530125,1,1,29,29,29,29,29,29,29,29,29,29
530127,0,1,24,24,24,24,24,24,24,24,24,24
530127,1,1,0,11,4,0,0,0,16,0,0,6
530128,1,1,0,0,0,0,0,0,0,0,0,0
530129,1,1,10,10,10,10,10,10,10,10,10,10
530129,2,1,0,0,0,0,0,0,0,0,0,0
530130,1,1,0,0,0,0,0,0,0,0,0,0
530130,2,1,0,0,0,0,0,0,0,0,0,0
530132,0,1,0,0,0,0,0,0,0,0,0,0
530132,1,1,0,0,0,0,0,0,0,0,0,0
530133,1,1,0,0,0,0,0,0,0,0,0,0
530133,2,1,0,0,0,0,0,0,0,0,0,0
530134,1,1,0,0,0,0,0,0,16,0,0,0
530135,1,1,0,0,0,0,0,0,0,0,0,0
530136,1,1,0,0,0,0,0,0,0,0,0,0
530136,2,1,16,0,0,0,0,0,0,0,0,0
530137,1,1,0,0,0,0,0,0,0,0,0,0
530137,2,1,0,0,0,0,0,0,0,0,0,0
530138,1,1,0,0,0,0,0,0,0,0,0,0
530139,1,1,0,0,0,0,0,0,0,0,0,0
530140,1,1,0,0,0,0,0,0,0,0,0,0
530140,2,1,0,0,0,0,0,0,0,0,0,0
530141,1,1,0,0,0,16,0,0,0,24,0,0
530142,1,1,0,0,0,0,0,0,0,0,0,0
530142,2,1,0,0,0,0,0,0,0,0,0,0
530143,1,1,0,0,0,0,0,0,0,0,0,0
530143,2,1,0,0,0,0,0,0,0,0,0,0
530144,1,1,0,0,0,0,0,0,0,0,0,0
530145,1,1,22,22,22,22,22,22,22,22,22,22
530146,1,1,0,0,0,0,0,0,0,0,0,0
530146,2,1,0,0,0,0,0,0,0,0,0,0
530147,1,1,21,21,21,21,21,21,21,21,21,21
530147,2,1,0,0,0,11,0,0,0,0,0,0
530148,1,1,3,3,3,3,3,3,3,3,3,3
530148,2,1,0,0,0,0,0,0,0,0,0,0
530149,1,1,6,27,39,18,19,20,0,13,35,21
530150,1,1,0,0,0,0,0,0,0,0,0,0
530150,2,1,3,3,3,3,3,3,3,3,3,3
530151,1,1,8,8,8,8,8,8,8,8,8,8
530152,1,1,18,18,18,18,18,18,18,18,18,18
530153,1,1,0,0,0,0,0,0,0,0,0,0
530153,2,1,0,0,0,0,0,0,0,0,0,0
530154,1,1,9,9,9,9,9,9,9,9,9,9
530155,1,1,23,23,23,23,23,23,23,23,23,23
530156,1,1,0,0,0,0,0,0,0,0,0,0
530156,2,1,0,0,0,0,0,0,0,0,0,0
530157,0,1,0,0,0,0,0,0,0,0,0,0
530157,1,1,0,0,0,0,0,0,0,0,0,0
530158,1,1,0,0,0,0,0,0,0,0,0,0
530159,1,1,0,0,0,0,0,0,0,0,0,0
530159,2,1,0,17,0,0,0,0,0,0,0,0
530160,1,1,27,27,27,27,27,27,27,27,27,27
530160,2,1,0,0,0,0,20,0,0,0,0,0
530161,1,1,14,14,14,14,14,14,14,14,14,14
530161,2,1,0,0,0,0,0,0,0,0,0,0
530162,1,1,0,0,0,0,0,0,0,0,0,0
530162,2,1,0,0,0,0,0,0,0,0,0,0
530163,1,1,0,0,0,0,0,0,0,0,0,0
530164,1,1,0,0,0,0,0,0,0,0,0,0
530165,0,1,9,21,17,14,7,0,20,29,42,12
530165,0,2,21,26,16,18,48,49,28,8,37,29
530165,0,3,0,28,19,4,21,14,25,37,0,35
530165,0,4,14,14,14,14,14,14,14,14,14,14
530165,0,5,36,35,8,11,13,14,30,11,25,16
530165,1,1,20,20,20,20,20,20,20,20,20,20
530165,2,1,21,0,0,0,0,0,0,0,0,0
530166,0,1,21,21,21,21,21,21,21,21,21,21
530166,1,1,0,0,0,0,0,0,0,0,0,0
530167,1,1,0,0,0,0,0,0,0,0,0,0
530167,2,1,0,0,0,0,0,0,0,0,0,0
530168,1,1,0,0,0,0,0,0,0,0,0,0
530168,2,1,0,0,0,0,0,0,0,0,0,0
530169,0,1,0,0,0,0,0,0,0,0,0,0
530169,1,1,9,9,9,9,9,9,9,9,9,9
530170,1,1,23,23,23,23,23,23,23,23,23,23
530171,1,1,0,0,0,0,0,0,0,0,0,0
530171,2,1,22,0,0,0,0,0,0,0,0,0
530172,1,1,0,0,0,0,0,0,0,0,0,0
530172,2,1,0,0,0,0,0,6,0,0,0,0
530173,1,1,7,7,7,7,7,7,7,7,7,7
530174,1,1,3,3,3,3,3,3,3,3,3,3
530175,1,1,0,0,0,0,0,0,0,0,0,0
530176,1,1,8,8,8,8,8,8,8,8,8,8
530176,2,1,0,0,0,0,0,0,0,0,0,0
530177,1,1,0,24,0,0,0,0,0,0,0,0
530177,2,1,0,0,0,0,0,0,0,0,0,0
530178,1,1,35,22,18,11,12,19,6,5,31,11
530179,1,1,0,0,0,0,0,0,0,0,0,0
530179,2,1,0,0,0,0,0,0,0,0,0,0
530179,3,1,18,0,0,0,0,0,0,0,0,19
530181,0,1,0,0,0,0,0,0,0,0,0,0
530181,1,1,20,0,0,11,0,0,0,0,0,0
530182,0,1,0,0,0,0,0,0,0,0,0,0
530182,1,1,0,0,0,0,0,0,0,0,0,0
530183,1,1,0,0,0,0,0,0,0,0,0,0
530183,2,1,0,0,0,0,0,0,0,0,0,0
530184,1,1,0,0,0,0,0,0,0,0,0,0
530185,1,1,0,0,0,0,0,0,0,0,0,0
530186,1,1,19,19,19,19,19,19,19,19,19,19
530186,2,1,0,0,0,0,0,0,16,0,0,0
530187,1,1,15,15,15,15,15,15,15,15,15,15
530188,1,1,12,12,12,12,12,12,12,12,12,12
530189,1,1,0,0,0,0,0,0,0,0,0,0
530189,2,1,0,0,0,0,0,0,0,0,0,0
530189,3,1,0,0,0,0,0,0,0,0,0,0
530190,0,1,0,0,0,0,0,0,0,0,0,0
530190,1,1,0,0,0,0,0,0,0,0,0,0
530191,1,1,0,0,0,0,0,0,0,0,0,0
530192,1,1,10,10,10,10,10,10,10,10,10,10
530192,2,1,0,16,0,4,0,17,0,0,0,0
530193,1,1,1,1,1,1,1,1,1,1,1,1
530193,2,1,8,8,8,8,8,8,8,8,8,8
530194,1,1,17,0,0,0,0,0,0,0,0,0
530195,1,1,0,0,0,8,0,8,0,0,15,12
530196,1,1,0,0,0,0,0,0,0,0,0,0
530196,2,1,0,0,0,0,0,0,0,0,0,0
530197,0,1,4,4,4,4,4,4,4,4,4,4
530197,1,1,0,0,0,0,0,0,0,0,0,0
530198,1,1,21,21,21,21,21,21,21,21,21,21
530199,1,1,0,0,0,0,0,0,0,0,0,0
530200,1,1,1,1,1,1,1,1,1,1,1,1
530200,2,1,0,0,0,0,0,0,0,0,0,0
530201,1,1,0,0,0,0,0,0,0,0,0,0
530202,1,1,21,21,21,21,21,21,21,21,21,21
530203,1,1,0,0,0,0,0,0,0,9,0,0
530203,2,1,0,0,0,0,0,0,0,0,0,0
530204,1,1,16,16,16,16,16,16,16,16,16,16
530205,1,1,0,0,0,0,0,0,0,0,0,0
530206,0,1,34,34,34,34,34,34,34,34,34,34
530206,1,1,0,0,0,0,0,0,0,0,0,0
530206,2,1,0,0,0,0,0,0,0,0,0,0
530207,1,1,26,26,26,26,26,26,26,26,26,26
530207,2,1,0,0,0,0,0,0,0,0,0,0
530207,3,1,0,18,0,0,4,0,0,0,0,0
530207,4,1,0,0,0,0,0,0,0,0,0,0
530208,1,1,0,0,0,0,0,0,0,0,0,0
530208,2,1,0,0,0,0,0,0,0,0,0,0
530209,1,1,0,0,0,0,0,0,0,0,0,0
530210,1,1,0,0,0,0,0,0,0,0,0,0
530210,2,1,0,0,0,0,0,0,0,0,0,0
530211,0,1,0,0,0,0,0,0,0,0,0,0
530211,1,1,0,0,0,0,0,0,0,0,0,0
530212,1,1,26,26,26,26,26,26,26,26,26,26
530213,1,1,0,0,22,0,12,0,0,0,21,10
530214,1,1,19,19,19,19,19,19,19,19,19,19
530215,1,1,0,0,0,0,0,0,0,0,0,0
530215,2,1,0,0,0,0,0,0,0,0,0,13
530216,1,1,0,0,0,0,0,0,0,0,0,0
530217,1,1,0,0,0,0,0,0,0,0,0,0
530217,2,1,0,0,0,0,0,0,0,0,0,0
530218,1,1,0,0,0,0,0,19,0,0,0,0
530219,1,1,2,2,2,2,2,2,2,2,2,2
530220,0,1,0,0,0,0,0,0,0,0,0,0
530220,1,1,0,0,0,0,0,0,0,0,0,0
530221,1,1,6,6,6,6,6,6,6,6,6,6
530222,1,1,0,0,0,0,0,0,0,0,0,0
530222,2,1,0,0,0,0,0,0,0,0,0,0
530223,1,1,0,0,0,0,0,0,0,0,0,0
530223,2,1,0,0,0,0,0,0,0,0,0,0
530224,1,1,0,0,0,0,0,0,0,0,0,0
530225,0,1,16,16,16,16,16,16,16,16,16,16
530225,1,1,0,0,0,0,0,22,0,0,0,5
530225,2,1,0,0,0,0,0,0,0,0,0,0
530226,1,1,19,19,19,19,19,19,19,19,19,19
530227,1,1,0,0,0,0,0,0,0,0,0,6
530228,1,1,0,0,0,0,0,0,0,0,0,0
530228,2,1,0,0,0,0,0,0,0,0,0,0
530228,3,1,0,0,0,0,0,0,0,0,0,0
530229,1,1,0,0,0,0,0,0,0,0,0,0
530229,2,1,0,0,0,0,0,0,0,0,0,0
530232,1,1,0,0,0,0,0,0,0,0,0,0
530233,1,1,3,3,3,3,3,3,3,3,3,3
530234,0,1,0,0,0,0,0,0,0,0,0,0
530234,1,1,0,0,0,0,0,0,0,20,0,0
530235,0,1,19,19,19,19,19,19,19,19,19,19
530235,1,1,0,0,0,0,0,0,0,0,0,0
530236,1,1,0,0,0,0,0,0,0,0,0,0
530236,2,1,0,0,0,0,0,0,0,0,0,0
530237,1,1,0,0,0,0,0,0,0,0,0,0
530239,1,1,0,0,0,0,0,0,0,0,0,0
530239,2,1,0,0,0,0,0,0,0,0,0,0
530240,1,1,0,0,0,0,0,0,0,0,0,0
530240,2,1,0,0,0,0,0,0,0,0,0,0
530241,1,1,0,0,0,0,0,0,0,0,0,0
530241,2,1,0,0,0,0,0,0,0,0,0,0
530242,0,1,0,0,0,0,0,0,0,0,0,0
530242,1,1,0,0,0,0,0,0,0,0,0,0
530243,1,1,0,0,0,0,0,0,0,0,0,0
530243,2,1,0,0,0,0,0,9,0,0,0,0
530244,1,1,0,0,0,0,0,0,0,0,0,0
530245,0,1,12,12,12,12,12,12,12,12,12,12
530245,1,1,0,0,0,0,0,0,0,0,15,0
530246,1,1,0,0,0,0,0,0,0,0,0,0
530247,1,1,0,0,0,0,0,0,0,0,0,0
530248,1,1,18,18,18,18,18,18,18,18,18,18
530249,1,1,0,0,0,0,0,0,0,0,0,0
530249,2,1,0,0,0,0,0,0,0,0,0,14
530250,1,1,0,0,0,0,0,0,0,0,0,0
530250,2,1,0,0,0,0,0,0,0,0,0,0
530251,0,1,0,0,0,0,0,0,0,0,0,0
530251,1,1,0,0,0,0,0,0,0,0,0,0
530252,1,1,0,0,0,0,0,0,0,0,0,0
530252,2,1,0,0,0,0,0,0,0,0,0,0
530253,1,1,5,5,5,5,5,5,5,5,5,5
530254,1,1,10,10,10,10,10,10,10,10,10,10
530254,2,1,0,0,0,0,0,0,0,0,0,0
530255,1,1,0,0,0,0,0,0,0,0,0,0
530255,2,1,0,0,0,0,0,0,0,0,0,0
530256,1,1,33,33,33,33,33,33,33,33,33,33
530257,0,1,0,0,0,0,0,0,0,0,0,0
530257,1,1,0,0,0,0,0,0,0,0,0,0
530258,1,1,0,0,0,0,0,0,0,0,0,0
530259,1,1,0,0,0,0,0,0,0,0,0,0
530259,2,1,0,0,0,0,0,0,0,0,0,0
530259,3,1,0,0,0,0,0,0,0,0,0,0
530260,0,1,0,0,0,0,0,0,0,0,0,0
530260,1,1,0,0,0,22,15,16,11,0,0,16
530261,0,1,0,0,0,0,0,0,0,0,0,0
530261,1,1,0,0,0,0,0,0,0,0,0,0
530262,1,1,23,23,23,23,23,23,23,23,23,23
530263,1,1,18,18,18,18,18,18,18,18,18,18
530263,2,1,0,0,0,14,0,23,0,0,17,11
530264,1,1,0,0,0,0,0,0,0,0,0,0
530265,1,1,11,11,11,11,11,11,11,11,11,11
530266,1,1,29,29,29,29,29,29,29,29,29,29
530267,1,1,0,0,0,0,0,0,0,0,0,0
530267,2,1,0,0,0,0,0,0,0,0,0,0
530268,1,1,7,7,7,7,7,7,7,7,7,7
530269,1,1,0,0,0,0,0,0,0,0,0,0
530270,1,1,0,0,0,0,0,0,34,0,0,0
530270,2,1,0,0,0,0,0,0,0,0,0,0
530271,1,1,0,0,0,0,0,0,0,0,0,0
530271,2,1,5,5,5,5,5,5,5,5,5,5
530271,3,1,0,14,13,0,0,0,0,0,9,10
530272,1,1,7,7,7,7,7,7,7,7,7,7
530273,1,1,0,0,0,0,0,0,0,0,0,0
530274,1,1,0,0,0,0,0,0,0,26,0,0
530275,0,1,0,0,0,0,0,0,0,0,0,0
530275,1,1,0,14,0,0,0,0,0,0,0,0
530276,1,1,14,14,14,14,14,14,14,14,14,14
530277,1,1,0,0,0,0,0,0,0,0,0,0
530278,1,1,0,0,0,0,0,0,0,0,0,0
530279,1,1,0,0,0,0,0,0,0,0,0,0
530279,2,1,0,0,0,0,0,0,0,0,0,0
530280,1,1,22,6,0,19,0,0,22,0,12,6
530281,0,1,0,0,0,0,0,0,0,0,0,0
530281,0,2,0,0,0,0,18,0,48,26,13,0
530281,0,3,0,0,0,0,19,12,14,0,0,0
530281,0,4,0,0,0,0,0,0,0,0,0,0
530281,1,1,0,0,0,0,0,0,0,0,0,0
530282,1,1,0,0,0,0,0,0,0,0,0,0
530283,0,1,0,0,0,0,0,0,0,0,0,0
530283,1,1,12,0,10,28,0,7,15,0,0,0
530285,1,1,0,0,0,0,0,0,0,0,0,0
530285,2,1,0,0,0,0,0,0,0,0,0,0
530286,1,1,0,0,0,0,0,0,0,0,0,0
530286,2,1,0,0,0,0,0,0,0,0,0,0
530287,1,1,7,7,7,7,7,7,7,7,7,7
530287,2,1,0,0,0,0,0,0,0,0,0,0
530288,0,1,0,0,0,0,0,0,0,0,0,0
530288,1,1,19,19,19,19,19,19,19,19,19,19
530289,1,1,33,33,33,33,33,33,33,33,33,33
530290,1,1,24,24,24,24,24,24,24,24,24,24
530290,2,1,0,0,0,0,0,0,0,0,0,0
530291,1,1,0,0,0,0,0,0,0,0,0,0
530292,0,1,9,37,20,9,22,23,19,25,17,16
530292,0,2,32,32,32,32,32,32,32,32,32,32
530292,1,1,16,16,16,16,16,16,16,16,16,16
530293,1,1,0,0,0,0,0,0,23,0,0,0
530294,1,1,26,8,10,0,0,2,13,6,0,0
530294,2,1,0,0,0,0,0,0,0,0,0,0
530294,3,1,0,0,0,0,0,0,0,0,17,0
530294,4,1,0,0,0,6,0,0,0,0,0,0
530295,1,1,0,0,0,0,0,0,0,0,0,0
530295,2,1,0,0,0,0,0,0,0,0,0,0
530296,1,1,0,0,0,0,15,0,0,0,0,0
530296,2,1,0,0,0,0,0,0,0,0,0,0
530297,1,1,6,6,6,6,6,6,6,6,6,6
530298,1,1,27,27,27,27,27,27,27,27,27,27
530298,2,1,0,0,0,0,0,0,0,0,0,0
530299,1,1,0,27,0,0,0,0,0,0,0,18
530300,1,1,0,0,0,0,0,0,0,0,0,0
530300,2,1,0,10,0,0,0,0,0,0,0,0
530301,1,1,0,0,0,0,0,0,0,0,0,0
530301,2,1,0,0,0,0,0,0,0,0,0,0
530302,1,1,5,5,5,5,5,5,5,5,5,5
530303,1,1,0,0,0,0,0,0,0,0,0,0
530304,1,1,0,0,0,0,0,0,0,0,0,0
530305,1,1,26,26,26,26,26,26,26,26,26,26
530305,2,1,0,0,0,0,0,0,0,0,0,0
530306,1,1,0,0,0,0,0,0,0,0,0,0
530306,2,1,0,0,0,0,0,0,0,0,0,0
530307,1,1,0,0,0,0,0,0,0,0,0,0
530307,2,1,0,0,0,0,0,0,0,0,0,0
530308,1,1,0,0,0,0,0,0,0,0,0,0
530308,2,1,0,0,0,0,0,0,0,0,0,0
530309,1,1,24,0,0,0,0,0,0,0,0,6
530310,1,1,0,0,0,0,0,0,0,0,0,0
530310,2,1,0,0,0,0,0,0,0,0,0,0
530311,1,1,0,0,0,0,0,0,0,0,0,0
530312,1,1,15,15,15,15,15,15,15,15,15,15
530313,0,1,0,0,0,0,0,0,0,0,0,0
530313,1,1,0,0,0,0,0,0,0,0,0,0
530314,1,1,0,0,0,0,0,0,0,0,0,0
530314,2,1,0,0,0,0,0,0,0,0,0,0
530314,3,1,0,0,0,0,0,0,0,0,0,0
530315,1,1,0,0,0,0,0,0,0,0,0,0
530316,0,1,7,7,7,7,7,7,7,7,7,7
530316,1,1,0,0,0,0,0,0,0,0,0,0
530317,1,1,29,24,0,61,14,0,0,0,27,6
530318,1,1,0,0,0,0,0,0,0,0,0,0