ST_CASE,VEH_NO,PER_NO,P1,P2,P3,P4,P5,P6,P7,P8,P9,P10
530319,1,1,20,20,20,20,20,20,20,20,20,20
530320,1,1,0,0,0,0,0,0,0,0,0,0
530320,2,1,0,0,0,0,0,0,0,0,0,0
530324,0,1,0,0,0,0,0,0,0,0,0,0
530324,1,1,0,0,0,0,0,0,0,0,0,0
530325,0,1,6,13,28,0,14,11,0,0,0,0
530325,1,1,0,0,0,0,0,0,0,0,0,0
530326,1,1,11,20,10,23,11,9,10,11,5,11
530327,1,1,13,13,13,13,13,13,13,13,13,13
530328,1,1,0,0,0,0,0,0,21,0,0,0
530328,2,1,0,0,0,0,0,0,0,0,0,0
530329,0,1,0,0,0,0,0,0,0,0,0,0
530329,1,1,0,0,0,0,0,0,0,0,0,0
530330,1,1,0,0,0,0,0,0,0,0,0,0
530330,2,1,0,0,0,0,0,0,0,0,0,0
530331,1,1,0,0,0,0,0,0,0,0,0,0
530331,2,1,0,0,0,0,0,0,0,0,0,0
530332,1,1,18,18,18,18,18,18,18,18,18,18
530333,1,1,0,0,0,0,0,0,0,0,0,0
530333,2,1,0,0,0,0,0,0,0,0,0,0
530334,1,1,0,0,0,0,0,0,0,0,0,0
530334,2,1,0,0,0,0,0,0,0,0,0,0
530335,1,1,12,12,12,12,12,12,12,12,12,12
530336,1,1,0,0,0,0,0,0,0,0,0,0
530336,2,1,16,16,16,16,16,16,16,16,16,16
530337,1,1,0,0,0,0,0,0,0,0,0,0
530337,2,1,0,0,0,0,0,0,0,0,0,0
530338,1,1,0,0,0,0,0,0,0,0,0,0
530338,2,1,0,0,0,0,0,0,0,0,0,0
530339,1,1,0,0,0,0,0,0,0,0,0,0
530340,0,1,0,0,0,0,0,0,0,0,0,0
530340,1,1,0,0,0,0,0,0,0,0,0,0
530341,1,1,0,0,0,0,0,0,0,0,0,0
530341,2,1,0,0,0,0,0,0,0,0,0,0
530342,1,1,0,0,0,0,0,0,0,0,0,0
530343,1,1,0,0,0,0,0,0,0,0,0,0
530343,2,1,3,0,0,0,0,0,0,0,0,0
530344,0,1,8,8,8,8,8,8,8,8,8,8
530344,1,1,13,9,5,9,17,19,22,33,23,14
530345,0,1,0,0,0,0,0,0,38,0,0,0
530345,1,1,12,16,6,12,17,31,15,14,0,15
530346,1,1,19,19,19,19,19,19,19,19,19,19
530347,0,1,41,9,3,0,27,0,36,28,22,11
530347,1,1,0,0,0,0,0,0,0,0,0,0
530348,1,1,15,15,15,15,15,15,15,15,15,15
530348,2,1,0,0,0,0,18,5,0,0,0,0
530349,1,1,0,0,0,0,0,0,0,0,0,0
530350,1,1,31,31,31,31,31,31,31,31,31,31
530351,1,1,0,0,0,0,0,0,0,0,0,0
530351,2,1,0,0,0,0,0,0,0,0,0,0
530352,0,1,24,24,24,24,24,24,24,24,24,24
530352,1,1,0,0,0,0,0,0,0,0,0,0
530354,1,1,13,13,13,13,13,13,13,13,13,13
530355,0,1,0,0,0,0,0,0,0,0,0,0
530355,0,2,0,0,0,0,0,0,0,0,0,0
530355,0,3,0,0,0,0,0,0,0,0,0,0
530355,0,4,0,0,0,0,0,11,0,0,0,0
530355,1,1,0,0,0,0,0,0,0,0,0,0
530356,1,1,0,0,0,0,0,0,0,0,0,0
530356,2,1,0,0,0,0,0,0,0,0,0,0
530356,3,1,0,0,0,9,0,0,0,0,0,0
530357,1,1,12,12,12,12,12,12,12,12,12,12
530358,1,1,0,0,0,0,0,0,0,0,0,0
530358,2,1,0,0,0,0,0,0,0,0,0,0
530359,1,1,0,0,0,0,0,0,0,0,0,0
530359,2,1,0,0,0,0,0,0,0,0,0,0
530360,1,1,0,0,0,0,0,0,0,0,0,0
530360,2,1,0,0,0,0,14,0,0,0,0,0
530361,0,1,21,21,21,21,21,21,21,21,21,21
530361,1,1,0,0,0,0,0,0,12,0,0,0
530362,1,1,0,0,0,0,0,0,0,0,0,0
530363,0,1,0,0,0,0,0,0,0,0,0,0
530363,1,1,0,0,0,0,0,0,0,0,0,0
530364,1,1,0,13,0,0,0,0,10,22,16,31
530365,1,1,0,0,0,0,0,0,0,0,0,0
530365,2,1,0,0,0,0,0,0,0,0,0,0
530366,1,1,0,0,0,0,0,0,0,0,0,0
530367,1,1,0,0,0,0,0,0,0,0,0,0
530367,2,1,0,0,0,0,0,0,0,0,0,8
530367,3,1,0,0,0,0,0,0,0,0,0,0
530368,1,1,11,11,11,11,11,11,11,11,11,11
530369,0,1,5,0,17,0,26,0,0,0,17,13
530369,1,1,0,0,0,0,14,0,0,13,5,8
530370,0,1,0,0,0,0,0,0,0,0,0,0
530370,1,1,0,0,0,0,0,0,0,0,0,0
530371,1,1,10,10,10,10,10,10,10,10,10,10
530372,1,1,0,0,0,0,0,0,0,4,0,0
530372,2,1,0,0,0,0,0,0,0,0,0,0
530373,1,1,0,0,0,0,0,0,0,0,0,0
530374,1,1,36,36,36,36,36,36,36,36,36,36
530375,1,1,25,25,25,25,25,25,25,25,25,25
530375,2,1,0,0,0,0,0,0,0,0,0,0
530376,1,1,0,0,0,0,0,0,0,0,0,0
530376,2,1,0,0,0,0,0,0,0,0,0,0
530377,0,1,0,0,0,0,30,0,0,0,0,0
530377,1,1,0,0,0,0,0,0,0,0,0,0
530378,1,1,3,3,3,3,3,3,3,3,3,3
530379,0,1,0,0,16,0,0,0,0,0,0,0
530379,1,1,0,0,0,0,0,0,0,0,0,0
530380,0,1,0,0,0,0,0,0,0,0,0,0
530380,1,1,0,0,0,0,0,0,0,0,0,0
530381,1,1,0,0,0,0,0,0,0,0,0,0
530381,2,1,0,0,0,0,0,0,0,0,0,0
530383,1,1,0,0,0,0,0,0,0,0,0,0
530383,2,1,0,0,0,0,0,0,0,0,0,0
530383,3,1,0,0,0,0,0,0,0,0,0,0
530384,0,1,3,3,3,3,3,3,3,3,3,3
530384,1,1,0,0,0,0,19,0,0,20,0,0
530385,1,1,25,25,25,25,25,25,25,25,25,25
530386,1,1,28,28,28,28,28,28,28,28,28,28
530386,2,1,0,0,0,0,0,0,0,0,0,0
530387,1,1,22,22,22,22,22,22,22,22,22,22
530388,1,1,19,19,19,19,19,19,19,19,19,19
530389,0,1,0,0,0,0,0,0,0,0,0,0
530389,1,1,0,0,0,0,0,0,0,0,0,0
530390,0,1,0,0,0,0,0,0,0,0,0,0
530390,1,1,0,0,0,12,0,0,0,17,0,8
530391,1,1,0,0,0,0,0,0,0,0,0,0
530392,1,1,0,0,0,0,0,0,0,0,0,0
530392,2,1,0,0,0,0,0,0,0,0,0,0
530393,1,1,2,2,2,2,2,2,2,2,2,2
530394,0,1,0,0,0,0,0,0,0,0,0,0
530394,1,1,0,0,0,0,0,0,0,0,0,0
530395,1,1,0,0,0,0,0,0,0,0,0,0
530397,1,1,25,25,25,25,25,25,25,25,25,25
530398,1,1,16,0,0,0,0,0,18,0,0,0
530398,2,1,0,0,0,0,0,0,0,0,0,0
530398,3,1,0,0,0,0,0,0,0,0,0,0
530399,0,1,20,20,20,20,20,20,20,20,20,20
530399,1,1,0,0,0,0,0,0,0,0,0,0
530399,2,1,0,0,0,0,0,0,0,0,0,0
530399,3,1,0,0,0,0,0,0,0,13,0,0
530400,1,1,0,0,0,0,0,0,21,0,0,0
530400,2,1,0,0,0,0,0,0,0,0,0,0
530401,1,1,0,0,0,0,0,0,0,0,0,0
530401,2,1,0,9,0,0,0,0,0,0,0,0
530402,1,1,0,0,0,0,0,0,0,0,0,0
530402,2,1,0,0,0,0,0,0,0,0,0,0
530402,3,1,0,0,0,0,0,0,0,0,0,0
530403,1,1,5,5,5,5,5,5,5,5,5,5
530403,2,1,0,0,0,0,0,0,0,0,0,0
530404,0,1,0,0,0,0,0,0,0,0,0,0
530404,1,1,0,0,0,0,0,0,0,0,0,0
530405,1,1,0,0,0,0,0,0,0,0,0,0
530406,0,1,29,29,29,29,29,29,29,29,29,29
530406,1,1,0,0,0,0,0,0,0,0,0,0
530407,0,1,0,0,0,0,0,0,0,0,0,0
530407,2,1,0,0,0,0,0,0,0,0,0,0
530408,0,1,0,0,0,0,0,0,0,0,0,0
530408,1,1,4,4,4,4,4,4,4,4,4,4
530409,1,1,0,0,0,0,0,0,0,0,0,0
530409,2,1,0,0,0,0,0,0,0,0,0,0
530409,3,1,0,0,0,0,21,0,0,0,0,6
530410,1,1,0,0,0,0,0,0,0,0,0,0
530410,2,1,42,0,0,0,0,0,0,0,0,0
530411,1,1,0,0,0,0,0,0,0,0,0,0
530411,2,1,0,0,0,0,0,0,0,0,0,0
530412,1,1,0,0,0,0,0,0,0,0,0,0
530412,2,1,22,22,22,22,22,22,22,22,22,22
530413,0,1,0,0,0,0,0,0,0,0,0,0
530413,1,1,0,0,0,0,0,0,0,0,0,0
530414,1,1,0,0,0,0,0,0,0,0,0,0
530414,2,1,0,19,0,21,0,28,0,0,0,8
530414,3,1,0,0,0,0,0,0,0,0,0,0
530415,1,1,25,25,25,25,25,25,25,25,25,25
530416,1,1,0,0,0,0,0,0,0,0,0,0
530416,2,1,0,0,0,0,0,0,0,0,21,0
530418,1,1,0,0,0,0,0,0,0,0,0,0
530418,2,1,0,0,0,0,0,0,0,0,0,0
530419,1,1,17,17,17,17,17,17,17,17,17,17
530420,0,1,0,0,0,0,0,0,0,0,0,0
530420,1,1,0,0,0,0,0,0,0,0,0,0
530421,0,1,0,0,0,0,0,0,0,0,0,0
530421,1,1,0,0,0,0,0,0,0,0,0,0
530421,2,1,18,0,16,0,0,0,0,17,0,0
530422,0,1,0,0,0,0,0,0,0,0,0,0
530422,1,1,0,0,0,0,0,0,0,0,0,0
530423,1,1,25,25,25,25,25,25,25,25,25,25
530424,1,1,0,0,0,0,0,0,0,0,0,0
530425,0,1,0,0,0,0,0,0,0,0,0,0
530425,0,2,0,0,0,0,0,0,0,0,0,0
530425,1,1,0,0,0,0,0,0,0,0,0,0
530426,1,1,17,17,17,17,17,17,17,17,17,17
530426,2,1,0,0,0,0,0,0,0,13,0,0
530427,1,1,0,0,0,0,5,0,0,0,0,0
530427,2,1,0,0,0,0,0,0,0,0,0,25
530428,1,1,9,9,0,0,0,0,0,0,0,0
530428,2,1,0,0,0,0,0,0,0,0,0,0
530429,0,1,0,0,0,0,0,0,0,0,0,0
530429,0,2,0,0,0,0,0,0,0,0,0,0
530429,1,1,0,0,0,0,0,0,0,0,0,0
530430,1,1,0,0,0,0,0,0,0,0,0,0
530431,1,1,6,6,6,6,6,6,6,6,6,6
530432,1,1,0,0,9,9,4,0,25,0,19,19
530433,1,1,0,0,0,0,0,0,0,0,0,0
530434,1,1,17,17,17,17,17,17,17,17,17,17
530435,0,1,0,0,0,0,0,0,0,0,0,0
530435,1,1,0,8,10,0,10,0,12,0,0,0
530436,1,1,0,0,0,0,0,0,0,0,0,0
530437,1,1,0,0,0,0,0,0,0,0,0,0
530437,2,1,0,0,0,0,0,0,0,7,0,0
530438,0,1,0,0,0,0,0,0,0,38,0,0
530438,0,2,0,0,0,0,0,0,0,0,0,0
530438,1,1,9,9,9,9,9,9,9,9,9,9
530439,1,1,0,0,0,0,0,0,0,0,0,0
530440,0,1,12,12,12,12,12,12,12,12,12,12
530440,1,1,0,0,0,0,0,0,0,0,0,0
530441,0,1,0,0,0,0,28,0,11,0,0,0
530442,1,1,0,0,0,0,0,0,0,0,0,0
530443,1,1,0,0,0,0,0,0,0,0,0,0
530444,1,1,22,22,22,22,22,22,22,22,22,22
530444,2,1,0,0,0,0,0,0,0,0,0,0
530444,3,1,0,0,0,0,0,0,0,0,0,0
530445,1,1,6,6,6,6,6,6,6,6,6,6
530445,2,1,0,0,0,0,0,0,0,0,0,0
530446,1,1,0,0,0,0,0,0,0,0,0,0
530447,1,1,0,0,0,0,0,0,0,0,0,0
530448,1,1,25,0,0,12,0,0,19,0,0,0
530449,1,1,0,0,0,0,0,0,0,0,0,0
530449,2,1,0,0,6,11,0,0,27,2,13,0
530450,0,1,0,0,0,0,0,0,0,0,0,0
530450,1,1,0,0,0,0,0,0,0,0,0,16
530451,1,1,0,0,0,0,0,0,0,0,0,2
530451,2,1,0,0,0,0,0,0,0,0,0,0
530451,3,1,0,0,0,0,0,0,0,0,0,0
530452,1,1,0,0,0,0,0,0,0,0,0,0
530452,2,1,0,0,0,0,0,0,0,0,0,0
530453,1,1,0,0,18,0,0,24,0,0,0,0
540001,1,1,0,0,0,0,0,0,0,0,0,0
540002,1,1,0,0,0,0,0,0,0,0,0,0
540003,1,1,23,23,23,23,23,23,23,23,23,23
540003,2,1,0,0,0,0,0,0,0,0,0,0
540004,1,1,0,0,0,0,0,0,0,0,0,0
540006,1,1,14,14,14,14,14,14,14,14,14,14
540007,0,1,15,15,15,15,15,15,15,15,15,15
540007,1,1,0,0,0,0,0,0,0,0,0,0
540008,1,1,19,19,19,19,19,19,19,19,19,19
540009,1,1,11,11,11,11,11,11,11,11,11,11
540010,1,1,25,25,25,25,25,25,25,25,25,25
540011,1,1,0,0,0,0,0,0,0,0,0,0
540012,1,1,0,0,0,0,0,0,0,0,0,0
540013,1,1,0,0,0,0,0,0,0,0,0,0
540013,2,1,0,0,0,0,0,0,0,0,0,0
540014,1,1,0,0,0,0,0,0,0,0,0,0
540014,2,1,0,0,0,0,0,0,0,0,0,0
540015,1,1,0,0,0,0,0,0,0,0,0,0
540015,2,1,0,0,0,0,0,0,0,0,0,0
540016,1,1,13,13,13,13,13,13,13,13,13,13
540017,1,1,0,0,0,0,0,0,0,0,0,0
540017,2,1,0,0,0,0,0,0,0,0,9,0
540018,1,1,0,0,0,0,0,0,0,0,0,0
540019,1,1,0,0,0,0,0,0,0,0,0,0
540020,1,1,18,18,18,18,18,18,18,18,18,18
540021,0,1,15,15,15,15,15,15,15,15,15,15
540021,1,1,0,0,0,0,0,0,0,0,0,0
540022,1,1,0,0,0,0,0,0,0,0,0,0
540022,2,1,0,0,0,0,0,0,0,0,0,0
540023,1,1,0,0,0,0,0,0,0,0,0,0
540024,1,1,23,23,23,23,23,23,23,23,23,23
540024,2,1,0,0,0,0,0,0,0,0,0,0
540025,1,1,0,0,0,0,0,0,0,0,0,0
540025,2,1,0,0,0,0,0,0,0,0,0,0
540026,1,1,0,0,0,0,0,0,0,0,0,0
540026,2,1,0,0,0,0,0,0,0,0,0,0
540027,1,1,22,22,22,22,22,22,22,22,22,22
540028,1,1,0,0,0,0,0,0,0,0,0,0
540028,2,1,0,0,0,0,0,0,0,0,0,0
540029,1,1,0,0,0,0,24,0,0,0,25,0
540029,2,1,0,0,0,0,0,0,0,0,0,0
540030,1,1,0,0,0,0,0,0,0,0,0,0
540030,2,1,0,0,0,0,0,0,0,0,0,0
540032,1,1,0,0,0,0,0,0,0,0,0,0
540032,2,1,0,0,0,0,0,0,0,0,0,0
540033,1,1,0,0,0,0,0,0,0,0,0,0
540034,1,1,12,12,12,12,12,12,12,12,12,12
540035,1,1,0,0,0,0,0,0,0,0,0,0
540036,1,1,14,0,0,0,0,0,0,0,0,0
540037,1,1,20,20,20,20,20,20,20,20,20,20
540038,1,1,13,13,13,13,13,13,13,13,13,13
540039,0,1,0,0,0,0,0,0,0,0,0,0
540039,1,1,0,0,0,0,0,0,0,0,0,0
540040,1,1,12,12,12,12,12,12,12,12,12,12
540041,1,1,21,21,21,21,21,21,21,21,21,21
540042,1,1,0,0,0,0,0,0,0,0,0,0
540042,2,1,0,0,0,0,0,0,0,0,0,0
540043,0,1,0,0,0,0,0,0,0,0,0,0
540043,1,1,0,0,0,0,0,0,0,0,0,0
540044,1,1,0,0,0,0,0,0,0,0,0,0
540045,0,1,33,33,33,33,33,33,33,33,33,33
540045,1,1,0,0,0,8,16,0,7,0,3,0
540046,1,1,0,0,0,0,0,0,0,28,0,0
540047,1,1,0,0,0,0,0,0,0,0,0,0
540047,2,1,0,0,0,0,0,0,0,0,0,0
540047,3,1,0,0,0,0,0,0,0,0,0,0
540048,1,1,0,0,0,0,0,0,0,0,0,0
540048,2,1,0,0,0,0,0,0,0,0,0,0
540048,3,1,0,0,0,0,0,0,0,0,0,0
540049,1,1,0,0,0,0,0,0,0,0,0,0
540049,2,1,0,0,0,0,0,0,0,0,0,0
540050,1,1,18,18,18,18,18,18,18,18,18,18
540050,2,1,0,0,0,0,0,0,6,0,0,0
540051,1,1,0,0,0,0,0,0,0,0,0,0
540051,2,1,0,0,0,0,0,0,0,0,0,0
540052,1,1,7,7,7,7,7,7,7,7,7,7
540053,1,1,10,0,0,0,0,0,0,0,0,0
540053,2,1,0,0,0,0,0,0,0,0,0,0
540054,1,1,8,26,16,19,18,8,16,34,17,17
540055,1,1,0,0,0,0,0,0,0,0,0,0
540055,2,1,1,1,1,1,1,1,1,1,1,1
540056,1,1,0,0,0,0,0,0,0,0,0,0
540057,1,1,21,0,0,0,0,0,0,0,0,0
540058,1,1,0,0,0,0,0,0,0,0,0,0
540059,0,1,0,0,0,5,0,0,0,0,0,17
540059,1,1,0,0,0,0,0,0,0,0,0,0
540060,1,1,0,0,0,0,0,0,0,0,0,0
540060,2,1,0,0,0,0,0,0,0,0,0,0
540061,1,1,0,0,0,0,0,0,0,0,0,0
540062,1,1,0,0,0,0,0,0,0,0,0,0
540062,2,1,0,0,0,0,0,0,0,0,0,0
540063,1,1,11,11,11,11,11,11,11,11,11,11
540064,1,1,0,0,0,0,0,0,0,0,0,0
540064,2,1,8,8,8,8,8,8,8,8,8,8
540065,1,1,7,7,7,7,7,7,7,7,7,7
540066,1,1,0,0,0,0,0,0,0,0,0,0
540067,1,1,0,0,0,0,0,0,0,0,0,0
540067,2,1,0,0,0,0,0,0,0,0,0,0
540068,0,1,0,0,0,0,0,0,0,0,0,0
540068,1,1,0,0,18,0,0,0,0,9,14,18
540069,1,1,0,0,0,0,0,0,0,0,0,1
540069,2,1,0,0,0,0,0,0,0,0,0,0
540071,1,1,0,0,0,0,0,0,0,0,0,0
540071,2,1,14,0,11,0,0,0,0,0,0,0
540072,1,1,0,0,0,0,0,0,0,0,0,0
540072,2,1,0,0,0,0,0,10,0,0,0,0
540073,1,1,16,16,16,16,16,16,16,16,16,16
540074,1,1,13,13,13,13,13,13,13,13,13,13
540075,1,1,4,4,4,4,4,4,4,4,4,4
540076,1,1,11,11,11,11,11,11,11,11,11,11
540076,2,1,0,0,0,0,0,0,0,0,0,0
540077,1,1,0,0,0,0,0,0,0,0,0,0
540077,2,1,0,0,0,0,0,0,0,0,0,0
540078,1,2,7,0,13,20,0,13,28,24,0,0
540079,1,1,0,0,0,0,0,0,0,0,0,0
540079,2,1,0,0,0,0,0,0,0,0,0,0
540080,1,1,0,0,0,0,0,0,0,0,0,0
540080,2,1,0,0,0,0,0,0,0,0,0,0
540081,1,1,15,15,15,15,15,15,15,15,15,15
540082,1,1,0,0,0,0,0,0,0,0,0,0
540082,2,1,0,0,0,0,0,0,0,0,0,0
540083,1,1,10,17,7,0,19,16,0,0,24,0
540084,1,1,30,30,30,30,30,30,30,30,30,30
540085,1,1,0,0,0,0,0,0,0,0,0,0
540086,1,1,0,0,0,0,0,0,0,0,0,0
540087,1,1,0,0,0,0,0,0,0,0,0,0
540088,1,1,0,0,0,0,0,0,0,0,0,0
540089,1,1,2,2,2,2,2,2,2,2,2,2
540089,2,1,0,0,0,0,0,0,0,0,0,0
540090,1,1,9,0,4,7,5,14,6,1,6,0
540090,2,1,0,0,0,0,0,0,0,9,0,0
540091,1,1,21,21,21,21,21,21,21,21,21,21
540092,1,1,0,10,0,0,0,0,0,0,12,0
540093,1,1,0,0,0,0,0,0,0,0,0,0
540094,1,1,0,0,0,0,0,0,0,0,0,0
540094,2,1,0,0,0,0,0,0,0,0,0,0
540095,1,1,0,0,0,0,0,0,0,0,0,0
540095,2,1,0,0,0,0,0,0,0,0,0,0
540095,3,1,0,0,0,0,0,0,0,2,0,0
540095,4,1,0,0,0,0,0,26,0,0,0,0
540096,1,1,0,0,0,0,0,0,0,0,0,0
540096,2,1,0,0,8,0,0,0,0,0,22,0
540096,3,1,0,0,0,0,0,0,0,0,0,0
540096,4,1,0,0,0,0,0,0,0,0,0,0
540097,1,1,0,0,0,0,0,0,0,0,0,0
540097,2,1,0,0,0,0,0,0,0,0,0,0
540098,1,1,0,0,0,0,0,0,0,0,0,0
540098,2,1,0,0,0,0,0,0,0,0,0,0
540099,1,1,0,0,0,0,0,0,0,0,0,0
540100,1,1,0,0,0,0,0,0,0,0,0,0
540101,1,1,0,0,0,0,0,0,0,0,0,0
540102,1,1,20,22,46,17,13,4,30,18,19,30
540103,1,1,14,14,14,14,14,14,14,14,14,14
540104,1,1,20,20,20,20,20,20,20,20,20,20
540105,1,1,0,0,0,0,0,0,0,0,0,0
540105,2,1,0,0,0,0,0,0,0,0,0,17
540106,1,1,0,0,0,0,0,0,0,0,0,0
540107,1,1,22,22,22,22,22,22,22,22,22,22
540108,1,1,0,0,0,0,0,0,0,0,0,0
540109,0,1,11,51,34,11,49,41,6,31,6,19
540109,1,1,5,5,5,5,5,5,5,5,5,5
540110,1,1,0,0,0,0,0,0,0,0,0,0
540111,1,1,0,0,0,0,0,0,0,0,0,0
540111,2,1,17,17,17,17,17,17,17,17,17,17
540112,1,1,0,0,0,0,0,0,0,0,0,0
540112,2,1,20,20,20,20,20,20,20,20,20,20
540113,1,1,0,10,14,8,0,0,0,7,12,0
540113,2,1,0,0,0,0,0,0,0,0,0,0
540114,1,1,0,0,0,0,0,0,0,0,0,0
540115,1,1,0,0,0,0,0,0,0,0,0,0
540116,1,1,16,16,16,16,16,16,16,16,16,16
540117,1,1,14,14,14,14,14,14,14,14,14,14
540118,1,1,0,0,0,0,0,0,0,0,0,0
540118,2,1,0,0,0,0,0,0,0,0,0,0
540119,1,1,22,22,22,22,22,22,22,22,22,22
540120,1,1,0,0,0,0,0,0,0,0,0,0
540120,2,1,0,0,0,0,0,0,0,0,0,0
540121,1,1,0,0,0,0,0,0,0,0,0,0
540121,2,1,0,0,0,0,0,0,0,0,0,0
540122,1,1,0,0,0,0,0,0,0,0,0,0
540123,1,1,0,0,0,0,0,0,0,0,0,0
540123,2,1,0,0,0,0,0,0,0,0,0,0
540124,1,1,0,0,0,0,0,0,0,0,0,0
540125,1,1,0,0,0,0,0,0,0,0,0,0
540126,1,1,0,0,0,0,0,0,0,0,0,0
540127,1,1,0,0,0,0,0,0,0,0,0,0
540128,1,1,18,18,18,18,18,18,18,18,18,18
540129,1,1,21,21,21,21,21,21,21,21,21,21
540129,2,1,0,0,0,0,0,0,0,0,0,0
540130,1,1,27,27,27,27,27,27,27,27,27,27
540130,2,1,0,0,0,0,0,0,0,0,0,0
540131,1,1,0,0,0,0,0,0,12,0,0,0
540131,2,1,0,0,0,0,0,0,0,0,0,0
540132,0,1,0,0,0,0,0,0,0,0,0,0
540132,1,1,8,15,18,13,13,4,9,6,9,12
540133,1,1,17,17,17,17,17,17,17,17,17,17
540134,1,1,0,0,0,0,0,0,0,0,0,0
540135,1,1,2,2,2,2,2,2,2,2,2,2
540136,1,1,0,0,18,0,10,0,31,24,28,9
540137,1,1,27,10,14,14,17,14,23,18,14,25
540138,1,1,0,14,12,12,8,11,3,25,6,5
540139,1,1,19,19,19,19,19,19,19,19,19,19
540140,1,1,2,2,2,2,2,2,2,2,2,2
540141,1,1,0,0,0,0,0,0,0,0,0,0
540141,2,1,0,0,0,0,0,17,0,0,0,0
540142,1,1,0,0,0,0,0,0,0,0,0,0
540143,0,1,0,0,0,0,0,0,0,0,0,0
540143,1,1,0,0,0,0,0,0,0,0,0,0
540144,1,1,0,0,0,0,0,0,0,0,0,0
540144,2,1,20,6,0,8,20,19,0,0,0,0
540145,1,1,0,0,0,0,0,0,0,0,0,0
540146,1,1,26,18,7,13,6,10,40,16,0,24
540147,0,1,0,0,0,0,0,0,0,0,0,0
540147,1,1,0,0,0,0,0,0,0,0,0,0
540148,1,1,0,0,0,0,0,0,0,0,0,0
540149,1,1,16,16,16,16,16,16,16,16,16,16
540150,1,1,0,0,0,0,0,0,0,0,0,0
540151,1,1,22,22,22,22,22,22,22,22,22,22
540152,1,1,0,0,0,0,0,0,0,0,0,0
540153,1,1,30,30,30,30,30,30,30,30,30,30
540154,1,1,0,0,0,0,0,0,0,0,0,0
540155,1,1,0,0,0,0,0,0,0,0,0,0
540156,1,1,16,0,0,8,14,28,10,15,0,6
540157,1,1,0,0,0,0,0,0,0,0,0,0
540158,1,1,20,16,19,0,25,10,20,12,0,19
540159,1,1,0,0,0,0,0,0,0,0,0,0
540160,1,1,0,0,0,0,0,0,0,0,0,0
540161,1,1,35,9,20,22,24,14,22,4,42,15
540162,1,1,0,0,0,0,0,0,0,0,0,0
540162,2,1,0,0,0,0,0,0,0,0,0,0
540163,1,1,4,4,4,4,4,4,4,4,4,4
540163,2,1,0,0,0,0,0,0,0,0,0,0
540163,3,1,16,0,0,0,0,0,0,0,0,0
540164,0,1,0,0,0,0,0,0,0,0,0,0
540164,1,1,0,0,0,42,0,10,0,21,12,0
540165,1,1,15,15,15,15,15,15,15,15,15,15
540166,1,1,0,0,0,0,0,0,0,0,0,0
540166,2,1,0,0,0,0,0,0,0,0,0,0
540167,1,1,0,0,0,0,0,0,0,0,0,0
540167,2,1,0,0,0,0,0,0,0,0,0,0
540168,1,1,0,0,0,0,0,0,0,0,0,0
540168,2,1,0,0,0,0,0,0,0,0,0,0
540169,1,1,0,0,0,0,0,0,0,0,0,0
540169,2,1,0,0,0,0,0,0,0,0,0,0
540170,1,1,0,0,0,0,0,0,0,0,0,0
540170,2,1,0,0,0,0,0,0,0,0,0,0
540171,1,1,3,3,3,3,3,3,3,3,3,3
540172,1,1,0,0,0,0,0,0,0,0,0,0
540172,2,1,0,0,0,0,0,0,0,0,0,0
540173,1,1,0,0,0,0,0,0,0,0,0,0
540173,2,1,0,0,0,0,0,0,0,0,0,0
540174,1,1,6,0,0,0,0,0,0,0,0,0
540174,2,1,12,0,0,0,0,0,0,0,0,0
540175,1,1,19,19,19,19,19,19,19,19,19,19
540176,1,1,19,19,19,19,19,19,19,19,19,19
540177,0,1,0,0,0,0,0,0,0,0,0,0
540177,0,2,0,0,0,0,0,0,0,0,0,0
540177,0,3,0,0,0,0,0,0,0,0,0,0
540177,1,1,0,0,0,0,0,0,10,0,0,0
540178,0,1,0,14,9,0,40,10,29,32,26,39
540178,1,1,0,0,13,0,0,0,0,0,0,0
540179,1,1,0,0,0,0,0,0,0,0,0,0
540181,1,1,8,8,8,8,8,8,8,8,8,8
540182,1,1,0,0,0,0,0,0,0,0,0,0
540183,0,1,0,0,0,0,0,0,0,0,0,0
540183,1,1,0,0,0,0,0,0,0,0,0,0
540184,0,1,0,0,0,0,0,0,0,0,0,0
540184,1,1,0,10,12,0,0,0,24,0,0,0
540185,1,1,0,0,0,0,0,0,0,0,0,0
540185,2,1,0,0,25,0,0,6,0,0,0,0
540186,1,1,0,0,0,0,0,0,0,0,0,0
540186,2,1,0,0,0,0,0,0,0,0,0,0
540187,1,1,0,0,0,0,0,0,0,0,0,0
540187,2,1,0,0,0,0,0,0,0,0,0,0
540187,3,1,0,0,0,0,0,0,32,0,0,0
540188,1,1,0,0,0,0,0,0,0,0,0,0
540188,2,1,0,0,0,0,0,0,0,0,0,0
540189,1,1,0,0,0,0,0,0,0,0,0,0
540189,2,1,0,0,0,0,0,0,0,0,0,0
540190,1,1,0,0,0,0,0,0,0,0,0,0
540190,2,1,0,0,0,14,0,0,0,0,0,0
540191,1,1,0,0,0,0,0,0,0,0,0,0
540191,2,1,0,0,0,0,0,0,0,0,0,0
540192,1,1,10,10,10,10,10,10,10,10,10,10
540193,1,1,15,15,15,15,15,15,15,15,15,15
540194,0,1,0,0,0,0,0,0,0,0,0,0
540194,1,1,0,0,0,0,0,0,0,0,0,0