ST_CASE,VEH_NO,PER_NO,P1,P2,P3,P4,P5,P6,P7,P8,P9,P10
540195,1,1,0,0,0,0,0,0,0,0,0,0
540196,1,1,0,0,0,0,0,0,0,0,0,0
540196,2,1,0,0,0,0,24,0,0,0,15,0
540197,1,1,0,0,0,0,0,0,0,0,0,0
540197,2,1,0,0,0,0,0,0,0,0,0,0
540198,0,1,12,12,12,12,12,12,12,12,12,12
540198,1,1,0,0,0,0,0,0,0,0,0,0
540199,1,1,0,0,0,0,0,0,0,0,0,0
540199,2,1,0,0,0,0,0,0,0,0,0,0
540200,1,1,13,33,9,14,15,7,26,18,21,14
540200,2,1,0,0,0,0,0,0,0,0,0,0
540200,3,1,0,0,0,0,0,0,0,0,0,0
540201,1,1,0,0,0,0,0,0,0,0,0,0
540202,1,1,0,0,0,0,0,0,0,0,0,0
540202,2,1,0,0,0,0,0,0,0,0,0,0
540203,1,1,0,0,0,0,0,0,0,0,0,0
540204,1,1,0,0,0,0,0,0,0,0,0,0
540205,1,1,0,0,0,0,0,0,0,0,0,0
540205,2,1,0,0,0,0,0,0,0,0,0,0
540206,1,1,13,13,13,13,13,13,13,13,13,13
540207,1,1,21,21,21,21,21,21,21,21,21,21
540208,1,1,0,0,0,0,0,0,0,0,0,0
540209,1,2,3,0,7,14,0,0,0,0,0,26
540210,1,1,0,0,0,0,0,0,0,0,0,0
540211,1,1,9,9,9,9,9,9,9,9,9,9
540212,1,1,0,0,0,0,0,0,0,0,0,0
540213,1,1,0,0,0,0,0,0,0,0,0,0
540214,1,1,0,0,0,0,0,0,0,0,0,0
540214,2,1,0,0,0,0,0,0,0,0,0,0
540215,1,1,0,0,0,0,0,0,0,0,0,0
540215,2,1,0,0,0,0,0,0,0,0,0,0
540215,3,1,0,0,0,0,0,0,0,0,0,0
540215,4,1,0,0,0,0,0,0,0,0,0,0
540216,0,1,0,0,0,0,0,0,0,0,0,0
540216,1,1,20,0,0,22,0,0,3,21,0,0
540217,1,1,0,0,0,0,0,0,0,0,0,0
540217,2,1,0,0,0,0,0,0,0,0,0,0
540218,1,1,0,0,0,0,0,0,0,0,0,0
540219,1,1,21,21,21,21,21,21,21,21,21,21
540220,1,1,0,0,0,0,0,0,0,0,22,0
540220,2,1,0,0,0,0,0,0,0,0,0,18
540221,1,1,0,0,0,0,0,0,0,0,0,0
540222,1,1,18,18,18,18,18,18,18,18,18,18
540223,1,1,30,30,30,30,30,30,30,30,30,30
540224,0,1,0,0,0,0,0,0,0,0,0,0
540224,1,1,11,25,7,12,9,7,21,9,0,18
540225,1,1,0,0,0,0,0,0,0,0,0,0
540226,1,1,0,0,0,0,0,0,0,0,0,0
540227,1,1,0,0,0,0,0,0,0,0,0,0
540228,1,1,0,0,0,0,0,0,0,0,0,0
540229,1,1,11,32,17,28,28,23,39,25,17,26
540230,1,1,0,0,0,0,0,0,0,0,0,0
540231,0,1,0,0,0,0,0,0,0,0,0,0
540231,1,1,0,0,0,0,0,0,0,0,0,0
540232,1,1,0,0,0,0,0,0,0,0,0,0
540233,1,1,29,29,29,29,29,29,29,29,29,29
540234,1,1,0,0,0,0,0,0,0,0,0,0
540235,1,1,0,0,0,0,0,0,0,0,0,0
540236,1,1,26,21,0,20,0,17,20,29,21,20
540237,1,1,0,0,0,0,0,0,0,0,0,0
540237,2,1,0,0,0,0,0,0,0,0,0,0
540238,1,1,20,20,20,20,20,20,20,20,20,20
540238,2,1,0,0,0,0,0,0,0,0,0,0
540239,1,1,0,0,0,0,0,0,0,0,0,0
540239,2,1,0,0,0,0,0,0,0,0,0,0
540240,1,1,0,15,25,20,0,36,0,0,0,18
540241,1,1,0,0,0,0,0,0,0,0,0,0
540241,2,1,0,0,0,0,0,0,0,0,0,0
540242,1,1,0,0,0,0,0,0,0,0,11,0
540242,2,1,0,0,0,0,0,0,0,0,0,0
540243,1,1,0,0,0,0,0,0,0,0,0,0
540243,2,1,0,0,0,0,0,0,0,0,8,0
540243,3,1,0,13,0,0,0,0,0,0,0,17
540243,4,1,0,0,0,0,0,0,0,0,0,0
540243,5,1,5,0,17,0,0,0,0,0,0,0
540243,6,1,0,15,0,0,0,0,0,0,0,0
540244,1,1,0,0,0,0,0,0,0,0,0,0
540244,2,1,0,0,0,0,0,0,0,0,0,0
540245,1,1,0,0,0,0,0,0,0,0,0,0
540245,2,1,0,0,0,0,0,0,0,0,0,0
540245,3,1,0,0,0,0,0,0,0,6,0,0
540245,4,1,0,0,0,0,0,0,0,0,0,0
540246,1,1,0,0,0,0,0,0,0,0,0,0
540246,2,1,0,0,0,0,0,0,0,8,0,0
550001,1,1,19,19,19,19,19,19,19,19,19,19
550002,1,1,34,34,34,34,34,34,34,34,34,34
550003,1,1,21,21,21,21,21,21,21,21,21,21
550004,1,1,0,0,0,0,0,0,0,0,0,0
550004,2,1,0,0,0,0,0,0,0,0,0,0
550005,0,1,0,0,0,0,0,0,0,0,0,0
550005,0,2,18,18,18,18,18,18,18,18,18,18
550005,1,1,0,0,0,0,0,0,0,0,5,0
550006,1,1,11,0,0,0,0,19,25,0,0,11
550007,1,1,0,0,0,0,0,0,0,0,0,0
550007,2,1,0,0,0,0,0,0,0,0,0,0
550008,1,1,0,0,0,0,0,0,0,0,0,11
550008,2,1,0,0,0,0,0,0,0,0,0,0
550009,0,1,0,0,0,0,0,0,0,0,0,0
550009,1,1,0,0,0,0,0,0,0,0,0,0
550010,1,1,0,0,0,0,0,0,0,0,0,0
550010,2,1,0,0,0,0,0,0,0,0,0,0
550011,0,1,0,0,0,0,0,0,0,0,0,0
550011,1,1,0,0,0,0,0,0,0,0,0,0
550012,1,1,0,0,0,0,0,0,0,0,0,0
550013,1,1,6,17,15,14,13,27,20,21,25,6
550014,1,1,0,0,0,0,0,0,0,0,0,0
550015,1,1,0,0,0,0,0,0,0,0,0,0
550015,2,1,0,0,0,0,0,0,0,0,0,0
550016,1,1,0,11,0,16,0,0,7,0,14,5
550017,1,1,25,25,25,25,25,25,25,25,25,25
550018,0,1,0,0,0,0,0,0,0,0,0,0
550018,2,1,0,0,0,0,0,0,0,0,0,0
550019,0,1,23,23,23,23,23,23,23,23,23,23
550019,1,1,13,13,13,13,13,13,13,13,13,13
550020,0,1,24,24,24,24,24,24,24,24,24,24
550020,1,1,0,0,0,0,0,0,0,0,0,0
550021,1,1,0,0,0,0,0,0,0,0,0,0
550021,2,1,0,0,0,0,0,0,0,0,0,0
550022,1,1,25,25,25,25,25,25,25,25,25,25
550023,1,1,0,0,0,0,0,0,0,0,0,0
550023,2,1,0,0,0,0,0,0,0,0,0,0
550024,1,1,0,0,0,0,0,0,0,0,0,0
550024,2,1,0,0,0,0,0,0,0,0,0,0
550025,1,1,16,16,16,16,16,16,16,16,16,16
550025,2,1,0,0,0,0,0,0,0,0,0,0
550026,1,1,0,0,0,0,0,0,0,0,0,0
550026,2,1,0,0,0,0,0,0,0,0,0,0
550027,1,1,0,0,0,0,0,0,0,0,14,0
550027,2,1,0,0,0,0,0,0,0,0,0,0
550028,1,1,0,0,0,0,0,0,0,0,0,0
550029,1,1,0,0,0,0,0,0,0,0,0,0
550030,1,1,11,11,11,11,11,11,11,11,11,11
550031,1,1,0,0,0,0,0,0,0,0,0,0
550032,1,1,0,0,0,0,0,0,0,0,0,0
550032,2,1,0,0,0,0,0,0,0,0,0,0
550033,1,1,0,0,0,0,0,0,0,0,0,0
550033,2,1,0,0,0,0,0,0,0,0,0,0
550034,1,1,0,14,0,14,0,0,0,0,0,0
550034,2,1,0,0,0,0,0,0,0,0,0,0
550035,0,1,0,0,0,0,0,0,0,0,0,0
550035,1,1,0,0,0,0,0,0,0,0,0,0
550036,1,1,19,19,19,19,19,19,19,19,19,19
550036,2,1,0,0,0,0,0,0,0,0,0,0
550037,1,1,0,0,0,0,0,0,0,0,0,0
550038,0,1,0,0,0,0,0,0,0,0,0,0
550038,1,1,0,0,0,0,0,0,0,0,0,0
550039,1,1,0,0,0,0,0,0,0,0,0,0
550039,2,1,0,0,0,0,0,0,0,0,0,0
550039,3,1,0,0,0,0,0,0,0,0,0,0
550040,1,1,18,18,18,18,18,18,18,18,18,18
550041,1,1,0,0,0,0,0,0,0,0,0,0
550041,2,1,0,0,0,0,0,0,0,0,0,0
550042,1,1,26,26,26,26,26,26,26,26,26,26
550043,1,1,0,0,0,0,0,0,0,0,0,0
550043,2,1,0,0,0,0,0,0,0,0,0,0
550044,1,1,0,0,0,0,0,0,2,0,0,0
550044,2,1,0,0,0,0,10,0,0,0,0,0
550045,1,1,17,17,17,17,17,17,17,17,17,17
550046,1,1,20,20,20,20,20,20,20,20,20,20
550046,2,1,0,0,0,0,0,0,0,0,0,0
550047,1,1,0,0,0,0,0,0,0,0,0,0
550047,2,1,0,0,0,0,0,0,0,0,0,0
550048,1,1,0,0,0,0,0,0,0,0,0,0
550048,2,1,0,0,0,0,0,0,0,0,0,0
550049,1,1,0,0,0,0,0,0,0,0,0,0
550049,2,1,0,0,0,0,0,0,0,0,0,0
550050,1,1,0,0,0,0,0,0,0,0,0,0
550050,2,1,0,0,0,0,0,0,0,0,0,0
550051,1,1,0,0,0,0,0,0,0,0,0,0
550051,2,1,0,0,0,0,0,0,0,0,0,0
550052,1,1,0,0,0,0,0,0,0,0,0,0
550052,2,1,0,0,0,0,0,0,0,0,0,0
550053,1,1,0,0,0,0,0,0,0,0,0,0
550053,2,1,0,0,0,0,0,0,0,0,0,0
550054,0,1,0,0,0,0,0,0,0,0,0,0
550054,1,1,0,0,0,0,0,0,0,0,0,0
550055,1,1,23,23,23,23,23,23,23,23,23,23
550056,0,1,0,0,0,0,0,0,0,0,0,0
550056,1,1,0,0,0,0,0,0,0,0,0,0
550057,1,1,29,29,29,29,29,29,29,29,29,29
550057,2,1,0,0,0,0,0,0,0,0,0,0
550058,1,1,0,0,0,0,0,0,0,0,0,0
550058,2,1,0,0,0,0,0,0,0,0,0,0
550058,3,1,0,0,0,0,0,0,0,0,0,0
550059,1,1,5,0,0,0,0,0,0,0,0,0
550059,2,1,0,0,0,0,0,0,0,0,0,0
550060,0,1,19,19,19,19,19,19,19,19,19,19
550060,1,1,0,0,0,0,0,0,0,0,0,0
550061,1,1,0,0,0,0,0,0,0,0,0,0
550061,2,1,12,12,12,12,12,12,12,12,12,12
550062,1,1,22,22,22,22,22,22,22,22,22,22
550063,1,1,0,0,0,0,0,0,0,0,0,0
550063,2,1,22,22,22,22,22,22,22,22,22,22
550064,1,1,18,18,18,18,18,18,18,18,18,18
550064,2,1,0,0,0,0,0,0,7,0,0,0
550065,1,1,22,22,22,22,22,22,22,22,22,22
550066,1,1,0,0,0,0,0,0,0,0,0,0
550066,2,1,0,0,0,0,0,0,0,0,0,0
550067,1,1,14,14,14,14,14,14,14,14,14,14
550068,1,1,11,11,11,11,11,11,11,11,11,11
550068,2,1,0,0,0,0,0,0,0,0,0,0
550069,1,1,0,0,0,0,0,0,0,0,0,0
550069,2,1,0,0,0,0,0,0,0,0,0,0
550070,1,1,11,11,11,11,11,11,11,11,11,11
550071,1,1,32,32,32,32,32,32,32,32,32,32
550072,1,1,0,0,0,0,0,0,0,0,0,0
550072,2,1,0,0,0,0,0,0,0,0,0,0
550073,1,1,0,0,0,0,0,0,0,0,0,0
550074,1,1,10,10,10,10,10,10,10,10,10,10
550075,0,1,0,0,0,0,0,0,0,0,0,0
550075,1,1,0,0,0,0,0,0,0,0,0,0
550076,0,1,0,0,0,0,0,0,0,0,0,0
550077,1,1,0,8,0,12,0,0,0,0,0,9
550078,1,1,0,0,0,0,0,0,0,0,0,0
550078,2,1,0,0,0,0,0,0,0,0,0,0
550078,3,1,0,0,0,0,0,0,0,0,0,0
550079,1,1,0,0,0,0,0,0,0,0,0,0
550080,0,1,0,0,0,0,0,0,0,0,0,0
550080,1,1,0,0,0,0,0,0,0,0,0,0
550081,1,1,0,0,0,0,0,0,0,0,0,0
550082,1,1,0,0,0,0,0,0,0,0,0,0
550082,2,1,0,0,0,0,0,0,0,0,0,0
550083,1,1,23,23,23,23,23,23,23,23,23,23
550084,1,1,0,45,0,0,0,0,28,0,0,0
550084,2,1,0,0,0,0,0,0,0,0,0,0
550084,3,1,0,0,0,0,0,0,0,0,0,0
550085,1,1,0,0,0,0,0,0,0,0,0,0
550085,2,1,0,11,0,0,0,19,0,0,0,0
550086,1,1,0,0,0,0,0,0,0,0,0,0
550086,2,1,0,0,0,0,0,0,0,0,0,0
550087,1,1,0,0,0,0,0,0,0,0,0,0
550087,2,1,0,0,0,0,0,0,0,0,0,0
550088,1,1,0,0,0,0,0,0,0,0,0,0
550088,2,1,0,0,0,0,0,0,0,0,0,0
550089,1,1,0,0,0,0,0,0,0,0,0,0
550089,2,1,0,0,0,0,0,0,0,0,0,0
550090,1,1,0,0,0,0,0,0,0,0,0,0
550090,2,1,0,0,0,0,0,0,0,0,0,0
550090,3,1,0,0,0,0,0,0,0,0,0,0
550091,1,1,5,5,5,5,5,5,5,5,5,5
550092,1,1,3,3,3,3,3,3,3,3,3,3
550093,1,1,25,25,25,25,25,25,25,25,25,25
550094,1,1,0,0,0,0,0,0,0,0,0,0
550094,2,1,0,0,0,0,0,0,0,0,0,0
550095,1,1,0,0,0,0,0,0,0,0,0,0
550095,2,1,0,0,0,0,0,0,0,0,0,0
550096,1,1,10,0,0,0,0,0,0,0,0,0
550096,2,1,4,0,0,0,0,0,0,0,0,0
550097,1,1,27,10,0,14,27,7,0,20,0,21
550098,1,1,5,5,5,5,5,5,5,5,5,5
550098,2,1,13,4,0,0,0,0,0,0,5,16
550099,1,1,0,0,0,0,0,0,0,0,0,0
550100,1,1,0,0,0,0,0,0,0,0,0,0
550101,1,1,0,0,0,0,0,0,0,0,0,0
550101,2,1,0,0,0,0,0,0,0,0,0,0
550102,1,1,0,0,0,0,0,0,0,0,0,0
550103,1,1,0,0,0,4,0,0,0,0,0,0
550103,2,1,0,0,24,0,19,5,0,15,0,0
550104,1,1,0,0,0,0,0,0,0,0,0,0
550104,2,1,0,0,0,0,0,0,0,0,0,0
550104,3,1,0,0,0,0,0,0,0,0,0,0
550105,1,1,11,11,11,11,11,11,11,11,11,11
550106,1,1,0,0,0,0,0,0,0,0,0,0
550107,1,1,12,0,0,0,0,13,22,0,0,0
550108,1,1,19,19,19,19,19,19,19,19,19,19
550109,1,1,2,2,2,2,2,2,2,2,2,2
550110,1,1,2,2,2,2,2,2,2,2,2,2
550110,2,1,0,0,0,0,0,0,0,0,0,0
550111,1,1,0,0,0,0,0,0,0,0,0,0
550112,1,1,0,0,0,0,0,0,0,0,0,0
550113,1,1,17,17,17,17,17,17,17,17,17,17
550114,1,1,12,12,12,12,12,12,12,12,12,12
550115,1,1,14,14,14,14,14,14,14,14,14,14
550116,1,1,7,7,7,7,7,7,7,7,7,7
550116,2,1,4,4,4,4,4,4,4,4,4,4
550117,1,1,21,21,21,21,21,21,21,21,21,21
550117,2,1,1,1,1,1,1,1,1,1,1,1
550118,1,1,0,0,0,0,0,0,0,0,0,0
550119,1,1,0,0,0,0,0,0,0,0,10,0
550119,2,1,0,0,0,0,0,0,0,0,0,0
550120,0,1,44,44,44,44,44,44,44,44,44,44
550120,1,1,0,0,0,0,0,0,0,0,0,0
550121,0,1,0,0,0,0,0,0,0,0,0,0
550121,1,1,0,0,0,0,0,0,0,0,0,0
550122,1,1,0,0,0,0,0,0,0,0,0,0
550122,2,1,0,0,0,0,0,0,0,0,0,0
550123,1,1,6,28,19,20,8,0,11,24,5,17
550124,1,1,24,24,24,24,24,24,24,24,24,24
550125,1,1,16,19,0,8,36,23,19,2,4,14
550126,1,1,0,0,0,0,0,0,0,0,0,0
550127,1,1,0,0,0,0,12,3,0,0,0,0
550127,2,1,0,0,0,0,0,0,0,0,0,0
550128,1,1,14,14,14,14,14,14,14,14,14,14
550129,1,1,19,19,19,19,19,19,19,19,19,19
550130,1,1,0,0,0,0,0,0,0,0,0,0
550131,1,1,20,20,20,20,20,20,20,20,20,20
550131,2,1,0,0,0,0,0,0,12,0,0,0
550132,1,1,0,0,12,0,0,21,0,0,12,11
550133,1,1,16,16,16,16,16,16,16,16,16,16
550133,2,1,19,8,0,0,10,0,0,4,0,0
550133,3,1,0,8,9,15,17,0,6,9,0,0
550134,1,1,15,15,15,15,15,15,15,15,15,15
550135,1,1,4,4,4,4,4,4,4,4,4,4
550136,1,1,9,9,9,9,9,9,9,9,9,9
550137,0,1,0,0,0,0,0,0,0,0,0,0
550137,1,1,0,0,0,0,0,0,0,0,0,0
550138,1,1,0,0,0,0,0,0,0,0,0,0
550139,1,1,22,22,22,22,22,22,22,22,22,22
550140,1,1,0,0,0,0,0,0,0,0,0,0
550141,1,1,0,0,0,0,0,0,0,0,0,0
550142,1,1,0,0,0,0,0,0,0,0,0,0
550143,1,1,22,22,22,22,22,22,22,22,22,22
550144,1,1,0,0,0,0,0,0,0,0,0,0
550144,2,1,0,0,0,0,0,0,0,0,0,0
550145,1,1,0,0,0,0,0,0,0,0,0,0
550145,2,1,0,0,0,0,0,0,0,0,0,0
550146,1,1,21,21,21,21,21,21,21,21,21,21
550147,1,1,26,26,26,26,26,26,26,26,26,26
550147,2,1,0,0,0,0,0,0,0,0,0,0
550148,1,1,0,0,0,0,0,0,0,0,0,0
550149,1,1,0,0,0,0,0,0,0,0,0,0
550150,1,1,15,15,15,15,15,15,15,15,15,15
550151,1,1,0,0,0,0,0,0,0,0,0,0
550152,1,1,18,18,18,18,18,18,18,18,18,18
550153,1,1,23,23,23,23,23,23,23,23,23,23
550154,1,1,3,3,3,3,3,3,3,3,3,3
550155,1,1,0,0,0,0,0,0,0,0,0,0
550156,1,1,0,0,0,0,0,0,0,0,0,0
550156,2,1,0,0,0,0,0,0,0,0,0,0
550157,1,1,16,16,16,16,16,16,16,16,16,16
550158,1,1,0,0,0,0,0,0,0,0,0,0
550159,1,1,0,0,0,0,0,0,0,0,0,0
550159,2,1,0,0,0,0,0,0,0,0,0,0
550160,1,1,0,0,0,0,0,0,0,0,0,0
550161,1,1,0,0,0,0,0,0,0,0,0,0
550161,2,1,0,0,0,0,0,0,0,0,0,0
550162,1,1,0,0,0,0,0,8,0,0,0,0
550162,2,1,0,0,0,0,0,0,0,0,0,0
550163,1,1,0,0,0,0,0,0,0,0,0,0
550163,2,1,0,0,0,0,0,0,0,0,0,0
550164,1,1,12,12,12,12,12,12,12,12,12,12
550164,2,1,0,0,0,0,0,0,0,0,0,0
550165,1,1,15,15,15,15,15,15,15,15,15,15
550166,1,1,19,19,19,19,19,19,19,19,19,19
550167,1,1,0,0,0,0,0,0,0,0,0,0
550167,2,1,0,0,0,0,0,0,0,0,0,0
550168,1,1,0,0,0,0,0,0,0,0,0,0
550169,1,1,0,0,0,0,0,0,0,0,0,0
550169,2,1,0,0,0,0,0,0,0,0,0,0
550170,1,1,32,32,32,32,32,32,32,32,32,32
550171,1,1,0,0,0,0,0,0,0,0,0,0
550172,1,1,0,0,0,0,0,0,0,0,0,0
550172,2,1,0,0,0,0,0,0,0,0,0,0
550173,1,1,0,0,0,0,0,0,0,0,0,0
550173,2,1,0,0,0,0,0,0,0,0,0,0
550174,1,1,14,14,14,14,14,14,14,14,14,14
550175,1,1,0,0,0,0,0,0,0,0,0,0
550175,2,1,0,0,0,0,0,0,0,0,0,0
550176,1,1,0,0,0,0,0,0,0,0,0,0
550176,2,1,0,12,0,0,0,0,8,0,7,0
550176,3,1,0,0,0,0,0,0,0,0,0,0
550177,1,1,17,17,17,17,17,17,17,17,17,17
550178,1,1,0,0,0,0,0,0,0,0,0,0
550179,1,1,25,25,25,25,25,25,25,25,25,25
550180,1,1,1,1,1,1,1,1,1,1,1,1
550181,1,1,23,23,23,23,23,23,23,23,23,23
550182,1,1,0,0,0,0,0,0,0,0,0,0
550183,1,1,10,10,10,10,10,10,10,10,10,10
550183,2,1,2,2,2,2,2,2,2,2,2,2
550184,1,1,0,0,0,0,0,0,0,0,0,0
550185,1,1,6,6,6,6,6,6,6,6,6,6
550185,2,1,0,0,0,0,0,0,21,0,0,0
550186,1,1,19,19,19,19,19,19,19,19,19,19
550187,1,1,0,0,6,38,32,20,5,10,0,11
550187,2,1,0,0,0,0,0,0,0,0,0,0
550188,1,1,28,28,28,28,28,28,28,28,28,28
550189,1,1,0,0,0,0,0,0,0,0,0,0
550189,2,1,1,1,1,1,1,1,1,1,1,1
550190,1,1,0,0,0,0,0,0,0,0,0,0
550190,2,1,0,0,0,0,0,0,0,0,0,0
550191,1,1,0,0,0,0,0,0,0,0,0,0
550191,2,1,0,0,0,0,0,0,0,0,0,0
550191,3,1,0,0,0,0,0,0,0,0,0,0
550192,1,1,0,0,0,0,0,0,0,0,0,0
550193,1,1,21,21,21,21,21,21,21,21,21,21
550194,1,1,21,21,21,21,21,21,21,21,21,21
550195,0,1,0,0,0,0,0,0,0,0,0,0
550195,1,1,0,0,0,0,0,0,0,0,0,0
550196,1,1,0,0,0,0,0,0,0,0,0,0
550196,2,1,0,0,0,0,0,0,0,0,0,0
550197,1,1,0,0,0,0,0,0,0,0,0,0
550197,2,1,0,0,0,0,0,0,0,0,0,0
550198,0,1,0,0,0,0,0,0,0,0,0,0
550198,1,1,10,10,10,10,10,10,10,10,10,10
550199,1,1,1,1,1,1,1,1,1,1,1,1
550199,2,1,0,0,0,0,0,0,0,0,0,0
550200,1,1,0,0,0,0,0,0,0,0,0,0
550201,1,1,19,19,19,19,19,19,19,19,19,19
550202,1,1,24,24,24,24,24,24,24,24,24,24
550203,1,1,20,20,20,20,20,20,20,20,20,20
550204,1,1,19,19,19,19,19,19,19,19,19,19
550204,2,1,0,0,0,0,0,0,0,0,0,0
550204,3,1,0,0,0,0,0,0,0,0,0,0
550205,1,1,14,14,14,14,14,14,14,14,14,14
550206,1,1,19,19,19,19,19,19,19,19,19,19
550207,1,1,0,0,0,0,0,0,0,0,0,0
550207,2,1,0,0,0,0,0,0,0,0,0,0
550208,1,1,0,0,0,0,0,0,0,0,0,0
550208,2,1,0,0,0,0,0,0,0,0,0,0
550208,3,1,0,0,0,0,0,0,0,0,0,0
550209,1,1,0,0,0,0,0,0,0,0,0,0
550209,2,1,0,0,0,8,0,0,0,0,0,0
550209,3,1,0,0,0,0,0,10,0,0,0,0
550209,4,1,0,0,0,0,0,0,0,0,0,0
550209,5,1,0,0,0,0,0,0,0,0,0,0
550209,6,1,0,0,0,0,0,0,0,0,0,0
550210,1,1,19,19,19,19,19,19,19,19,19,19
550211,0,1,0,0,0,0,0,0,0,0,0,0
550211,1,1,0,0,0,0,0,0,0,0,0,0
550212,1,1,18,18,18,18,18,18,18,18,18,18
550213,1,1,0,0,0,0,0,0,0,0,0,0
550215,1,1,16,16,16,16,16,16,16,16,16,16
550216,1,1,22,22,22,22,22,22,22,22,22,22
550217,1,1,0,0,0,0,0,0,0,0,0,0
550217,2,1,3,3,3,3,3,3,3,3,3,3
550218,1,1,0,0,0,0,0,0,0,0,0,0
550218,2,1,0,0,0,0,0,0,0,0,0,0
550219,1,1,0,0,0,0,0,0,0,0,0,0
550219,2,1,0,0,0,0,0,0,0,0,0,0
550220,1,1,0,0,0,0,0,0,0,0,0,0
550220,2,1,0,0,0,0,0,0,0,0,0,6
550221,1,1,1,1,1,1,1,1,1,1,1,1
550222,1,1,15,15,15,15,15,15,15,15,15,15
550222,2,1,0,0,0,0,0,0,0,0,0,0
550223,1,1,28,28,28,28,28,28,28,28,28,28
550224,1,1,0,0,0,0,0,0,0,0,0,0
550224,2,1,0,0,0,0,0,0,0,0,0,0
550225,1,1,14,14,14,14,14,14,14,14,14,14
550225,2,1,0,0,0,0,0,0,0,0,0,0
550226,1,1,0,0,0,0,0,0,0,0,0,0
550226,2,1,0,0,0,0,0,0,0,0,0,0
550227,1,1,0,0,0,20,0,0,0,0,0,0
550227,2,1,0,0,0,0,0,0,0,0,0,0
550228,1,1,0,0,0,0,0,0,0,0,0,11
550229,1,1,29,29,29,29,29,29,29,29,29,29
550230,1,1,0,0,0,0,0,0,0,0,0,0
550231,0,1,0,0,0,0,0,0,0,0,0,0
550231,1,1,0,0,0,0,0,0,0,0,0,0
550232,1,1,7,7,7,7,7,7,7,7,7,7
550232,2,1,0,0,0,0,0,0,0,0,0,0
550233,1,1,0,0,0,0,0,0,0,0,0,0
550234,1,1,7,7,7,7,7,7,7,7,7,7
550234,2,1,0,0,0,0,0,0,0,0,0,0
550235,1,1,0,0,0,0,0,0,0,0,22,0
550235,2,1,0,0,0,0,0,0,0,0,0,0
550236,1,1,0,0,0,0,0,0,0,0,0,0
550236,2,1,0,0,0,0,0,0,0,0,0,0
550237,1,1,0,0,0,0,0,0,0,0,0,0
550238,1,1,0,0,0,0,0,0,0,0,0,0
550238,2,1,0,0,0,0,0,0,0,0,0,0
550238,3,1,0,0,0,0,0,0,0,0,0,0
550239,1,1,16,16,16,16,16,16,16,16,16,16
550240,1,1,0,0,0,0,0,0,0,0,0,0
550240,2,1,0,0,0,0,0,0,0,0,0,0
550241,1,1,0,0,0,0,0,0,0,0,0,0
550241,2,1,0,0,0,0,0,0,0,0,0,0
550242,1,1,0,0,0,0,0,0,0,0,0,5
550242,2,1,6,6,6,6,6,6,6,6,6,6
550243,1,1,0,0,0,0,0,0,0,0,0,0
550244,1,1,0,0,0,0,0,0,0,0,0,0
550245,1,1,0,0,0,0,0,0,0,0,0,0
550245,2,1,4,0,0,0,0,0,0,0,0,0
550246,1,1,0,0,0,0,0,0,0,0,0,0
550247,1,1,20,20,20,20,20,20,20,20,20,20
550248,0,1,0,0,0,0,0,23,0,28,0,20
550248,1,1,11,0,0,13,13,0,5,9,0,9
550248,2,1,0,0,0,0,0,0,0,0,0,0
550249,1,1,0,0,0,0,0,0,0,0,0,0
550249,2,1,0,0,0,0,0,0,0,0,0,0
550250,1,1,0,0,0,0,0,0,0,0,0,0
550250,2,1,0,0,0,0,0,0,0,0,0,0
550251,1,1,11,11,11,11,11,11,11,11,11,11
550252,1,1,10,10,10,10,10,10,10,10,10,10
550253,1,1,0,0,0,0,0,0,0,0,0,0
550254,1,1,3,3,3,3,3,3,3,3,3,3
550255,1,1,25,25,25,25,25,25,25,25,25,25
550256,1,1,20,20,20,20,20,20,20,20,20,20
550257,1,1,22,22,22,22,22,22,22,22,22,22
550258,1,1,13,13,13,13,13,13,13,13,13,13
550259,1,1,0,0,0,0,0,0,0,0,0,0
550259,2,1,0,0,0,0,0,0,0,0,7,0
550260,1,1,6,6,6,6,6,6,6,6,6,6
550261,1,1,5,5,5,5,5,5,5,5,5,5
550262,1,1,17,17,17,17,17,17,17,17,17,17
550263,1,1,11,11,11,11,11,11,11,11,11,11
550264,1,1,0,0,0,0,0,0,0,0,0,0
550265,1,1,0,0,0,0,0,0,0,0,0,0
550265,2,1,0,0,0,0,0,0,0,0,0,0
550266,1,1,23,23,23,23,23,23,23,23,23,23
550267,1,1,10,10,10,10,10,10,10,10,10,10
550268,1,1,0,0,0,0,0,0,0,0,0,0
550269,1,1,0,0,0,0,0,0,0,0,0,0
550269,2,1,0,0,0,0,0,7,0,9,0,0
550270,1,1,0,0,0,0,0,0,0,0,0,0
550270,2,1,0,0,0,0,0,0,0,0,0,0
550271,1,1,11,11,11,11,11,11,11,11,11,11
550272,1,1,0,0,0,0,0,0,0,0,0,0
550273,1,1,4,4,4,4,4,4,4,4,4,4
550273,2,1,0,0,0,0,0,0,0,0,0,0
550274,1,1,0,0,0,0,0,0,0,0,0,0
550274,2,1,0,0,0,0,0,0,0,0,0,0