ST_CASE,VEH_NO,PER_NO,P1,P2,P3,P4,P5,P6,P7,P8,P9,P10
550275,0,1,21,21,21,21,21,21,21,21,21,21
550275,1,1,0,0,0,0,0,0,0,0,0,0
550276,1,1,0,0,0,0,0,0,0,0,0,0
550276,2,1,0,0,0,0,0,0,0,0,0,0
550276,3,1,0,0,0,0,0,0,0,0,0,0
550277,1,1,0,0,0,0,0,0,0,0,0,0
550278,0,1,19,19,19,19,19,19,19,19,19,19
550278,1,1,0,0,0,0,0,0,0,0,0,0
550279,1,1,0,0,0,0,0,0,13,0,0,0
550279,2,1,0,0,0,0,0,43,0,0,0,0
550280,1,1,78,78,78,78,78,78,78,78,78,78
550280,2,1,0,0,0,0,0,0,0,0,0,0
550280,3,1,0,0,0,0,0,0,0,0,0,0
550281,1,1,0,0,0,0,0,0,0,0,0,0
550281,2,1,0,0,0,0,0,0,0,0,0,0
550282,1,1,0,0,0,0,0,0,0,0,0,0
550283,1,1,2,2,2,2,2,2,2,2,2,2
550283,2,1,0,0,0,0,0,0,0,0,0,0
550284,0,1,18,18,18,18,18,18,18,18,18,18
550284,1,1,0,0,0,0,0,0,0,0,0,0
550285,1,1,14,0,0,0,0,0,0,0,0,0
550285,2,1,14,14,14,14,14,14,14,14,14,14
550286,1,1,10,10,10,10,10,10,10,10,10,10
550286,2,1,0,0,0,0,0,0,0,0,0,0
550287,0,1,0,0,0,0,0,0,0,0,0,0
550287,1,1,0,0,0,0,0,0,0,0,0,0
550288,1,1,12,12,12,12,12,12,12,12,12,12
550288,2,1,0,0,0,0,0,0,0,0,0,0
550289,1,1,0,0,0,0,0,0,0,0,0,0
550290,1,1,26,26,26,26,26,26,26,26,26,26
550291,1,1,0,0,0,0,0,0,0,0,0,0
550291,2,1,0,0,0,0,0,0,0,0,0,0
550292,1,1,0,0,0,0,0,0,0,0,0,0
550292,2,1,0,0,0,0,0,0,0,0,22,0
550292,3,1,0,0,0,0,0,0,0,0,0,0
550293,1,1,0,0,0,0,0,0,0,0,0,0
550293,2,1,0,0,0,0,0,0,0,0,0,0
550293,3,1,0,0,0,6,0,0,0,0,0,0
550293,4,1,0,41,0,0,0,0,20,21,0,0
550294,1,1,0,0,0,0,0,0,0,0,0,0
550295,1,1,0,0,0,0,0,0,0,0,0,0
550295,2,1,0,0,0,0,0,0,0,0,0,0
550296,1,1,0,16,0,0,0,8,9,0,0,0
550297,1,1,22,22,22,22,22,22,22,22,22,22
550297,2,1,0,0,0,0,0,0,0,0,0,0
550298,1,1,0,0,0,0,0,0,0,0,0,0
550298,2,1,0,0,0,0,0,0,0,0,0,0
550299,1,1,1,1,1,1,1,1,1,1,1,1
550299,2,1,0,0,0,0,0,0,0,0,0,0
550299,3,1,0,0,3,0,0,0,0,0,0,0
550299,4,1,0,0,18,0,0,18,0,0,0,0
550300,1,1,0,0,0,0,0,0,0,0,0,0
550300,2,1,0,0,0,0,0,0,0,0,0,0
550301,1,1,0,0,0,5,0,0,0,0,0,0
550302,1,1,0,0,0,0,0,0,0,0,0,0
550302,2,1,0,0,0,0,0,0,0,0,0,0
550302,3,1,0,0,0,0,0,0,0,0,0,0
550302,4,1,0,0,0,0,0,0,0,0,0,0
550302,5,1,0,0,0,0,0,0,0,0,0,0
550303,1,1,29,29,29,29,29,29,29,29,29,29
550304,1,1,0,0,0,0,0,0,0,0,0,0
550304,2,1,0,0,7,0,0,0,0,0,0,0
550305,1,1,21,21,21,21,21,21,21,21,21,21
550305,2,1,7,7,7,7,7,7,7,7,7,7
550306,1,1,0,0,0,0,0,0,0,0,0,0
550306,2,1,0,0,0,0,0,0,0,0,0,0
550307,1,1,0,0,0,0,0,0,0,0,0,0
550308,1,1,0,0,0,0,0,0,0,0,0,0
550308,2,1,0,0,0,0,0,0,0,0,0,0
550309,1,1,0,0,0,0,0,0,0,0,0,0
550309,2,1,0,0,0,0,0,0,0,0,0,0
550310,1,1,0,0,0,0,0,0,0,0,0,0
550310,2,1,0,0,0,0,0,0,0,0,0,0
550311,0,1,19,19,19,19,19,19,19,19,19,19
550311,1,1,7,7,7,7,7,7,7,7,7,7
550312,1,1,0,0,0,0,0,0,0,0,0,0
550312,2,1,0,0,0,0,0,0,0,0,0,0
550313,0,1,0,0,0,0,0,0,0,0,0,0
550313,1,1,0,0,0,0,0,0,0,0,0,0
550314,0,1,0,0,0,0,0,0,0,0,0,0
550314,1,1,0,0,0,0,0,0,0,0,0,0
550315,0,1,6,0,0,0,0,0,0,0,0,0
550315,1,1,0,0,0,0,0,0,0,10,12,0
550316,1,1,0,0,0,0,0,0,0,0,0,0
550316,2,1,0,0,0,0,0,0,0,0,0,0
550317,1,1,0,0,0,0,0,0,0,0,0,0
550318,1,1,0,0,0,0,0,0,18,0,0,0
550319,1,1,20,20,20,20,20,20,20,20,20,20
550320,1,1,0,0,0,0,0,0,0,0,0,0
550320,2,1,0,0,0,0,0,0,0,0,0,0
550321,1,1,0,0,0,0,0,0,0,0,0,0
550322,1,1,0,0,0,0,0,0,0,0,0,0
550323,1,1,0,0,0,0,0,0,0,0,0,0
550323,2,1,0,0,0,0,0,0,0,0,0,0
550324,1,1,0,0,0,0,0,0,0,0,0,0
550325,1,1,0,0,0,0,0,0,0,0,0,0
550326,1,1,4,0,0,0,0,0,14,0,0,0
550326,2,1,0,8,0,9,12,0,13,0,11,0
550327,1,1,0,0,0,0,0,0,0,0,0,0
550327,2,1,0,0,0,0,0,0,0,0,0,0
550328,1,1,6,6,6,6,6,6,6,6,6,6
550329,1,1,0,0,0,0,0,0,0,0,0,0
550329,2,1,0,0,0,0,0,0,0,0,0,0
550330,0,1,0,0,0,0,0,0,0,0,0,0
550330,1,1,0,0,0,0,0,0,0,0,0,0
550331,1,1,21,21,21,21,21,21,21,21,21,21
550332,1,1,19,19,19,19,19,19,19,19,19,19
550332,2,1,1,1,1,1,1,1,1,1,1,1
550333,1,1,31,31,31,31,31,31,31,31,31,31
550334,1,1,0,0,0,0,0,0,0,0,0,0
550334,2,1,0,0,0,0,0,0,0,0,0,0
550335,1,1,0,0,0,0,0,0,0,0,0,0
550335,2,1,0,0,0,0,0,0,0,0,0,0
550336,1,1,0,0,0,0,0,0,0,0,0,0
550337,1,1,0,0,0,0,0,0,0,0,0,0
550338,1,1,0,0,14,0,0,0,0,0,10,0
550338,2,1,0,0,0,0,0,0,0,0,0,0
550339,1,1,0,0,0,0,0,0,0,0,0,0
550339,2,1,0,0,0,0,0,0,0,0,0,0
550340,1,1,14,14,14,14,14,14,14,14,14,14
550341,1,1,0,0,0,0,0,0,0,0,0,0
550341,2,1,0,0,0,0,0,0,0,0,0,0
550342,1,1,0,0,0,0,0,0,0,0,0,0
550344,1,1,0,0,0,0,14,0,0,0,0,0
550345,0,1,0,0,0,0,0,0,0,0,0,0
550345,1,1,0,0,0,0,0,0,0,0,0,0
550346,1,1,0,0,0,0,0,0,0,0,0,0
550346,2,1,0,0,0,0,0,0,0,0,0,0
550347,1,1,27,27,27,27,27,27,27,27,27,27
550348,1,1,22,22,22,22,22,22,22,22,22,22
550349,1,1,10,0,25,0,0,0,0,16,0,0
550349,2,1,0,0,0,0,0,0,0,0,0,0
550349,3,1,0,0,0,0,0,0,0,0,0,0
550349,4,1,0,0,0,0,0,0,0,0,0,0
550349,5,1,0,0,0,0,0,0,0,0,0,11
550350,1,1,24,24,24,24,24,24,24,24,24,24
550351,1,1,24,24,24,24,24,24,24,24,24,24
550352,1,1,0,0,0,0,0,0,0,0,0,0
550352,2,1,0,0,0,0,0,0,0,8,0,0
550353,1,1,0,0,0,0,0,0,0,0,0,0
550353,2,1,0,0,0,0,0,0,0,0,0,0
550354,1,1,0,0,0,0,0,0,0,0,0,0
550355,1,1,0,0,0,0,0,0,0,0,0,0
550356,1,1,21,21,21,21,21,21,21,21,21,21
550357,1,1,0,0,0,0,0,0,0,0,0,0
550358,0,1,0,0,0,0,0,0,0,0,0,0
550358,1,1,0,0,0,0,0,0,0,0,0,0
550359,1,1,0,0,0,0,0,0,0,0,0,0
550359,2,1,0,0,0,0,0,0,0,0,0,0
550360,1,1,2,2,2,2,2,2,2,2,2,2
550360,2,1,0,0,0,0,0,0,0,0,0,0
550361,1,1,27,23,10,18,19,9,41,14,22,11
550362,0,1,0,0,0,0,0,0,0,0,0,0
550362,1,1,0,0,0,0,0,0,0,0,0,0
550363,1,1,0,0,0,0,0,0,0,0,0,0
550364,0,1,14,14,14,14,14,14,14,14,14,14
550364,1,1,0,0,0,0,0,0,0,0,0,0
550365,0,1,0,0,0,0,0,0,0,0,0,0
550365,1,1,0,0,0,0,0,0,0,0,0,0
550366,1,1,6,6,6,6,6,6,6,6,6,6
550366,2,1,0,0,0,0,0,0,0,0,0,0
550367,1,1,14,0,0,0,0,0,0,0,0,0
550368,1,1,0,0,0,0,0,0,0,0,0,0
550368,2,1,0,0,0,0,0,0,0,0,0,0
550369,1,1,0,0,0,0,0,0,0,0,0,0
550369,2,1,0,0,0,0,0,0,0,0,0,0
550370,1,1,0,0,0,0,0,0,0,0,0,0
550370,2,1,0,0,12,0,0,0,0,0,0,0
550371,1,1,0,0,0,0,0,0,0,0,0,0
550371,2,1,0,0,0,0,0,0,0,0,0,0
550372,1,1,0,0,0,0,0,0,0,0,0,0
550373,1,1,0,0,0,0,0,0,0,0,0,10
550374,1,1,0,0,0,0,0,0,0,0,0,0
550375,1,1,18,29,14,22,0,29,7,17,12,13
550376,1,1,22,22,22,22,22,22,22,22,22,22
550377,1,1,17,17,17,17,17,17,17,17,17,17
550378,1,1,0,0,0,0,0,0,0,0,0,0
550378,2,1,0,0,0,0,0,0,0,0,0,0
550379,1,1,21,21,21,21,21,21,21,21,21,21
550380,1,1,23,23,23,23,23,23,23,23,23,23
550380,2,1,0,0,0,0,0,0,0,0,0,0
550381,1,1,3,3,3,3,3,3,3,3,3,3
550382,1,1,1,1,1,1,1,1,1,1,1,1
550382,2,1,0,0,0,0,0,0,0,0,0,0
550383,0,1,5,5,5,5,5,5,5,5,5,5
550383,1,1,0,0,0,0,0,0,0,0,0,0
550384,0,1,18,18,18,18,18,18,18,18,18,18
550384,1,1,18,18,18,18,18,18,18,18,18,18
550385,1,1,0,0,0,0,0,0,0,0,0,0
550386,0,1,18,18,18,18,18,18,18,18,18,18
550386,1,1,0,0,0,8,0,0,25,0,3,0
550387,1,1,0,0,0,0,0,0,0,0,0,0
550387,2,1,0,0,0,0,0,0,0,0,0,0
550388,1,1,0,0,0,0,0,0,0,0,0,0
550388,2,1,0,0,0,0,0,0,0,0,0,0
550389,1,1,0,0,0,0,0,0,0,0,0,0
550389,2,1,0,0,0,0,0,0,0,0,0,0
550390,1,1,0,0,0,0,0,0,0,0,0,0
550390,2,1,0,0,0,0,0,0,0,0,0,0
550391,1,1,12,12,12,12,12,12,12,12,12,12
550392,1,1,10,10,10,10,10,10,10,10,10,10
550393,1,1,0,0,0,0,0,0,0,0,0,0
550393,2,1,0,11,0,0,0,0,0,0,0,10
550394,1,1,28,28,28,28,28,28,28,28,28,28
550395,1,1,0,0,0,0,0,0,0,0,0,0
550395,2,1,0,0,0,0,0,0,0,0,0,0
550396,1,1,23,23,23,23,23,23,23,23,23,23
550397,1,1,0,0,0,0,0,0,0,0,0,0
550398,1,1,6,6,6,6,6,6,6,6,6,6
550399,1,1,0,0,0,0,0,0,0,0,0,0
550399,2,1,29,29,29,29,29,29,29,29,29,29
550400,1,1,0,0,0,0,0,0,0,0,0,0
550400,2,1,0,0,0,0,0,0,0,0,0,0
550401,1,1,0,0,0,0,0,0,0,0,0,0
550401,2,1,0,0,0,0,0,0,0,0,0,0
550402,1,1,0,0,0,0,0,0,0,0,0,0
550402,2,1,0,0,0,0,0,0,0,0,0,0
550403,1,1,0,0,0,0,0,0,0,0,0,0
550404,1,1,19,19,19,19,19,19,19,19,19,19
550405,1,1,0,0,0,0,0,0,0,0,0,0
550405,2,1,0,0,0,0,0,0,0,0,0,0
550406,1,1,0,0,0,0,0,0,0,0,0,0
550407,1,1,16,16,16,16,16,16,16,16,16,16
550408,1,1,0,19,0,0,0,0,0,0,0,40
550409,1,1,5,5,5,5,5,5,5,5,5,5
550410,0,1,0,35,0,0,0,0,0,0,0,0
550410,1,1,0,0,0,0,0,0,0,0,0,0
550411,1,1,0,0,0,0,0,0,0,0,0,0
550411,2,1,0,0,0,0,0,0,0,0,0,0
550412,0,1,0,0,0,0,0,0,0,0,0,0
550412,1,1,0,0,0,0,0,0,0,0,0,0
550414,1,1,0,0,0,0,0,0,0,0,0,0
550415,1,1,0,0,0,0,0,0,0,0,0,0
550415,2,1,0,0,0,0,0,0,0,0,0,0
550415,3,1,0,0,0,0,0,0,0,0,0,0
550416,1,1,0,0,0,0,0,0,0,0,0,0
550417,1,1,0,0,0,0,0,0,0,0,0,0
550417,2,1,0,0,0,0,0,0,0,0,0,0
550419,1,1,0,0,0,0,0,0,0,0,0,0
550419,2,1,0,0,0,0,0,0,0,0,0,0
550420,1,1,0,0,0,0,0,0,0,0,0,0
550421,1,1,0,0,0,0,0,0,0,0,0,0
550422,1,1,4,4,4,4,4,4,4,4,4,4
550423,1,1,0,0,0,0,0,0,0,0,0,0
550423,2,1,17,17,17,17,17,17,17,17,17,17
550424,1,1,0,0,0,0,0,0,7,0,0,0
550424,2,1,0,0,0,0,0,0,0,0,0,0
550425,1,1,0,0,0,0,0,0,0,0,0,0
550425,2,1,0,0,0,0,0,0,0,0,0,0
550426,1,1,0,0,0,0,0,0,0,0,0,20
550426,2,1,17,17,17,17,17,17,17,17,17,17
550427,0,1,13,13,13,13,13,13,13,13,13,13
550427,1,1,0,0,0,0,0,0,0,0,0,0
550428,1,1,0,0,0,0,0,0,0,0,0,0
550428,2,1,0,0,0,0,0,0,0,0,0,0
550429,0,1,0,0,0,0,0,0,0,0,0,0
550429,2,1,0,0,0,0,0,0,0,0,0,0
550431,1,1,0,0,0,0,0,0,0,0,0,0
550431,2,1,0,0,0,0,0,0,0,0,0,0
550432,1,1,0,0,0,0,0,0,0,0,0,0
550432,2,1,0,0,0,0,0,0,0,0,0,0
550433,1,1,0,0,0,0,0,12,0,0,0,9
550433,2,1,0,0,0,0,0,0,0,0,0,0
550434,1,1,8,8,8,8,8,8,8,8,8,8
550434,2,1,0,0,0,0,0,0,0,0,0,0
550435,1,1,8,8,8,8,8,8,8,8,8,8
550435,2,1,3,3,3,3,3,3,3,3,3,3
550436,1,1,16,16,16,16,16,16,16,16,16,16
550437,0,1,0,0,0,0,0,0,0,0,0,0
550437,1,1,0,0,0,0,0,0,0,0,0,0
550438,1,1,0,0,0,0,0,0,0,0,0,0
550438,2,1,0,0,0,0,0,0,0,0,0,0
550439,1,1,18,18,18,18,18,18,18,18,18,18
550440,0,1,22,22,22,22,22,22,22,22,22,22
550440,1,1,6,6,6,6,6,6,6,6,6,6
550441,1,1,0,0,0,0,0,0,0,0,0,0
550441,2,1,0,0,0,0,0,0,0,0,0,0
550442,1,1,27,27,27,27,27,27,27,27,27,27
550443,1,1,0,0,0,0,0,0,0,0,0,0
550443,2,1,0,0,0,0,0,0,0,0,0,0
550444,0,1,0,0,0,0,0,0,0,0,0,0
550444,1,1,28,28,28,28,28,28,28,28,28,28
550445,1,1,18,18,18,18,18,18,18,18,18,18
550446,1,1,0,0,0,0,0,0,0,0,0,0
550447,1,1,35,35,35,35,35,35,35,35,35,35
550448,0,1,19,19,19,19,19,19,19,19,19,19
550448,1,1,13,0,0,0,0,0,0,0,0,0
550449,1,1,25,25,25,25,25,25,25,25,25,25
550450,1,1,0,0,0,0,0,0,0,0,0,0
550451,1,1,19,19,19,19,19,19,19,19,19,19
550452,1,1,13,13,13,13,13,13,13,13,13,13
550453,1,1,0,0,0,0,0,0,0,0,0,0
550453,2,1,0,0,0,0,0,0,0,0,0,0
550454,0,1,0,0,0,0,0,0,0,0,0,0
550454,1,1,0,0,0,0,0,0,0,0,0,0
550455,1,1,60,60,60,60,60,60,60,60,60,60
550456,1,1,0,0,0,0,0,0,0,0,0,0
550456,2,1,0,0,0,0,0,0,0,0,0,0
550456,3,1,0,0,0,0,0,0,0,0,0,0
550457,1,1,0,0,0,6,0,0,0,0,0,0
550457,2,1,0,0,0,0,0,0,0,0,0,0
550458,1,1,0,18,0,20,0,13,11,0,22,0
550459,1,1,0,0,0,0,0,0,9,0,0,0
550459,2,1,0,0,0,0,0,0,0,0,0,0
550460,1,1,32,0,0,0,11,0,0,0,0,0
550461,1,1,0,0,0,0,0,0,0,0,0,0
550462,1,1,26,26,26,26,26,26,26,26,26,26
550463,1,1,0,0,0,0,0,0,0,0,0,0
550463,2,1,0,0,0,0,0,0,0,0,0,0
550464,1,1,0,0,0,0,0,0,0,0,0,0
550464,2,1,0,0,0,0,0,0,0,0,0,0
550464,3,1,0,0,0,0,0,0,0,0,0,0
560001,1,1,0,0,0,0,0,0,0,0,0,0
560002,1,1,22,22,22,22,22,22,22,22,22,22
560003,1,1,0,0,0,0,0,0,0,0,0,0
560003,2,1,0,0,0,0,0,0,0,0,0,0
560004,1,1,14,14,14,14,14,14,14,14,14,14
560005,1,1,0,0,0,0,0,0,0,0,0,0
560005,2,1,0,0,0,0,0,0,0,0,0,0
560006,1,1,0,0,0,0,0,0,0,0,0,0
560007,1,1,0,0,0,0,0,0,0,0,0,0
560007,2,1,0,0,0,0,0,0,14,0,0,0
560008,1,1,0,0,0,0,0,0,0,0,0,0
560009,1,1,0,0,0,0,0,0,0,0,0,0
560010,0,1,21,21,21,21,21,21,21,21,21,21
560010,1,1,0,0,0,0,0,0,0,0,0,0
560011,1,1,0,0,0,0,0,0,0,0,0,0
560011,2,1,0,0,0,0,0,0,0,0,0,0
560012,1,1,0,0,0,0,0,0,0,0,0,0
560013,1,1,9,9,9,9,9,9,9,9,9,9
560014,1,1,0,0,0,0,0,0,0,0,0,0
560015,1,1,13,13,13,13,13,13,13,13,13,13
560016,1,1,0,0,0,0,0,0,0,0,0,0
560016,2,1,0,0,0,0,17,0,0,12,0,0
560017,1,1,0,0,0,0,13,0,0,0,0,0
560017,2,1,0,0,0,0,0,0,0,0,0,0
560018,1,1,21,21,21,21,21,21,21,21,21,21
560018,2,1,0,0,0,0,0,10,0,0,0,0
560019,1,1,14,14,14,14,14,14,14,14,14,14
560020,1,1,0,0,0,0,0,0,0,0,0,0
560021,1,1,0,0,0,0,0,0,0,0,0,0
560022,1,1,0,0,0,0,0,0,0,0,0,0
560023,1,1,33,33,33,33,33,33,33,33,33,33
560023,2,1,0,0,0,0,0,0,0,0,0,0
560024,1,1,0,0,0,0,0,0,0,0,0,0
560025,1,1,0,0,0,0,0,0,0,0,0,0
560026,1,1,14,14,14,14,14,14,14,14,14,14
560027,1,1,0,0,0,0,0,0,0,0,0,0
560027,2,1,19,19,19,19,19,19,19,19,19,19
560028,1,1,0,0,0,0,0,0,0,0,0,0
560028,2,1,0,0,0,0,0,0,0,0,0,0
560029,1,1,0,4,0,0,0,18,0,0,0,0
560030,1,1,0,0,0,0,0,0,0,0,5,0
560030,2,1,0,0,2,0,0,0,0,0,0,0
560031,1,1,5,5,5,5,5,5,5,5,5,5
560031,2,1,0,0,0,0,0,0,0,0,0,0
560032,1,1,0,0,25,0,0,0,0,18,18,0
560033,1,1,0,0,0,0,0,0,0,0,0,0
560033,2,1,0,0,0,0,0,0,0,0,0,0
560034,1,1,0,0,0,3,0,0,0,18,0,0
560034,2,1,30,30,30,30,30,30,30,30,30,30
560035,1,1,0,0,38,0,0,0,0,0,0,0
560036,1,1,0,0,0,0,0,0,0,0,0,0
560036,2,1,0,0,0,0,0,0,0,0,0,0
560036,3,1,0,0,0,0,0,0,0,0,0,0
560036,4,1,0,26,0,0,0,0,0,0,0,0
560036,5,1,0,0,0,0,0,0,0,0,0,0
560036,6,1,0,0,0,0,0,0,0,0,0,0
560036,7,1,0,0,0,0,0,0,0,0,0,0
560036,8,1,0,0,0,0,0,0,0,0,0,0
560037,1,4,13,0,0,8,14,18,0,0,0,16
560038,1,1,0,0,0,0,0,0,0,0,0,0
560038,2,1,0,0,0,0,0,0,0,0,0,0
560039,1,1,0,0,0,0,0,0,0,0,0,0
560040,0,1,25,16,0,0,0,0,0,0,0,0
560040,1,1,12,12,12,12,12,12,12,12,12,12
560041,1,1,24,24,24,24,24,24,24,24,24,24
560042,0,1,0,0,0,0,0,0,0,0,0,0
560042,0,2,0,0,0,0,0,0,0,0,0,0
560042,1,1,0,0,0,0,0,0,0,0,0,0
560043,1,1,27,27,27,27,27,27,27,27,27,27
560044,1,1,0,0,0,0,0,0,0,0,0,0
560045,1,1,0,0,0,0,0,0,0,0,0,0
560045,2,1,0,0,0,0,0,0,0,0,0,0
560046,1,1,0,0,0,0,0,0,13,0,0,31
560047,1,1,0,0,0,0,0,0,0,0,0,0
560048,1,1,0,0,0,0,0,0,0,0,0,0
560048,2,1,0,0,0,0,0,0,0,0,0,0
560049,1,1,0,0,0,0,0,0,0,0,0,0
560050,1,1,0,0,0,0,0,0,0,0,0,0
560051,1,1,21,21,21,21,21,21,21,21,21,21
560052,1,1,0,16,0,0,0,27,0,0,0,0
560053,1,1,0,0,0,0,0,0,0,0,0,0
560053,2,1,1,1,1,1,1,1,1,1,1,1
560054,0,1,0,0,0,0,0,0,0,0,0,0
560054,1,1,0,0,0,0,0,0,0,0,0,0
560055,1,1,0,0,0,0,0,0,0,0,0,0
560055,2,1,0,0,0,0,0,0,0,0,0,0
560056,1,1,0,0,0,0,0,0,0,0,0,0
560057,1,1,11,11,11,11,11,11,11,11,11,11
560057,2,1,0,0,0,0,0,14,0,0,0,0
560058,1,1,0,17,0,11,0,0,0,0,0,0
560059,1,1,18,18,18,18,18,18,18,18,18,18
560060,1,1,24,24,24,24,24,24,24,24,24,24
560060,2,1,0,0,0,21,0,0,0,0,0,0
560061,1,1,0,0,0,0,0,0,0,0,0,0
560062,1,1,26,26,26,26,26,26,26,26,26,26
560063,1,1,14,14,14,14,14,14,14,14,14,14
560064,1,1,0,0,0,16,0,0,0,0,36,0
560065,1,1,20,20,20,20,20,20,20,20,20,20
560066,1,1,0,0,0,0,0,0,0,0,0,0
560067,1,1,0,0,0,0,0,0,0,0,0,0
560067,2,1,0,0,0,0,0,0,0,0,0,0
560068,1,1,27,27,27,27,27,27,27,27,27,27
560069,1,1,0,0,0,0,0,0,0,0,0,0
560069,2,1,0,0,0,0,0,0,0,0,0,0
560069,3,1,0,0,0,0,0,0,0,0,0,0
560069,4,1,0,0,0,0,0,0,0,0,0,0
560070,1,1,23,23,23,23,23,23,23,23,23,23
560071,1,1,0,16,0,0,0,0,0,0,0,0
560072,1,1,28,28,28,28,28,28,28,28,28,28
560073,1,1,0,0,0,0,0,0,0,0,0,0
560074,1,1,0,0,0,0,0,0,0,0,0,0
560075,1,1,0,0,0,0,0,0,0,0,0,0
560075,2,1,0,0,0,0,0,0,0,0,0,0
560076,1,1,0,0,0,0,0,0,28,0,11,0
560076,2,1,0,0,0,0,0,0,0,0,0,0
560077,1,1,0,0,14,18,0,0,0,19,0,0
560078,1,1,22,22,22,22,22,22,22,22,22,22
560078,2,1,0,0,0,0,0,0,0,0,0,0
560079,1,1,18,18,18,18,18,18,18,18,18,18
560080,1,1,0,0,0,0,0,0,0,0,0,0
560080,2,1,0,0,0,0,0,0,0,0,0,0
560081,1,1,0,0,0,0,0,0,0,0,0,0
560081,2,1,0,0,0,0,0,0,0,0,0,0
560082,1,1,0,0,0,0,0,0,0,0,0,0
560083,0,1,0,0,0,0,0,0,0,0,0,0
560083,1,1,0,0,0,0,0,0,0,0,0,0
560084,1,1,0,0,0,0,0,0,0,0,0,0
560084,2,1,0,0,25,0,0,0,0,0,0,0
560085,1,1,0,0,0,5,0,6,0,0,0,0
560086,1,1,0,0,0,0,0,0,0,0,0,0
560086,2,1,0,0,0,0,0,0,0,0,0,0
560087,1,1,0,0,0,0,0,0,0,0,0,0
560087,2,1,0,0,0,0,0,0,0,0,0,0
560088,1,1,0,10,0,0,0,0,23,0,0,0
560089,0,1,29,29,29,29,29,29,29,29,29,29
560089,1,1,0,0,0,0,0,0,0,0,0,0
560090,1,1,0,0,0,0,0,0,0,0,0,0
560091,0,1,0,21,19,0,0,0,0,2,17,0
560091,1,1,0,0,0,0,0,0,0,0,0,0
560092,1,1,31,38,0,0,31,0,0,0,21,0
560093,1,1,23,23,23,23,23,23,23,23,23,23
560094,0,1,0,0,0,0,0,0,0,0,0,0
560094,1,1,0,0,0,0,0,0,0,0,0,0
560095,1,1,21,21,21,21,21,21,21,21,21,21
560096,1,1,14,14,14,14,14,14,14,14,14,14
560097,1,1,25,25,25,25,25,25,25,25,25,25
560097,2,1,0,0,0,0,0,0,0,0,0,0
560098,1,1,0,0,0,0,0,0,0,0,0,0
560098,2,1,0,0,0,0,0,0,0,0,0,0
560099,1,1,0,0,0,0,0,0,0,0,0,0
560099,2,1,0,0,0,0,0,0,0,0,0,0
560100,1,1,20,0,0,0,0,0,0,0,0,0
560100,2,1,0,0,0,0,0,0,0,0,0,0
560101,1,1,0,0,16,11,0,0,0,0,0,0
560102,0,1,19,19,19,19,19,19,19,19,19,19
560102,1,1,0,0,0,0,0,0,0,11,0,0
560103,1,1,17,9,17,16,27,21,7,23,19,17
560104,1,1,24,24,24,24,24,24,24,24,24,24
560105,1,1,0,0,0,0,3,0,0,0,0,0
560105,2,1,0,0,0,0,0,0,0,0,0,0
560106,1,1,12,12,12,12,12,12,12,12,12,12
560107,1,1,21,21,21,21,21,21,21,21,21,21
560108,1,1,27,27,27,27,27,27,27,27,27,27
560109,1,1,29,29,29,29,29,29,29,29,29,29
560110,1,1,18,18,18,18,18,18,18,18,18,18
560111,0,1,0,0,0,0,0,0,20,15,16,0
560111,0,2,0,0,0,0,0,0,0,29,0,0
560111,1,1,0,0,0,0,0,0,0,0,0,0
560112,1,1,10,0,7,0,20,0,41,0,0,0
560112,2,1,0,0,0,0,0,0,0,0,0,0
560113,1,1,0,0,0,0,0,0,0,0,0,0
560114,1,1,19,19,19,19,19,19,19,19,19,19
560115,1,1,0,0,0,0,0,0,0,0,0,0
560115,2,1,0,0,0,0,0,0,0,0,0,0
560115,3,1,0,0,0,0,0,0,0,0,0,0
560116,1,1,0,0,0,0,0,0,0,0,0,0
560116,2,1,0,0,0,0,0,0,0,0,0,0
560117,1,1,0,23,0,0,0,0,0,0,0,0
560117,2,1,0,0,0,0,0,0,0,0,0,0
560118,1,1,0,0,0,0,0,0,0,0,0,0
560118,2,1,0,0,0,0,0,0,0,0,0,0
560119,1,1,21,21,21,21,21,21,21,21,21,21
560120,1,1,0,0,0,0,0,0,0,0,0,0
560120,2,1,0,0,0,0,0,0,0,0,0,0
560121,1,1,0,0,0,0,0,0,0,0,0,0
560121,2,1,0,0,0,0,0,0,0,0,0,0
560122,1,1,0,0,0,0,0,0,0,0,0,0
560122,2,1,0,0,0,0,0,0,0,0,0,0
560123,1,1,0,0,0,0,0,0,0,0,0,0
560124,1,1,17,17,17,17,17,17,17,17,17,17
560124,2,1,0,0,0,0,0,0,0,0,12,0
560124,3,1,0,0,0,0,0,0,0,0,0,0
560125,1,1,0,0,0,0,0,0,0,0,0,0
560126,1,1,3,3,3,3,3,3,3,3,3,3
560126,2,1,4,4,4,4,4,4,4,4,4,4
560127,1,1,11,11,11,11,11,11,11,11,11,11
560128,1,1,0,0,0,0,0,0,0,0,0,0
560129,1,1,22,22,22,22,22,22,22,22,22,22
560130,1,1,0,0,0,0,21,0,0,0,0,0
560131,1,1,14,14,14,14,14,14,14,14,14,14