ST_CASE,VEH_NO,PER_NO,P1,P2,P3,P4,P5,P6,P7,P8,P9,P10
60001,1,1,0,0,0,0,0,0,0,0,0,0
60001,2,1,0,0,0,0,0,0,0,0,0,0
60002,1,1,26,26,26,26,26,26,26,26,26,26
60003,0,1,0,0,0,0,0,0,0,0,0,0
60003,1,1,18,0,14,0,0,19,21,0,0,0
60004,1,1,0,0,0,0,0,0,0,0,0,0
60005,1,1,19,0,13,0,0,0,0,5,0,15
60005,2,1,0,0,0,0,0,0,0,0,0,0
60006,1,1,0,0,0,0,0,0,0,0,0,0
60006,2,1,0,0,0,0,0,0,0,0,0,0
60007,1,1,0,0,0,0,0,0,0,0,0,0
60007,2,1,0,0,0,0,0,0,0,0,0,0
60007,3,1,0,0,0,0,0,0,0,0,0,0
60008,0,1,25,25,25,25,25,25,25,25,25,25
60008,1,1,0,0,0,0,0,0,0,0,0,0
60008,2,1,0,0,0,0,0,0,0,0,0,0
60009,1,1,17,17,17,17,17,17,17,17,17,17
60010,0,1,0,0,0,0,0,0,0,0,0,0
60010,1,1,0,0,0,0,0,0,0,0,0,0
60010,2,1,0,0,0,0,0,0,0,0,0,0
60010,3,1,0,0,0,0,0,0,0,0,0,0
60010,4,1,0,0,0,0,0,0,0,0,0,0
60011,1,1,0,0,0,0,0,0,17,0,3,13
60012,1,1,0,0,0,0,0,0,0,0,0,0
60013,0,1,0,0,0,0,0,0,0,0,0,0
60013,1,1,0,0,0,0,0,0,0,0,0,0
60013,2,1,0,0,0,0,0,0,0,0,0,0
60014,1,1,0,0,0,0,0,0,0,0,0,0
60015,1,1,0,0,0,0,0,0,0,0,0,0
60016,1,1,0,0,0,0,0,0,0,0,0,0
60017,1,1,21,21,21,21,21,21,21,21,21,21
60018,1,1,18,18,18,18,18,18,18,18,18,18
60019,1,1,9,9,9,9,9,9,9,9,9,9
60020,1,1,18,0,0,0,12,0,13,0,15,0
60021,1,1,0,0,0,0,0,0,0,0,0,0
60022,1,1,2,2,2,2,2,2,2,2,2,2
60023,1,1,0,0,0,0,0,0,0,0,0,0
60024,1,1,11,0,8,13,5,20,9,4,5,8
60025,1,1,24,24,24,24,24,24,24,24,24,24
60026,1,1,0,0,0,0,0,0,0,0,0,0
60027,1,1,0,0,0,0,0,0,0,0,0,0
60028,1,1,0,18,0,11,0,0,0,0,0,8
60029,1,1,11,11,11,11,11,11,11,11,11,11
60030,1,1,0,0,0,0,0,0,0,0,0,0
60030,2,1,0,5,11,0,0,0,0,0,0,0
60031,1,1,0,0,0,0,0,0,0,0,9,0
60031,2,1,0,0,0,0,0,0,0,0,0,0
60032,1,1,0,0,0,0,0,0,0,0,0,0
60032,2,1,0,0,0,0,0,0,0,0,10,0
60033,1,1,13,13,13,13,13,13,13,13,13,13
60033,2,1,12,12,12,12,12,12,12,12,12,12
60034,1,1,0,0,0,0,0,0,0,0,0,0
60034,2,1,0,0,0,0,0,0,0,0,0,0
60035,1,2,0,0,0,0,0,0,0,0,0,0
60035,2,1,0,0,0,0,0,0,0,0,0,0
60036,1,1,0,0,0,0,0,0,0,0,0,0
60036,2,1,0,0,0,0,0,0,0,0,0,0
60037,1,1,12,12,12,12,12,12,12,12,12,12
60037,2,1,0,0,0,0,0,28,0,0,0,0
60038,1,1,0,0,0,0,0,0,0,0,0,0
60038,2,1,0,0,0,0,0,0,0,0,0,0
60039,1,1,0,0,0,0,0,0,0,0,0,0
60039,2,1,0,0,0,0,0,0,0,0,11,0
60040,1,1,33,33,33,33,33,33,33,33,33,33
60040,2,1,0,0,0,0,0,0,0,0,0,0
60041,1,1,0,0,0,0,0,0,0,0,0,0
60041,2,1,0,0,0,0,0,0,0,0,0,0
60042,0,1,40,40,40,40,40,40,40,40,40,40
60042,1,1,0,0,0,0,0,0,21,0,0,0
60043,0,1,0,0,0,0,0,0,0,0,0,0
60043,1,1,0,0,0,0,0,0,0,0,0,0
60044,0,1,0,0,34,0,0,14,15,16,8,0
60044,1,1,0,6,2,0,0,0,0,0,0,0
60045,0,1,0,0,0,0,0,0,0,0,0,0
60045,1,1,0,0,0,0,0,0,0,0,0,0
60046,0,1,0,0,0,0,0,0,0,0,0,0
60046,1,1,14,14,14,14,14,14,14,14,14,14
60047,0,1,0,0,0,0,0,0,0,0,0,0
60047,1,1,0,0,0,0,0,0,0,0,0,0
60048,0,1,22,22,22,22,22,22,22,22,22,22
60048,1,1,0,0,0,0,0,0,0,0,0,0
60049,0,1,0,0,0,0,0,0,0,0,0,0
60049,1,1,0,0,0,0,0,4,0,0,0,0
60050,0,1,0,0,0,0,0,0,0,0,0,0
60050,1,1,0,0,0,0,0,0,0,0,0,0
60051,0,1,0,0,0,0,19,0,0,0,0,0
60051,1,1,16,17,0,17,0,2,0,7,0,10
60052,1,1,19,19,19,19,19,19,19,19,19,19
60053,1,1,22,22,22,22,22,22,22,22,22,22
60054,1,1,0,0,0,0,0,0,0,0,0,0
60054,2,1,0,0,0,7,0,0,0,9,0,0
60055,1,1,0,0,0,0,0,0,0,0,0,0
60055,2,1,0,0,0,0,0,0,0,0,0,0
60055,3,1,0,0,0,0,0,0,0,0,0,0
60056,1,1,0,0,0,0,0,0,0,0,0,0
60056,2,1,0,0,0,0,0,0,0,0,0,0
60057,1,1,0,0,0,0,0,0,0,0,0,0
60057,2,1,0,0,0,0,0,0,0,0,0,0
60058,1,1,19,19,19,19,19,19,19,19,19,19
60059,1,1,26,26,26,26,26,26,26,26,26,26
60060,0,1,21,21,21,21,21,21,21,21,21,21
60060,1,1,0,0,0,0,0,0,0,0,0,0
60061,1,1,9,9,9,9,9,9,9,9,9,9
60062,1,1,15,15,15,15,15,15,15,15,15,15
60063,1,1,25,25,25,25,25,25,25,25,25,25
60064,0,1,20,20,20,20,20,20,20,20,20,20
60064,1,1,0,0,0,0,0,0,0,0,0,0
60065,0,1,0,0,0,0,0,0,0,0,0,0
60065,1,1,0,0,0,0,0,0,0,0,8,0
60066,1,1,0,0,0,0,0,0,0,9,0,5
60066,2,1,0,0,0,0,0,0,0,0,0,0
60067,1,1,6,6,6,6,6,6,6,6,6,6
60068,1,1,0,0,0,0,0,0,0,0,0,0
60068,2,1,0,0,0,0,0,0,0,0,0,0
60069,1,1,0,0,0,0,0,8,0,0,0,0
60070,0,1,0,0,0,0,0,0,0,0,0,0
60070,1,1,0,0,0,0,0,0,16,0,0,0
60071,0,1,6,6,6,6,6,6,6,6,6,6
60071,1,1,0,0,0,0,0,0,0,0,0,0
60072,1,1,15,15,15,15,15,15,15,15,15,15
60073,0,1,0,0,0,0,0,0,0,0,0,0
60073,1,1,0,0,0,0,0,10,0,0,0,0
60074,1,1,0,0,0,0,0,0,0,0,0,0
60074,2,1,0,0,0,0,0,0,0,0,0,0
60074,3,1,0,0,0,10,0,0,0,0,0,0
60075,1,1,0,0,0,0,0,0,0,0,0,0
60076,1,1,0,0,0,0,0,0,0,0,0,0
60076,2,1,0,0,0,0,0,0,0,0,0,0
60077,0,1,0,0,0,0,0,0,0,0,0,0
60077,1,1,0,0,0,0,0,0,0,0,0,0
60078,1,1,22,22,22,22,22,22,22,22,22,22
60078,2,1,0,0,0,0,0,0,0,12,0,0
60079,0,1,26,26,26,26,26,26,26,26,26,26
60079,1,1,0,0,0,0,0,0,0,0,0,0
60080,1,1,0,0,0,0,0,0,0,0,0,0
60080,2,1,0,0,0,0,0,0,0,0,0,0
60081,1,1,0,0,0,0,0,0,0,0,0,0
60082,0,1,0,0,0,0,0,0,0,0,0,0
60082,1,1,0,0,0,0,0,0,0,0,0,0
60084,1,1,0,0,0,0,0,0,0,0,0,0
60084,2,1,0,0,0,0,0,0,0,0,0,0
60085,1,1,0,0,0,0,0,0,0,0,0,0
60085,2,1,0,0,0,0,0,0,0,0,0,0
60086,1,1,0,0,0,0,17,0,0,0,0,0
60086,2,1,0,0,0,0,0,0,0,0,0,0
60087,1,1,0,0,0,0,0,0,0,0,0,0
60088,0,1,0,44,0,0,0,22,0,0,25,0
60088,1,1,0,0,0,0,0,0,0,0,0,0
60089,1,1,0,0,0,0,0,0,0,0,0,0
60090,1,1,10,10,10,10,10,10,10,10,10,10
60091,1,1,28,28,28,28,28,28,28,28,28,28
60092,1,1,0,0,0,0,0,0,0,0,0,0
60093,0,1,0,0,0,0,0,0,0,0,0,0
60093,1,1,0,0,0,0,0,0,0,24,0,0
60094,1,1,0,0,0,0,0,0,0,0,0,0
60094,2,1,0,0,0,0,0,0,0,0,0,0
60095,0,1,0,17,16,0,0,0,0,0,0,0
60095,1,1,0,0,0,0,0,0,0,0,0,0
60096,1,1,10,10,10,10,10,10,10,10,10,10
60097,1,1,0,0,0,0,0,0,0,0,0,0
60098,1,1,22,22,22,22,22,22,22,22,22,22
60099,1,1,0,0,0,0,0,0,0,0,0,0
60099,2,1,0,0,0,0,0,0,0,0,0,0
60100,1,1,0,0,0,0,0,0,0,0,0,0
60100,2,1,0,0,0,0,0,0,0,0,0,0
60101,0,1,0,0,0,0,0,0,0,0,0,0
60101,1,1,24,24,24,24,24,24,24,24,24,24
60102,1,1,0,0,0,0,0,0,0,0,0,0
60102,2,1,0,0,0,0,0,0,0,0,0,0
60103,1,1,0,0,0,0,0,0,0,0,0,0
60104,1,1,0,0,0,0,0,0,0,0,0,0
60104,2,1,0,0,0,0,0,0,0,0,0,0
60104,3,1,0,0,0,0,0,0,0,0,0,0
60105,1,1,0,0,0,0,0,0,0,0,0,0
60105,2,1,0,0,0,0,0,0,0,0,0,0
60106,1,1,9,9,9,9,9,9,9,9,9,9
60107,1,1,20,20,20,20,20,20,20,20,20,20
60108,0,1,0,0,0,0,0,0,0,0,0,0
60108,0,2,0,0,0,0,0,0,0,0,0,0
60108,0,3,0,0,0,0,0,0,0,0,0,0
60108,1,1,0,0,0,0,0,0,0,0,0,0
60109,0,1,0,0,0,0,0,0,0,0,0,0
60109,1,1,0,0,0,0,0,0,0,0,0,0
60110,0,1,3,3,3,3,3,3,3,3,3,3
60110,1,1,0,0,0,0,0,0,0,0,0,0
60111,1,1,0,0,0,0,0,0,0,0,0,0
60112,1,1,0,0,0,0,0,0,0,0,0,0
60112,2,1,0,0,0,0,0,0,0,0,0,0
60113,0,1,0,0,0,0,12,0,0,0,0,0
60113,1,1,0,15,14,0,11,13,0,7,9,0
60114,1,1,0,0,0,0,0,0,0,0,0,0
60115,1,1,0,0,0,0,0,0,0,0,0,0
60116,1,1,0,0,0,0,0,0,0,0,0,0
60117,1,1,0,0,0,0,0,0,0,0,0,0
60118,1,1,0,8,0,0,0,0,0,0,0,0
60118,2,1,0,0,0,0,0,0,0,0,0,0
60119,0,1,3,3,3,3,3,3,3,3,3,3
60119,0,2,0,0,0,0,0,0,0,0,0,0
60119,1,1,15,15,15,15,15,15,15,15,15,15
60119,2,1,0,0,0,0,0,0,6,0,0,0
60120,1,1,0,0,0,0,0,0,0,0,0,0
60121,1,1,12,12,12,12,12,12,12,12,12,12
60122,0,1,0,0,0,0,0,0,0,0,0,0
60122,1,1,0,0,0,0,0,0,0,0,0,0
60123,1,1,20,20,20,20,20,20,20,20,20,20
60124,0,1,0,25,0,38,21,0,0,0,0,22
60124,1,1,0,0,0,0,0,12,0,0,0,0
60125,0,1,0,0,0,0,0,0,0,24,0,0
60125,0,2,0,0,0,0,0,0,0,0,0,0
60125,0,3,0,0,0,0,0,0,20,0,0,29
60125,0,4,0,0,0,0,0,0,0,0,0,0
60125,1,1,0,0,9,0,0,0,0,0,0,0
60126,1,1,15,15,15,15,15,15,15,15,15,15
60127,1,1,6,6,6,6,6,6,6,6,6,6
60128,1,1,0,0,0,0,0,0,0,0,0,0
60129,1,1,16,16,16,16,16,16,16,16,16,16
60130,0,1,0,0,0,0,0,0,0,0,0,0
60130,1,1,0,0,0,0,0,0,0,0,0,0
60131,0,1,0,0,0,0,0,0,0,0,0,0
60131,1,1,6,6,6,6,6,6,6,6,6,6
60132,1,1,0,0,0,0,0,0,0,0,0,0
60132,2,1,0,0,0,0,0,0,0,0,0,0
60133,0,1,0,0,0,0,0,0,0,0,0,0
60133,1,1,0,0,6,0,0,0,0,0,0,0
60134,1,1,35,35,35,35,35,35,35,35,35,35
60135,1,1,0,0,0,0,0,0,0,0,0,0
60136,1,1,26,10,8,6,14,7,14,11,32,12
60137,1,1,0,0,0,0,0,0,0,0,0,0
60137,2,1,0,0,0,0,0,0,0,0,0,0
60138,1,1,0,0,0,14,0,0,0,0,0,0
60138,2,1,0,0,0,0,0,0,0,0,0,0
60139,1,1,0,0,0,0,0,0,0,0,0,0
60139,2,1,0,0,0,0,0,0,0,0,0,0
60140,1,1,0,0,0,0,0,0,0,0,0,0
60141,0,1,0,0,0,0,0,0,0,0,0,0
60141,1,1,0,0,0,0,0,0,0,0,0,0
60142,1,1,16,16,16,16,16,16,16,16,16,16
60143,1,1,0,0,0,0,0,0,0,0,0,0
60144,1,1,0,0,0,0,0,0,0,0,0,0
60145,1,1,0,0,0,0,0,0,0,0,0,0
60145,2,1,0,0,0,0,0,0,0,0,0,0
60146,1,1,0,0,0,0,0,0,0,0,0,0
60146,2,1,0,0,0,0,0,0,0,0,0,0
60147,0,1,0,0,0,0,0,0,0,0,0,0
60147,1,1,0,0,0,0,0,0,0,0,0,0
60148,1,1,0,0,23,12,0,0,0,0,0,0
60149,1,1,0,0,0,0,0,0,0,0,0,0
60150,1,1,0,0,0,0,0,0,0,0,0,0
60151,0,1,0,0,0,0,0,0,0,0,0,0
60151,1,1,9,0,0,0,0,0,0,12,0,0
60152,1,1,0,0,0,0,0,0,0,0,0,0
60153,1,1,0,0,0,0,0,0,0,0,0,0
60153,2,1,0,20,0,0,0,0,10,0,0,0
60153,3,1,0,0,0,0,0,0,0,0,0,0
60154,1,1,19,19,19,19,19,19,19,19,19,19
60155,1,1,0,0,0,0,0,0,0,0,0,0
60155,2,1,0,0,0,0,0,0,0,0,0,0
60156,0,1,34,34,34,34,34,34,34,34,34,34
60156,1,1,0,0,0,0,0,0,0,0,0,0
60156,2,1,0,0,0,0,0,0,0,0,0,0
60157,1,1,0,0,0,0,0,0,0,0,0,0
60158,1,1,0,0,0,0,0,0,0,0,0,0
60158,2,1,0,0,0,0,0,0,0,0,0,0
60160,1,1,0,0,0,0,0,0,0,0,0,0
60160,2,1,0,0,0,0,0,0,0,0,0,0
60161,1,1,0,0,0,0,0,0,0,0,0,0
60161,2,1,0,0,0,0,0,0,0,0,0,0
60162,0,1,0,0,0,0,0,0,0,0,0,0
60162,1,1,0,0,0,17,0,0,0,0,0,0
60163,0,1,0,0,0,0,0,0,0,0,0,0
60163,1,1,0,0,0,0,0,0,0,0,0,0
60164,1,1,12,12,12,12,12,12,12,12,12,12
60165,1,1,0,0,0,0,0,0,0,0,0,0
60166,1,1,19,19,19,19,19,19,19,19,19,19
60166,2,1,0,0,0,0,0,0,0,0,0,0
60167,0,1,0,0,0,0,0,0,0,0,0,0
60167,1,1,0,0,0,0,0,0,0,0,0,0
60168,0,1,0,0,0,0,0,0,0,0,0,0
60168,1,1,0,0,0,0,0,0,0,0,0,0
60169,1,1,0,0,0,0,11,0,14,3,0,10
60169,2,1,0,0,0,0,0,0,0,0,0,0
60170,1,1,0,0,0,0,0,0,0,0,0,0
60170,2,1,0,0,0,0,0,0,0,0,0,0
60171,1,1,14,14,14,14,14,14,14,14,14,14
60172,1,1,20,20,20,20,20,20,20,20,20,20
60173,0,1,0,0,13,0,0,0,0,0,0,0
60173,1,1,0,0,0,0,0,0,0,0,0,0
60174,1,1,19,19,19,19,19,19,19,19,19,19
60175,1,1,0,0,0,9,0,0,15,0,0,0
60176,1,1,25,0,0,19,18,0,0,0,16,0
60177,1,1,0,0,0,0,0,0,0,0,0,0
60177,2,1,0,8,0,0,0,0,0,0,0,0
60178,1,1,0,0,0,0,0,0,0,0,0,0
60179,1,1,21,21,21,21,21,21,21,21,21,21
60180,1,1,0,0,0,0,0,0,0,0,0,0
60181,1,1,16,16,16,16,16,16,16,16,16,16
60182,1,1,0,0,0,0,0,0,0,0,0,0
60182,2,1,0,0,0,0,0,0,0,0,0,0
60182,3,1,0,0,0,0,0,0,0,0,0,0
60183,0,1,0,0,0,0,0,0,0,0,0,0
60183,1,1,0,0,0,0,0,0,0,0,0,0
60184,0,1,0,0,0,0,0,0,0,0,0,0
60184,1,1,0,0,0,0,0,0,0,0,0,0
60184,2,1,11,0,0,5,0,0,8,6,0,13
60185,1,1,0,13,0,0,0,0,15,0,0,0
60186,1,1,16,16,16,16,16,16,16,16,16,16
60187,1,1,0,0,0,0,0,0,0,0,0,0
60188,1,1,0,0,0,0,0,0,0,0,0,0
60189,1,1,0,0,0,0,0,0,0,0,0,0
60189,2,1,0,0,0,0,0,0,0,0,0,0
60189,3,1,0,0,0,0,0,0,0,0,0,0
60190,0,1,0,0,0,0,0,0,0,0,0,0
60190,1,1,0,0,0,0,0,0,0,0,0,8
60190,2,1,0,0,0,0,9,0,0,0,9,0
60191,0,1,0,0,0,0,0,0,24,0,0,0
60191,1,1,0,0,0,0,0,0,0,0,0,0
60192,0,1,0,0,0,0,0,0,0,0,0,0
60192,0,2,0,0,0,22,24,0,0,21,0,40
60192,1,1,13,0,0,0,0,19,15,18,24,3
60193,1,1,0,0,0,0,0,0,0,0,0,0
60194,0,1,0,0,0,0,0,0,0,0,0,0
60194,1,1,8,0,21,4,0,19,0,7,0,0
60195,1,1,0,0,0,0,0,0,0,0,0,0
60196,0,1,0,0,0,0,0,0,0,0,0,0
60196,1,1,0,0,0,0,0,0,0,0,0,0
60197,1,1,5,5,5,5,5,5,5,5,5,5
60198,1,1,20,0,33,33,19,0,0,0,0,0
60199,1,1,29,6,17,11,6,5,14,5,12,28
60200,1,1,0,0,0,0,0,0,0,0,0,0
60200,2,1,0,0,0,0,0,0,0,0,0,0
60201,0,1,28,28,28,28,28,28,28,28,28,28
60201,1,1,0,0,0,0,0,0,0,0,0,0
60202,1,1,0,0,0,0,0,0,0,0,0,0
60202,2,1,0,0,0,0,0,0,0,0,0,0
60203,0,1,0,0,0,0,0,0,0,0,0,0
60203,1,1,0,0,3,0,0,15,0,0,0,0
60204,1,1,0,0,0,0,0,0,0,0,0,0
60205,0,1,5,5,5,5,5,5,5,5,5,5
60205,1,1,0,0,0,0,0,0,15,0,0,0
60205,2,1,0,0,5,10,0,0,0,7,13,0
60205,3,1,0,0,0,9,0,0,0,0,0,0
60206,1,1,0,0,0,0,0,0,0,0,0,0
60206,2,1,0,0,0,0,0,0,0,0,0,0
60207,1,1,0,0,0,0,0,0,0,0,0,0
60207,2,1,29,17,12,10,3,10,0,5,11,14
60208,0,1,16,16,16,16,16,16,16,16,16,16
60208,1,1,0,0,0,0,0,0,0,0,0,0
60209,0,1,0,0,0,0,0,0,0,0,0,0
60209,1,1,0,0,0,0,0,0,0,0,0,0
60210,1,1,0,0,0,0,0,0,0,0,0,0
60210,2,1,0,0,0,0,0,0,0,0,0,0
60210,3,1,0,0,0,0,0,0,0,0,0,0
60211,1,1,0,0,0,0,0,0,0,0,0,0
60212,1,1,0,0,0,0,0,0,0,0,0,0
60213,1,1,0,0,0,0,0,0,0,0,0,0
60213,2,1,0,0,0,0,0,0,0,0,0,0
60214,1,1,0,0,0,0,0,0,0,0,0,0
60215,0,1,29,29,29,29,29,29,29,29,29,29
60215,1,1,0,0,0,0,0,0,0,0,0,0
60216,1,1,0,0,0,0,0,0,0,0,0,0
60216,2,1,0,0,0,0,0,0,0,0,0,0
60217,0,1,0,0,0,0,0,0,0,0,0,0
60217,1,1,0,0,0,0,4,0,0,0,0,0
60218,0,1,0,0,0,0,0,0,0,0,0,0
60218,1,1,0,0,0,0,0,0,0,0,0,0
60219,1,1,0,0,0,0,0,0,0,0,0,0
60219,2,1,13,13,13,13,13,13,13,13,13,13
60220,1,1,0,0,0,0,0,0,0,0,0,0
60220,2,1,0,0,0,0,0,0,0,0,15,0
60221,0,1,0,0,0,0,0,0,0,0,0,0
60221,1,1,8,8,8,8,8,8,8,8,8,8
60222,1,1,26,26,26,26,26,26,26,26,26,26
60223,0,1,22,0,15,0,33,0,0,0,28,30
60223,1,1,0,0,0,0,0,12,0,0,0,0
60224,1,1,0,0,0,0,0,0,0,0,4,7
60224,2,1,12,0,0,0,0,0,0,0,0,0
60224,3,1,0,0,0,0,0,0,0,0,0,0
60225,1,1,0,0,0,0,0,0,0,0,0,0
60226,1,1,20,20,20,20,20,20,20,20,20,20
60227,1,1,0,10,0,0,0,0,0,13,0,19
60227,2,1,0,0,0,0,0,0,0,0,0,0
60228,1,1,0,0,0,0,7,0,0,0,0,0
60229,0,1,0,0,0,0,0,0,0,0,0,0
60229,1,1,0,0,0,0,0,0,0,0,0,0
60229,2,1,0,0,0,0,0,0,19,0,10,0
60230,1,1,21,21,21,21,21,21,21,21,21,21
60230,2,1,0,0,0,0,0,0,0,0,0,0
60231,1,1,0,0,0,0,0,0,0,0,0,0
60231,2,1,0,0,0,0,0,0,0,0,0,0
60232,0,1,0,0,20,0,7,0,0,0,7,0
60232,1,1,21,6,27,0,0,9,0,13,14,10
60232,2,1,0,0,8,12,0,0,3,0,22,0
60233,1,1,0,0,0,0,0,0,0,0,0,0
60233,2,1,0,0,0,0,0,0,0,0,0,0
60234,1,1,0,0,0,0,0,0,0,0,0,0
60235,0,1,24,24,24,24,24,24,24,24,24,24
60235,0,2,0,0,0,0,18,19,10,16,28,24
60235,1,1,0,0,0,0,0,0,0,0,0,0
60236,1,1,25,25,25,25,25,25,25,25,25,25
60238,1,1,0,0,0,0,0,0,0,0,0,0
60239,1,1,0,0,0,0,0,0,0,0,0,0
60239,2,1,9,15,0,0,0,0,0,9,0,0
60240,1,1,0,0,0,0,0,19,0,0,0,0
60240,2,1,2,2,2,2,2,2,2,2,2,2
60241,1,1,0,5,0,0,0,0,0,0,0,0
60242,1,1,0,0,0,0,0,0,0,0,0,0
60243,0,1,8,8,8,8,8,8,8,8,8,8
60243,1,1,0,0,0,0,0,0,18,0,0,0
60244,1,1,18,18,18,18,18,18,18,18,18,18
60245,1,1,0,0,0,0,0,0,0,0,0,0
60245,2,1,0,0,0,0,0,0,0,0,0,0
60246,1,1,0,0,0,0,0,0,0,0,0,0
60246,2,1,13,13,13,13,13,13,13,13,13,13
60247,0,1,0,0,0,0,0,0,0,0,0,0
60247,0,2,0,0,0,0,0,0,0,0,0,0
60247,1,1,0,0,0,0,0,0,0,0,0,0
60248,0,1,18,18,18,18,18,18,18,18,18,18
60248,1,1,0,0,0,0,0,0,0,0,0,0
60249,1,1,10,10,10,10,10,10,10,10,10,10
60250,0,1,20,20,20,20,20,20,20,20,20,20
60250,1,1,0,0,0,0,0,0,0,0,0,0
60250,2,1,2,0,0,7,0,9,0,7,0,12
60251,0,1,0,0,0,0,0,0,0,0,0,0
60251,1,1,0,0,0,0,0,0,0,0,0,0
60252,1,1,0,0,0,0,0,0,0,0,0,0
60252,2,1,5,5,5,5,5,5,5,5,5,5
60253,1,1,24,24,24,24,24,24,24,24,24,24
60254,1,1,0,0,0,0,0,0,0,0,0,0
60255,1,1,34,34,34,34,34,34,34,34,34,34
60255,2,1,0,0,0,0,0,0,0,0,0,0
60255,3,1,0,0,0,0,0,0,0,0,0,0
60256,1,1,12,12,12,12,12,12,12,12,12,12
60257,1,1,4,4,4,4,4,4,4,4,4,4
60258,1,1,37,37,37,37,37,37,37,37,37,37
60259,0,1,38,38,38,38,38,38,38,38,38,38
60259,1,1,0,0,39,0,7,23,0,5,5,0
60260,1,1,8,31,18,20,13,23,11,6,16,34
60261,1,1,9,9,9,9,9,9,9,9,9,9
60262,1,1,0,0,0,0,0,0,0,0,0,0
60262,2,1,0,0,0,0,0,0,0,0,0,0
60263,1,1,0,0,0,0,0,0,0,0,0,0
60263,2,1,0,0,0,0,0,0,0,0,0,0
60264,1,1,0,0,0,0,0,0,0,0,0,0
60264,2,1,0,0,0,0,0,0,0,0,0,0
60264,3,1,0,0,0,0,0,0,0,0,0,0
60265,1,1,5,5,5,5,5,5,5,5,5,5
60265,2,1,0,0,0,0,0,0,0,0,0,0
60266,1,1,34,34,34,34,34,34,34,34,34,34
60267,0,1,0,0,0,0,0,0,0,0,0,0
60267,1,1,0,0,0,0,0,0,0,0,0,0
60268,0,1,18,18,18,18,18,18,18,18,18,18
60268,1,1,0,0,0,0,0,0,0,0,0,0
60269,0,1,0,0,0,0,0,0,0,0,0,0
60269,1,1,10,20,15,14,31,13,8,23,13,11
60270,1,1,20,20,20,20,20,20,20,20,20,20
60271,1,1,0,0,0,0,0,0,0,0,0,0
60272,0,1,17,0,0,0,17,0,0,0,0,0
60272,1,1,0,0,0,0,0,0,11,24,0,14
60273,1,1,0,0,0,0,0,0,0,0,0,0
60274,1,1,0,0,0,0,0,0,0,0,0,0
60275,1,1,0,0,29,0,0,0,0,0,0,0
60276,0,1,19,19,19,19,19,19,19,19,19,19
60276,1,1,0,0,0,0,0,10,0,8,0,0
60277,1,1,0,0,0,0,0,0,0,0,0,0
60278,1,1,24,24,24,24,24,24,24,24,24,24
60278,2,1,0,0,0,0,0,0,0,0,0,0
60279,1,1,0,0,0,0,0,7,0,0,0,0
60279,2,1,0,21,0,12,0,0,0,0,0,0
60280,0,1,0,0,0,0,0,0,0,0,0,0
60280,1,1,0,0,0,0,0,0,0,0,0,0
60281,0,1,15,15,15,15,15,15,15,15,15,15
60281,1,1,0,0,0,0,9,20,0,0,0,0
60282,1,1,0,0,0,0,0,0,0,0,0,0
60283,1,1,26,26,26,26,26,26,26,26,26,26
60283,2,1,0,0,3,0,0,0,7,0,0,0
60284,0,1,28,28,28,28,28,28,28,28,28,28
60284,1,1,0,0,0,0,0,8,0,0,0,0
60284,2,1,0,0,0,0,0,0,0,0,0,16
60285,1,1,0,0,0,0,0,0,0,0,0,0
60286,1,1,0,0,0,0,0,0,0,0,0,0
60286,2,1,0,0,0,0,0,0,0,0,0,0
60286,3,1,0,0,0,0,0,0,0,0,0,0
60287,0,1,0,0,0,0,0,0,0,0,0,0
60287,1,1,0,0,0,0,0,0,0,0,0,0
60287,2,1,0,0,0,0,0,0,0,0,0,0
60287,3,1,0,0,0,0,0,0,0,0,0,0
60287,4,1,0,0,0,0,0,0,0,0,0,0
60287,5,1,0,0,0,0,0,0,0,0,0,0
60287,6,1,0,0,8,0,0,0,0,5,0,0
60288,1,1,31,31,31,31,31,31,31,31,31,31
60289,0,1,0,0,0,0,0,0,0,0,0,0
60289,1,1,0,0,0,0,0,0,0,0,0,0
60290,0,1,33,33,33,33,33,33,33,33,33,33
60290,1,1,19,19,19,19,19,19,19,19,19,19
60291,1,1,0,0,0,0,0,0,0,0,0,0
60291,2,1,0,0,0,0,0,0,0,0,0,0
60292,0,1,33,33,33,33,33,33,33,33,33,33
60292,1,1,0,0,16,0,0,0,4,0,0,0
60293,0,1,30,30,30,30,30,30,30,30,30,30
60293,1,1,0,0,0,0,0,0,0,0,0,0
60293,2,1,0,0,0,0,0,0,0,0,0,0
60294,1,1,0,0,0,0,0,0,0,0,0,0
60294,2,1,0,0,0,0,0,0,0,0,0,0
60295,1,1,0,0,0,0,0,0,0,0,0,0
60296,0,1,0,0,0,0,0,0,0,0,0,0
60296,1,1,0,6,0,0,0,0,0,0,0,0
60297,1,1,14,14,14,14,14,14,14,14,14,14
60298,0,1,0,0,0,35,10,0,0,28,0,14
60298,1,1,0,0,0,0,0,0,0,0,0,0
60299,1,1,11,11,11,11,11,11,11,11,11,11
60299,2,1,13,13,13,13,13,13,13,13,13,13
60300,0,1,0,0,0,0,0,0,0,0,0,0
60300,1,1,0,0,0,0,0,0,0,0,0,0
60301,1,1,0,0,0,0,0,0,0,0,0,0
60301,2,1,0,0,0,0,0,0,0,0,0,0
60301,3,1,0,0,0,0,0,0,0,0,0,0
60302,1,1,21,21,21,21,21,21,21,21,21,21
60302,2,1,0,9,0,6,16,0,0,0,0,0
60303,1,1,10,10,10,10,10,10,10,10,10,10