ST_CASE,VEH_NO,PER_NO,P1,P2,P3,P4,P5,P6,P7,P8,P9,P10
60304,0,1,0,0,0,0,0,0,0,0,0,0
60304,1,1,0,19,0,0,0,0,0,0,0,0
60305,1,1,0,0,0,0,0,0,0,0,0,0
60305,2,1,0,0,0,0,0,0,0,0,0,0
60306,1,1,0,0,0,0,0,0,0,0,0,0
60306,2,1,1,1,1,1,1,1,1,1,1,1
60307,0,1,31,31,31,31,31,31,31,31,31,31
60307,1,1,15,0,0,0,0,0,0,14,0,0
60308,1,1,0,0,0,0,0,0,0,0,0,0
60308,2,1,0,0,0,0,0,0,0,0,0,0
60309,1,1,0,0,0,0,0,0,0,0,0,0
60310,1,1,0,0,0,0,0,0,0,0,0,0
60311,0,1,0,0,0,0,0,0,0,0,0,0
60311,1,1,0,0,0,0,0,0,0,0,0,0
60312,0,1,0,0,0,0,0,0,0,0,0,0
60312,1,1,0,0,0,0,0,0,0,0,0,0
60313,1,1,0,0,0,0,0,0,0,0,0,0
60313,2,1,0,0,0,0,0,0,0,0,0,0
60314,1,1,20,20,20,20,20,20,20,20,20,20
60314,2,1,0,0,0,0,0,0,0,0,0,0
60315,1,1,0,0,0,0,0,0,0,0,0,0
60315,2,1,0,0,0,0,0,0,0,0,0,0
60316,1,1,0,0,0,0,0,0,0,0,0,12
60316,2,1,21,0,9,0,0,0,0,0,14,0
60317,1,1,2,2,2,2,2,2,2,2,2,2
60317,2,1,0,0,0,0,0,0,0,0,0,0
60318,1,1,0,0,0,0,0,0,0,0,0,0
60319,0,1,0,0,0,0,0,0,0,0,0,0
60319,0,2,0,0,0,0,0,0,0,0,0,0
60319,0,3,0,0,0,0,0,0,0,15,0,0
60319,0,4,0,0,0,0,0,0,0,0,0,0
60319,1,1,0,0,0,0,0,19,0,0,0,0
60320,0,1,0,31,0,10,33,0,31,0,0,0
60320,1,1,0,0,0,0,0,29,0,0,0,6
60321,1,1,0,0,0,0,0,0,0,0,0,0
60321,2,1,0,0,0,0,0,0,0,0,0,0
60322,0,1,0,0,0,0,0,0,0,0,0,0
60322,1,1,0,0,0,0,0,0,0,0,0,0
60323,1,1,11,14,8,20,14,14,6,7,30,12
60324,1,1,12,17,9,14,4,0,22,5,11,8
60324,2,1,2,2,2,2,2,2,2,2,2,2
60325,1,1,0,0,0,0,0,0,0,0,0,0
60326,1,1,0,0,0,0,0,0,0,0,0,0
60326,2,1,0,0,0,0,0,0,0,0,0,0
60327,1,1,0,0,0,0,0,0,0,0,0,0
60327,2,1,0,0,0,0,0,0,0,0,0,0
60328,1,1,9,9,9,9,9,9,9,9,9,9
60328,2,1,0,0,0,0,0,0,0,0,0,0
60329,1,1,0,0,0,0,0,0,0,0,0,0
60330,0,1,0,0,0,0,0,0,0,0,0,0
60330,1,1,0,0,0,0,0,0,0,0,0,0
60331,1,1,0,0,0,0,0,0,0,0,0,0
60332,1,1,3,3,3,3,3,3,3,3,3,3
60333,0,1,0,0,0,0,0,0,0,0,0,0
60333,1,1,0,0,0,0,0,0,0,0,0,0
60334,0,1,0,0,0,0,0,0,0,0,0,0
60334,1,1,0,0,0,0,0,0,0,0,0,0
60335,1,1,0,0,0,4,0,0,0,0,0,0
60335,2,1,0,0,0,0,0,0,0,0,0,0
60335,3,1,0,0,0,0,0,0,0,0,0,0
60336,1,1,25,25,25,25,25,25,25,25,25,25
60336,2,1,0,0,0,0,0,0,0,0,0,0
60337,0,1,33,33,33,33,33,33,33,33,33,33
60337,1,1,0,25,9,0,0,6,0,0,8,14
60338,1,1,16,10,0,13,7,15,0,18,7,0
60339,1,1,0,0,0,0,0,0,0,0,0,0
60339,2,1,0,0,0,0,0,0,0,0,0,0
60340,0,1,23,23,23,23,23,23,23,23,23,23
60340,1,1,0,0,0,0,0,0,0,0,0,0
60341,1,1,17,17,17,17,17,17,17,17,17,17
60342,1,1,0,0,0,0,0,0,0,0,0,0
60343,1,1,20,20,20,20,20,20,20,20,20,20
60344,0,1,0,0,0,0,0,0,0,0,0,0
60344,1,1,0,0,0,14,0,0,0,0,0,0
60345,1,1,0,0,0,0,0,0,0,0,0,0
60345,2,1,0,0,0,0,0,0,0,0,0,0
60346,1,1,0,0,9,0,0,23,0,0,0,0
60346,2,1,0,0,0,0,0,0,0,0,0,0
60346,3,1,0,0,0,0,0,0,0,0,0,0
60347,1,1,0,0,0,0,0,0,0,0,0,0
60348,1,1,0,0,0,0,0,0,0,0,0,0
60348,2,1,0,0,0,0,0,0,0,0,0,0
60349,0,1,15,15,15,15,15,15,15,15,15,15
60349,1,1,13,17,26,3,6,20,6,0,0,13
60350,0,1,0,0,0,0,0,0,0,0,0,0
60350,1,1,0,0,0,0,0,0,0,0,0,0
60351,1,1,0,0,0,0,0,0,0,0,0,0
60351,2,1,0,0,0,0,0,0,0,0,0,0
60352,1,1,14,14,14,14,14,14,14,14,14,14
60352,2,1,0,0,0,0,0,0,0,0,0,0
60353,0,1,27,27,27,27,27,27,27,27,27,27
60353,1,1,0,0,16,0,0,0,0,0,0,0
60354,0,1,0,0,0,0,30,0,0,0,0,0
60354,1,1,0,0,0,0,0,0,0,0,0,0
60355,0,1,0,0,0,0,0,0,0,0,0,0
60355,1,1,0,0,23,0,16,7,12,0,6,0
60355,2,1,0,0,0,0,0,0,0,0,0,0
60356,1,1,0,0,0,0,0,0,0,0,0,0
60357,0,1,23,23,23,23,23,23,23,23,23,23
60357,1,1,0,0,0,0,0,0,0,0,0,0
60358,1,1,7,7,7,7,7,7,7,7,7,7
60358,2,1,0,0,0,0,0,0,0,0,0,0
60358,3,1,0,18,0,0,0,0,22,12,0,0
60359,0,1,0,0,0,0,0,0,0,0,0,0
60359,1,1,0,0,0,0,0,0,0,0,0,0
60360,0,1,11,11,11,11,11,11,11,11,11,11
60360,1,1,0,0,0,0,0,0,0,0,0,0
60361,1,1,6,6,6,6,6,6,6,6,6,6
60362,1,1,0,9,0,0,0,0,0,0,0,0
60362,2,1,0,0,0,0,0,0,0,0,0,0
60362,3,1,0,0,0,0,0,0,0,0,0,0
60363,0,1,20,20,20,20,20,20,20,20,20,20
60363,1,1,0,0,0,0,0,0,0,0,0,0
60364,1,1,0,0,0,0,0,0,0,0,0,0
60364,2,1,0,0,0,0,0,0,0,0,0,0
60365,1,1,0,0,0,0,0,0,0,0,0,0
60365,2,1,0,0,0,0,0,0,0,0,0,0
60365,3,1,0,0,0,0,0,0,0,0,0,0
60366,1,1,0,0,0,0,0,0,0,0,0,0
60366,2,1,25,0,0,0,0,0,0,0,0,0
60367,1,1,0,0,0,0,0,0,0,0,0,0
60368,0,1,17,17,17,17,17,17,17,17,17,17
60368,1,1,0,0,0,0,0,0,0,0,0,0
60369,0,1,0,0,0,0,0,0,0,0,0,0
60369,1,1,11,0,0,13,17,0,0,4,0,0
60370,1,1,20,20,20,20,20,20,20,20,20,20
60371,1,1,0,0,0,0,0,0,0,0,0,0
60371,2,1,0,0,0,0,0,0,0,0,0,0
60372,0,1,0,0,0,0,0,0,0,0,0,0
60372,1,1,0,0,0,0,0,0,0,0,0,0
60373,1,1,0,0,0,0,0,0,0,0,0,0
60374,1,1,19,19,19,19,19,19,19,19,19,19
60375,0,1,0,0,0,0,0,0,0,0,0,0
60375,1,1,0,0,0,0,0,0,0,0,0,0
60376,1,1,0,0,0,0,0,0,0,0,0,0
60376,2,1,0,0,0,0,0,0,0,0,0,0
60377,1,1,0,0,0,0,0,0,0,0,0,0
60378,1,1,0,0,0,0,0,0,0,0,0,0
60379,1,1,0,0,0,0,0,0,0,0,0,0
60380,1,1,12,12,12,12,12,12,12,12,12,12
60380,2,1,0,0,0,0,0,0,0,0,0,0
60381,1,1,0,0,0,0,0,0,0,0,0,0
60382,1,1,0,0,0,0,0,0,0,0,0,0
60382,2,1,0,0,0,0,0,0,0,0,0,0
60383,1,1,18,18,18,18,18,18,18,18,18,18
60383,2,1,0,0,0,0,10,0,0,0,0,0
60384,1,1,0,0,0,0,0,0,0,0,0,0
60385,1,1,12,12,12,12,12,12,12,12,12,12
60386,1,1,0,0,0,0,0,0,0,0,0,0
60386,2,1,0,0,0,0,0,0,0,0,0,0
60387,1,1,0,0,0,0,0,0,0,0,0,0
60388,1,1,10,0,18,12,18,0,20,13,9,34
60389,1,1,0,0,0,0,0,0,0,0,0,0
60389,2,1,0,0,0,0,0,0,0,0,0,0
60390,1,1,27,27,27,27,27,27,27,27,27,27
60391,0,1,45,45,45,45,45,45,45,45,45,45
60391,1,1,0,0,0,0,0,0,0,0,0,0
60391,2,1,0,0,0,0,0,0,0,0,0,0
60392,1,1,15,15,15,15,15,15,15,15,15,15
60393,1,1,7,7,7,7,7,7,7,7,7,7
60394,1,1,20,20,20,20,20,20,20,20,20,20
60395,1,1,0,0,0,0,0,0,0,0,0,0
60396,1,1,0,0,0,0,0,0,0,0,0,0
60396,2,1,0,0,0,0,0,0,0,0,0,0
60397,1,1,6,6,6,6,6,6,6,6,6,6
60398,1,1,0,0,0,0,0,0,0,0,0,0
60398,2,1,0,0,0,0,0,0,0,0,0,0
60399,0,1,0,0,0,0,0,0,0,0,0,0
60399,1,1,0,0,0,0,0,0,0,0,0,0
60400,1,1,0,0,0,0,0,0,0,0,0,0
60401,0,1,0,0,0,0,0,0,0,0,0,0
60401,1,1,0,0,0,0,0,0,0,0,0,0
60402,0,1,21,21,21,21,21,21,21,21,21,21
60402,0,2,3,28,15,14,15,13,30,11,23,31
60402,1,1,0,15,13,24,5,18,0,0,0,0
60403,0,1,0,0,0,0,0,0,0,0,0,0
60403,1,1,0,0,0,0,0,0,0,0,0,0
60404,1,1,0,0,0,0,0,0,0,0,0,0
60404,2,1,0,0,0,0,0,0,0,0,0,0
60405,1,1,19,19,19,19,19,19,19,19,19,19
60406,1,1,0,0,0,0,0,0,0,0,0,0
60406,2,1,0,0,0,0,0,0,0,0,0,0
60407,1,1,7,7,7,7,7,7,7,7,7,7
60407,2,1,0,0,0,0,0,0,0,0,0,0
60408,1,1,7,7,7,7,7,7,7,7,7,7
60408,2,1,0,0,0,0,0,0,0,0,0,0
60409,1,1,23,23,23,23,23,23,23,23,23,23
60410,1,1,18,18,18,18,18,18,18,18,18,18
60411,1,1,0,0,0,0,0,0,0,0,0,0
60411,2,1,0,0,0,0,0,0,0,0,0,0
60412,1,1,0,0,0,0,0,0,0,0,0,0
60412,2,1,0,0,0,0,0,0,0,0,0,0
60413,1,1,0,0,0,0,0,0,0,0,0,0
60413,2,1,0,0,0,0,0,0,0,0,0,0
60413,3,1,0,0,0,0,0,18,0,0,0,0
60414,0,1,16,16,16,16,16,16,16,16,16,16
60414,1,1,0,0,0,0,0,0,0,0,0,0
60415,1,1,0,0,0,0,0,0,0,0,0,0
60417,1,1,0,0,0,0,0,0,0,0,0,0
60417,2,1,0,0,0,0,0,0,0,0,0,0
60418,1,1,8,8,8,8,8,8,8,8,8,8
60418,2,1,0,0,0,0,0,0,0,0,0,0
60419,1,1,0,0,0,0,0,0,0,0,0,0
60419,2,1,0,0,0,0,0,0,0,0,0,0
60420,1,1,0,0,0,0,0,0,0,0,0,0
60420,2,1,0,0,0,0,0,0,0,0,0,0
60420,3,1,0,0,0,0,0,0,0,0,0,0
60421,0,1,0,0,0,0,0,0,0,0,0,0
60421,1,1,0,0,0,0,0,0,0,0,0,0
60422,1,1,23,23,23,23,23,23,23,23,23,23
60422,2,1,0,0,0,0,0,0,0,0,0,0
60423,0,1,0,0,0,0,0,0,0,0,0,0
60423,1,1,0,0,0,0,0,0,0,0,0,0
60424,1,1,8,8,8,8,8,8,8,8,8,8
60425,0,1,13,13,13,13,13,13,13,13,13,13
60425,1,1,0,0,0,0,0,0,0,0,0,0
60426,1,1,0,0,0,0,0,0,0,0,0,0
60426,2,1,0,0,0,0,0,0,0,0,0,0
60427,1,1,0,0,0,0,0,0,0,0,0,0
60428,1,1,0,0,0,0,0,0,0,0,0,0
60429,1,1,0,0,0,0,0,0,0,0,0,0
60429,2,1,0,0,0,0,0,0,0,0,0,0
60430,1,1,0,0,0,0,0,0,0,0,0,0
60431,0,1,0,0,0,0,0,0,0,0,0,0
60431,1,1,0,0,0,0,0,0,0,0,0,0
60432,0,1,0,0,0,0,0,0,0,0,0,0
60432,1,1,0,0,0,0,0,0,0,0,0,0
60433,1,1,0,0,0,0,0,0,0,0,0,0
60433,2,1,0,0,0,0,0,0,0,0,0,0
60434,1,1,29,29,29,29,29,29,29,29,29,29
60435,0,1,0,0,0,0,0,0,0,0,0,0
60435,1,1,0,0,0,0,0,0,0,0,0,0
60436,1,1,2,2,2,2,2,2,2,2,2,2
60436,2,1,0,0,0,0,0,0,0,0,0,0
60437,1,1,26,26,26,26,26,26,26,26,26,26
60437,2,1,0,0,0,0,0,0,0,0,0,0
60438,1,1,0,0,0,0,0,0,0,0,0,0
60438,2,1,0,0,0,0,0,0,0,0,0,0
60439,1,1,0,0,0,0,0,0,0,0,0,0
60440,0,1,29,29,29,29,29,29,29,29,29,29
60440,1,1,0,0,0,0,0,0,21,0,22,0
60440,2,1,0,0,0,10,0,0,0,0,0,10
60441,1,1,0,0,0,0,0,0,0,0,0,0
60441,2,1,0,0,0,0,18,0,0,0,0,0
60442,1,1,0,0,0,0,0,0,0,0,0,0
60442,2,1,0,0,8,0,0,0,0,0,0,0
60443,1,1,0,0,0,0,0,0,0,0,0,0
60444,1,1,0,0,0,0,0,0,0,0,0,0
60444,2,1,0,0,0,0,0,0,0,0,0,0
60445,1,1,0,0,0,0,0,0,0,0,0,0
60446,1,1,0,0,0,0,0,0,0,0,0,0
60446,2,1,0,0,0,0,0,0,0,0,0,0
60446,3,1,0,0,0,0,0,0,0,0,0,0
60447,0,1,0,0,0,0,0,0,0,0,0,0
60447,1,1,0,0,0,0,0,0,0,0,0,0
60448,1,1,0,0,0,0,0,0,0,0,0,0
60448,2,1,0,0,0,0,0,0,0,0,0,0
60449,1,1,9,9,9,9,9,9,9,9,9,9
60450,1,1,14,14,14,14,14,14,14,14,14,14
60451,0,1,2,2,2,2,2,2,2,2,2,2
60451,1,1,0,0,0,0,0,0,0,0,0,0
60452,1,1,15,15,15,15,15,15,15,15,15,15
60453,0,1,8,8,8,8,8,8,8,8,8,8
60453,1,1,14,14,14,14,14,14,14,14,14,14
60454,1,1,12,12,12,12,12,12,12,12,12,12
60454,2,1,0,0,0,0,0,0,0,24,0,0
60455,1,1,17,18,14,7,34,29,13,19,14,13
60456,1,1,0,0,0,0,0,0,0,0,0,0
60456,2,1,0,0,0,0,0,0,0,0,0,0
60457,1,1,0,0,0,0,0,0,0,0,0,0
60458,1,1,0,0,0,0,0,0,0,0,0,0
60458,2,1,0,0,0,0,0,0,0,12,0,0
60459,1,1,0,0,0,0,0,0,0,0,0,0
60459,2,1,0,0,0,0,0,0,0,11,0,0
60460,0,1,0,0,0,0,0,0,0,0,0,0
60460,1,1,0,0,0,0,0,0,0,0,0,0
60461,0,1,0,0,0,0,0,0,0,0,0,0
60461,1,1,0,0,0,0,0,0,0,0,0,0
60462,0,1,0,0,0,0,0,0,0,0,0,0
60462,0,2,19,0,0,0,0,0,0,0,0,0
60462,0,3,0,0,0,0,0,0,0,0,0,0
60462,1,1,0,0,0,0,0,0,0,0,0,0
60462,2,1,0,0,0,0,0,0,0,0,0,0
60463,0,1,0,0,0,0,0,0,0,0,0,0
60463,1,1,0,0,0,0,0,0,0,0,0,0
60464,0,1,0,0,0,0,0,0,0,0,0,0
60464,1,1,0,0,0,0,0,0,0,0,0,0
60465,1,1,15,15,15,15,15,15,15,15,15,15
60466,1,1,0,0,0,0,0,0,0,0,0,0
60467,1,1,0,0,0,0,0,0,0,0,0,0
60467,2,1,0,0,0,0,0,0,15,14,0,0
60468,1,1,17,17,17,17,17,17,17,17,17,17
60468,2,1,0,0,0,0,0,0,0,0,0,19
60469,0,1,26,4,0,17,17,44,0,17,0,0
60469,1,1,0,0,0,0,0,0,0,0,0,0
60470,1,1,0,0,0,0,0,0,0,0,0,0
60470,2,1,16,16,16,16,16,16,16,16,16,16
60471,1,1,0,0,0,0,0,0,0,0,0,0
60472,0,1,0,0,0,0,0,0,0,0,0,0
60472,1,1,0,0,0,0,0,0,0,0,0,0
60473,0,1,0,0,0,0,0,0,0,0,0,0
60473,1,1,0,0,0,0,0,0,0,0,0,0
60474,1,1,0,0,0,0,0,0,0,0,0,0
60475,1,1,0,0,0,0,0,0,0,0,0,0
60475,2,1,0,0,0,0,0,0,0,0,0,0
60476,0,1,38,38,38,38,38,38,38,38,38,38
60476,1,1,0,0,0,0,0,0,0,0,0,0
60477,0,1,10,10,10,10,10,10,10,10,10,10
60477,1,1,0,0,0,0,0,0,0,0,0,0
60477,2,1,0,0,0,0,0,0,0,0,0,0
60478,1,1,30,30,30,30,30,30,30,30,30,30
60479,1,1,0,0,0,0,0,0,0,0,0,0
60480,1,1,0,0,0,0,0,0,0,0,0,0
60481,1,1,0,0,0,0,0,0,0,0,0,0
60482,0,1,0,0,0,0,0,0,0,0,0,0
60482,1,1,0,0,0,0,0,0,0,0,0,27
60483,1,1,0,0,0,0,0,0,40,0,0,0
60483,2,1,0,0,0,0,0,0,0,0,0,0
60484,0,1,0,0,0,0,0,0,0,0,0,0
60484,1,1,18,18,18,18,18,18,18,18,18,18
60485,1,1,0,0,0,0,0,0,0,0,0,0
60485,2,1,0,0,0,0,0,0,0,0,0,0
60486,1,1,0,0,35,0,0,0,0,0,0,0
60487,1,1,0,0,0,0,0,0,0,0,0,0
60487,2,1,0,0,0,0,0,0,0,0,0,0
60488,0,1,0,0,0,0,0,0,0,0,0,0
60488,1,1,0,0,0,0,0,5,0,0,0,0
60489,1,1,17,17,17,17,17,17,17,17,17,17
60490,1,1,10,10,10,10,10,10,10,10,10,10
60490,2,1,15,15,15,15,15,15,15,15,15,15
60490,3,1,0,0,5,0,0,0,0,4,0,15
60491,1,1,3,3,3,3,3,3,3,3,3,3
60492,0,1,0,0,0,0,0,0,0,0,0,0
60492,1,1,0,0,0,0,0,0,0,0,0,0
60493,0,1,16,16,16,16,16,16,16,16,16,16
60493,1,1,0,0,0,0,0,0,0,0,0,0
60494,1,1,0,0,0,0,0,0,0,0,0,0
60494,2,1,0,0,0,0,0,0,0,0,0,0
60495,1,1,0,0,0,0,0,0,0,0,0,0
60495,2,1,0,0,0,0,0,0,0,0,0,0
60495,3,1,0,0,0,24,0,0,0,0,0,0
60496,0,1,0,0,0,0,0,0,0,0,0,0
60496,1,1,0,0,0,0,0,0,0,0,0,0
60497,0,1,29,29,29,29,29,29,29,29,29,29
60497,1,1,0,0,0,0,0,0,0,0,0,0
60497,2,1,0,0,0,0,0,12,0,0,0,0
60497,3,1,0,0,0,0,0,0,0,0,0,0
60497,4,1,0,0,0,0,0,0,0,0,0,0
60498,0,1,0,0,0,0,0,0,0,0,0,0
60498,1,1,0,0,0,0,0,0,0,0,0,0
60499,1,1,3,3,3,3,3,3,3,3,3,3
60500,1,1,22,22,22,22,22,22,22,22,22,22
60500,2,1,0,0,18,0,0,0,0,0,0,0
60501,1,1,0,0,0,0,0,0,0,0,0,0
60501,2,1,0,0,0,0,0,0,0,0,0,0
60501,3,1,0,0,0,0,0,0,0,0,0,0
60502,1,1,11,11,11,11,11,11,11,11,11,11
60502,2,1,0,0,0,0,0,0,0,0,0,0
60503,0,1,28,28,28,28,28,28,28,28,28,28
60503,1,1,0,0,0,0,0,0,22,13,0,0
60504,1,1,8,15,20,13,13,25,30,0,6,10
60504,2,1,0,0,0,0,0,0,0,0,0,0
60504,3,1,0,0,0,0,0,0,0,0,0,0
60505,1,1,35,35,35,35,35,35,35,35,35,35
60505,2,1,0,0,0,0,0,0,0,0,0,0
60506,1,1,14,14,14,14,14,14,14,14,14,14
60506,2,1,0,0,0,0,0,0,0,0,0,0
60506,3,1,0,16,0,0,0,0,0,16,0,0
60507,1,1,24,24,24,24,24,24,24,24,24,24
60508,0,1,17,17,17,17,17,17,17,17,17,17
60508,1,1,0,0,0,0,0,0,0,0,0,0
60509,0,1,3,3,3,3,3,3,3,3,3,3
60509,1,1,20,0,0,0,0,0,7,0,0,0
60510,0,1,0,0,0,0,0,0,0,0,0,0
60510,1,1,0,0,0,14,0,0,0,0,0,0
60511,1,1,0,0,0,0,0,0,0,0,0,0
60511,2,1,0,0,0,0,0,0,0,0,0,0
60512,1,1,0,0,0,0,0,0,0,0,0,0
60512,2,1,0,0,0,0,0,0,0,0,0,0
60513,0,1,36,36,36,36,36,36,36,36,36,36
60513,1,1,0,0,11,25,0,0,18,9,0,14
60514,0,1,0,0,0,0,0,0,0,0,0,0
60514,1,1,0,0,0,0,18,0,0,0,0,0
60515,1,1,0,0,0,0,0,0,0,0,0,0
60516,0,1,0,0,0,0,0,0,0,0,0,0
60516,1,1,0,0,0,0,0,0,0,0,0,0
60517,1,1,0,0,0,0,0,0,0,0,0,0
60517,2,1,23,23,23,23,23,23,23,23,23,23
60518,1,1,17,17,17,17,17,17,17,17,17,17
60519,1,1,39,39,39,39,39,39,39,39,39,39
60519,2,1,0,0,0,0,0,0,0,0,0,0
60520,1,1,23,23,23,23,23,23,23,23,23,23
60521,1,1,0,0,0,0,0,0,0,0,0,0
60521,2,1,0,0,0,0,0,0,0,0,0,0
60522,1,1,2,2,2,2,2,2,2,2,2,2
60522,2,1,0,0,0,0,0,0,0,0,0,0
60522,3,1,0,5,12,8,0,0,0,9,11,0
60523,0,1,0,0,0,0,0,0,0,0,0,0
60523,1,1,0,0,0,0,0,0,0,0,0,0
60524,1,1,16,16,16,16,16,16,16,16,16,16
60525,1,1,0,0,0,0,0,0,0,0,0,0
60525,2,1,0,0,0,0,0,0,0,0,0,0
60526,0,1,26,26,26,26,26,26,26,26,26,26
60526,1,1,0,0,0,0,32,0,0,0,0,0
60526,2,1,0,0,0,0,0,0,0,0,0,0
60527,1,1,0,0,0,0,0,0,0,0,0,0
60527,2,1,0,0,0,0,0,0,0,0,0,0
60528,0,1,0,0,0,0,0,0,0,0,0,0
60528,1,1,0,0,0,0,0,0,0,0,0,0
60529,1,1,13,13,13,13,13,13,13,13,13,13
60530,1,1,18,18,18,18,18,18,18,18,18,18
60530,2,1,0,0,0,0,0,0,0,0,0,0
60530,3,1,0,0,0,12,0,9,0,0,5,0
60531,1,1,0,0,0,0,0,0,0,0,0,0
60532,1,1,24,24,24,24,24,24,24,24,24,24
60532,2,1,0,0,0,0,8,0,0,0,13,0
60533,0,1,37,37,37,37,37,37,37,37,37,37
60533,1,1,0,0,0,0,0,0,0,0,0,0
60534,1,1,0,0,0,0,0,0,0,0,0,0
60534,2,1,0,0,0,0,0,0,0,0,0,0
60535,1,1,0,0,0,0,0,0,0,0,0,0
60536,1,1,19,19,19,19,19,19,19,19,19,19
60536,2,1,0,0,0,0,0,0,0,0,0,0
60536,3,1,0,0,0,0,0,0,0,0,23,0
60537,1,1,0,19,15,0,18,0,0,0,9,0
60537,2,1,0,0,0,0,0,0,0,0,0,0
60537,3,1,0,0,0,0,0,0,0,0,0,0
60538,1,1,9,9,9,9,9,9,9,9,9,9
60538,2,1,0,9,0,10,0,0,0,0,0,0
60539,1,1,0,0,0,0,0,0,0,0,0,0
60539,2,1,0,13,0,0,0,0,0,12,0,5
60539,3,1,0,0,0,0,5,0,0,0,0,0
60540,1,1,0,0,0,0,0,0,0,0,0,0
60540,2,1,15,15,15,15,15,15,15,15,15,15
60541,1,1,4,4,4,4,4,4,4,4,4,4
60541,2,1,10,10,10,10,10,10,10,10,10,10
60542,1,1,0,0,0,0,0,0,0,0,0,0
60542,2,1,0,0,0,0,0,0,0,0,0,0
60543,1,1,0,0,0,0,0,0,0,15,0,0
60543,2,1,0,0,0,0,0,0,0,0,0,0
60543,3,1,0,0,0,0,0,0,0,0,0,0
60544,1,1,0,0,0,0,0,0,0,0,0,0
60544,2,1,0,0,0,0,24,0,0,0,0,0
60545,1,1,0,0,0,0,0,0,0,0,0,0
60546,1,1,0,0,8,20,0,0,19,0,0,0
60547,0,1,0,0,0,0,0,0,0,0,0,0
60547,1,1,0,0,0,8,0,0,0,0,0,11
60547,2,1,6,16,0,0,0,10,0,0,9,0
60548,1,1,0,0,16,0,0,0,0,0,0,0
60548,2,1,0,0,0,0,0,0,0,0,0,0
60549,1,1,0,0,0,0,4,0,0,0,0,0
60549,2,1,0,0,0,0,0,0,0,0,0,0
60550,0,1,0,0,0,0,0,0,0,0,0,0
60550,1,1,0,0,10,0,0,0,0,0,0,0
60551,1,1,18,18,18,18,18,18,18,18,18,18
60552,1,1,15,15,15,15,15,15,15,15,15,15
60552,2,1,19,0,0,0,0,0,0,0,0,0
60552,3,1,0,0,0,0,0,0,0,0,0,0
60552,4,1,0,0,0,0,0,0,0,0,0,0
60553,1,1,0,0,0,0,0,0,0,0,0,0
60553,2,1,0,0,0,0,0,0,0,0,0,0
60553,3,1,0,0,0,0,0,0,0,0,0,0
60553,4,1,0,0,0,0,13,0,0,0,0,0
60554,0,1,0,0,0,0,0,0,0,0,0,0
60554,1,1,0,0,0,0,0,0,0,0,0,0
60555,0,1,0,0,0,0,0,0,0,0,0,0
60555,1,1,0,0,0,0,0,0,0,13,0,0
60556,0,1,0,0,0,0,0,0,0,0,0,0
60556,1,1,0,0,0,18,0,14,0,10,0,0
60557,0,1,15,15,15,15,15,15,15,15,15,15
60557,1,1,21,0,0,16,0,5,0,0,0,5
60558,1,1,6,6,6,6,6,6,6,6,6,6
60559,0,1,0,0,0,0,0,0,0,0,0,0
60559,1,1,0,17,16,0,0,0,0,0,0,0
60560,1,1,0,0,0,0,0,0,0,0,0,0
60560,2,1,0,0,0,0,0,0,0,0,0,0
60561,1,1,0,0,0,5,0,0,0,0,16,0
60561,2,1,0,0,0,0,0,0,0,0,0,0
60562,1,1,0,0,0,0,0,0,0,0,0,0
60562,2,1,0,0,0,0,0,0,0,0,0,0
60563,1,1,0,0,0,0,0,0,0,0,0,0
60564,0,1,0,0,0,0,0,0,0,0,0,0
60564,1,1,0,0,0,0,0,0,0,0,0,0
60565,1,1,6,6,6,6,6,6,6,6,6,6
60565,2,1,2,2,2,2,2,2,2,2,2,2
60566,1,1,14,20,0,0,0,22,0,8,15,0
60566,2,1,0,0,0,0,0,0,0,0,0,0
60567,0,1,0,0,0,0,0,0,0,0,0,0
60567,0,2,0,0,0,0,0,0,0,0,0,6
60567,0,3,0,0,15,0,0,0,0,0,0,0
60567,0,4,0,0,0,0,0,0,0,0,0,0
60567,1,1,0,0,0,0,0,0,25,0,0,0
60568,1,1,25,25,25,25,25,25,25,25,25,25
60569,1,1,0,0,26,0,0,0,0,0,24,15
60570,1,1,0,0,0,0,0,17,23,0,0,0
60570,2,1,0,0,0,0,0,0,0,0,0,0
60570,3,1,0,0,0,0,0,0,0,0,0,0
60570,4,1,0,0,0,0,0,0,0,0,0,0
60571,0,1,0,0,0,0,0,0,0,0,0,0
60571,1,1,0,0,0,13,0,0,0,0,0,0
60571,3,1,0,0,0,23,0,0,0,0,6,8
60571,4,1,0,16,14,19,18,0,14,14,9,0
60572,0,1,0,0,0,0,0,30,28,0,20,0
60572,0,2,0,0,0,0,0,0,0,0,0,0
60572,1,1,0,0,0,0,0,0,0,0,0,0
60573,1,1,0,0,0,0,0,0,0,0,0,0
60573,2,1,0,0,0,0,0,0,0,0,0,0
60574,1,1,0,0,0,0,0,0,0,0,0,0
60574,3,1,0,0,0,0,0,0,0,0,0,0
60575,0,1,0,0,0,0,0,0,0,0,0,0
60575,1,1,0,0,0,0,0,0,0,0,0,0
60576,0,1,0,0,0,0,0,0,0,0,0,0
60576,1,1,20,5,13,0,0,0,0,0,0,14
60577,0,1,20,20,20,20,20,20,20,20,20,20
60577,1,1,0,0,0,0,0,0,23,0,0,0
60578,1,1,6,6,6,6,6,6,6,6,6,6
60579,1,1,21,21,21,21,21,21,21,21,21,21
60580,1,1,0,0,0,0,0,0,0,0,0,0
60580,2,1,0,0,0,0,0,0,0,22,0,19
60581,1,1,24,24,24,24,24,24,24,24,24,24
60581,2,1,0,0,0,0,0,0,0,0,0,0
60582,1,1,0,0,0,0,0,0,0,0,0,0