ST_CASE,VEH_NO,PER_NO,P1,P2,P3,P4,P5,P6,P7,P8,P9,P10
60582,2,1,12,12,12,12,12,12,12,12,12,12
60583,1,1,9,9,9,9,9,9,9,9,9,9
60584,1,1,0,0,0,0,0,0,0,0,0,0
60585,1,1,12,0,0,0,17,0,0,0,0,0
60585,2,1,0,0,0,0,0,0,0,0,0,0
60586,1,1,0,0,0,0,0,0,0,0,0,0
60586,2,1,0,0,0,0,0,0,0,0,0,0
60587,1,1,4,4,4,4,4,4,4,4,4,4
60588,0,1,0,0,0,0,0,0,0,0,0,0
60588,1,1,0,0,0,0,0,0,19,0,0,0
60589,1,1,0,0,0,0,0,0,0,0,0,0
60590,1,1,0,0,0,0,0,0,0,0,0,0
60591,1,1,0,0,0,0,0,0,0,0,0,0
60592,1,1,4,4,4,4,4,4,4,4,4,4
60593,0,1,35,35,35,35,35,35,35,35,35,35
60593,1,1,0,0,0,0,0,0,0,0,0,15
60594,0,1,15,0,0,0,0,0,0,0,8,32
60594,1,1,0,0,0,0,13,0,0,0,0,0
60595,1,1,18,18,18,18,18,18,18,18,18,18
60596,1,1,0,0,0,0,0,0,0,0,0,0
60597,0,1,29,29,29,29,29,29,29,29,29,29
60597,1,1,4,4,4,4,4,4,4,4,4,4
60598,0,1,0,0,0,0,0,0,0,0,0,0
60598,1,1,0,5,10,0,9,0,9,0,0,3
60599,1,1,0,0,0,0,0,0,0,0,0,0
60599,2,1,0,0,0,0,0,0,0,0,0,0
60600,1,1,0,0,0,0,0,0,0,0,0,0
60601,1,1,16,16,16,16,16,16,16,16,16,16
60601,2,1,0,0,0,0,0,0,0,0,0,0
60602,0,1,0,0,0,0,0,0,0,0,0,0
60602,1,1,0,0,0,0,0,0,0,0,0,0
60602,2,1,0,0,0,0,0,0,0,0,0,17
60603,1,1,0,0,0,0,0,0,0,0,0,0
60603,2,1,0,0,0,0,0,0,0,0,0,0
60604,1,1,0,0,0,0,0,0,0,0,0,0
60605,1,1,12,12,12,12,12,12,12,12,12,12
60606,1,1,6,6,6,6,6,6,6,6,6,6
60606,2,1,0,0,0,0,0,0,0,0,0,0
60607,1,1,10,10,10,10,10,10,10,10,10,10
60607,2,1,10,10,10,10,10,10,10,10,10,10
60608,0,1,0,0,0,0,0,0,0,0,0,0
60608,1,1,2,0,0,0,0,0,0,0,0,0
60609,1,1,0,0,0,0,0,0,0,0,0,0
60610,1,1,18,18,18,18,18,18,18,18,18,18
60610,2,1,0,0,0,0,0,0,0,0,0,0
60611,1,1,12,12,12,12,12,12,12,12,12,12
60612,1,1,19,19,19,19,19,19,19,19,19,19
60612,2,1,10,28,0,0,0,0,0,0,0,41
60612,3,1,0,0,0,0,0,0,0,0,0,0
60612,4,1,0,0,0,0,0,0,0,0,0,0
60613,0,1,0,0,0,0,0,0,0,0,0,0
60613,1,1,0,0,0,13,0,0,0,0,10,0
60614,0,1,14,30,20,19,22,25,14,0,0,0
60614,1,1,0,0,0,0,0,0,0,0,0,0
60615,1,1,0,0,0,0,0,0,0,0,0,0
60616,1,1,0,0,0,0,0,0,0,0,0,0
60617,0,1,0,0,0,0,0,0,0,0,0,0
60617,1,1,0,0,0,0,0,0,0,0,0,0
60618,1,1,0,0,0,0,0,0,0,0,0,0
60618,2,1,0,0,0,0,0,0,0,0,0,0
60619,1,1,28,28,28,28,28,28,28,28,28,28
60619,2,1,17,0,0,0,0,0,0,0,0,0
60620,1,1,0,0,0,0,0,0,0,0,0,0
60621,1,1,0,0,0,0,0,0,0,0,0,0
60621,2,1,0,0,0,0,0,0,0,0,0,0
60622,1,1,0,0,0,0,0,0,0,0,0,0
60623,0,1,0,0,0,0,0,0,0,0,0,0
60623,1,1,0,0,0,0,0,4,0,0,0,0
60624,0,1,0,0,8,0,36,0,0,0,24,0
60624,1,1,0,0,0,0,0,0,0,0,0,0
60625,1,1,0,0,0,0,0,0,0,0,0,0
60625,2,1,0,0,0,0,0,0,0,0,0,0
60626,0,1,0,0,0,0,0,0,0,0,0,0
60626,0,2,0,0,0,0,0,0,0,0,0,0
60626,1,1,0,0,0,0,0,0,0,0,0,0
60627,0,1,0,0,0,0,0,0,0,0,0,0
60627,1,1,22,0,0,0,0,0,0,0,0,0
60628,1,1,0,0,0,0,0,0,0,0,0,0
60628,2,1,0,0,0,0,0,0,0,0,0,0
60629,1,1,0,0,0,0,0,0,0,0,0,0
60629,2,1,0,0,0,0,0,0,0,0,0,0
60630,1,1,20,20,20,20,20,20,20,20,20,20
60631,1,1,0,0,0,0,0,0,0,0,0,0
60632,0,1,0,0,9,7,22,0,31,16,0,0
60632,1,1,0,0,0,0,0,0,0,0,0,0
60633,1,1,0,0,0,0,0,0,0,0,0,0
60633,2,1,0,0,0,17,0,0,0,0,0,22
60634,1,1,0,0,0,0,0,0,0,0,0,0
60634,2,1,0,0,0,0,0,0,0,0,0,0
60635,0,1,0,0,0,0,0,0,0,0,0,0
60635,0,2,0,0,14,0,0,0,0,0,35,0
60635,1,1,0,0,0,0,0,0,0,0,0,0
60636,1,1,0,0,0,0,0,0,0,0,0,18
60636,2,1,0,0,0,0,0,0,0,0,0,0
60637,1,1,0,0,0,0,0,0,0,0,0,0
60637,2,1,0,0,0,0,0,0,0,0,0,0
60638,1,1,15,15,15,15,15,15,15,15,15,15
60639,1,1,0,0,0,0,0,0,0,0,0,0
60639,2,1,0,0,0,0,0,0,0,0,0,0
60640,1,1,0,0,0,0,0,0,0,0,0,0
60640,2,1,0,0,0,0,0,0,0,0,0,0
60641,1,1,0,0,0,0,0,0,0,0,0,0
60641,2,1,6,6,6,6,6,6,6,6,6,6
60642,1,1,0,0,0,0,0,0,0,0,0,0
60642,2,1,0,0,0,0,0,0,0,0,0,0
60643,1,1,2,2,2,2,2,2,2,2,2,2
60644,0,1,0,0,0,0,0,0,0,0,0,0
60644,1,1,0,0,0,0,0,0,0,0,0,0
60645,1,1,0,0,7,0,0,0,0,0,0,0
60645,2,1,8,5,12,13,10,19,14,14,15,35
60646,1,1,0,12,0,0,0,0,0,0,0,0
60646,2,1,0,0,0,0,0,0,0,0,0,0
60646,3,1,0,0,0,0,0,0,0,0,0,0
60646,4,1,0,0,0,0,0,0,0,0,0,0
60647,1,1,10,10,10,10,10,10,10,10,10,10
60648,1,1,0,0,0,0,0,0,0,0,0,0
60648,2,1,0,16,0,0,0,0,0,0,0,0
60649,0,1,0,0,0,0,0,0,0,0,0,0
60649,1,1,17,0,5,0,0,0,0,0,0,0
60650,0,1,0,0,0,8,0,0,0,0,0,0
60650,1,1,0,0,0,0,9,0,0,0,0,9
60651,1,1,0,0,0,0,0,0,0,0,0,0
60652,0,1,7,7,7,7,7,7,7,7,7,7
60652,1,1,8,8,8,8,8,8,8,8,8,8
60653,1,1,6,6,6,6,6,6,6,6,6,6
60653,2,1,0,0,0,0,0,0,0,0,0,0
60654,1,1,20,20,20,20,20,20,20,20,20,20
60655,1,1,9,9,9,9,9,9,9,9,9,9
60655,2,1,0,0,0,0,0,0,0,0,0,0
60656,1,1,0,0,0,0,0,0,0,0,0,0
60657,1,1,0,0,0,0,0,0,0,0,0,0
60657,2,1,0,0,0,0,0,0,0,0,0,0
60657,3,1,0,0,0,0,0,0,0,0,0,0
60658,1,1,0,0,0,0,0,0,0,0,0,0
60659,1,1,0,0,0,0,0,0,0,0,0,0
60660,1,1,0,0,0,0,0,0,0,0,0,0
60660,2,1,0,0,0,0,0,0,0,0,0,0
60661,1,1,0,0,0,0,24,0,0,0,0,0
60661,2,1,0,0,0,0,0,0,0,0,0,0
60662,0,1,0,0,0,20,0,22,0,9,0,18
60662,1,1,0,0,0,0,0,0,0,0,0,0
60663,1,1,0,0,0,0,0,0,0,0,0,0
60663,2,1,0,0,0,0,0,0,0,0,0,0
60663,3,1,0,0,0,0,0,0,0,0,0,0
60664,1,1,0,0,0,0,0,0,0,0,0,0
60664,2,1,0,0,0,0,0,0,0,0,0,0
60664,3,1,0,0,0,0,0,0,0,0,0,0
60664,4,1,0,0,0,0,0,0,0,0,0,0
60665,1,1,0,0,0,0,0,0,0,0,0,0
60666,1,1,0,7,0,0,0,0,0,0,0,0
60667,0,1,0,0,0,0,0,0,0,0,0,0
60667,1,1,9,12,7,21,18,2,29,7,7,16
60668,0,1,0,0,0,0,0,0,0,0,0,0
60668,1,1,0,0,0,0,0,0,0,0,0,0
60669,1,1,3,3,3,3,3,3,3,3,3,3
60669,2,1,0,0,0,0,0,0,0,0,13,0
60670,1,1,25,25,25,25,25,25,25,25,25,25
60672,0,1,0,0,0,0,0,0,0,0,0,0
60672,1,1,0,0,0,0,0,0,0,0,0,0
60673,0,1,0,0,0,0,0,0,0,0,0,0
60673,1,1,0,0,0,0,0,0,0,0,0,0
60673,3,1,0,0,0,0,0,0,0,0,0,0
60673,4,1,0,22,0,0,8,35,12,0,14,0
60674,0,1,0,0,0,0,0,0,0,0,0,0
60674,1,1,7,0,0,0,0,0,0,0,0,0
60675,1,1,0,0,0,0,0,0,0,0,0,0
60676,1,1,5,5,5,5,5,5,5,5,5,5
60677,0,1,0,0,0,0,0,0,0,0,0,0
60677,1,1,0,0,0,0,0,0,0,0,0,0
60678,1,1,27,27,27,27,27,27,27,27,27,27
60679,1,1,0,0,19,0,0,0,16,21,12,0
60679,2,1,0,0,0,0,0,0,0,0,0,0
60680,0,1,0,0,0,0,0,0,0,0,0,0
60680,1,1,0,8,0,0,0,0,0,0,36,0
60681,0,1,0,0,0,0,0,0,0,0,0,0
60681,1,1,0,0,0,0,0,0,0,0,0,0
60682,1,1,0,0,0,0,0,0,0,0,0,0
60683,1,1,24,24,24,24,24,24,24,24,24,24
60684,0,1,26,26,26,26,26,26,26,26,26,26
60684,1,1,0,10,0,0,0,16,0,22,0,8
60685,1,1,25,25,25,25,25,25,25,25,25,25
60686,1,1,0,0,0,0,0,0,0,0,0,0
60686,2,1,0,0,0,0,0,0,0,0,0,0
60687,0,1,0,0,0,0,0,0,0,0,0,0
60687,1,1,0,0,0,0,0,0,0,0,0,0
60688,1,1,0,0,0,0,0,0,0,0,0,0
60688,2,1,0,0,0,0,0,0,0,0,0,0
60689,1,1,25,25,25,25,25,25,25,25,25,25
60690,1,1,0,0,0,0,0,0,0,0,0,0
60691,0,1,0,0,0,0,0,0,0,0,0,0
60691,1,1,16,16,16,16,16,16,16,16,16,16
60692,0,1,13,13,13,13,13,13,13,13,13,13
60692,1,1,0,0,0,12,0,0,0,0,5,0
60693,1,1,0,0,0,0,0,0,0,0,0,0
60694,1,1,25,25,25,25,25,25,25,25,25,25
60695,1,1,0,0,0,0,0,0,0,0,0,0
60695,2,1,0,0,0,0,0,0,0,0,0,0
60696,0,1,28,28,28,28,28,28,28,28,28,28
60696,1,1,0,0,40,0,0,0,0,0,0,0
60697,1,1,0,10,0,0,5,25,26,3,0,0
60698,0,1,0,0,0,0,0,0,0,0,0,0
60698,1,1,0,0,0,0,0,0,0,0,0,0
60699,1,1,0,0,0,0,0,0,0,0,0,0
60699,2,1,0,0,0,0,0,0,0,0,0,0
60700,0,1,31,31,31,31,31,31,31,31,31,31
60700,1,1,0,0,0,0,16,0,10,0,0,0
60701,1,1,20,20,20,20,20,20,20,20,20,20
60702,1,1,0,0,0,0,0,0,0,0,0,0
60703,1,1,25,25,25,25,25,25,25,25,25,25
60703,2,1,0,0,0,0,0,0,0,0,0,0
60704,0,1,20,20,20,20,20,20,20,20,20,20
60704,1,1,0,0,0,0,0,0,16,0,0,0
60705,1,1,0,0,0,0,0,0,0,0,0,0
60706,1,1,12,12,12,12,12,12,12,12,12,12
60707,1,1,0,0,0,0,0,0,0,0,0,0
60708,1,1,0,0,0,0,0,0,0,0,0,0
60708,2,1,4,0,0,0,0,0,0,0,0,0
60709,1,1,0,0,0,0,0,0,0,0,0,0
60710,1,1,27,27,27,27,27,27,27,27,27,27
60711,1,1,25,25,25,25,25,25,25,25,25,25
60712,1,1,0,0,0,0,0,0,0,0,0,0
60712,2,1,0,0,0,0,0,0,0,0,0,0
60713,0,1,0,0,0,0,0,0,0,0,0,0
60713,1,1,0,0,0,0,0,0,0,0,0,0
60714,1,1,0,0,0,0,0,0,0,0,0,0
60715,1,1,0,0,0,0,0,0,0,0,0,0
60715,2,1,0,0,0,0,0,0,0,0,0,0
60716,0,1,0,0,0,0,0,0,0,0,0,0
60716,1,1,0,0,0,0,0,0,0,0,0,0
60717,1,1,18,18,18,18,18,18,18,18,18,18
60717,2,1,0,0,24,0,0,0,0,0,0,0
60717,3,1,0,0,0,0,0,0,0,0,17,0
60718,1,1,0,0,0,0,0,0,0,0,0,0
60719,1,1,7,7,7,7,7,7,7,7,7,7
60720,1,1,0,0,0,0,0,0,0,0,0,0
60720,2,1,0,0,0,0,0,0,0,0,0,0
60721,1,1,3,3,3,3,3,3,3,3,3,3
60721,2,1,0,0,0,12,0,22,0,18,0,0
60721,3,1,0,0,0,0,0,0,0,0,0,0
60721,4,1,9,0,0,5,10,8,8,13,13,19
60721,5,1,0,0,15,0,0,0,0,0,0,0
60721,6,1,9,0,0,0,0,0,0,0,10,0
60722,0,1,0,0,0,0,0,0,0,0,0,0
60722,1,1,0,0,0,0,0,0,0,0,0,0
60723,1,1,16,16,16,16,16,16,16,16,16,16
60723,2,1,0,0,0,0,0,0,0,0,0,0
60724,1,1,0,17,22,15,11,17,0,9,0,0
60725,0,1,0,0,0,0,0,0,0,0,0,0
60725,1,1,4,4,4,4,4,4,4,4,4,4
60726,0,1,6,6,6,6,6,6,6,6,6,6
60726,1,1,0,0,0,0,0,0,0,0,0,0
60727,1,1,14,14,14,14,14,14,14,14,14,14
60727,2,1,0,0,0,0,0,0,0,0,0,0
60728,1,1,0,0,0,0,0,0,0,0,0,0
60729,1,1,9,9,9,9,9,9,9,9,9,9
60730,0,1,0,0,0,0,0,0,0,0,0,0
60730,1,1,0,0,0,0,0,13,0,4,8,20
60731,0,1,0,0,0,0,0,0,0,0,0,0
60731,1,1,0,0,0,0,0,0,0,0,0,0
60732,0,1,0,0,0,0,0,0,0,0,0,0
60732,1,1,0,0,0,0,0,0,0,0,0,0
60733,0,1,3,3,3,3,3,3,3,3,3,3
60733,1,1,21,21,21,21,21,21,21,21,21,21
60734,0,1,42,42,42,42,42,42,42,42,42,42
60734,1,1,0,0,0,0,0,0,0,0,0,0
60735,1,1,21,21,21,21,21,21,21,21,21,21
60736,1,1,0,0,0,0,0,0,0,0,0,0
60737,0,1,22,22,22,22,22,22,22,22,22,22
60737,1,1,0,0,0,10,2,0,0,0,0,0
60738,1,1,20,20,20,20,20,20,20,20,20,20
60739,1,1,0,0,0,0,0,0,0,0,0,0
60740,1,1,0,0,0,0,0,0,0,0,0,0
60740,2,1,0,0,0,0,0,0,0,0,0,0
60740,3,1,0,0,0,0,0,0,0,0,0,0
60741,1,1,0,0,0,0,0,0,18,0,0,5
60741,2,1,0,0,0,0,0,0,0,0,0,0
60742,1,1,32,32,32,32,32,32,32,32,32,32
60743,1,1,0,0,0,0,0,0,0,0,0,0
60743,2,1,0,0,0,0,0,0,0,0,0,0
60743,3,1,0,0,0,0,0,0,10,0,0,0
60744,0,1,30,30,30,30,30,30,30,30,30,30
60744,1,1,0,0,0,0,0,0,0,0,0,22
60745,0,1,5,5,5,5,5,5,5,5,5,5
60745,1,1,0,16,0,5,19,13,0,4,0,9
60746,1,1,0,0,0,0,0,0,0,0,0,0
60746,2,1,0,0,0,0,0,0,0,0,0,0
60746,3,1,0,0,0,0,0,0,0,0,0,0
60747,1,1,0,0,0,0,0,0,0,0,0,0
60748,1,1,17,17,17,17,17,17,17,17,17,17
60749,1,1,0,0,0,0,0,0,0,0,0,0
60750,0,1,6,6,6,6,6,6,6,6,6,6
60750,1,1,23,22,0,0,0,16,13,0,0,0
60751,1,1,0,0,0,0,0,0,0,0,0,0
60752,0,1,23,0,0,20,10,0,46,0,20,15
60752,1,1,0,0,0,0,0,0,0,0,0,0
60753,1,1,0,0,0,0,0,0,0,0,0,0
60753,2,1,0,0,0,0,0,0,0,0,0,0
60754,1,1,12,0,0,0,0,15,0,0,33,0
60755,0,1,0,0,0,0,0,0,0,0,0,0
60755,1,1,0,0,0,0,0,0,0,0,0,0
60756,1,1,16,16,16,16,16,16,16,16,16,16
60756,2,1,0,0,0,0,0,0,0,0,0,0
60757,1,1,0,0,0,0,0,0,0,0,0,0
60757,2,1,0,0,0,0,0,0,0,0,0,0
60758,1,1,7,7,7,7,7,7,7,7,7,7
60759,1,1,0,0,0,0,0,0,0,0,0,0
60759,2,1,0,0,0,0,0,0,0,0,0,0
60760,1,1,0,0,0,0,0,0,0,0,0,0
60761,0,1,22,22,22,22,22,22,22,22,22,22
60761,1,1,0,0,11,4,0,8,0,13,0,17
60762,1,1,0,0,0,0,0,0,0,0,0,0
60762,2,1,0,0,0,0,0,0,0,0,0,0
60763,1,1,0,0,0,0,0,0,0,0,0,0
60764,1,1,12,12,12,12,12,12,12,12,12,12
60765,1,1,0,0,0,0,0,0,0,0,0,0
60765,2,1,0,0,0,0,0,0,0,0,0,0
60766,1,1,0,0,0,0,0,0,0,0,0,0
60766,2,1,0,0,0,0,0,0,0,0,0,0
60767,1,1,0,0,0,0,0,0,0,0,0,0
60768,1,1,17,17,17,17,17,17,17,17,17,17
60768,2,1,0,0,0,0,0,0,0,0,0,0
60769,1,1,0,0,0,0,0,0,0,0,0,0
60770,0,1,0,0,0,0,0,0,0,0,0,0
60770,1,1,0,0,17,10,0,24,0,19,21,0
60771,1,1,0,0,0,0,0,0,0,0,0,0
60772,1,1,0,0,0,0,0,0,0,0,0,0
60772,2,1,0,0,0,0,0,0,0,0,0,0
60773,1,1,33,33,33,33,33,33,33,33,33,33
60773,2,1,0,0,0,0,0,0,0,6,0,0
60774,1,1,9,9,9,9,9,9,9,9,9,9
60775,1,1,0,0,9,0,0,13,17,0,17,0
60775,2,1,0,0,0,0,0,0,0,0,0,0
60776,1,1,10,10,10,10,10,10,10,10,10,10
60777,1,1,0,0,0,0,0,0,0,0,0,0
60777,2,1,0,0,0,0,0,0,0,0,0,0
60778,1,1,0,0,0,0,0,0,0,0,0,0
60779,1,1,0,0,0,0,0,0,0,0,0,0
60779,2,1,0,0,0,15,0,0,0,0,0,0
60780,0,1,0,0,0,0,0,0,0,0,0,0
60780,1,1,0,0,12,0,4,0,0,22,0,0
60781,1,1,0,0,0,0,0,0,0,0,0,0
60782,0,1,0,0,0,0,0,0,0,0,0,0
60782,1,1,0,0,0,0,0,0,0,0,0,0
60783,0,1,19,19,19,19,19,19,19,19,19,19
60783,1,1,10,0,0,0,11,0,6,0,12,0
60784,1,1,0,0,0,0,0,0,0,0,0,0
60784,2,1,0,0,0,0,0,0,0,0,0,0
60785,1,1,0,17,3,14,7,9,4,9,19,26
60786,1,1,0,0,0,0,0,0,0,0,0,0
60787,1,1,0,0,0,0,0,0,0,0,0,0
60787,2,1,0,0,0,0,0,0,0,0,0,0
60788,0,1,0,0,0,0,0,0,0,0,0,0
60788,1,1,17,4,10,16,21,12,13,0,27,0
60789,0,1,19,19,19,19,19,19,19,19,19,19
60789,1,1,0,0,0,0,0,0,0,0,0,0
60790,1,1,0,0,0,0,0,0,0,0,0,0
60790,2,1,0,0,0,0,0,0,0,0,0,0
60791,1,1,22,22,22,22,22,22,22,22,22,22
60792,1,1,33,33,33,33,33,33,33,33,33,33
60793,1,1,0,0,0,0,0,0,0,0,0,0
60793,2,1,0,0,0,0,0,0,0,0,0,0
60794,0,1,0,0,0,0,0,0,0,0,0,0
60794,1,1,0,0,0,0,0,0,0,0,0,0
60795,1,1,0,0,0,0,0,0,0,0,0,0
60795,2,1,0,0,0,0,0,0,0,0,0,0
60796,1,1,0,0,0,0,0,0,0,0,0,0
60797,1,1,0,0,0,0,0,0,0,0,0,0
60797,2,1,0,0,0,0,0,0,0,0,0,0
60798,1,1,28,28,28,28,28,28,28,28,28,28
60799,0,1,0,0,0,0,0,0,0,0,0,0
60799,1,1,0,0,0,0,0,0,0,0,0,0
60799,2,1,0,0,0,0,0,0,0,0,0,0
60800,1,1,0,0,0,0,0,0,0,0,0,11
60800,2,1,0,0,0,11,0,0,0,0,0,0
60801,1,1,0,0,0,0,0,0,0,0,0,0
60802,0,1,0,0,0,0,0,20,0,28,0,0
60802,1,1,0,0,0,0,0,0,0,0,0,0
60803,1,1,0,18,0,0,0,0,0,0,0,0
60804,1,1,29,29,29,29,29,29,29,29,29,29
60805,1,1,0,0,0,0,0,0,0,0,0,0
60806,1,1,16,16,16,16,16,16,16,16,16,16
60807,0,1,0,0,0,0,0,0,0,0,0,0
60807,1,1,0,0,0,0,0,0,0,0,0,0
60808,1,1,0,0,0,0,0,0,0,0,0,0
60809,1,1,0,0,0,0,0,0,0,0,0,0
60810,1,1,0,0,0,0,0,0,0,0,0,0
60811,1,1,0,0,0,0,0,0,0,0,0,0
60811,2,1,19,0,0,0,0,0,0,0,0,0
60812,1,1,4,4,4,4,4,4,4,4,4,4
60813,1,1,0,0,0,0,0,0,0,0,0,0
60814,0,1,17,17,17,17,17,17,17,17,17,17
60814,1,1,0,0,0,0,5,0,0,0,0,0
60815,1,1,0,0,0,0,0,0,0,0,0,0
60816,1,1,0,0,0,0,0,0,0,0,0,0
60817,0,1,0,0,0,0,0,0,0,0,0,0
60817,1,1,0,0,0,0,0,0,0,0,0,9
60818,0,1,0,0,0,0,0,0,0,0,0,0
60818,1,1,0,0,0,0,0,15,0,0,0,0
60819,1,1,22,22,22,22,22,22,22,22,22,22
60820,1,1,0,0,0,0,0,0,0,0,0,0
60820,2,1,0,0,0,0,0,0,0,0,0,0
60821,1,1,0,0,0,0,0,0,0,0,0,0
60821,2,1,0,0,0,0,0,0,0,0,0,11
60822,1,1,18,18,18,18,18,18,18,18,18,18
60823,1,1,0,0,0,0,0,0,0,0,0,0
60824,1,1,3,3,3,3,3,3,3,3,3,3
60824,2,1,0,0,0,0,0,0,0,0,0,0
60825,1,1,10,10,10,10,10,10,10,10,10,10
60826,1,1,0,0,0,0,0,0,0,0,0,0
60826,2,1,0,0,0,0,0,0,0,0,0,0
60826,3,1,0,0,0,0,0,0,0,0,0,0
60827,1,1,12,12,12,12,12,12,12,12,12,12
60828,1,1,0,0,0,0,0,0,0,0,0,0
60828,2,1,0,0,0,0,0,0,0,0,0,0
60828,3,1,0,0,0,0,0,0,0,0,0,0
60829,1,1,23,23,23,23,23,23,23,23,23,23
60830,1,1,0,0,0,0,0,0,0,0,0,0
60830,2,1,0,0,0,0,0,0,0,0,0,0
60831,0,1,0,0,0,0,0,0,0,0,0,0
60831,1,1,0,0,0,0,0,0,0,0,0,0
60832,1,1,20,20,20,20,20,20,20,20,20,20
60832,2,1,0,0,0,0,0,14,0,0,0,21
60833,1,1,0,0,0,0,0,0,0,0,0,0
60834,1,1,35,35,35,35,35,35,35,35,35,35
60835,1,1,0,0,0,0,0,0,0,0,0,0
60835,2,1,0,0,0,0,0,0,0,0,0,0
60836,0,1,0,0,0,0,0,0,0,0,0,0
60836,1,1,0,0,0,0,0,0,0,0,0,0
60837,1,1,31,31,31,31,31,31,31,31,31,31
60837,2,1,0,0,0,13,0,0,0,0,0,0
60838,0,1,0,0,0,0,0,0,0,0,0,0
60838,1,1,17,17,17,17,17,17,17,17,17,17
60839,1,1,0,0,0,0,0,0,0,0,0,0
60839,2,1,0,0,0,0,0,0,0,0,0,0
60839,3,1,0,0,0,0,0,0,0,0,0,0
60840,0,1,0,0,0,0,0,0,0,0,0,0
60840,0,2,0,0,0,0,0,0,0,0,0,0
60840,1,1,0,0,0,0,0,0,0,0,0,0
60841,0,1,28,28,28,28,28,28,28,28,28,28
60841,1,1,0,0,0,0,0,0,0,0,0,0
60842,0,1,21,21,21,21,21,21,21,21,21,21
60842,1,1,0,0,0,0,0,0,0,0,0,0
60843,0,1,0,0,0,0,0,0,0,0,0,0
60843,1,1,0,0,0,0,0,0,0,0,0,0
60844,0,1,20,20,20,20,20,20,20,20,20,20
60844,1,1,0,0,0,0,0,0,14,0,0,0
60845,0,1,0,0,0,0,0,0,0,0,0,0
60845,1,1,9,15,0,4,0,6,17,20,0,0
60846,1,1,19,7,7,3,25,11,0,3,15,15
60846,2,1,0,0,0,0,0,0,0,0,0,0
60847,1,1,0,0,0,0,0,0,0,0,0,0
60848,1,1,17,17,17,17,17,17,17,17,17,17
60848,2,1,0,0,0,0,0,0,0,0,0,0
60849,1,1,0,0,0,0,0,0,0,0,0,0
60849,2,1,0,0,0,0,0,0,0,0,0,0
60850,1,1,3,3,3,3,3,3,3,3,3,3
60851,1,1,0,0,0,0,0,0,0,0,0,0
60851,2,1,0,0,0,0,0,0,0,0,0,0
60851,3,1,0,0,0,0,0,0,0,0,0,0
60852,1,1,0,0,0,0,0,0,0,15,0,0
60852,2,1,0,0,0,0,0,0,0,0,0,0
60853,1,1,2,2,2,2,2,2,2,2,2,2
60854,1,1,0,0,0,0,0,0,0,0,0,0
60854,2,1,0,0,19,0,0,0,4,0,0,0
60854,3,1,0,0,0,0,0,0,0,0,0,0
60854,4,1,0,0,0,0,0,0,0,0,0,0
60855,1,1,0,0,0,0,0,0,0,0,0,0
60855,2,1,0,0,0,0,3,0,0,0,0,0
60855,3,1,0,0,0,0,0,0,0,0,0,0
60856,0,1,0,0,0,0,0,0,0,0,0,0
60856,1,1,0,0,0,0,0,0,0,0,0,0
60857,1,1,0,0,0,0,0,0,0,0,0,0
60857,2,1,6,6,6,6,6,6,6,6,6,6
60858,0,1,0,0,0,0,0,0,0,0,0,0
60858,1,1,0,0,0,0,0,0,0,0,0,0
60859,1,1,0,0,0,0,0,0,0,0,10,0
60859,2,1,0,0,21,0,0,20,0,22,14,11
60860,1,1,0,0,0,0,0,0,0,0,0,0
60861,1,1,0,0,0,0,0,0,0,0,0,0
60862,1,1,24,24,24,24,24,24,24,24,24,24
60862,2,1,0,0,0,0,0,0,0,0,0,0
60863,1,1,0,0,0,0,0,0,0,0,0,0
60864,1,1,23,23,23,23,23,23,23,23,23,23
60865,1,1,0,0,0,0,0,0,0,0,0,0
60865,2,1,0,0,0,0,0,25,0,0,0,0
60866,0,1,21,12,18,20,6,16,33,36,29,24
60866,1,1,13,0,0,0,0,0,7,0,0,0
60867,1,1,10,10,10,10,10,10,10,10,10,10
60868,1,1,0,0,0,0,21,0,0,0,0,0
60868,2,1,14,0,0,0,0,0,0,0,0,0
60869,1,1,0,0,0,0,0,0,0,0,0,0
60870,1,1,0,0,0,0,0,0,0,0,0,0
60870,2,1,0,0,0,0,0,0,0,0,0,0
60871,1,1,12,0,0,15,15,17,0,21,13,16
60872,0,1,0,0,0,0,0,0,0,0,0,0
60872,1,1,0,6,0,0,0,0,0,0,0,0
60873,1,1,0,0,0,0,0,0,0,0,0,0
60873,2,1,0,0,0,0,0,0,0,0,0,0
60874,1,1,0,0,0,0,0,0,0,0,0,0
60874,2,1,0,20,18,15,23,0,0,0,0,11
60875,1,1,0,4,0,0,0,0,0,20,0,0
60876,1,1,0,0,0,0,0,0,0,0,0,0
60877,1,1,0,0,0,0,0,0,0,0,0,0
60878,1,1,15,15,15,15,15,15,15,15,15,15
60879,1,1,0,0,0,0,0,0,0,0,0,0
60879,2,1,0,0,8,0,0,0,15,0,0,0
60880,1,1,0,0,0,0,0,0,0,0,0,0
60880,2,1,0,0,11,0,0,0,0,0,0,0
60880,3,1,0,0,0,0,0,0,0,0,0,0
60881,1,1,23,23,23,23,23,23,23,23,23,23
60881,2,1,0,0,0,0,0,0,0,0,0,0
60882,1,1,0,0,0,0,0,0,0,0,0,0
60883,0,1,5,5,5,5,5,5,5,5,5,5
60883,1,1,0,0,0,0,0,0,0,0,0,0
60884,1,1,0,0,0,0,0,0,0,0,0,0
60884,2,1,0,0,0,0,0,0,0,0,0,0
60884,3,1,11,0,0,0,0,0,0,0,0,0
60884,4,1,0,0,0,0,0,0,0,0,0,0
60885,1,1,0,0,0,0,0,0,0,0,0,0
60886,1,1,0,0,0,0,0,0,0,0,0,0
60887,1,1,16,16,16,16,16,16,16,16,16,16