ST_CASE,VEH_NO,PER_NO,P1,P2,P3,P4,P5,P6,P7,P8,P9,P10
60887,2,1,0,0,0,0,0,0,0,0,0,0
60888,1,1,21,21,21,21,21,21,21,21,21,21
60888,2,1,0,0,0,12,0,0,0,0,0,0
60888,3,1,0,11,0,0,0,0,12,0,0,0
60889,1,1,0,0,0,0,0,0,0,0,13,0
60889,2,1,0,0,10,0,0,0,0,0,0,0
60890,1,1,0,0,0,0,0,0,0,0,0,0
60891,1,1,0,0,0,0,0,0,0,0,0,0
60891,2,1,0,0,0,0,0,0,0,0,0,0
60892,0,1,0,0,0,0,0,0,0,0,0,0
60892,1,1,0,0,0,11,0,0,0,0,0,0
60893,1,1,3,3,3,3,3,3,3,3,3,3
60894,1,1,28,28,28,28,28,28,28,28,28,28
60894,2,1,0,0,0,0,0,0,10,0,0,0
60895,1,1,10,10,10,10,10,10,10,10,10,10
60896,1,1,0,0,0,19,0,0,0,0,0,0
60896,2,1,0,0,0,0,0,0,0,0,0,0
60896,3,1,0,0,0,0,0,33,0,0,0,0
60897,1,1,0,0,0,0,0,0,0,0,0,0
60897,2,1,0,0,0,0,0,0,0,0,0,0
60898,0,1,0,0,0,0,0,0,0,0,0,0
60898,0,2,0,0,0,0,0,0,9,0,14,0
60898,0,3,0,20,0,0,0,5,0,0,0,16
60898,1,1,0,0,0,0,0,0,0,0,0,0
60899,1,1,0,0,0,0,0,0,0,0,0,0
60900,1,1,10,25,0,15,0,6,0,0,0,0
60900,2,1,0,0,0,0,18,0,0,0,0,0
60901,1,1,0,0,0,0,0,0,0,0,0,0
60901,2,1,0,0,0,0,0,0,0,0,0,0
60901,3,1,0,0,0,0,0,0,0,0,0,0
60902,1,1,0,0,0,0,0,0,0,0,0,0
60902,2,1,0,0,0,0,0,0,0,0,0,0
60903,1,1,16,16,16,16,16,16,16,16,16,16
60903,2,1,0,0,0,0,0,0,0,0,0,0
60904,1,1,0,0,0,0,0,0,0,0,0,0
60905,1,1,14,14,14,14,14,14,14,14,14,14
60906,1,1,0,0,0,0,0,0,0,0,0,0
60906,2,1,2,2,2,2,2,2,2,2,2,2
60907,0,1,0,0,0,0,0,0,0,0,0,0
60907,1,1,0,0,0,0,0,0,0,0,0,0
60908,1,1,0,0,0,0,0,0,0,0,0,0
60909,1,1,16,16,16,16,16,16,16,16,16,16
60909,2,1,0,0,0,0,0,0,0,0,0,0
60910,0,1,0,0,0,0,0,0,0,0,0,0
60910,1,1,20,20,20,20,20,20,20,20,20,20
60911,1,1,0,0,0,0,0,0,0,0,0,0
60911,2,1,0,0,0,0,0,0,0,0,0,0
60911,3,1,0,0,0,0,0,0,0,24,0,0
60912,1,1,0,0,0,0,0,0,0,0,0,0
60912,2,1,0,0,0,0,0,0,0,0,0,0
60913,1,1,18,18,18,18,18,18,18,18,18,18
60913,2,1,0,0,0,0,0,0,0,0,0,0
60914,1,1,0,0,0,0,0,0,0,0,0,0
60914,2,1,0,0,0,0,0,0,0,0,0,0
60915,1,1,0,0,0,0,0,0,0,0,0,0
60915,2,1,0,0,0,0,0,0,0,0,0,0
60916,1,1,0,0,0,0,0,0,0,0,0,0
60917,1,1,0,0,0,0,0,0,0,0,0,0
60918,1,1,5,5,5,5,5,5,5,5,5,5
60919,1,1,24,24,24,24,24,24,24,24,24,24
60920,1,1,0,0,0,0,0,0,0,0,0,0
60921,1,1,0,0,0,0,0,0,28,0,0,0
60922,1,1,0,0,0,0,0,0,0,0,0,0
60923,1,1,0,0,0,0,0,0,0,0,0,0
60924,1,1,0,0,0,0,0,0,0,0,0,0
60925,1,1,0,0,0,0,0,0,0,0,0,0
60925,2,1,0,0,0,0,0,0,0,0,0,0
60926,1,1,6,0,0,0,0,18,0,0,0,0
60927,0,1,0,0,0,0,0,0,0,0,0,0
60927,0,2,0,0,0,0,0,0,0,0,0,0
60927,1,1,0,0,0,0,0,0,0,0,0,0
60927,2,1,0,6,18,0,0,0,0,0,8,11
60927,3,1,0,0,0,7,0,0,16,19,0,8
60928,0,1,0,0,0,0,0,0,0,0,0,0
60928,1,1,0,0,5,3,0,31,0,0,10,0
60929,1,1,0,0,0,0,0,0,16,0,0,0
60929,2,1,0,0,0,0,0,0,0,0,0,0
60930,0,1,17,17,17,17,17,17,17,17,17,17
60930,1,1,0,0,0,9,0,0,0,14,0,13
60931,1,1,15,15,15,15,15,15,15,15,15,15
60932,1,1,25,25,25,25,25,25,25,25,25,25
60933,0,1,0,0,0,0,0,0,0,0,0,0
60933,1,1,0,11,0,0,0,0,3,0,0,0
60934,1,1,17,17,17,17,17,17,17,17,17,17
60935,1,1,0,0,0,0,0,0,0,0,0,0
60935,2,1,0,0,0,0,0,0,0,0,0,0
60936,1,1,0,0,0,0,0,0,0,0,0,0
60937,1,1,0,0,0,0,0,0,0,0,9,0
60937,2,1,0,0,0,0,0,0,0,0,0,0
60938,1,1,0,0,0,0,0,0,0,0,0,0
60939,1,1,0,0,0,0,0,0,0,0,0,0
60939,2,1,16,16,16,16,16,16,16,16,16,16
60940,1,1,0,0,0,0,0,0,0,0,0,0
60940,2,1,0,0,0,0,0,12,0,16,0,0
60941,1,1,13,0,36,0,0,19,0,0,0,10
60942,1,1,0,0,0,0,0,0,0,0,0,0
60942,2,1,0,0,0,0,0,0,0,0,0,0
60943,1,1,27,27,27,27,27,27,27,27,27,27
60944,0,1,0,0,0,0,0,0,0,0,0,0
60944,1,1,0,0,0,0,0,0,0,0,0,0
60945,1,1,8,8,8,8,8,8,8,8,8,8
60945,2,1,0,0,0,0,0,0,0,0,0,0
60945,3,1,0,0,0,0,0,0,17,0,0,0
60946,1,1,0,0,0,0,0,0,0,0,0,0
60946,2,1,0,0,0,0,0,0,0,0,0,0
60946,3,1,0,0,28,0,0,0,0,0,0,0
60947,0,1,0,0,0,0,0,0,0,0,0,0
60947,1,1,12,12,12,12,12,12,12,12,12,12
60948,1,1,0,0,0,0,0,0,0,0,0,0
60948,2,1,0,0,0,0,0,0,0,0,0,0
60949,0,1,27,27,27,27,27,27,27,27,27,27
60949,1,1,18,7,7,11,6,9,23,14,9,39
60950,1,1,15,15,15,15,15,15,15,15,15,15
60951,1,1,0,0,0,0,0,0,0,0,0,0
60951,2,1,26,26,26,26,26,26,26,26,26,26
60951,3,1,1,1,1,1,1,1,1,1,1,1
60951,4,1,8,8,8,8,8,8,8,8,8,8
60952,1,1,0,0,0,0,0,0,0,0,0,0
60953,1,1,19,19,19,19,19,19,19,19,19,19
60953,2,1,0,0,0,0,0,0,0,0,0,0
60954,1,1,0,0,0,0,0,0,0,0,0,0
60955,1,1,0,0,0,0,0,0,0,0,0,0
60956,1,1,0,0,0,0,0,0,0,0,0,0
60956,2,1,18,0,0,0,0,22,0,0,0,0
60957,0,1,0,0,0,0,0,0,0,0,0,0
60957,1,1,0,0,0,0,3,0,12,0,0,0
60958,1,1,0,0,0,0,0,0,0,0,0,0
60958,2,1,0,0,0,0,0,0,0,0,0,0
60960,1,1,0,0,0,0,0,0,0,0,0,0
60960,2,1,0,0,0,0,0,0,0,0,0,0
60961,1,1,0,0,0,0,0,0,0,0,0,0
60961,2,1,0,0,0,0,0,0,0,0,0,0
60962,1,1,0,0,0,0,0,0,0,0,0,0
60963,0,1,0,0,0,0,0,0,10,12,0,0
60963,1,1,0,0,0,0,0,0,0,0,0,0
60963,2,1,0,0,0,0,0,0,0,0,0,0
60964,1,1,0,0,0,0,0,0,0,0,0,0
60964,2,1,0,0,0,0,0,0,0,0,0,0
60965,1,1,14,14,14,14,14,14,14,14,14,14
60965,2,1,0,0,0,0,0,0,0,0,0,0
60966,1,1,0,0,0,0,0,0,0,0,0,0
60966,2,1,0,0,0,0,0,0,0,0,0,0
60966,3,1,0,0,0,0,0,0,0,0,0,0
60967,1,1,23,23,23,23,23,23,23,23,23,23
60967,2,1,15,0,0,0,0,0,0,0,0,0
60968,1,1,0,0,0,0,0,0,0,0,0,0
60968,2,1,0,0,0,0,0,0,0,0,0,0
60969,0,1,0,0,0,0,0,0,0,0,0,0
60969,1,1,0,0,0,0,0,0,0,0,0,0
60970,1,1,15,15,15,15,15,15,15,15,15,15
60971,1,1,0,0,0,0,0,0,0,0,0,0
60971,2,1,0,8,0,0,0,0,0,0,0,0
60972,0,1,0,0,0,0,0,0,0,0,0,0
60972,1,1,0,0,0,0,0,0,0,0,0,0
60973,1,1,0,0,0,0,0,0,0,0,0,0
60973,2,1,0,0,0,0,0,0,0,0,0,0
60974,1,1,24,24,24,24,24,24,24,24,24,24
60975,1,1,0,0,0,0,0,0,0,0,0,0
60975,2,1,0,0,0,0,0,0,0,0,0,0
60976,0,1,24,24,24,24,24,24,24,24,24,24
60976,1,1,0,0,0,0,0,0,0,0,0,0
60977,1,1,9,33,17,9,5,8,11,8,5,8
60978,0,1,0,0,0,0,0,0,0,0,0,0
60978,1,1,0,0,0,3,0,0,0,0,0,0
60979,0,1,0,0,0,0,0,0,0,0,0,0
60979,1,1,0,0,0,0,0,14,31,0,0,2
60980,1,1,0,0,0,0,0,0,0,0,0,0
60980,2,1,21,21,21,21,21,21,21,21,21,21
60981,1,1,0,0,0,0,0,0,0,0,0,0
60982,1,1,0,0,0,0,0,0,0,0,0,0
60983,1,1,6,6,6,6,6,6,6,6,6,6
60984,0,1,0,0,0,0,0,0,0,0,0,0
60984,1,1,0,0,0,0,0,0,0,0,11,0
60984,2,1,0,0,0,0,0,0,14,0,0,0
60984,3,1,0,0,0,0,9,0,0,0,0,26
60984,4,1,9,0,0,0,0,0,0,0,0,0
60984,5,1,0,3,0,0,0,0,0,0,0,0
60984,6,1,0,0,10,0,0,0,0,0,0,0
60985,0,1,3,3,3,3,3,3,3,3,3,3
60985,1,1,13,0,0,0,0,23,7,15,0,0
60986,1,1,14,14,14,14,14,14,14,14,14,14
60987,1,1,0,0,0,0,0,0,0,0,0,0
60988,1,1,7,7,7,7,7,7,7,7,7,7
60989,1,1,0,0,0,0,0,0,0,0,0,0
60990,1,1,14,14,14,14,14,14,14,14,14,14
60991,1,1,0,0,0,0,0,0,0,0,0,0
60991,2,1,0,0,0,0,0,0,0,0,0,0
60991,3,1,0,0,0,0,0,0,0,0,0,0
60991,4,1,0,0,0,0,0,0,0,0,0,0
60992,1,1,7,7,7,7,7,7,7,7,7,7
60993,1,1,26,12,24,18,23,18,3,25,9,20
60994,1,1,0,0,0,0,0,0,0,0,0,0
60994,2,1,0,0,0,0,0,0,0,0,0,0
60995,1,1,0,0,0,0,0,0,0,0,0,0
60995,2,1,0,0,0,0,0,0,0,0,0,0
60995,3,1,0,0,0,0,0,0,0,0,0,0
60996,0,1,0,0,0,0,0,0,0,0,0,0
60996,1,1,0,0,0,0,0,0,0,0,0,0
60997,1,1,0,0,0,0,0,0,0,0,0,0
60997,2,1,0,0,0,0,0,0,0,0,0,0
60998,1,1,10,24,23,9,15,31,16,10,22,12
60998,2,1,0,0,0,0,0,0,0,0,0,0
60999,1,1,5,5,5,5,5,5,5,5,5,5
61000,1,1,23,23,23,23,23,23,23,23,23,23
61001,1,1,20,20,20,20,20,20,20,20,20,20
61002,1,1,0,0,0,0,0,0,0,0,0,0
61002,2,1,0,0,0,0,0,0,0,0,0,0
61003,0,1,0,0,0,0,0,0,0,0,0,0
61003,1,1,0,0,5,0,14,0,0,0,0,0
61004,1,1,19,19,19,19,19,19,19,19,19,19
61004,2,1,0,0,0,0,0,0,0,0,0,0
61005,1,1,0,0,0,0,0,0,0,0,0,0
61005,2,1,0,0,0,0,0,0,0,0,0,0
61006,1,1,25,25,25,25,25,25,25,25,25,25
61007,1,1,0,0,0,0,0,0,0,0,0,0
61007,2,1,0,0,0,0,0,0,0,0,0,0
61008,0,1,0,0,0,0,0,0,0,0,0,0
61008,1,1,0,0,0,0,0,0,0,0,0,0
61009,0,1,0,0,0,0,0,0,0,0,0,0
61009,1,1,0,20,0,0,0,0,0,0,0,0
61010,1,1,10,10,10,10,10,10,10,10,10,10
61011,1,1,0,0,0,0,0,0,0,0,0,0
61011,2,1,0,0,0,0,0,0,0,0,0,0
61012,1,1,15,15,15,15,15,15,15,15,15,15
61012,2,1,0,0,0,0,0,0,0,0,0,0
61013,1,1,0,0,0,0,0,0,0,0,0,0
61013,2,1,0,0,0,0,0,0,0,0,0,0
61014,1,1,20,20,20,20,20,20,20,20,20,20
61015,1,1,23,23,23,23,23,23,23,23,23,23
61016,1,1,3,3,3,3,3,3,3,3,3,3
61016,2,1,0,0,0,0,0,0,0,0,0,0
61017,0,1,0,0,0,0,0,0,0,0,0,0
61017,1,1,0,0,0,0,0,0,0,0,3,0
61018,1,1,3,3,3,3,3,3,3,3,3,3
61018,2,1,0,0,0,0,0,0,0,0,0,0
61019,1,1,21,21,21,21,21,21,21,21,21,21
61020,1,1,0,0,0,0,0,0,0,0,0,0
61020,2,1,0,0,0,0,0,0,10,0,0,0
61021,1,1,0,0,0,0,0,0,0,0,0,0
61021,2,1,0,0,0,0,0,0,0,0,0,0
61022,1,1,9,9,9,9,9,9,9,9,9,9
61022,2,1,0,0,0,0,0,0,0,0,0,0
61023,0,1,0,0,0,12,0,0,0,0,36,0
61023,1,1,0,22,0,0,4,0,0,0,0,0
61024,0,1,15,15,15,15,15,15,15,15,15,15
61024,1,1,0,0,0,0,0,0,0,0,0,0
61025,1,1,0,0,0,0,0,0,0,0,0,0
61025,2,1,0,0,0,0,0,0,0,0,0,0
61026,1,1,0,0,0,0,0,0,0,0,0,0
61027,1,1,0,0,0,0,0,0,0,0,0,0
61028,0,1,0,0,0,0,0,0,0,0,0,0
61028,1,1,0,0,0,0,0,14,0,16,6,0
61029,0,1,0,0,0,0,0,0,0,0,0,0
61029,1,1,0,0,0,0,0,0,0,0,0,0
61030,1,1,15,15,15,15,15,15,15,15,15,15
61031,1,1,0,0,0,0,0,0,0,0,0,0
61032,1,1,20,20,20,20,20,20,20,20,20,20
61032,2,1,0,0,0,0,0,0,0,0,0,0
61033,1,1,0,21,6,3,16,0,0,0,0,0
61034,1,1,0,0,0,0,0,0,0,0,0,0
61034,2,1,0,0,0,0,0,0,0,0,0,0
61034,3,1,0,0,0,0,0,0,0,0,0,0
61035,1,1,0,0,0,0,0,0,0,0,0,0
61036,1,1,0,0,0,0,0,0,0,0,0,0
61036,2,1,0,0,0,0,0,0,0,0,0,0
61037,1,1,0,0,0,0,0,0,0,0,0,0
61038,1,1,0,0,0,0,0,0,0,0,0,0
61038,2,1,0,0,0,0,0,0,0,0,0,0
61038,3,1,0,0,0,0,0,0,0,0,0,0
61039,1,1,20,20,20,20,20,20,20,20,20,20
61040,1,1,7,0,0,0,0,0,0,0,0,0
61040,2,1,0,0,0,0,0,0,0,0,0,0
61041,1,1,0,0,0,0,0,0,0,0,0,0
61042,1,1,11,0,10,16,0,0,0,8,0,0
61043,1,1,0,0,0,0,0,0,0,0,0,0
61044,1,1,0,0,0,0,0,0,0,0,0,0
61044,2,1,0,8,0,5,0,6,0,0,0,0
61044,3,1,0,0,0,0,0,0,0,0,0,0
61045,1,1,0,0,0,0,0,0,0,0,0,0
61046,0,1,11,11,11,11,11,11,11,11,11,11
61046,1,1,0,0,0,0,0,0,0,0,0,0
61047,1,1,0,0,0,0,0,0,0,0,0,0
61048,1,1,0,0,0,0,0,0,0,0,0,0
61048,2,1,0,0,0,0,0,15,0,0,0,0
61049,1,1,25,11,0,7,0,13,7,9,14,12
61049,2,1,0,0,0,0,0,0,0,0,0,0
61050,0,1,9,0,0,0,0,0,25,0,0,0
61050,1,1,0,0,0,0,0,0,0,11,12,0
61051,1,1,0,0,0,0,0,0,0,0,0,0
61051,2,1,0,0,0,0,0,0,0,0,0,0
61051,3,1,0,0,0,0,0,0,0,0,0,0
61052,0,1,0,0,0,0,0,0,0,0,0,0
61052,1,1,0,0,0,0,0,0,0,0,0,0
61053,1,1,0,0,0,0,0,0,0,0,0,0
61054,0,1,0,0,0,0,0,0,0,0,0,0
61054,1,1,0,5,0,0,0,16,0,0,0,3
61055,1,1,0,0,0,0,0,0,0,0,0,0
61056,1,1,0,0,0,0,0,0,0,0,0,0
61056,2,1,15,15,15,15,15,15,15,15,15,15
61057,1,1,0,0,0,0,0,0,0,0,0,0
61057,2,1,0,0,0,0,0,0,0,0,0,0
61058,1,1,4,4,4,4,4,4,4,4,4,4
61058,2,1,0,0,0,0,0,0,0,0,0,0
61059,1,1,0,0,0,0,0,0,0,0,0,0
61060,0,1,18,18,18,18,18,18,18,18,18,18
61060,1,1,0,0,0,0,0,0,0,0,0,0
61061,1,1,0,0,0,0,0,0,0,0,0,0
61062,1,1,0,0,0,0,0,0,0,0,0,0
61063,1,1,0,0,0,0,0,0,0,0,0,0
61063,2,1,0,0,0,0,0,0,0,0,0,0
61064,1,1,0,0,0,0,0,0,0,0,0,0
61065,0,1,6,6,6,6,6,6,6,6,6,6
61066,1,1,0,0,0,0,0,0,0,0,0,0
61066,2,1,0,0,0,0,0,0,12,0,0,0
61067,1,1,15,15,15,15,15,15,15,15,15,15
61067,2,1,0,0,0,0,0,0,0,0,0,0
61068,0,1,0,0,0,0,0,0,0,0,0,0
61068,1,1,0,0,0,0,0,0,0,0,0,0
61069,1,1,0,0,0,0,0,0,0,0,0,0
61070,1,1,0,0,0,0,0,0,0,0,0,0
61071,1,1,0,0,0,0,0,0,0,0,0,0
61071,2,1,0,0,0,0,0,0,0,0,0,0
61072,1,1,0,17,0,13,0,0,12,0,0,16
61073,1,1,0,0,0,0,0,0,0,0,0,0
61074,1,1,21,21,21,21,21,21,21,21,21,21
61075,0,1,0,0,0,0,0,0,0,0,0,0
61075,1,1,0,0,0,0,0,0,0,0,0,0
61076,1,1,18,18,18,18,18,18,18,18,18,18
61076,2,1,0,0,0,0,0,0,0,0,0,0
61077,1,1,15,15,15,15,15,15,15,15,15,15
61077,2,1,0,0,0,0,10,0,0,0,0,16
61078,1,1,11,11,11,11,11,11,11,11,11,11
61079,1,1,0,0,0,0,0,0,0,0,0,0
61080,1,1,7,7,7,7,7,7,7,7,7,7
61081,1,1,0,0,0,0,0,0,0,0,0,0
61081,2,1,0,0,0,0,0,0,0,0,0,0
61082,1,1,0,0,0,0,0,0,0,0,0,0
61082,2,1,0,0,0,0,0,0,0,0,0,0
61083,0,1,9,9,9,9,9,9,9,9,9,9
61083,1,1,0,0,0,0,0,0,0,0,0,0
61084,1,1,0,0,0,0,0,0,0,0,0,0
61084,2,1,0,0,0,0,0,0,0,0,0,0
61085,1,1,16,16,16,16,16,16,16,16,16,16
61086,1,1,0,0,0,0,0,0,0,0,0,0
61087,1,1,33,33,33,33,33,33,33,33,33,33
61087,2,1,0,0,0,0,0,0,0,0,0,0
61088,0,1,0,0,0,0,0,0,0,0,0,0
61088,1,1,0,0,0,0,0,0,0,0,0,0
61089,1,1,0,0,0,0,0,0,0,0,0,0
61089,2,1,0,0,0,0,0,0,0,0,0,0
61089,3,1,0,0,0,0,0,0,0,0,0,0
61090,1,1,0,0,0,0,0,0,0,0,0,0
61091,1,1,0,0,0,0,0,0,0,0,0,0
61091,2,1,0,0,0,0,0,0,0,0,0,0
61092,1,1,0,0,0,0,0,0,0,0,0,0
61092,2,1,0,0,0,0,0,0,0,0,0,0
61092,3,1,0,0,0,0,0,0,0,0,0,0
61093,1,1,0,0,0,0,0,0,0,0,0,0
61094,1,1,0,0,0,0,0,0,0,0,0,0
61094,2,1,0,0,0,0,0,0,0,0,0,0
61094,3,1,0,0,0,0,0,0,0,0,0,0
61094,4,1,0,28,0,0,0,0,0,0,0,0
61094,5,1,0,0,0,0,0,0,0,0,0,0
61094,6,1,0,0,0,0,0,0,0,0,0,0
61094,7,1,0,0,0,0,0,0,0,0,0,0
61094,8,1,0,0,0,0,0,0,0,0,0,0
61094,9,1,0,0,0,22,0,0,0,0,0,0
61094,10,1,0,0,0,0,0,0,0,0,0,0
61094,11,1,6,0,0,0,0,0,0,0,0,0
61095,1,1,20,20,20,20,20,20,20,20,20,20
61096,1,1,5,5,5,5,5,5,5,5,5,5
61096,2,1,0,0,0,0,0,0,0,0,0,0
61097,0,1,0,0,0,0,0,0,0,0,0,0
61097,1,1,0,0,12,0,0,0,0,0,0,0
61098,1,1,0,0,0,0,0,0,0,4,0,0
61098,2,1,0,0,0,0,0,0,0,0,0,15
61099,1,1,14,14,14,14,14,14,14,14,14,14
61100,1,1,29,10,2,12,29,27,17,0,17,28
61101,1,1,0,0,0,0,0,0,0,0,0,0
61101,2,1,0,0,0,0,0,0,0,0,0,0
61101,3,1,0,17,0,0,0,0,0,0,0,0
61102,1,1,7,7,7,7,7,7,7,7,7,7
61102,2,1,0,0,0,0,0,0,0,0,0,0
61102,3,1,0,8,0,0,0,0,5,0,0,0
61103,0,1,0,0,0,0,0,0,0,0,0,0
61103,1,1,0,0,0,0,0,0,0,0,0,0
61104,1,1,0,0,0,0,0,0,0,0,10,0
61104,2,1,0,0,0,0,0,0,0,0,0,0
61105,1,1,0,0,0,0,0,0,0,0,0,0
61106,1,1,2,2,2,2,2,2,2,2,2,2
61106,2,1,0,0,0,0,0,0,0,0,0,0
61107,1,1,0,0,0,0,0,0,0,0,0,0
61107,2,1,0,0,0,0,0,0,0,0,0,0
61108,1,1,0,0,0,0,0,0,0,0,0,0
61108,2,1,0,0,0,0,0,0,0,0,0,0
61109,0,1,33,33,33,33,33,33,33,33,33,33
61109,1,1,0,0,0,0,0,0,0,0,0,0
61110,1,1,0,0,0,0,0,0,0,0,0,0
61110,2,1,0,0,0,0,0,0,0,0,0,0
61110,3,1,0,0,0,0,0,0,0,0,0,0
61111,1,1,0,0,0,0,0,0,0,0,0,0
61111,2,1,0,0,0,0,0,0,13,0,0,0
61112,1,1,0,0,0,0,0,8,0,0,16,0
61112,2,1,0,0,0,0,0,0,0,0,0,0
61112,3,1,0,0,0,0,0,0,0,0,0,0
61113,1,1,24,24,24,24,24,24,24,24,24,24
61113,2,1,0,0,0,0,0,9,0,0,0,0
61114,1,1,12,12,12,12,12,12,12,12,12,12
61114,2,1,0,0,0,0,0,0,0,0,0,0
61115,1,1,0,0,0,0,0,0,0,0,0,0
61115,2,1,0,0,0,0,0,0,0,0,0,0
61116,1,1,0,0,0,0,0,0,0,0,10,0
61116,2,1,0,0,0,0,0,0,0,0,0,0
61117,0,1,0,0,0,0,0,0,0,0,0,0
61117,0,2,0,0,0,0,0,0,0,0,17,0
61117,1,1,0,5,0,12,0,14,0,0,0,11
61118,1,1,0,0,0,0,0,0,0,0,0,0
61118,2,1,0,0,0,0,0,0,0,0,0,0
61119,1,1,25,25,25,25,25,25,25,25,25,25
61120,1,1,0,0,0,0,0,0,0,0,0,0
61120,2,1,0,0,0,0,0,0,0,0,0,0
61121,1,1,0,0,0,0,0,0,0,0,0,0
61122,1,1,0,0,0,0,0,0,0,0,0,0
61123,1,1,0,0,0,24,0,0,0,15,0,0
61124,1,1,0,0,0,0,0,0,0,0,0,0
61125,0,1,0,0,0,0,0,0,0,0,0,0
61125,1,1,31,0,7,0,0,0,17,0,30,38
61126,1,1,0,0,0,0,0,0,0,0,0,0
61127,1,1,0,0,0,0,0,0,0,0,0,0
61127,2,1,0,0,0,0,0,0,0,0,0,0
61128,0,1,0,0,0,0,0,0,0,0,0,0
61128,1,1,28,24,14,4,25,15,7,0,0,29
61129,0,1,0,0,0,0,0,0,0,0,0,0
61129,0,2,0,0,0,0,0,0,0,0,0,18
61129,1,1,4,0,0,0,0,0,0,0,0,0
61129,2,1,0,0,0,0,0,0,0,0,0,0
61129,3,1,0,0,0,0,0,0,0,0,0,0
61130,1,1,0,0,0,0,0,0,0,0,0,0
61130,2,1,0,0,0,4,19,29,0,13,9,2
61130,3,1,0,0,0,0,26,0,3,0,7,0
61131,1,1,0,0,0,0,0,0,0,0,0,0
61131,2,1,18,18,18,18,18,18,18,18,18,18
61132,1,1,26,26,26,26,26,26,26,26,26,26
61133,1,1,0,0,0,0,0,0,0,0,0,0
61134,2,1,0,0,0,0,0,0,0,0,0,0
61134,3,1,0,0,0,0,0,0,0,0,0,0
61134,4,1,0,0,0,0,0,0,0,0,0,0
61135,1,1,23,23,23,23,23,23,23,23,23,23
61136,1,1,0,0,0,0,0,0,0,0,0,0
61137,1,1,0,12,0,0,0,0,0,0,0,0
61137,2,1,0,0,0,0,0,0,0,0,0,0
61138,1,1,15,15,15,15,15,15,15,15,15,15
61138,2,1,7,7,7,7,7,7,7,7,7,7
61139,0,1,2,2,2,2,2,2,2,2,2,2
61139,0,2,0,0,0,0,0,0,0,0,0,0
61139,1,1,0,0,0,17,0,0,18,0,0,0
61140,1,1,0,0,0,0,0,0,0,0,0,0
61140,2,1,0,0,0,9,0,0,0,0,0,0
61141,1,1,0,0,0,0,0,0,0,0,0,0
61141,2,1,0,0,0,0,0,0,0,0,0,0
61142,1,1,0,0,0,0,0,0,0,0,0,0
61143,1,1,6,6,6,6,6,6,6,6,6,6
61143,2,1,0,0,0,0,0,0,0,0,0,0
61144,1,2,17,17,17,17,17,17,17,17,17,17
61145,1,1,0,0,0,0,0,0,0,0,0,0
61145,2,1,0,0,0,0,0,0,0,0,0,0
61146,1,1,0,0,0,0,0,0,0,0,14,0
61147,0,1,2,2,2,2,2,2,2,2,2,2
61147,0,2,19,22,19,24,36,6,13,18,19,19
61147,0,3,23,4,27,16,24,12,24,21,21,18
61147,1,1,0,0,0,0,0,0,0,0,0,0
61148,1,1,0,0,0,0,0,0,0,0,0,0
61148,2,1,0,0,0,0,0,0,0,0,0,0
61149,1,1,0,0,0,0,0,0,0,0,0,0
61149,2,1,0,0,0,0,0,0,0,0,0,0
61150,1,1,0,0,0,0,0,0,0,0,0,0
61151,1,1,0,0,0,0,0,0,0,0,0,0
61151,2,1,3,0,0,0,0,0,0,0,0,0
61152,1,1,16,16,16,16,16,16,16,16,16,16
61152,2,1,0,0,0,0,0,0,0,0,0,0
61153,1,1,0,0,0,0,0,0,0,0,0,0
61154,1,1,0,0,0,0,0,0,0,0,0,0
61155,1,1,20,10,13,12,18,18,11,6,8,16
61155,2,1,15,15,15,15,15,15,15,15,15,15
61156,0,1,0,0,0,0,0,0,0,0,0,0
61156,1,1,0,0,0,0,0,0,0,0,0,0
61157,1,1,13,13,13,13,13,13,13,13,13,13
61158,1,1,0,0,0,0,0,0,0,0,0,0
61158,2,1,0,0,0,0,0,0,0,0,0,0
61159,1,1,15,15,15,15,15,15,15,15,15,15
61159,2,1,0,0,0,0,0,0,0,0,0,0
61160,0,1,0,0,0,0,0,0,0,0,0,0
61160,1,1,18,18,18,18,18,18,18,18,18,18
61160,2,1,0,0,0,0,0,0,0,0,0,0
61161,1,1,0,0,0,0,0,0,0,0,0,0
61161,2,1,0,0,0,0,0,0,0,0,0,0
61161,3,1,0,13,0,0,0,0,0,0,0,0
61161,4,1,0,0,0,0,0,0,0,0,0,0
61162,0,1,0,0,0,0,0,0,0,0,0,0
61162,1,1,23,0,0,0,0,0,0,0,0,0
61163,1,1,0,0,0,0,0,0,0,0,0,0
61164,1,1,26,26,26,26,26,26,26,26,26,26
61165,1,1,0,0,0,0,0,0,0,0,0,0
61166,1,1,0,0,0,0,0,0,0,0,0,0
61167,1,1,0,0,0,0,0,0,0,0,0,0
61168,0,1,0,0,0,0,0,0,0,0,0,0
61168,1,1,0,0,0,0,0,0,0,0,0,0
61169,1,1,0,0,0,0,0,0,0,0,0,0
61169,2,1,0,0,0,0,0,0,0,0,0,0
61169,3,1,0,0,0,0,0,0,0,0,0,0
61170,1,1,0,0,0,0,0,0,0,0,0,0
61171,1,1,0,0,0,0,0,0,0,0,0,0
61171,2,1,0,0,0,0,0,0,0,0,0,0
61172,1,1,0,0,0,0,0,0,0,0,0,0
61172,2,1,0,0,0,0,0,0,0,0,0,0
61173,1,1,0,0,0,0,0,0,14,0,0,0
61173,2,1,1,1,1,1,1,1,1,1,1,1
61174,1,1,0,0,0,0,0,0,0,0,0,0
61174,2,1,0,0,0,0,0,0,0,0,0,0
61175,1,1,13,13,13,13,13,13,13,13,13,13
61175,2,1,0,0,0,0,0,0,0,0,0,0
61176,1,1,11,11,11,11,11,11,11,11,11,11
61177,0,1,35,35,35,35,35,35,35,35,35,35
61177,1,1,0,0,0,0,0,0,0,11,0,0