ST_CASE,VEH_NO,PER_NO,P1,P2,P3,P4,P5,P6,P7,P8,P9,P10
61178,1,1,18,18,18,18,18,18,18,18,18,18
61178,2,1,0,0,33,20,0,0,9,0,20,13
61179,1,1,15,15,15,15,15,15,15,15,15,15
61180,0,1,0,0,0,0,0,0,0,0,0,0
61180,1,1,0,0,0,0,0,0,0,0,0,0
61181,0,1,0,0,0,0,0,0,0,0,0,0
61181,1,1,0,9,0,0,0,0,0,0,0,0
61182,1,1,0,0,0,0,0,0,0,0,0,0
61183,1,1,0,0,0,0,0,0,0,0,0,0
61183,2,1,0,0,0,0,0,0,0,0,0,0
61184,1,1,0,0,0,0,0,0,0,0,0,0
61184,2,1,0,0,0,0,0,0,0,0,0,0
61185,1,1,0,7,6,0,0,23,0,3,0,12
61185,2,1,0,0,0,0,0,0,0,0,0,0
61185,3,1,0,0,0,0,0,0,0,0,0,0
61186,0,1,0,0,0,0,0,0,0,0,0,0
61186,1,1,0,0,0,0,0,0,0,0,6,0
61187,0,1,26,26,26,26,26,26,26,26,26,26
61187,1,1,0,0,0,0,0,0,0,0,0,0
61188,1,1,3,0,17,0,10,0,0,0,14,0
61189,0,1,0,0,0,0,0,0,0,0,0,0
61189,1,1,18,18,18,18,18,18,18,18,18,18
61190,1,1,0,0,0,0,0,0,0,0,0,0
61190,2,1,0,0,0,0,0,0,0,0,0,0
61190,3,1,0,0,0,0,0,0,0,0,0,0
61191,0,1,0,0,0,0,0,0,0,0,0,0
61191,1,1,3,3,3,3,3,3,3,3,3,3
61192,0,1,0,0,0,0,0,0,0,0,0,0
61192,1,1,0,0,0,0,0,0,0,0,0,0
61193,1,1,12,12,12,12,12,12,12,12,12,12
61193,2,1,15,0,0,0,0,0,0,0,0,0
61194,1,1,21,21,21,21,21,21,21,21,21,21
61195,1,1,0,0,0,0,0,0,0,0,0,0
61195,2,1,3,3,3,3,3,3,3,3,3,3
61195,3,1,0,0,0,0,0,0,0,0,0,0
61195,4,1,0,0,0,0,0,0,0,0,0,0
61196,1,1,0,0,0,0,0,0,0,0,0,0
61197,1,1,18,18,18,18,18,18,18,18,18,18
61197,2,1,0,0,0,0,0,0,0,0,0,20
61197,3,1,0,0,0,16,0,0,8,0,25,0
61197,4,1,0,0,0,0,0,0,0,0,0,0
61197,5,1,0,0,10,0,0,0,14,0,0,0
61198,1,1,0,0,0,0,0,0,0,0,0,0
61199,1,1,0,0,0,0,0,0,0,0,0,0
61200,0,1,0,0,0,0,0,0,0,0,0,0
61200,1,1,0,0,0,0,0,0,0,0,0,0
61201,0,1,0,0,0,0,0,0,0,0,0,0
61201,1,1,7,7,7,7,7,7,7,7,7,7
61202,1,1,0,0,0,0,0,0,0,0,0,0
61203,0,1,14,14,14,14,14,14,14,14,14,14
61203,1,1,0,0,0,0,0,0,0,0,0,0
61204,0,1,0,0,0,0,0,0,0,0,0,0
61204,1,1,0,0,0,0,0,0,0,0,0,0
61205,1,1,0,0,0,0,0,0,0,0,0,0
61206,1,1,17,17,17,17,17,17,17,17,17,17
61206,2,1,0,0,0,0,0,0,0,0,0,0
61207,1,1,21,21,21,21,21,21,21,21,21,21
61207,2,1,21,21,21,21,21,21,21,21,21,21
61208,1,1,17,17,17,17,17,17,17,17,17,17
61208,2,1,0,0,0,0,0,0,0,0,0,0
61209,0,1,5,5,5,5,5,5,5,5,5,5
61209,1,1,0,0,0,0,0,0,0,0,0,0
61210,1,1,10,0,0,7,3,12,0,10,15,0
61210,2,1,0,0,0,0,0,0,0,0,0,0
61210,3,1,0,0,0,0,0,0,0,0,0,0
61211,1,1,0,0,0,0,0,0,0,0,0,0
61211,2,1,0,0,0,0,0,0,0,0,0,0
61212,1,1,0,0,0,0,0,0,0,0,0,0
61213,0,1,9,9,9,9,9,9,9,9,9,9
61213,1,1,8,12,14,15,10,16,7,9,14,5
61214,0,1,0,0,0,0,0,0,0,0,0,0
61214,1,1,0,0,0,0,0,0,0,0,0,0
61215,0,1,0,0,0,0,0,0,0,0,0,0
61215,1,1,0,0,0,0,0,17,0,0,0,0
61215,2,1,0,0,0,0,0,0,0,0,0,0
61216,1,1,0,0,0,0,0,0,0,0,0,0
61217,0,1,0,0,0,0,0,0,0,0,0,0
61217,1,1,0,0,0,0,0,0,19,0,0,0
61218,0,1,0,0,0,0,0,0,0,0,0,0
61218,1,1,0,0,0,0,16,0,0,0,0,8
61219,1,1,0,0,0,11,0,0,0,0,2,0
61220,1,1,24,11,20,11,8,16,16,33,17,18
61221,1,1,0,0,0,0,0,0,0,0,0,0
61221,2,1,0,0,0,0,0,0,0,0,0,0
61222,0,1,34,18,22,0,0,0,0,18,21,0
61222,1,1,0,8,8,0,0,0,8,11,5,0
61223,1,1,17,11,0,28,19,8,18,0,13,10
61224,0,1,0,0,0,0,0,0,0,0,0,0
61224,1,1,0,0,0,0,0,0,0,0,0,0
61225,1,1,13,13,13,13,13,13,13,13,13,13
61225,2,1,0,0,0,0,0,0,0,0,0,0
61226,1,1,36,36,36,36,36,36,36,36,36,36
61226,2,1,0,0,0,0,0,0,0,0,0,0
61227,1,1,0,0,0,0,0,0,0,0,0,0
61227,2,1,8,13,15,7,17,31,9,0,22,29
61228,1,1,7,7,7,7,7,7,7,7,7,7
61229,0,1,0,0,0,0,0,0,0,0,0,0
61229,1,1,0,0,0,0,9,0,0,0,0,0
61230,1,1,0,0,0,0,0,0,0,0,0,0
61230,2,1,0,0,0,0,0,0,0,0,0,0
61230,3,1,0,0,0,0,0,0,0,16,0,0
61231,0,1,0,0,0,0,0,0,0,0,15,0
61231,1,1,15,15,15,15,15,15,15,15,15,15
61232,1,1,0,0,0,0,0,0,0,0,0,0
61232,2,1,0,0,0,0,0,0,0,0,0,0
61233,0,1,0,0,0,0,0,0,0,0,0,0
61233,1,1,21,6,5,20,6,16,17,11,21,26
61234,1,1,0,0,0,0,0,0,0,0,0,0
61234,2,1,0,0,0,0,0,0,0,0,0,0
61235,1,1,0,19,0,0,14,0,0,0,0,0
61236,1,1,0,0,0,0,0,0,0,0,0,0
61237,1,1,0,0,0,0,0,0,0,0,0,0
61237,2,1,0,0,0,0,0,0,0,0,0,0
61238,1,1,0,0,0,0,0,0,0,0,0,0
61239,0,1,0,0,0,0,0,0,0,0,0,0
61239,1,1,0,0,0,6,13,12,0,11,15,4
61240,1,1,0,0,0,0,0,0,0,0,0,0
61241,1,1,0,0,0,0,0,0,0,0,0,4
61241,2,1,0,0,0,0,0,0,0,0,0,0
61241,3,1,19,0,0,0,0,0,0,0,0,0
61241,4,1,0,0,0,0,0,0,0,0,0,0
61241,5,1,0,0,0,0,0,0,0,0,0,0
61242,0,1,0,0,0,0,0,0,0,0,0,0
61242,1,1,19,19,19,19,19,19,19,19,19,19
61243,0,1,12,0,0,0,10,23,31,22,19,0
61243,1,1,0,0,0,0,0,0,0,0,0,0
61244,1,1,0,0,0,0,0,0,0,0,0,0
61244,2,1,0,0,0,0,0,0,0,0,0,0
61245,1,1,0,0,0,0,0,0,0,0,0,0
61245,2,1,0,8,0,0,0,0,0,0,0,0
61246,1,1,0,0,0,0,0,0,0,0,0,0
61246,2,1,0,0,0,0,20,6,0,16,0,7
61246,3,1,0,16,0,0,0,0,0,0,0,0
61247,1,1,0,0,0,0,0,0,0,0,0,0
61247,2,1,0,0,0,0,0,0,0,0,0,0
61248,1,1,0,0,0,0,0,0,0,5,0,0
61248,2,1,12,12,12,12,12,12,12,12,12,12
61249,1,1,0,16,24,15,0,0,16,10,21,23
61249,2,1,0,0,0,0,0,0,0,0,0,0
61250,0,1,0,0,0,0,0,0,0,0,0,0
61250,1,1,0,0,0,0,0,5,0,0,0,15
61251,1,1,0,0,0,0,0,0,0,0,0,0
61251,2,1,0,0,0,0,0,0,0,0,0,0
61252,0,1,0,0,0,0,0,0,0,0,0,0
61252,1,1,0,0,0,0,0,0,0,0,0,0
61253,0,1,0,0,0,0,0,0,0,0,0,0
61253,1,1,0,0,27,0,0,0,24,0,0,0
61253,2,1,0,0,0,0,0,0,0,0,0,0
61253,3,1,0,0,0,0,0,0,0,0,0,0
61253,4,1,19,0,0,0,0,0,0,0,0,0
61254,1,1,0,0,0,0,0,0,0,0,0,0
61254,2,1,0,0,0,0,0,0,0,0,0,0
61255,1,1,0,0,0,11,0,0,0,0,0,0
61255,2,1,0,0,0,0,0,0,0,0,0,0
61256,1,1,0,11,6,0,28,0,7,0,21,7
61256,2,1,0,0,0,0,0,0,0,0,0,0
61257,0,1,0,0,0,0,0,0,0,0,0,0
61257,1,1,4,4,4,4,4,4,4,4,4,4
61258,1,1,0,0,0,0,0,0,0,0,0,0
61258,2,1,0,0,0,0,0,0,0,0,0,0
61259,1,1,0,0,0,0,0,0,0,0,0,0
61259,2,1,0,0,0,0,0,0,0,0,0,0
61260,1,1,0,0,0,0,0,0,0,0,0,0
61260,2,1,0,0,0,0,0,0,0,0,0,0
61261,1,1,26,26,26,26,26,26,26,26,26,26
61261,2,1,0,16,0,0,0,0,0,0,0,0
61261,3,1,0,0,0,0,0,0,8,0,14,0
61262,0,1,23,23,23,23,23,23,23,23,23,23
61262,1,1,0,0,0,0,0,0,0,0,0,0
61263,1,1,0,0,0,0,0,0,0,0,0,0
61263,2,1,0,0,0,0,0,0,0,0,0,0
61264,0,1,0,0,0,0,0,0,0,0,0,0
61264,1,1,0,0,0,0,0,0,0,13,0,0
61265,1,1,17,17,17,17,17,17,17,17,17,17
61266,1,1,4,4,4,4,4,4,4,4,4,4
61266,2,1,0,0,0,0,0,0,0,0,0,0
61266,3,1,0,0,0,0,0,0,0,0,0,0
61267,1,1,18,18,18,18,18,18,18,18,18,18
61267,2,1,16,16,16,16,16,16,16,16,16,16
61268,1,1,16,16,16,16,16,16,16,16,16,16
61268,2,1,0,0,5,0,0,0,10,0,0,0
61269,1,1,0,0,0,0,0,0,0,0,0,0
61269,2,1,0,0,0,0,0,0,0,0,0,0
61270,1,1,11,12,7,0,10,8,18,11,15,9
61270,2,1,0,0,0,0,0,0,0,0,0,0
61271,1,1,24,24,24,24,24,24,24,24,24,24
61272,0,1,0,0,0,0,0,0,0,0,0,0
61272,0,2,0,0,0,0,0,0,0,0,0,0
61272,0,3,0,0,0,0,0,0,0,0,0,0
61272,1,1,20,0,0,0,0,0,0,0,0,0
61273,1,1,19,19,19,19,19,19,19,19,19,19
61273,2,1,0,0,0,0,0,0,0,0,0,0
61274,0,1,0,0,20,0,0,34,25,0,14,26
61274,1,1,0,0,0,0,0,0,0,0,0,0
61275,1,1,0,0,0,20,0,0,0,25,0,0
61275,2,1,0,0,0,0,0,0,0,0,0,0
61276,1,1,0,0,0,0,0,0,0,0,0,0
61276,2,1,0,0,0,0,0,0,0,0,0,0
61276,3,1,0,0,0,0,0,0,0,0,0,0
61276,4,1,0,0,0,0,0,0,0,0,0,0
61277,1,1,16,16,16,16,16,16,16,16,16,16
61278,1,1,0,0,0,0,0,0,0,0,0,0
61279,1,1,0,0,0,0,0,0,0,0,0,0
61280,1,1,0,0,0,0,0,0,0,0,0,0
61280,2,1,0,0,0,0,0,0,0,0,0,0
61281,0,1,0,0,0,0,0,0,0,0,0,0
61281,1,1,0,0,0,0,0,16,0,0,0,0
61282,0,1,0,0,0,0,0,0,0,0,0,0
61282,1,1,0,0,0,0,0,0,0,0,0,0
61283,0,1,0,0,0,0,0,0,0,0,0,0
61283,1,1,0,0,0,0,0,0,0,0,0,0
61284,0,1,0,0,0,0,0,0,0,0,0,0
61284,1,1,0,0,0,0,0,0,14,0,0,0
61285,0,1,8,8,8,8,8,8,8,8,8,8
61285,0,2,0,0,5,7,0,0,12,0,35,14
61285,0,3,0,0,0,0,0,2,0,0,0,0
61285,1,1,0,0,0,0,0,0,0,0,0,0
61286,0,1,33,33,33,33,33,33,33,33,33,33
61286,1,1,0,0,0,0,0,0,0,0,0,0
61287,1,1,0,0,0,0,0,0,0,0,0,0
61288,1,1,0,0,0,0,0,0,0,0,0,0
61288,2,1,0,0,0,0,0,0,0,0,0,0
61289,1,1,0,0,0,0,0,0,0,0,0,0
61290,1,1,0,0,0,0,0,0,0,0,0,0
61291,1,1,0,0,0,0,0,0,0,0,0,0
61292,1,1,25,25,25,25,25,25,25,25,25,25
61292,2,1,0,0,0,0,0,0,0,0,0,0
61293,0,1,0,0,0,0,0,0,0,0,0,0
61293,1,1,0,0,0,0,0,0,0,0,0,0
61294,1,1,11,11,11,11,11,11,11,11,11,11
61295,1,1,0,0,0,0,0,0,0,0,0,0
61296,1,1,23,23,23,23,23,23,23,23,23,23
61297,1,1,0,0,0,0,0,0,0,0,0,0
61297,2,1,0,0,0,0,0,0,0,0,0,0
61298,1,1,0,0,0,0,0,0,0,0,0,0
61299,1,1,2,2,2,2,2,2,2,2,2,2
61299,2,1,0,0,0,0,0,0,0,0,0,0
61300,1,1,23,0,0,0,0,0,0,0,0,0
61301,1,1,22,22,22,22,22,22,22,22,22,22
61301,2,1,18,0,0,18,0,27,0,0,0,0
61302,1,1,19,6,0,0,9,16,24,5,37,16
61302,2,1,0,0,0,0,0,0,0,0,0,0
61303,1,1,0,0,0,0,0,0,0,0,0,0
61303,2,1,0,0,0,0,0,0,0,0,0,0
61304,0,1,0,0,0,0,0,0,0,0,0,0
61304,1,1,0,0,0,0,0,0,0,0,0,0
61305,1,1,17,17,17,17,17,17,17,17,17,17
61306,1,1,0,0,0,0,0,0,0,0,0,0
61306,2,1,0,0,0,0,0,0,0,0,0,0
61307,0,1,0,0,0,0,0,0,0,0,0,0
61307,1,1,0,0,0,0,0,0,7,0,7,0
61308,1,1,0,0,0,0,0,0,0,0,0,0
61309,1,1,17,17,17,17,17,17,17,17,17,17
61309,2,1,0,0,0,0,0,0,0,0,0,0
61310,1,1,13,13,13,13,13,13,13,13,13,13
61311,1,1,0,0,0,0,0,0,0,0,0,0
61312,1,1,18,18,18,18,18,18,18,18,18,18
61312,2,1,0,0,0,0,0,0,0,0,0,0
61313,1,1,25,25,25,25,25,25,25,25,25,25
61314,1,1,27,27,27,27,27,27,27,27,27,27
61314,2,1,0,0,0,0,0,0,0,0,0,0
61315,1,1,22,22,22,22,22,22,22,22,22,22
61316,0,1,0,0,0,0,0,0,0,0,0,0
61316,1,1,0,0,0,0,0,0,0,0,0,0
61317,1,1,6,6,6,6,6,6,6,6,6,6
61318,1,2,17,0,15,0,15,20,0,32,0,11
61319,0,1,0,0,0,0,0,0,0,0,0,0
61319,1,1,22,22,22,22,22,22,22,22,22,22
61320,1,1,16,16,16,16,16,16,16,16,16,16
61321,0,1,0,0,0,0,0,0,0,0,0,0
61321,1,1,0,0,0,0,0,0,0,0,0,0
61322,1,1,0,0,0,0,0,0,0,0,0,0
61323,1,1,0,0,17,0,0,0,0,9,0,0
61324,1,1,12,3,0,0,8,13,14,0,13,0
61325,1,1,19,19,19,19,19,19,19,19,19,19
61326,1,1,0,0,0,0,0,0,0,0,0,0
61326,2,1,0,0,0,0,0,0,0,0,0,0
61327,0,1,0,0,0,0,0,0,0,0,0,0
61327,1,1,0,9,0,0,0,0,10,0,0,0
61328,1,1,0,0,0,0,0,0,0,0,0,0
61329,1,1,0,0,0,0,0,5,0,0,0,0
61329,2,1,0,0,0,0,0,0,0,0,0,0
61330,1,1,0,0,0,0,0,0,0,0,0,0
61330,2,1,0,0,0,0,0,0,0,0,0,0
61331,1,1,9,9,9,9,9,9,9,9,9,9
61332,0,1,0,0,0,0,0,0,0,0,0,0
61332,1,1,0,0,0,0,0,0,0,0,0,0
61333,0,1,0,0,0,0,0,0,0,0,0,0
61333,1,1,0,0,0,0,0,0,0,0,0,0
61334,0,1,0,23,0,0,0,0,0,0,0,0
61334,1,1,0,0,0,0,0,0,0,0,0,0
61335,1,1,0,0,0,0,0,0,0,0,0,0
61336,1,1,0,0,0,0,0,0,0,0,0,0
61337,1,1,0,0,0,0,0,0,0,0,0,0
61337,2,1,0,0,0,0,0,0,0,0,0,0
61338,0,1,0,0,0,0,0,0,0,0,0,0
61338,1,1,10,10,10,10,10,10,10,10,10,10
61338,2,1,0,0,0,0,11,0,10,0,0,0
61339,1,1,0,0,0,0,0,0,0,0,0,0
61339,2,1,17,0,0,0,0,0,0,0,0,0
61340,1,1,0,0,0,0,0,0,0,0,0,0
61340,2,1,0,0,0,0,0,0,0,0,0,0
61340,3,1,0,0,0,0,0,0,0,0,0,0
61341,0,1,0,0,0,27,0,16,0,0,0,0
61341,0,2,0,0,34,0,0,0,0,0,0,0
61341,1,1,0,0,0,0,0,0,0,0,0,10
61342,0,1,0,0,0,0,0,0,0,0,0,0
61342,1,1,0,0,0,0,0,0,0,0,0,0
61343,0,1,0,0,0,0,0,0,0,0,0,0
61343,1,1,0,0,0,0,0,0,0,0,0,0
61344,1,1,0,0,0,0,0,0,0,0,0,0
61344,2,1,0,0,0,0,0,0,0,0,0,0
61345,1,1,13,13,13,13,13,13,13,13,13,13
61346,1,1,19,19,19,19,19,19,19,19,19,19
61346,2,1,0,0,0,0,0,0,0,0,0,0
61347,1,1,0,11,0,0,0,0,0,0,0,0
61347,2,1,0,0,0,0,0,0,0,0,0,0
61348,0,1,29,29,29,29,29,29,29,29,29,29
61348,1,1,3,0,14,0,26,13,0,10,0,18
61349,1,1,0,0,0,0,0,0,0,0,0,0
61350,1,1,0,0,0,0,0,0,0,0,0,0
61350,2,1,0,16,0,0,0,0,0,0,0,0
61350,3,1,0,0,0,0,0,0,0,0,0,0
61351,1,1,0,0,0,0,0,0,0,0,0,0
61352,0,1,0,0,0,0,0,0,0,0,0,0
61352,1,1,0,0,0,0,0,0,0,0,0,0
61353,1,1,0,0,0,0,0,0,0,0,0,0
61354,1,1,7,7,7,7,7,7,7,7,7,7
61354,2,1,0,0,0,0,0,0,0,0,0,0
61355,1,1,4,17,0,0,0,0,0,0,7,0
61356,1,1,0,0,0,0,0,0,0,0,0,0
61356,2,1,0,0,0,0,0,0,0,0,0,0
61357,1,1,5,5,5,5,5,5,5,5,5,5
61358,1,1,34,0,0,20,0,0,17,16,22,0
61359,1,1,13,13,13,13,13,13,13,13,13,13
61360,0,1,0,0,0,0,0,0,0,0,0,0
61360,1,1,0,0,0,0,0,0,0,0,0,0
61361,1,1,25,25,25,25,25,25,25,25,25,25
61362,1,1,0,0,0,0,0,0,0,0,0,0
61362,2,1,0,0,13,0,0,0,9,0,0,0
61362,3,1,0,0,0,0,0,0,0,0,0,0
61362,4,1,0,0,0,0,0,0,16,0,0,0
61363,0,1,2,2,2,2,2,2,2,2,2,2
61363,1,1,0,0,0,0,0,0,0,0,21,0
61364,1,1,0,0,0,0,0,0,0,0,0,0
61365,1,1,0,0,0,0,0,0,0,0,0,0
61366,0,1,21,21,21,21,21,21,21,21,21,21
61366,1,1,16,9,12,14,7,10,24,15,8,16
61367,1,1,22,22,22,22,22,22,22,22,22,22
61368,1,1,16,16,16,16,16,16,16,16,16,16
61369,1,1,8,8,8,8,8,8,8,8,8,8
61370,1,1,0,13,6,0,0,0,0,21,0,0
61370,2,1,0,0,0,0,0,0,0,0,0,0
61371,1,1,0,0,0,0,0,0,0,0,0,0
61371,2,1,0,0,0,0,0,0,0,0,0,0
61372,1,1,0,0,0,0,0,0,0,0,0,0
61373,1,1,0,0,0,0,0,0,0,0,0,0
61374,1,1,17,17,17,17,17,17,17,17,17,17
61375,1,1,22,22,22,22,22,22,22,22,22,22
61376,0,1,34,34,34,34,34,34,34,34,34,34
61376,1,1,0,0,0,0,0,0,0,0,0,0
61377,0,1,0,0,0,0,0,0,0,0,0,0
61377,1,1,0,0,0,0,0,0,0,0,0,0
61378,0,1,0,0,0,0,0,0,0,0,0,0
61378,1,1,0,0,0,0,0,0,0,0,0,0
61379,0,1,22,22,22,22,22,22,22,22,22,22
61379,1,1,0,0,0,0,0,0,0,0,0,0
61380,1,1,0,0,0,0,0,0,0,0,0,0
61381,1,1,6,6,6,6,6,6,6,6,6,6
61381,2,1,0,0,0,0,0,0,0,0,0,0
61382,1,1,0,0,0,0,0,0,0,0,0,0
61382,2,1,0,0,0,0,0,0,0,0,0,0
61383,1,1,0,8,0,0,15,0,15,20,0,0
61384,1,1,0,18,0,0,9,0,13,0,0,0
61384,2,1,0,0,0,0,0,0,0,0,0,0
61385,0,1,1,1,1,1,1,1,1,1,1,1
61385,1,1,12,0,0,0,9,14,23,0,0,0
61386,1,1,0,0,0,0,0,0,0,0,0,0
61386,2,1,0,0,0,0,0,0,0,0,0,0
61387,1,1,0,0,0,0,0,0,0,0,0,0
61387,2,1,0,0,0,0,0,0,0,0,0,0
61388,1,1,30,30,30,30,30,30,30,30,30,30
61389,0,1,2,2,2,2,2,2,2,2,2,2
61389,1,1,20,0,18,0,0,0,0,0,22,17
61390,1,1,0,0,0,0,0,0,0,0,0,0
61390,2,1,0,0,0,0,0,0,0,0,0,0
61391,1,1,0,25,20,0,12,17,3,0,3,19
61392,1,1,21,21,21,21,21,21,21,21,21,21
61392,2,1,0,0,10,0,5,0,0,0,3,0
61392,3,1,0,0,0,0,0,0,0,0,0,0
61393,1,1,25,25,25,25,25,25,25,25,25,25
61394,1,1,0,11,0,0,0,0,3,0,0,0
61395,1,1,26,26,26,26,26,26,26,26,26,26
61395,2,1,0,0,0,17,20,0,0,0,0,22
61396,1,1,11,11,11,11,11,11,11,11,11,11
61396,2,1,7,7,7,7,7,7,7,7,7,7
61397,1,1,23,23,23,23,23,23,23,23,23,23
61397,2,1,14,14,14,14,14,14,14,14,14,14
61398,1,1,0,0,0,0,0,0,0,0,0,0
61399,1,1,19,19,19,19,19,19,19,19,19,19
61400,1,1,5,0,0,0,0,0,0,12,0,0
61400,2,1,0,0,0,22,14,0,6,0,23,0
61401,1,1,0,8,0,20,0,0,0,0,0,0
61402,1,1,15,15,15,15,15,15,15,15,15,15
61402,2,1,0,0,0,0,0,0,0,0,0,0
61403,1,1,22,22,22,22,22,22,22,22,22,22
61404,1,1,0,0,0,0,0,0,0,0,0,0
61404,2,1,0,0,0,0,0,0,0,0,0,0
61405,1,1,0,0,0,0,0,0,0,0,0,0
61406,1,1,0,14,0,0,21,0,0,0,0,0
61407,1,1,25,25,25,25,25,25,25,25,25,25
61408,1,1,0,0,0,0,0,0,0,0,0,0
61408,2,1,0,0,0,0,0,0,0,0,0,0
61409,0,1,0,0,0,0,0,0,0,0,0,0
61409,1,1,13,24,18,18,0,7,12,9,17,0
61410,1,1,27,27,27,27,27,27,27,27,27,27
61411,0,1,0,0,0,0,0,0,0,0,0,0
61411,1,1,0,0,0,0,0,0,0,0,0,0
61412,1,1,0,0,0,0,0,0,0,0,0,0
61412,2,1,0,0,0,0,0,0,0,0,0,0
61413,1,1,0,0,0,0,0,0,0,0,0,0
61414,1,1,8,8,8,8,8,8,8,8,8,8
61414,2,1,0,0,0,0,0,0,8,0,19,0
61415,1,1,0,0,0,0,0,0,0,0,0,0
61415,2,1,0,0,0,0,0,0,0,0,0,0
61416,1,1,0,0,0,0,0,0,0,0,0,0
61416,2,1,0,0,0,0,0,0,0,0,0,0
61416,3,1,0,0,0,0,0,0,0,0,0,0
61417,0,1,0,0,0,0,0,0,0,0,0,0
61417,1,1,0,0,0,0,0,0,0,0,0,0
61418,1,1,0,0,0,0,0,0,0,0,16,0
61418,2,1,0,0,0,0,0,0,0,0,0,0
61418,3,1,0,0,0,0,0,0,0,0,0,0
61419,1,1,0,0,0,0,0,0,0,0,0,0
61419,2,1,27,27,27,27,27,27,27,27,27,27
61420,0,1,2,2,2,2,2,2,2,2,2,2
61420,1,1,0,0,0,0,0,0,0,0,0,0
61421,1,1,17,17,17,17,17,17,17,17,17,17
61422,0,1,0,0,0,0,12,0,0,0,0,0
61422,1,1,0,0,0,0,0,0,0,0,0,0
61423,0,1,0,0,0,0,0,0,0,0,0,0
61423,1,1,0,0,0,0,0,0,0,0,0,0
61424,1,1,0,0,0,0,0,0,0,0,0,0
61424,2,1,0,0,0,0,0,0,0,0,0,0
61425,0,1,0,0,0,0,0,0,0,0,0,0
61425,1,1,0,0,0,0,0,0,0,0,0,0
61426,0,1,0,0,0,0,0,0,0,0,0,0
61426,1,1,0,0,0,0,0,0,0,0,0,0
61427,0,1,0,6,17,0,0,38,0,33,0,0
61427,1,1,3,0,24,0,0,0,0,2,15,0
61428,1,1,15,15,15,15,15,15,15,15,15,15
61429,1,1,17,17,17,17,17,17,17,17,17,17
61429,2,1,0,0,0,0,0,0,0,0,0,0
61430,1,1,33,33,33,33,33,33,33,33,33,33
61431,0,1,0,0,0,0,0,0,0,0,0,0
61431,1,1,0,0,0,0,0,0,0,0,0,0
61431,2,1,0,0,0,0,0,0,0,0,0,0
61432,0,1,0,0,0,0,0,0,0,0,0,0
61432,1,1,0,0,0,0,0,0,0,0,0,0
61433,1,1,27,27,27,27,27,27,27,27,27,27
61433,2,1,0,0,0,0,0,0,0,0,0,0
61434,0,1,0,0,0,0,0,0,0,0,0,0
61434,1,1,0,0,0,0,0,0,0,0,0,0
61435,1,1,0,0,0,0,0,0,0,0,0,0
61436,0,1,0,0,0,0,0,0,0,0,0,0
61436,1,1,0,5,0,0,0,0,0,0,0,0
61437,1,1,0,0,0,0,0,0,0,0,0,0
61437,2,1,0,0,0,0,0,0,0,0,0,0
61438,1,1,0,0,0,0,0,0,0,0,0,0
61438,2,1,0,0,0,0,0,0,0,0,0,0
61439,0,1,0,0,0,0,10,0,0,0,0,0
61439,1,1,0,0,0,0,0,0,0,12,0,0
61440,0,1,0,0,0,0,0,0,0,0,0,0
61440,1,1,0,0,0,0,0,0,0,0,0,0
61441,1,1,0,0,0,0,0,0,0,0,0,0
61442,1,1,20,20,20,20,20,20,20,20,20,20
61443,0,1,0,0,0,0,0,0,0,0,0,0
61443,1,1,0,0,0,0,0,0,0,0,0,0
61444,1,1,0,0,0,0,0,0,0,0,0,0
61445,0,1,0,0,0,0,0,0,0,0,0,0
61445,1,1,0,0,0,0,0,0,0,0,0,0
61446,1,1,0,0,0,0,0,0,0,0,0,0
61447,1,1,0,0,0,0,0,0,0,7,0,0
61447,2,1,0,0,0,0,0,0,0,0,0,0
61447,3,1,0,0,0,0,0,0,0,0,12,0
61448,0,1,0,0,0,0,0,0,0,0,0,0
61448,1,1,0,2,0,21,0,0,0,0,0,14
61449,1,1,23,23,23,23,23,23,23,23,23,23
61450,0,1,0,11,28,13,9,18,20,29,15,13
61450,1,1,0,0,0,0,0,0,0,0,0,9
61451,1,1,9,9,9,9,9,9,9,9,9,9
61452,1,1,23,23,23,23,23,23,23,23,23,23
61452,2,1,0,0,0,0,0,0,0,0,0,0
61453,1,1,0,0,0,0,0,0,0,0,0,0
61454,0,1,0,0,0,0,0,0,0,0,0,0
61454,1,1,14,14,14,14,14,14,14,14,14,14
61455,0,1,0,0,0,0,0,0,0,0,0,0
61455,1,1,0,0,0,0,0,0,0,0,0,0
61456,1,1,0,0,0,0,0,0,0,0,0,0
61456,2,1,0,0,0,0,0,0,0,0,0,0
61457,1,1,0,0,0,0,0,0,0,0,0,0
61457,2,1,0,0,0,0,0,0,0,0,0,0
61458,1,1,20,20,20,20,20,20,20,20,20,20
61459,0,1,0,0,0,0,0,0,0,0,0,0
61459,1,1,0,0,0,0,0,0,0,0,0,0
61460,1,1,33,33,33,33,33,33,33,33,33,33
61461,1,1,22,22,22,22,22,22,22,22,22,22
61462,0,1,0,0,0,0,0,0,0,0,0,0
61462,1,1,0,0,0,0,0,0,0,0,0,0
61463,1,1,0,0,0,0,0,0,0,0,0,0
61464,0,1,0,32,0,11,13,15,19,17,0,7
61464,1,1,0,0,0,0,0,0,0,0,0,0
61465,1,1,11,11,11,11,11,11,11,11,11,11
61466,0,1,0,0,0,0,0,0,0,0,0,0
61466,1,1,0,0,0,0,0,0,0,0,0,0
61467,0,1,0,0,0,0,0,0,0,0,0,0
61467,1,1,0,0,0,0,0,0,0,0,0,0
61468,1,1,33,33,33,33,33,33,33,33,33,33
61469,1,1,0,0,0,0,0,0,0,0,0,0