ST_CASE,VEH_NO,PER_NO,P1,P2,P3,P4,P5,P6,P7,P8,P9,P10
61470,1,1,0,0,0,0,0,0,0,0,0,0
61471,1,1,0,0,0,0,0,0,0,0,0,0
61471,2,1,0,0,0,0,0,0,0,0,0,0
61472,1,1,0,0,0,0,0,0,0,0,0,0
61473,1,1,14,14,14,14,14,14,14,14,14,14
61474,0,1,27,27,27,27,27,27,27,27,27,27
61474,0,2,36,8,13,0,21,0,10,0,0,35
61474,0,3,26,0,0,34,24,27,0,15,0,14
61474,0,4,0,0,0,0,16,0,0,0,14,18
61474,3,1,0,0,0,0,0,0,0,0,0,4
61475,1,1,8,8,8,8,8,8,8,8,8,8
61475,2,1,0,0,0,0,0,0,0,0,0,0
61476,1,1,25,25,25,25,25,25,25,25,25,25
61477,1,1,2,2,2,2,2,2,2,2,2,2
61478,0,1,0,24,0,0,0,3,0,11,32,0
61478,1,1,0,0,0,0,0,0,0,0,0,0
61479,1,1,0,8,0,0,0,0,0,0,0,0
61480,0,1,0,0,0,0,0,0,0,0,0,0
61480,1,1,0,0,0,0,0,0,0,0,0,0
61481,0,1,0,0,0,0,0,0,0,0,0,0
61481,1,1,12,0,11,15,0,0,0,0,0,0
61482,1,1,0,0,0,0,0,0,0,0,0,0
61483,1,1,34,34,34,34,34,34,34,34,34,34
61484,0,1,0,0,24,0,0,0,0,0,0,0
61484,1,1,0,0,0,0,0,0,0,0,0,0
61485,0,1,0,0,0,0,0,0,0,0,0,0
61485,1,1,18,18,18,18,18,18,18,18,18,18
61486,0,1,0,0,0,0,0,0,0,0,0,0
61486,1,1,2,2,2,2,2,2,2,2,2,2
61487,1,1,26,26,26,26,26,26,26,26,26,26
61488,0,1,41,41,41,41,41,41,41,41,41,41
61488,1,1,0,0,0,0,0,0,0,0,0,0
61489,1,1,32,32,32,32,32,32,32,32,32,32
61489,2,1,0,0,0,0,0,0,0,0,0,0
61490,0,1,0,0,0,0,0,0,0,0,0,0
61490,1,1,0,0,0,0,0,0,0,0,0,0
61491,0,1,0,0,0,0,0,0,9,0,0,0
61491,1,1,2,2,2,2,2,2,2,2,2,2
61492,1,1,0,0,0,0,0,0,0,0,0,0
61493,1,1,0,0,0,0,0,0,0,0,0,0
61493,2,1,0,0,0,0,0,0,0,0,0,0
61494,1,1,3,3,3,3,3,3,3,3,3,3
61495,1,1,35,35,35,35,35,35,35,35,35,35
61496,0,1,0,0,0,0,0,0,0,0,0,0
61496,1,1,0,0,0,0,0,0,0,0,0,0
61496,2,1,6,0,0,0,0,0,0,0,0,0
61497,1,1,9,9,9,9,9,9,9,9,9,9
61497,2,1,0,0,7,0,17,0,0,0,0,0
61498,1,1,0,0,0,0,0,0,0,0,0,0
61499,1,1,22,22,22,22,22,22,22,22,22,22
61500,1,1,17,17,17,17,17,17,17,17,17,17
61500,2,1,0,0,0,0,0,0,0,0,0,0
61501,0,1,0,0,0,0,0,0,0,0,0,0
61501,1,1,17,17,17,17,17,17,17,17,17,17
61502,0,1,0,0,0,0,0,0,0,0,0,0
61502,1,1,0,0,0,0,0,0,0,0,0,0
61502,2,1,0,0,0,0,0,0,0,0,0,0
61503,1,1,11,11,11,11,11,11,11,11,11,11
61504,0,1,0,0,0,0,0,0,0,0,0,0
61504,1,1,0,0,12,0,8,0,9,3,0,0
61505,1,1,33,33,33,33,33,33,33,33,33,33
61506,0,1,8,8,8,8,8,8,8,8,8,8
61506,0,2,0,0,0,0,0,0,0,0,0,0
61506,1,1,4,4,4,4,4,4,4,4,4,4
61507,1,1,0,0,0,0,0,0,0,0,0,0
61507,2,1,0,0,0,0,0,0,0,0,0,0
61508,1,1,0,0,0,0,0,0,0,0,0,0
61509,0,1,0,0,0,0,0,0,0,0,0,0
61509,1,1,0,0,0,0,18,0,0,12,0,4
61510,1,1,0,0,0,0,0,0,0,0,0,0
61510,2,1,0,16,0,0,0,0,0,0,0,0
61510,3,1,0,0,0,0,0,0,0,0,0,0
61511,0,1,14,14,14,14,14,14,14,14,14,14
61511,1,1,0,0,0,0,0,0,0,0,0,0
61512,1,1,0,0,0,0,0,0,0,0,0,0
61512,2,1,0,0,0,0,0,0,0,0,0,0
61513,0,1,0,30,19,0,0,0,30,17,7,0
61513,1,1,0,0,0,12,0,0,0,0,0,0
61514,0,1,0,0,0,0,0,0,0,0,0,0
61514,1,1,0,0,0,0,0,0,0,0,0,0
61515,0,1,0,0,0,0,0,0,0,0,0,0
61515,1,1,0,0,0,0,0,0,0,0,0,0
61516,0,1,0,0,0,0,0,0,0,0,0,0
61516,1,1,0,0,0,0,0,0,0,0,0,0
61517,0,1,27,27,27,27,27,27,27,27,27,27
61517,1,1,5,0,20,10,0,0,0,0,22,0
61518,0,1,18,0,21,10,0,0,0,0,16,0
61518,1,1,0,0,0,0,0,0,0,0,0,0
61519,1,1,32,32,32,32,32,32,32,32,32,32
61520,1,1,8,8,8,8,8,8,8,8,8,8
61521,1,1,0,0,0,0,0,0,0,0,0,0
61521,2,1,0,0,0,0,0,0,0,0,0,0
61522,0,1,0,0,0,0,0,0,0,0,0,0
61522,1,1,0,0,0,0,0,0,0,0,0,0
61523,1,1,0,0,0,0,0,0,0,0,0,0
61523,2,1,0,0,0,0,0,0,0,0,0,0
61524,1,1,0,0,0,0,0,0,0,0,0,0
61525,1,1,0,0,4,0,15,2,0,0,2,0
61525,2,1,0,0,0,0,0,0,0,0,0,0
61525,3,1,0,0,0,0,0,0,0,0,0,0
61526,1,1,2,2,2,2,2,2,2,2,2,2
61526,2,1,0,0,0,0,0,0,0,0,0,0
61527,1,1,0,0,0,0,0,0,0,0,0,0
61528,1,1,0,0,0,0,0,0,0,0,0,0
61528,2,1,0,0,23,13,15,0,0,0,0,0
61528,3,1,0,0,0,0,0,0,0,0,24,0
61529,1,1,22,22,22,22,22,22,22,22,22,22
61530,1,1,4,4,4,4,4,4,4,4,4,4
61531,1,1,0,0,0,0,0,0,0,0,0,0
61532,1,1,0,0,14,7,0,0,3,15,13,18
61532,2,1,0,0,0,0,0,0,0,0,0,0
61533,1,1,0,0,0,0,0,0,0,0,0,0
61534,1,1,37,37,37,37,37,37,37,37,37,37
61535,0,1,0,0,0,0,0,0,0,0,0,0
61535,1,1,0,0,0,0,0,0,0,0,0,0
61536,1,1,19,19,19,19,19,19,19,19,19,19
61536,2,1,0,0,0,0,0,15,0,0,0,0
61537,1,1,0,0,0,0,0,0,0,0,0,0
61538,1,1,0,0,0,7,0,0,0,0,0,0
61538,2,1,0,0,0,0,0,0,0,0,0,0
61539,1,1,0,0,0,0,0,0,0,0,0,0
61539,2,1,0,0,0,0,0,0,0,16,0,0
61540,1,1,0,0,0,0,0,0,0,0,0,0
61541,0,1,0,0,0,0,0,0,0,0,0,28
61541,1,1,0,0,0,0,0,0,0,0,0,0
61542,1,1,0,0,0,0,0,0,0,0,0,0
61542,2,1,0,0,0,12,0,0,0,0,0,0
61542,3,1,0,0,0,17,0,0,0,0,0,0
61543,1,1,0,0,0,0,0,0,0,0,0,0
61544,1,1,20,20,20,20,20,20,20,20,20,20
61545,1,1,0,0,0,0,0,0,0,0,0,0
61546,0,1,0,0,0,0,0,0,0,0,0,0
61546,1,1,0,0,0,0,0,0,0,26,0,21
61546,2,1,0,0,0,0,0,0,0,0,0,0
61547,1,1,0,0,0,0,0,0,0,0,0,0
61548,0,1,0,0,0,0,0,0,0,0,0,0
61548,1,1,0,0,0,0,0,0,0,0,0,0
61549,1,1,0,0,0,0,0,0,0,0,0,0
61550,1,1,0,0,0,0,0,0,0,22,0,0
61551,1,1,0,0,0,0,0,0,0,0,0,0
61551,2,1,0,0,0,0,0,0,0,0,0,0
61551,3,1,0,0,0,0,0,0,0,0,0,0
61551,4,1,0,0,0,0,0,0,0,0,0,0
61551,5,1,0,0,0,0,0,0,0,0,0,0
61551,6,1,0,0,0,0,0,0,0,0,0,0
61551,7,1,0,0,0,0,0,0,0,0,0,0
61551,8,1,16,0,0,0,0,0,0,0,0,0
61551,9,1,0,0,0,0,0,0,0,0,0,0
61552,1,1,0,0,0,0,0,0,0,0,0,0
61553,0,1,0,0,0,0,0,0,0,0,0,0
61553,1,1,0,0,0,0,0,0,0,0,0,0
61554,1,1,0,0,0,12,0,0,19,0,15,0
61554,2,1,0,0,0,0,0,0,0,0,0,0
61555,1,1,0,0,0,0,0,0,0,0,0,0
61556,1,1,0,0,0,0,0,0,0,0,0,0
61556,2,1,0,0,0,0,0,0,0,0,0,0
61557,1,1,2,2,2,2,2,2,2,2,2,2
61558,1,1,26,26,26,26,26,26,26,26,26,26
61558,2,1,1,1,1,1,1,1,1,1,1,1
61559,1,1,0,0,0,0,0,0,0,0,17,14
61559,2,1,0,0,0,0,0,0,0,0,0,0
61560,0,1,0,0,0,0,0,0,0,0,0,0
61560,1,1,0,0,0,0,0,0,0,0,0,0
61561,1,1,26,26,26,26,26,26,26,26,26,26
61562,0,1,46,51,9,15,37,21,17,31,0,3
61562,1,1,0,0,0,0,0,0,0,0,0,0
61563,1,1,7,7,7,7,7,7,7,7,7,7
61563,2,1,0,0,0,0,0,0,0,0,0,0
61564,1,1,0,0,0,0,0,0,0,0,0,0
61564,2,1,0,0,0,0,0,0,0,0,0,0
61565,0,1,0,0,0,0,0,0,0,0,0,0
61565,1,1,0,0,0,0,0,0,0,0,0,0
61566,0,1,0,0,0,0,0,0,0,0,0,0
61566,1,1,0,0,0,0,0,0,0,2,0,0
61567,1,1,12,12,12,12,12,12,12,12,12,12
61567,2,1,0,0,0,0,0,0,0,0,0,0
61568,1,1,3,3,3,3,3,3,3,3,3,3
61569,0,1,27,27,27,27,27,27,27,27,27,27
61569,1,1,0,7,0,0,0,0,0,0,0,0
61570,1,1,0,0,0,0,0,0,0,0,0,0
61571,0,1,27,27,27,27,27,27,27,27,27,27
61571,0,2,0,0,0,0,25,0,0,18,7,0
61571,1,1,0,0,0,0,0,0,0,0,0,0
61571,2,1,0,0,0,0,0,0,0,0,0,0
61572,1,1,0,0,0,0,0,0,0,0,0,0
61572,2,1,0,0,0,0,0,0,0,0,0,0
61572,3,1,0,0,0,0,0,0,0,0,0,0
61573,1,1,0,0,0,8,0,0,9,7,0,0
61573,2,1,0,0,0,0,0,0,0,0,0,0
61574,0,1,11,46,12,16,22,28,18,0,17,28
61574,1,1,0,0,0,0,0,0,0,0,0,0
61575,0,1,0,0,0,0,0,0,0,0,0,0
61575,0,2,0,0,0,0,0,0,0,0,0,0
61575,1,1,0,0,0,0,0,0,0,0,0,0
61576,1,1,0,0,0,0,0,0,0,0,0,0
61576,2,1,0,0,0,0,0,0,0,0,0,0
61577,1,1,0,14,0,0,0,0,0,0,0,0
61577,2,1,0,0,0,0,0,0,0,0,0,0
61578,0,1,0,0,0,0,0,0,0,0,0,0
61578,1,1,0,0,0,0,0,0,0,0,0,0
61579,1,1,0,0,0,0,0,0,0,0,0,0
61579,2,1,0,0,0,0,0,0,0,0,0,0
61580,1,1,6,6,6,6,6,6,6,6,6,6
61581,1,1,0,0,0,0,0,0,0,33,0,0
61581,2,1,0,0,0,0,0,0,0,0,0,0
61582,0,1,29,29,29,29,29,29,29,29,29,29
61582,1,1,0,0,0,0,0,0,0,0,0,0
61583,1,1,13,13,13,13,13,13,13,13,13,13
61584,1,1,14,14,14,14,14,14,14,14,14,14
61585,0,1,0,0,0,0,0,0,0,0,0,0
61585,1,1,0,0,0,0,0,0,0,0,0,0
61586,0,1,0,0,0,0,0,0,0,0,0,0
61586,1,1,0,0,0,0,0,0,0,0,11,21
61587,1,1,23,23,23,23,23,23,23,23,23,23
61588,1,1,23,23,23,23,23,23,23,23,23,23
61589,0,1,0,0,0,0,0,0,0,0,0,0
61589,1,1,12,11,21,0,15,13,0,0,0,0
61590,1,1,0,0,0,27,0,0,0,0,22,0
61591,1,1,0,0,0,10,0,13,0,0,13,0
61592,0,1,0,0,0,0,0,0,14,0,0,0
61592,1,1,0,0,0,0,0,0,0,0,0,0
61593,1,1,0,0,0,0,0,0,0,0,0,0
61593,2,1,0,32,0,0,0,0,0,0,0,0
61594,1,1,0,0,0,0,0,0,0,0,0,0
61594,2,1,0,0,0,0,0,0,0,0,27,0
61595,0,1,0,0,0,0,0,0,0,0,0,0
61595,1,1,0,0,0,0,0,0,0,0,0,0
61596,0,1,0,0,0,0,0,0,0,0,0,0
61596,1,1,0,0,0,0,0,0,0,0,0,0
61597,1,1,0,0,0,0,0,0,0,0,0,0
61597,2,1,0,0,0,0,0,0,0,0,0,0
61598,1,1,0,0,0,0,0,0,0,0,0,0
61598,2,1,0,0,0,0,0,0,0,0,0,0
61599,1,1,15,15,15,15,15,15,15,15,15,15
61600,1,1,0,0,0,0,0,0,0,0,0,0
61600,2,1,0,0,0,0,0,0,0,0,0,0
61601,0,1,0,0,0,0,0,0,0,0,0,0
61601,1,1,0,0,0,0,0,0,0,0,0,0
61602,1,1,23,23,23,23,23,23,23,23,23,23
61602,2,1,0,0,0,0,22,0,0,0,0,0
61603,1,1,18,18,18,18,18,18,18,18,18,18
61604,1,1,2,2,2,2,2,2,2,2,2,2
61604,2,1,0,0,0,0,0,0,0,0,0,0
61605,1,1,12,12,12,12,12,12,12,12,12,12
61606,0,1,0,0,0,0,0,0,0,0,0,0
61606,1,1,0,0,0,0,0,0,0,0,0,0
61607,0,1,0,0,0,0,0,0,0,0,0,0
61607,1,1,0,0,0,0,0,0,0,0,0,0
61608,1,1,2,2,2,2,2,2,2,2,2,2
61609,1,1,10,10,10,10,10,10,10,10,10,10
61610,1,1,20,20,20,20,20,20,20,20,20,20
61610,2,1,15,15,15,15,15,15,15,15,15,15
61611,1,1,15,15,15,15,15,15,15,15,15,15
61611,2,1,0,0,0,0,0,0,0,0,0,0
61612,1,1,0,0,0,0,0,0,0,0,0,0
61613,1,1,0,0,0,0,0,0,0,0,0,0
61613,2,1,0,6,0,0,16,4,0,0,0,0
61614,1,1,0,0,0,0,0,0,0,0,0,0
61615,1,1,0,0,0,0,0,0,0,0,0,0
61615,2,1,0,0,0,0,0,0,0,0,0,0
61616,1,1,0,0,0,0,0,0,0,0,0,0
61617,1,1,21,21,21,21,21,21,21,21,21,21
61618,1,1,0,0,0,0,0,0,0,0,0,0
61618,2,1,0,0,0,0,0,0,0,0,0,0
61619,1,1,0,0,0,0,0,0,0,0,0,0
61619,2,1,0,0,0,0,0,0,0,0,0,0
61620,1,1,0,0,0,0,0,0,0,0,0,0
61621,0,1,0,0,0,0,0,0,0,0,0,0
61621,1,1,0,0,0,0,0,0,0,0,0,0
61622,1,1,8,0,0,0,0,0,0,0,0,0
61622,2,1,0,0,0,0,0,0,0,0,0,0
61623,0,1,0,0,0,0,0,0,0,0,0,0
61623,1,1,0,0,0,0,0,0,0,0,0,0
61623,2,1,0,0,0,0,0,0,0,0,0,0
61624,1,1,0,0,0,0,0,0,0,0,0,0
61624,2,1,0,0,0,0,0,0,0,0,0,0
61624,3,1,0,0,0,0,0,0,0,0,0,0
61625,1,1,34,34,34,34,34,34,34,34,34,34
61626,1,1,0,0,0,0,0,0,0,0,0,0
61627,0,1,0,0,0,0,0,0,0,0,0,0
61627,1,1,0,0,0,0,0,0,0,0,0,0
61628,1,1,0,0,0,0,0,0,0,0,0,0
61628,2,1,0,0,0,10,0,0,0,0,0,0
61629,1,1,20,20,20,20,20,20,20,20,20,20
61630,0,1,0,0,0,0,0,0,0,0,0,0
61630,1,1,12,0,0,10,0,13,0,0,0,20
61631,1,1,0,0,0,0,0,0,0,0,0,0
61631,2,1,0,0,0,25,0,17,15,0,0,0
61632,1,1,0,0,0,0,0,0,0,0,0,0
61633,1,1,5,5,5,5,5,5,5,5,5,5
61634,0,1,23,0,0,0,0,16,0,0,0,0
61634,1,1,0,0,0,0,7,18,0,10,0,0
61635,0,1,0,0,0,0,0,0,0,0,0,0
61635,0,2,21,21,21,21,21,21,21,21,21,21
61635,1,1,0,0,0,0,0,0,0,0,0,0
61636,0,1,0,0,0,0,0,0,0,0,0,0
61636,1,1,0,0,0,17,20,0,0,39,0,0
61637,1,1,0,0,0,0,0,0,0,0,0,0
61638,1,1,16,16,16,16,16,16,16,16,16,16
61639,1,1,22,22,22,22,22,22,22,22,22,22
61640,1,1,0,0,0,0,0,0,0,0,0,0
61640,2,1,0,0,0,0,0,0,0,0,0,0
61640,3,1,0,0,0,0,0,0,0,0,0,0
61641,0,1,0,0,0,0,0,0,0,0,0,0
61641,1,1,0,0,0,0,0,0,0,0,0,0
61642,1,1,0,0,0,0,0,0,0,0,0,0
61642,2,1,0,0,0,11,19,0,0,0,0,0
61643,1,1,23,23,23,23,23,23,23,23,23,23
61644,0,1,0,0,0,0,0,0,0,0,0,0
61644,1,1,0,0,0,0,0,0,0,0,0,0
61645,0,1,0,0,0,0,0,0,0,0,0,0
61645,0,2,0,0,0,0,0,0,0,0,0,0
61645,1,1,0,0,0,0,0,0,0,0,0,0
61646,1,1,0,0,0,0,0,0,0,0,0,0
61647,1,1,16,16,16,16,16,16,16,16,16,16
61648,1,1,35,35,35,35,35,35,35,35,35,35
61649,0,1,0,0,0,0,0,0,0,0,0,0
61649,1,1,0,0,0,0,0,0,0,0,0,0
61650,1,1,0,0,0,0,0,0,0,0,0,0
61651,1,1,19,19,19,19,19,19,19,19,19,19
61651,2,1,0,0,0,0,0,0,0,0,0,0
61652,1,1,13,13,13,13,13,13,13,13,13,13
61653,1,1,0,0,0,0,0,0,0,0,0,0
61653,2,1,0,0,0,0,0,0,0,0,0,0
61654,1,1,0,0,0,0,0,0,0,0,0,0
61655,1,1,24,24,24,24,24,24,24,24,24,24
61656,1,1,0,0,0,0,0,0,0,0,0,0
61657,0,1,0,0,0,0,20,0,0,24,0,0
61657,1,1,0,0,0,0,0,0,0,0,0,0
61658,1,1,0,0,0,0,0,0,0,0,0,0
61658,2,1,0,0,0,0,0,0,0,0,0,0
61659,1,1,0,0,0,0,0,0,0,0,0,0
61660,1,1,23,23,23,23,23,23,23,23,23,23
61660,2,1,0,0,0,0,0,12,0,0,0,0
61661,1,1,0,0,0,0,5,0,0,0,0,0
61661,2,1,0,0,0,0,0,0,0,0,0,0
61662,0,1,28,28,28,28,28,28,28,28,28,28
61662,0,2,0,0,0,0,0,0,0,0,0,0
61662,1,1,0,0,0,0,0,0,0,0,0,0
61663,0,1,8,21,14,0,13,0,12,0,0,20
61663,1,1,0,0,17,19,0,0,13,17,25,0
61664,1,1,0,0,0,0,0,0,0,0,0,0
61664,2,1,0,0,0,0,0,0,0,0,0,0
61665,1,1,10,0,8,0,0,0,0,0,0,0
61665,2,1,0,0,0,0,0,0,0,0,0,0
61666,0,1,0,0,0,0,0,0,0,0,0,0
61666,1,1,13,0,11,0,0,0,0,16,7,0
61667,1,1,0,0,0,0,0,0,0,0,0,0
61667,2,1,0,0,0,0,0,0,0,0,0,0
61668,1,1,0,0,0,0,0,0,0,0,0,0
61668,2,1,0,0,0,0,0,0,0,0,0,0
61669,1,1,22,22,22,22,22,22,22,22,22,22
61670,1,1,27,27,27,27,27,27,27,27,27,27
61671,1,1,4,4,4,4,4,4,4,4,4,4
61672,1,1,0,6,14,0,0,0,0,17,1,0
61672,2,1,0,0,0,0,0,0,0,0,0,0
61672,3,1,0,0,0,0,0,0,0,0,0,0
61673,0,1,3,3,3,3,3,3,3,3,3,3
61673,1,1,0,0,0,0,0,0,0,0,0,0
61674,1,1,14,0,0,0,0,29,0,0,0,0
61675,1,1,52,52,52,52,52,52,52,52,52,52
61676,1,1,0,0,0,0,0,0,0,0,0,0
61676,2,1,0,0,0,0,0,0,0,0,0,0
61676,3,1,0,0,0,0,0,0,0,0,0,0
61676,4,1,0,0,0,0,0,0,0,0,0,0
61677,1,1,22,22,22,22,22,22,22,22,22,22
61678,1,1,0,0,0,0,0,0,0,0,0,0
61679,1,1,0,0,0,0,0,0,0,0,0,0
61680,1,1,0,0,0,0,0,0,0,10,0,0
61681,1,1,20,8,29,0,11,15,5,14,0,25
61682,1,1,0,11,13,11,0,0,0,0,13,0
61683,1,1,0,0,0,0,0,0,0,0,0,0
61684,1,1,19,19,19,19,19,19,19,19,19,19
61685,0,1,0,0,0,0,0,0,0,0,0,0
61685,1,1,0,0,0,0,0,0,0,0,0,0
61686,1,1,0,0,0,0,0,0,0,0,0,0
61687,1,1,0,0,0,0,0,0,0,0,0,0
61688,1,1,16,16,16,16,16,16,16,16,16,16
61689,1,1,0,0,0,0,0,0,0,0,0,0
61689,2,1,0,0,0,0,0,0,0,0,4,0
61690,1,1,0,0,0,0,0,0,0,0,0,0
61691,1,1,0,0,0,0,0,0,0,0,0,0
61691,2,1,0,0,0,0,0,0,0,0,0,0
61691,3,1,0,0,0,20,0,0,0,0,0,0
61691,4,1,0,0,0,0,0,0,0,0,0,0
61692,1,1,0,0,0,0,0,0,0,0,0,0
61693,0,1,0,0,0,0,0,0,0,0,0,0
61693,1,1,10,10,10,10,10,10,10,10,10,10
61694,0,1,54,0,14,10,0,0,0,0,30,21
61694,1,1,0,0,0,0,0,0,0,0,0,0
61695,0,1,17,17,17,17,17,17,17,17,17,17
61695,1,1,0,0,0,0,0,0,0,0,0,0
61696,1,1,18,18,18,18,18,18,18,18,18,18
61696,2,1,0,0,0,0,0,0,0,0,20,0
61697,1,1,0,0,0,0,17,0,0,0,0,0
61698,1,1,15,15,15,15,15,15,15,15,15,15
61699,1,1,24,24,24,24,24,24,24,24,24,24
61700,1,1,0,0,0,0,0,0,0,0,0,0
61701,1,1,18,18,18,18,18,18,18,18,18,18
61702,1,1,0,0,0,0,0,0,18,0,0,0
61703,0,1,0,0,0,0,0,0,0,0,0,0
61703,1,1,0,0,0,0,0,0,0,0,0,0
61704,1,1,0,0,0,0,0,0,0,0,0,0
61705,1,1,25,0,0,0,0,33,0,0,0,0
61706,1,1,0,0,0,0,0,0,0,0,0,0
61707,1,1,0,0,0,0,0,0,0,0,0,0
61708,1,1,0,0,0,0,0,0,0,0,0,0
61708,2,1,0,0,0,0,0,0,0,0,0,0
61709,1,1,0,0,0,0,0,0,0,0,0,0
61710,1,1,0,0,0,0,0,0,0,0,0,0
61710,2,1,0,0,0,0,0,0,0,0,0,0
61710,3,1,0,0,0,0,20,0,0,0,0,0
61711,0,1,0,0,0,0,0,0,0,0,0,0
61711,1,1,17,0,0,12,0,16,13,0,0,0
61712,1,1,0,0,0,0,0,0,0,0,0,0
61713,1,1,0,32,0,22,0,0,0,0,0,0
61714,1,1,0,0,0,0,0,0,0,0,0,0
61715,0,1,0,0,0,0,0,0,0,0,0,0
61715,1,1,0,0,0,0,0,0,0,0,0,0
61716,0,1,0,0,0,0,0,0,0,0,0,0
61716,1,1,0,0,24,0,0,0,0,0,0,0
61717,1,1,0,0,0,0,0,0,0,0,0,0
61718,0,1,0,0,0,0,0,0,0,0,0,0
61718,1,1,23,0,0,14,6,0,0,0,0,0
61719,1,1,16,22,26,18,17,21,0,31,19,18
61720,1,1,0,0,0,0,0,0,0,0,0,0
61721,0,1,22,22,22,22,22,22,22,22,22,22
61721,1,1,0,0,0,0,0,0,0,0,16,0
61722,1,1,0,0,0,0,0,0,0,0,0,0
61722,2,1,0,0,0,0,0,0,0,0,0,0
61723,0,1,8,8,8,8,8,8,8,8,8,8
61723,1,1,0,0,0,0,9,0,0,0,10,19
61723,2,1,0,0,23,8,11,0,0,0,0,0
61723,3,1,6,2,10,0,8,14,0,11,11,0
61723,4,1,19,0,11,0,16,15,14,6,0,0
61724,1,1,11,11,11,11,11,11,11,11,11,11
61725,1,1,11,11,11,11,11,11,11,11,11,11
61726,0,1,0,0,0,0,0,0,0,0,0,0
61726,1,1,0,0,0,0,0,0,0,0,0,0
61727,1,1,0,0,0,0,0,0,0,0,0,0
61727,2,1,0,0,0,0,0,0,0,0,0,0
61728,0,1,0,0,0,0,0,0,0,0,0,0
61728,1,1,0,0,0,0,0,0,0,0,0,0
61729,1,1,0,0,11,0,0,0,0,0,0,0
61729,2,1,0,0,0,0,0,0,0,0,0,0
61730,1,1,0,0,0,0,0,0,0,0,0,0
61731,0,1,0,0,0,0,0,0,0,0,0,0
61731,1,1,0,0,4,5,0,0,0,13,0,15
61732,1,1,0,0,0,0,0,0,0,0,0,0
61733,0,1,0,0,0,0,0,0,0,0,0,0
61733,1,1,0,0,0,0,0,0,0,0,0,0
61734,0,1,24,24,24,24,24,24,24,24,24,24
61734,1,1,0,0,0,0,0,0,0,0,0,0
61735,1,1,0,0,0,0,0,0,0,0,0,0
61736,0,1,0,0,0,0,0,0,0,0,0,0
61736,1,1,0,10,0,0,0,0,0,0,21,0
61737,0,1,15,15,15,15,15,15,15,15,15,15
61737,1,1,0,0,0,0,0,0,0,0,0,0
61738,1,1,7,7,7,7,7,7,7,7,7,7
61739,0,1,0,0,0,0,0,0,0,0,0,0
61739,1,1,0,0,0,0,0,0,0,0,0,0
61740,1,1,20,20,20,20,20,20,20,20,20,20
61740,2,1,0,0,0,0,0,0,0,0,0,0
61741,1,1,16,16,16,16,16,16,16,16,16,16
61742,0,1,24,24,24,24,24,24,24,24,24,24
61742,1,1,0,0,0,7,0,6,0,0,0,0
61743,1,1,22,22,22,22,22,22,22,22,22,22
61744,0,1,0,0,0,0,0,0,0,0,0,0
61744,1,1,0,0,0,0,0,0,0,0,0,0
61745,1,1,0,0,0,0,0,0,0,0,0,0
61746,1,1,14,14,14,14,14,14,14,14,14,14
61746,2,1,1,1,1,1,1,1,1,1,1,1
61746,3,1,0,0,0,0,0,0,0,0,0,0
61747,1,1,0,0,0,0,0,0,0,0,0,0
61748,1,1,0,0,0,0,37,0,0,0,0,7
61748,2,1,0,0,0,0,0,0,0,0,0,0
61749,1,1,22,22,22,22,22,22,22,22,22,22
61749,2,1,0,0,0,8,31,0,0,0,0,0
61750,0,1,0,0,0,0,0,0,0,0,0,0
61750,1,1,0,0,0,0,0,0,16,0,0,0
61751,1,1,0,0,0,0,0,0,0,0,0,0
61752,0,1,0,0,0,0,0,0,0,0,0,0
61752,1,1,0,0,0,0,0,0,11,0,0,0
61753,0,1,0,0,0,0,0,0,0,0,0,0
61753,1,1,0,0,0,0,0,0,0,0,0,0
61754,1,1,28,28,28,28,28,28,28,28,28,28
61755,0,1,0,0,0,0,0,0,0,0,0,0
61755,0,2,0,0,0,0,0,0,0,0,10,0
61755,1,1,0,0,0,0,0,0,0,0,0,0
61756,0,1,11,11,11,11,11,11,11,11,11,11
61756,1,1,0,0,0,0,0,0,0,0,0,0
61757,1,1,0,0,0,0,0,0,0,0,0,0
61758,0,1,0,0,0,0,0,0,0,0,0,0
61758,0,2,0,0,0,0,0,0,0,0,0,0
61758,1,1,0,0,0,0,0,0,0,0,0,0
61759,1,1,0,0,0,0,0,0,0,0,0,0
61760,1,1,0,0,0,0,0,0,17,0,0,0
61760,2,1,0,0,0,0,0,0,16,0,8,0
61761,1,1,0,0,0,0,0,0,0,0,0,0
61762,1,1,25,25,25,25,25,25,25,25,25,25
61763,1,1,0,0,0,0,43,0,0,0,0,0
61764,1,1,0,0,0,0,0,0,0,0,0,0
61764,2,1,0,0,0,0,0,0,0,0,0,0
61764,3,1,0,0,0,0,0,0,0,0,0,0
61765,0,1,0,0,0,0,0,0,0,0,0,0
61765,1,1,0,0,0,0,0,0,0,0,0,0
61766,1,1,4,4,4,4,4,4,4,4,4,4
61767,0,1,0,0,0,0,0,0,0,0,0,0
61767,1,1,0,0,0,0,0,0,0,0,0,0
61768,1,3,16,16,16,16,16,16,16,16,16,16
61769,0,1,0,0,0,0,0,0,0,0,0,0
61769,1,1,0,0,0,0,0,0,0,0,0,0
61770,1,1,37,37,37,37,37,37,37,37,37,37
61770,2,1,0,0,0,0,0,0,0,0,0,0
61771,1,1,0,0,0,0,0,0,0,0,0,0
61772,0,1,0,0,0,0,0,0,0,0,0,0
61772,1,1,5,0,0,6,0,4,18,18,12,0
61773,0,1,8,8,8,8,8,8,8,8,8,8
61773,1,1,0,0,0,0,0,0,0,0,0,0
61774,1,1,0,0,0,0,0,0,0,0,0,0