ST_CASE,VEH_NO,PER_NO,P1,P2,P3,P4,P5,P6,P7,P8,P9,P10
61774,2,1,0,0,0,0,0,0,17,0,0,0
61775,1,1,0,0,0,0,0,0,0,0,0,0
61776,1,1,0,0,0,0,0,0,0,0,0,0
61776,2,1,0,0,0,0,0,0,0,0,0,0
61777,0,1,1,1,1,1,1,1,1,1,1,1
61777,1,1,0,30,0,0,0,0,10,25,9,0
61778,0,1,43,15,22,9,13,0,22,20,0,13
61778,1,1,0,0,3,0,0,12,0,0,8,0
61779,0,1,0,0,0,0,0,0,0,0,0,0
61779,1,1,0,0,0,0,0,0,0,0,0,0
61780,1,1,0,0,0,0,0,0,0,0,0,0
61781,1,1,0,0,0,0,0,0,0,0,0,0
61782,1,1,0,0,0,0,0,0,0,0,0,0
61783,0,1,4,4,4,4,4,4,4,4,4,4
61783,1,1,0,0,20,0,0,0,0,0,0,0
61784,0,1,0,0,0,0,0,0,0,0,0,0
61784,1,1,0,0,0,0,0,0,0,0,0,0
61785,0,1,19,19,19,19,19,19,19,19,19,19
61785,1,1,0,0,0,0,0,0,0,0,0,0
61786,0,1,36,24,21,16,0,0,0,17,28,0
61786,1,1,0,0,0,0,0,0,0,0,0,0
61787,1,1,12,12,12,12,12,12,12,12,12,12
61788,1,1,17,17,17,17,17,17,17,17,17,17
61789,1,1,0,0,0,0,0,0,0,0,0,0
61789,2,1,0,0,0,0,0,0,0,0,0,0
61790,1,1,0,0,0,0,0,0,0,0,0,0
61791,1,1,0,0,0,0,0,0,0,0,0,0
61792,1,1,11,11,11,11,11,11,11,11,11,11
61792,2,1,0,0,18,0,0,0,0,0,0,0
61793,1,1,0,0,0,0,0,0,0,0,0,0
61794,1,1,0,0,0,0,0,0,18,0,0,0
61794,2,1,0,0,0,0,0,0,0,0,0,0
61795,0,1,0,0,0,0,0,0,0,0,0,0
61795,1,1,0,0,0,0,0,0,0,0,0,0
61795,2,1,0,0,0,0,0,0,0,0,0,0
61795,3,1,0,0,0,0,0,0,0,0,0,0
61796,1,1,0,0,0,0,0,0,0,0,0,0
61796,2,1,0,0,0,0,0,0,0,0,0,0
61797,1,1,0,0,0,0,0,0,0,0,0,0
61797,2,1,0,0,0,0,0,0,0,0,0,0
61798,0,1,0,0,0,0,0,0,0,0,0,0
61798,1,1,0,0,0,0,0,0,0,0,0,0
61799,1,1,14,14,14,14,14,14,14,14,14,14
61800,1,1,24,24,24,24,24,24,24,24,24,24
61801,0,1,15,15,15,15,15,15,15,15,15,15
61801,1,1,0,11,0,0,0,0,0,0,0,0
61801,2,1,0,0,0,0,0,0,0,0,0,0
61802,0,1,17,17,17,17,17,17,17,17,17,17
61802,1,1,0,0,0,0,0,0,0,0,0,0
61803,0,1,0,0,0,0,0,0,0,0,0,0
61803,1,1,0,0,0,0,0,0,0,15,0,0
61804,0,1,0,0,0,0,0,0,0,0,0,0
61804,1,1,0,0,0,0,0,0,0,0,0,0
61805,0,1,0,0,0,0,0,0,0,0,0,0
61805,0,2,0,0,0,0,0,0,0,0,0,0
61805,1,1,0,0,0,0,0,0,0,0,0,0
61806,1,1,25,25,25,25,25,25,25,25,25,25
61807,1,1,29,29,29,29,29,29,29,29,29,29
61808,0,1,0,0,0,0,0,0,0,0,0,0
61808,1,1,0,0,0,0,0,0,0,0,0,0
61809,0,1,13,13,13,13,13,13,13,13,13,13
61809,1,1,0,0,0,0,0,0,0,0,0,0
61810,0,1,0,0,0,0,0,0,0,0,0,0
61810,1,1,0,0,0,0,0,0,0,0,0,0
61810,2,1,0,0,0,0,0,0,0,7,0,0
61811,1,1,0,0,0,0,0,0,0,0,0,0
61811,2,1,0,0,0,0,0,0,0,0,0,0
61812,0,1,4,4,4,4,4,4,4,4,4,4
61812,1,1,26,0,0,0,0,0,0,0,0,0
61813,1,1,12,12,12,12,12,12,12,12,12,12
61814,1,1,24,24,24,24,24,24,24,24,24,24
61815,0,1,20,20,20,20,20,20,20,20,20,20
61815,1,1,0,0,0,0,0,0,0,0,0,0
61816,1,1,0,0,0,0,0,0,0,0,0,0
61817,1,1,29,29,29,29,29,29,29,29,29,29
61818,1,1,0,0,0,0,0,0,0,0,0,0
61819,1,1,0,0,0,19,0,0,0,0,0,0
61819,2,1,0,0,0,0,0,10,0,18,0,13
61820,1,1,17,17,17,17,17,17,17,17,17,17
61820,2,1,0,0,0,0,0,0,0,0,22,0
61821,1,1,0,0,0,0,0,0,0,0,0,0
61821,2,1,0,0,0,0,0,0,0,0,0,0
61822,0,1,0,0,0,0,0,0,0,0,0,0
61822,1,1,0,0,0,0,0,0,0,0,0,0
61823,0,1,0,0,0,0,0,0,0,0,0,0
61823,1,1,0,0,0,0,0,0,0,0,0,0
61824,1,1,16,16,16,16,16,16,16,16,16,16
61825,1,1,15,15,15,15,15,15,15,15,15,15
61825,2,1,0,0,0,0,0,0,0,0,0,0
61826,1,1,0,0,0,0,0,0,0,0,0,0
61827,0,1,0,0,0,0,0,0,0,0,0,0
61827,1,1,0,0,0,0,0,0,0,0,11,0
61828,0,1,34,34,34,34,34,34,34,34,34,34
61828,1,1,0,0,0,0,0,0,0,0,0,0
61829,1,1,0,0,0,0,0,0,0,0,0,0
61829,2,1,0,0,0,0,0,0,0,0,0,0
61830,1,1,0,0,0,0,0,0,0,0,0,0
61830,2,1,0,0,0,0,0,0,0,0,0,0
61831,1,1,0,0,0,0,0,0,0,0,0,0
61832,0,1,0,0,0,0,0,0,0,0,0,0
61832,1,1,15,0,9,0,0,0,0,0,0,0
61833,1,1,6,6,6,6,6,6,6,6,6,6
61834,0,1,0,0,0,0,0,0,0,0,0,0
61834,1,1,12,9,12,16,24,9,15,4,12,0
61835,1,1,22,22,22,22,22,22,22,22,22,22
61835,2,1,0,63,0,0,23,8,22,0,17,0
61836,1,1,22,22,22,22,22,22,22,22,22,22
61837,1,1,0,0,0,0,0,0,0,0,0,0
61837,2,1,0,0,0,0,0,0,0,0,0,0
61838,1,1,0,0,0,0,0,0,27,0,0,0
61838,2,1,0,0,0,0,0,0,0,0,0,0
61839,1,1,0,0,0,0,0,0,0,0,0,0
61839,2,1,0,0,0,9,0,0,27,0,7,11
61839,3,1,0,9,24,18,0,9,0,0,0,17
61839,4,1,0,0,0,0,21,16,0,0,0,0
61840,0,1,0,0,0,0,0,0,0,0,0,0
61840,1,1,0,0,0,0,0,0,0,0,0,0
61841,1,1,0,0,0,0,0,0,0,0,0,0
61841,2,1,0,0,0,0,0,0,0,0,0,0
61842,1,1,16,16,16,16,16,16,16,16,16,16
61842,2,1,0,0,0,0,0,0,0,0,0,0
61843,0,1,0,0,0,0,0,0,0,0,0,0
61843,1,1,0,0,0,0,0,0,0,0,0,0
61845,1,1,0,0,0,0,0,0,0,0,0,0
61845,2,1,0,0,0,0,0,0,0,0,0,0
61846,0,1,0,0,0,0,0,0,0,0,0,0
61846,1,1,0,0,0,0,0,0,0,0,0,0
61847,1,1,7,7,7,7,7,7,7,7,7,7
61847,2,1,0,0,0,0,0,0,0,0,0,0
61847,3,1,0,0,0,0,0,0,0,0,0,0
61847,4,1,0,0,0,0,0,0,0,0,0,0
61848,0,1,0,0,0,0,0,0,0,0,0,0
61848,1,1,0,0,0,0,0,0,0,0,0,0
61849,1,1,0,0,0,0,0,0,0,0,0,0
61849,2,1,8,8,8,8,8,8,8,8,8,8
61850,0,1,26,26,26,26,26,26,26,26,26,26
61850,1,1,0,0,0,0,25,0,5,14,0,8
61851,1,1,0,0,0,0,0,0,0,0,0,0
61852,0,1,0,0,0,0,0,0,0,0,0,0
61852,1,1,12,20,0,0,0,0,0,0,0,0
61853,1,1,27,27,27,27,27,27,27,27,27,27
61854,1,1,2,2,2,2,2,2,2,2,2,2
61854,2,1,0,0,0,0,0,0,0,0,0,0
61855,1,1,0,0,17,0,0,0,0,0,0,0
61856,0,1,0,0,0,0,0,0,0,0,0,0
61856,1,1,0,0,0,0,0,0,0,0,13,0
61857,1,1,0,11,0,0,11,0,0,0,8,0
61857,2,1,4,4,4,4,4,4,4,4,4,4
61858,1,1,0,0,0,0,0,0,0,0,0,0
61858,2,1,0,0,0,0,0,0,0,0,0,0
61859,1,1,0,0,0,0,0,0,0,0,0,0
61860,1,1,0,0,0,0,0,0,0,0,0,0
61861,0,1,0,0,0,0,0,0,0,0,0,0
61861,1,1,0,6,0,0,0,0,0,0,0,0
61862,0,1,0,0,0,0,0,0,0,0,0,0
61862,0,2,0,0,0,0,0,0,0,0,0,0
61862,1,1,0,0,0,0,0,0,0,0,0,0
61863,1,1,15,15,15,15,15,15,15,15,15,15
61863,2,1,0,22,0,21,0,13,16,0,0,19
61863,3,1,0,0,0,0,0,0,0,0,0,0
61863,4,1,0,0,0,0,0,0,19,0,0,0
61864,1,1,7,7,7,7,7,7,7,7,7,7
61865,1,1,0,0,0,0,0,0,0,0,0,0
61865,2,1,0,0,0,0,0,0,0,0,0,0
61866,1,1,27,27,27,27,27,27,27,27,27,27
61867,0,1,0,0,0,0,0,0,0,0,0,0
61867,0,2,0,12,0,0,44,9,0,0,17,0
61867,0,3,0,0,0,0,0,0,0,0,0,23
61867,0,4,0,0,0,0,0,0,0,0,13,0
61867,0,5,0,26,0,0,0,0,0,0,0,0
61867,1,1,0,0,0,0,0,7,0,0,0,0
61867,4,1,0,0,0,17,0,0,0,0,0,4
61867,5,1,0,0,0,0,0,0,20,0,0,0
61868,1,1,14,0,0,0,0,0,0,0,0,23
61868,2,1,0,0,0,0,17,0,0,0,0,0
61869,1,1,0,0,0,0,0,0,0,0,0,0
61869,2,1,0,0,0,0,0,18,0,0,0,0
61870,1,1,0,0,0,0,0,0,0,0,0,0
61870,2,1,0,0,0,0,0,0,0,0,0,0
61871,1,1,21,21,21,21,21,21,21,21,21,21
61871,2,1,0,0,0,0,0,0,0,0,0,0
61872,0,1,0,0,0,0,0,0,0,0,0,0
61872,0,2,0,0,0,0,0,0,0,0,0,0
61872,1,1,0,0,0,0,0,0,0,0,0,0
61873,1,1,0,0,0,0,0,0,0,0,0,0
61873,2,1,0,0,0,0,0,0,0,0,0,0
61874,1,1,0,0,18,0,0,0,0,0,0,0
61874,2,1,0,0,0,0,0,0,0,7,0,0
61875,1,1,0,0,0,0,0,0,0,0,0,0
61876,1,1,0,0,0,0,0,0,0,0,0,0
61876,2,1,0,13,0,0,0,0,0,0,0,0
61877,1,1,0,0,0,0,0,0,0,0,0,0
61877,2,1,0,0,0,0,0,0,4,0,0,0
61878,1,1,0,0,0,17,0,17,0,21,32,17
61879,1,1,24,24,24,24,24,24,24,24,24,24
61879,2,1,0,0,0,0,0,0,0,19,0,0
61880,1,1,5,5,5,5,5,5,5,5,5,5
61880,2,1,0,0,0,0,0,0,0,0,0,0
61881,0,1,0,0,0,0,0,0,0,0,0,0
61881,1,1,0,0,0,0,0,0,0,0,0,0
61882,0,1,0,0,0,13,0,0,0,0,0,0
61882,1,1,0,0,0,0,0,0,0,0,0,0
61882,2,1,0,0,0,0,0,0,0,0,0,0
61883,1,1,34,34,34,34,34,34,34,34,34,34
61883,2,1,0,17,0,0,0,0,0,0,0,0
61884,1,1,2,2,2,2,2,2,2,2,2,2
61885,1,1,9,9,9,9,9,9,9,9,9,9
61885,2,1,8,0,0,0,0,0,0,0,0,0
61886,1,1,0,0,0,0,0,0,0,0,0,0
61886,2,1,0,0,0,0,0,0,0,0,0,0
61887,1,1,32,32,32,32,32,32,32,32,32,32
61887,2,1,0,0,0,0,0,0,0,0,0,0
61888,0,1,0,0,0,0,0,0,0,0,0,0
61888,1,1,0,0,0,0,0,0,0,0,0,0
61889,1,1,4,4,4,4,4,4,4,4,4,4
61889,2,1,0,0,0,0,0,0,0,0,0,0
61890,1,1,6,6,6,6,6,6,6,6,6,6
61890,2,1,0,0,0,0,0,0,0,0,0,0
61890,3,1,0,0,0,0,0,0,0,0,0,0
61890,4,1,7,0,0,0,0,9,0,0,0,0
61891,1,1,0,21,0,0,0,0,0,0,22,14
61891,2,1,0,0,0,0,0,0,0,0,0,0
61892,1,1,0,0,0,0,0,0,0,10,0,15
61893,1,1,0,0,0,0,0,0,0,0,0,0
61894,1,1,14,8,0,27,11,0,18,16,12,11
61895,1,1,18,18,18,18,18,18,18,18,18,18
61896,1,1,11,11,11,11,11,11,11,11,11,11
61897,1,1,0,0,0,0,0,0,0,0,0,0
61898,1,1,0,0,0,0,19,0,7,0,0,0
61898,2,1,0,0,0,0,0,0,0,0,0,0
61899,1,1,4,4,4,4,4,4,4,4,4,4
61899,2,1,0,0,0,0,0,16,0,0,11,30
61899,3,1,0,0,0,16,0,0,0,0,8,0
61899,4,1,0,0,0,0,0,0,0,0,0,0
61899,5,1,0,20,0,20,0,0,0,0,9,0
61900,0,1,0,0,0,0,0,0,0,0,0,0
61900,1,1,0,0,0,0,0,0,0,0,0,0
61901,1,1,22,30,11,20,9,14,14,19,0,30
61902,1,1,0,0,0,0,0,0,0,0,0,0
61902,2,1,0,0,0,0,0,0,0,0,0,0
61903,1,1,26,26,26,26,26,26,26,26,26,26
61903,2,1,0,0,0,0,28,0,0,0,0,0
61904,1,1,0,0,0,0,0,0,0,0,0,0
61904,2,1,0,0,0,0,0,0,0,0,0,0
61905,0,1,0,0,0,0,0,0,0,0,0,0
61905,1,1,0,0,0,0,0,0,0,0,0,0
61906,1,1,0,0,0,0,0,0,0,0,0,0
61907,0,1,0,0,0,0,0,0,0,0,0,0
61907,1,1,0,0,0,0,0,0,0,0,0,0
61907,2,1,0,0,0,0,0,0,0,0,0,0
61908,0,1,0,0,0,0,0,0,0,0,0,0
61908,1,1,0,0,0,0,0,0,0,0,0,8
61908,2,1,0,0,0,0,0,0,0,0,0,0
61909,1,1,0,0,0,0,0,0,0,0,0,0
61910,1,1,0,0,2,0,0,0,0,0,0,5
61910,2,1,29,29,29,29,29,29,29,29,29,29
61911,1,1,0,0,0,0,0,0,0,0,0,0
61911,2,1,0,0,0,0,0,0,0,0,0,0
61912,1,1,0,0,0,0,0,0,0,0,0,0
61912,2,1,0,0,0,0,0,0,0,0,0,0
61913,1,1,2,2,2,2,2,2,2,2,2,2
61914,1,1,0,0,0,0,0,0,0,0,0,0
61914,2,1,0,0,0,0,0,0,0,0,0,0
61914,3,1,0,0,0,0,0,0,0,0,0,0
61915,0,1,4,4,4,4,4,4,4,4,4,4
61915,1,1,0,0,0,0,0,0,0,0,0,0
61916,1,1,0,0,0,0,0,0,0,0,0,0
61916,2,1,0,0,0,0,0,0,0,0,0,0
61917,0,1,9,9,9,9,9,9,9,9,9,9
61917,1,1,0,0,0,0,0,0,0,0,0,0
61918,1,1,0,0,0,0,0,0,0,0,0,0
61918,2,1,0,0,0,0,0,0,0,0,0,0
61919,1,1,29,29,29,29,29,29,29,29,29,29
61920,1,1,0,0,0,0,0,0,0,35,0,0
61921,1,1,0,0,0,0,0,0,0,0,0,0
61922,0,1,0,0,0,0,0,0,0,0,0,0
61922,1,1,0,0,0,0,0,0,0,0,0,0
61922,2,1,0,0,0,0,0,0,0,0,0,0
61923,1,1,35,35,35,35,35,35,35,35,35,35
61924,1,1,11,11,11,11,11,11,11,11,11,11
61925,1,1,0,0,0,0,0,0,0,0,0,0
61925,2,1,13,0,0,0,0,0,0,0,0,0
61925,3,1,4,0,0,0,0,0,0,0,0,0
61926,1,1,0,0,0,0,0,0,0,0,0,0
61927,0,1,0,0,0,0,0,0,0,0,0,0
61927,1,1,18,18,18,18,18,18,18,18,18,18
61928,1,1,0,0,0,0,0,0,0,0,0,0
61928,2,1,0,0,0,0,0,0,0,0,0,0
61929,1,1,6,8,17,12,15,26,52,23,16,12
61930,0,1,0,0,0,0,0,0,0,0,0,0
61930,1,1,0,15,0,0,0,0,9,0,0,0
61931,0,1,0,0,0,0,0,0,0,0,0,0
61931,1,1,0,0,0,0,0,0,0,0,0,0
61932,1,1,0,0,0,0,0,0,0,0,0,0
61932,2,1,0,0,0,0,0,0,0,0,0,0
61933,1,1,0,0,0,0,0,0,0,0,0,0
61933,2,1,0,0,0,0,0,0,0,0,0,0
61934,1,1,0,0,0,0,0,0,0,0,0,0
61935,1,1,0,0,0,0,0,0,0,0,0,0
61935,2,1,0,0,0,0,0,0,0,0,0,0
61936,1,1,0,0,0,0,0,0,0,0,0,0
61936,2,1,0,0,0,0,0,0,0,0,0,0
61937,1,1,16,16,16,16,16,16,16,16,16,16
61938,1,1,0,0,0,0,0,0,0,0,0,0
61938,2,1,0,0,0,0,0,0,0,0,0,0
61939,1,1,0,0,0,0,0,0,0,0,0,0
61939,2,1,0,0,0,0,0,0,0,0,0,0
61939,3,1,0,0,0,0,0,0,0,0,0,0
61940,1,1,24,24,24,24,24,24,24,24,24,24
61941,1,1,17,17,17,17,17,17,17,17,17,17
61942,1,1,0,0,0,0,0,0,0,0,0,0
61943,0,1,0,0,0,0,0,0,0,0,0,0
61943,1,1,0,0,0,0,0,0,0,0,0,0
61944,1,1,0,0,0,0,0,0,0,0,0,0
61944,2,1,0,0,0,0,0,0,0,0,0,0
61944,3,1,0,0,0,0,0,0,0,0,0,0
61945,1,1,0,0,0,0,0,0,0,0,0,0
61945,2,1,0,0,0,0,0,0,0,0,0,0
61945,3,1,0,0,0,0,0,0,0,0,0,0
61946,1,1,0,0,0,0,0,0,0,0,0,0
61946,2,1,0,0,0,0,0,0,0,0,0,0
61947,1,1,28,29,0,0,0,0,0,0,0,0
61948,1,3,0,0,0,0,0,0,0,0,0,0
61949,1,1,0,0,0,0,0,0,0,0,0,0
61949,2,1,0,0,0,0,0,0,0,0,0,0
61950,1,1,0,0,0,0,0,0,0,0,0,0
61950,2,1,0,0,0,0,0,0,0,0,0,0
61951,0,1,0,0,0,0,0,0,0,0,0,0
61951,1,1,0,0,0,0,0,0,0,0,0,0
61952,0,1,0,0,0,0,0,0,0,0,0,0
61952,0,2,0,0,0,0,0,0,0,0,0,0
61952,0,3,0,0,0,0,0,0,0,0,0,0
61952,0,4,0,0,0,0,0,0,0,0,0,0
61952,0,5,30,47,8,28,0,0,29,0,13,0
61952,0,6,0,0,0,0,0,0,0,0,0,0
61952,0,7,0,0,0,21,0,15,0,0,0,3
61952,0,8,13,0,0,0,17,0,0,19,0,0
61952,0,9,0,0,0,0,0,0,0,0,0,0
61952,0,10,0,0,0,0,0,0,0,0,0,0
61952,0,11,0,38,0,0,0,0,0,0,0,0
61952,1,1,0,0,0,0,0,0,0,0,0,0
61952,2,1,3,0,0,0,0,0,0,0,0,0
61952,3,1,0,0,0,0,0,0,28,0,0,0
61953,0,1,0,0,0,0,0,0,0,0,0,0
61953,1,1,0,0,0,0,0,0,0,0,0,0
61954,1,1,0,8,0,0,0,0,0,0,0,0
61954,2,1,0,0,0,0,0,0,0,0,0,0
61955,0,1,0,0,0,0,0,0,0,0,0,0
61955,0,2,0,0,0,0,0,0,0,0,0,0
61955,0,3,0,0,0,0,0,28,0,0,0,0
61955,1,1,13,13,13,13,13,13,13,13,13,13
61956,1,1,0,0,0,0,0,0,0,0,0,0
61957,0,1,0,0,0,0,0,0,0,0,0,0
61957,1,1,0,0,0,0,0,0,0,0,0,0
61958,1,1,29,29,29,29,29,29,29,29,29,29
61959,1,1,0,0,0,0,0,0,0,0,0,0
61960,0,1,0,16,0,0,0,16,17,24,33,10
61960,1,1,0,0,0,0,0,0,0,0,0,0
61961,1,1,0,0,0,0,0,0,0,0,0,0
61961,2,1,0,0,0,0,0,0,0,0,0,0
61962,1,1,0,0,0,0,0,0,0,0,0,0
61962,2,1,0,0,0,0,16,0,15,0,9,0
61963,1,1,0,0,0,0,0,0,0,0,0,0
61963,2,1,0,0,0,0,0,0,0,0,0,0
61964,0,1,0,0,0,0,0,0,0,0,0,0
61964,1,1,0,0,0,12,0,0,0,0,0,0
61965,0,1,26,26,26,26,26,26,26,26,26,26
61965,1,1,7,7,7,7,7,7,7,7,7,7
61966,1,1,0,0,0,0,0,0,0,0,0,0
61967,0,1,0,0,0,0,0,0,0,0,0,0
61967,0,2,0,11,0,0,0,0,18,0,0,0
61967,1,1,0,0,8,0,0,0,0,29,0,8
61968,1,1,0,0,0,0,0,0,0,0,0,0
61968,2,1,0,0,8,0,0,0,0,0,0,0
61969,1,1,26,26,26,26,26,26,26,26,26,26
61970,1,1,34,34,34,34,34,34,34,34,34,34
61970,2,1,0,0,0,0,0,0,0,0,0,0
61971,1,1,0,0,0,0,0,0,0,0,0,0
61971,2,1,0,0,0,0,0,0,0,0,0,0
61971,3,1,0,13,0,0,0,19,0,0,0,0
61972,0,1,0,0,0,0,0,0,0,0,0,0
61972,1,1,0,0,0,0,0,0,0,0,0,0
61973,1,1,0,0,0,0,0,0,0,0,0,0
61973,2,1,0,0,0,0,0,0,0,0,0,0
61974,1,1,0,0,0,0,0,0,0,0,0,0
61974,2,1,27,0,0,0,0,0,0,0,0,0
61975,1,1,21,21,21,21,21,21,21,21,21,21
61975,2,1,0,0,0,0,0,0,0,0,0,0
61976,1,1,0,0,0,0,0,0,0,0,0,0
61976,2,1,0,0,0,0,0,0,0,0,0,0
61977,1,1,0,0,0,0,0,0,0,0,0,0
61977,2,1,0,0,0,0,0,0,0,0,0,0
61977,3,1,0,0,0,0,0,0,0,0,0,20
61978,1,1,19,19,19,19,19,19,19,19,19,19
61979,1,1,0,0,0,0,0,0,26,0,11,0
61979,2,1,0,0,0,0,0,0,0,0,0,0
61980,0,1,0,0,0,0,0,0,0,0,0,0
61980,1,1,9,0,18,3,16,0,0,0,12,0
61981,1,1,0,0,0,0,0,0,0,0,0,0
61981,2,1,0,0,0,0,0,0,0,0,0,0
61982,1,1,28,28,28,28,28,28,28,28,28,28
61982,2,1,0,0,0,0,0,0,0,0,0,0
61983,1,1,0,0,0,0,0,0,0,0,0,0
61984,1,1,0,0,0,0,0,0,0,0,0,0
61984,2,1,0,0,0,0,0,0,0,0,0,0
61984,3,1,0,0,0,0,0,0,0,0,0,0
61985,1,1,0,0,0,0,0,0,0,0,0,0
61986,1,1,0,0,0,0,0,0,0,0,0,0
61986,2,1,0,0,0,0,0,0,0,0,0,0
61986,3,1,0,0,18,0,0,0,0,0,0,0
61987,0,1,0,0,0,0,0,0,0,0,0,0
61987,1,1,0,0,0,0,0,0,0,0,0,12
61987,2,1,0,0,0,0,0,0,0,0,0,0
61988,1,1,0,0,0,0,0,0,0,0,0,0
61989,1,1,0,0,0,0,0,0,0,0,0,0
61989,2,1,0,0,0,0,0,0,0,0,0,0
61989,3,1,0,0,0,0,0,0,0,0,0,0
61990,1,1,0,0,0,0,0,0,0,0,0,0
61991,1,1,0,0,0,0,0,0,0,0,0,0
61992,1,1,22,22,22,22,22,22,22,22,22,22
61992,2,1,0,0,0,0,0,0,0,0,0,0
61992,3,1,0,0,0,0,5,0,0,0,0,0
61993,0,1,16,16,16,16,16,16,16,16,16,16
61993,1,1,19,19,19,19,19,19,19,19,19,19
61994,1,1,0,0,0,0,0,0,0,0,0,0
61995,1,1,0,0,0,0,0,0,0,0,0,0
61996,1,1,14,14,14,14,14,14,14,14,14,14
61997,1,1,0,0,0,0,0,0,0,0,0,0
61998,0,1,14,14,14,14,14,14,14,14,14,14
61998,1,1,0,0,0,0,0,0,0,0,0,0
61999,0,1,0,0,0,18,0,0,0,12,0,24
61999,0,2,0,0,0,0,0,0,0,0,0,0
61999,0,3,0,4,0,0,22,0,0,0,0,0
61999,1,1,0,0,0,0,0,0,0,0,0,0
62000,1,1,2,2,2,2,2,2,2,2,2,2
62001,0,1,0,0,0,0,0,0,0,0,0,0
62001,0,2,0,0,0,0,0,0,0,0,0,0
62001,0,3,0,0,0,0,0,0,0,0,0,0
62001,1,1,16,16,16,16,16,16,16,16,16,16
62002,0,1,22,22,22,22,22,22,22,22,22,22
62002,1,1,0,22,0,0,0,0,0,0,19,0
62003,0,1,26,26,26,26,26,26,26,26,26,26
62003,1,1,0,0,0,0,0,0,16,0,0,0
62004,1,1,0,26,12,3,11,7,12,17,16,17
62005,1,1,2,2,2,2,2,2,2,2,2,2
62006,1,1,22,22,22,22,22,22,22,22,22,22
62007,0,1,0,0,0,0,0,0,0,0,0,0
62007,1,1,0,0,0,0,0,0,0,0,0,0
62008,0,1,0,0,0,0,0,0,0,0,0,0
62008,1,1,0,0,0,0,0,0,0,0,0,0
62008,2,1,0,0,0,0,0,0,0,0,24,0
62008,3,1,0,0,0,0,0,0,0,0,0,0
62008,4,1,0,0,0,0,0,0,0,0,0,0
62009,0,1,0,0,0,0,0,0,0,0,0,0
62009,1,1,0,0,0,0,0,0,22,0,0,0
62010,1,1,11,11,11,11,11,11,11,11,11,11
62010,2,1,0,0,0,0,0,0,0,0,0,18
62011,0,1,0,0,0,0,0,0,0,0,0,0
62011,1,1,0,0,0,0,0,0,0,0,0,0
62012,1,1,0,0,0,0,0,0,0,0,0,0
62013,0,1,0,11,0,0,0,0,0,28,10,0
62013,0,2,0,0,0,0,0,0,0,0,0,0
62013,0,3,0,0,0,0,0,0,0,0,0,0
62013,1,1,0,0,0,0,0,0,0,0,0,0
62014,1,1,0,0,0,0,0,0,0,0,0,0
62015,0,1,21,0,23,0,4,0,0,0,0,0
62015,1,1,0,0,0,0,0,0,0,0,0,0
62016,1,1,18,0,17,13,8,0,25,0,0,33
62016,2,1,0,0,0,0,0,0,0,0,0,0
62017,1,1,11,11,11,11,11,11,11,11,11,11
62018,1,1,0,0,0,0,0,0,0,0,0,0
62019,1,1,13,13,13,13,13,13,13,13,13,13
62020,1,1,0,0,0,0,0,0,0,0,0,0
62021,1,1,12,12,12,12,12,12,12,12,12,12
62022,1,1,14,14,14,14,14,14,14,14,14,14
62023,0,1,0,0,18,12,0,5,16,0,0,0
62023,1,1,0,0,0,0,23,25,0,0,0,21
62024,1,1,0,0,0,0,0,0,0,0,0,0
62024,2,1,9,7,30,13,0,0,0,17,23,10
62025,0,1,4,4,4,4,4,4,4,4,4,4
62025,1,1,0,0,0,0,0,0,0,0,0,0
62026,1,1,12,12,12,12,12,12,12,12,12,12
62026,2,1,0,0,0,11,0,21,13,0,4,11
62027,1,1,0,0,0,0,0,12,0,0,0,0
62028,1,1,0,0,0,0,0,0,0,0,0,0
62028,2,1,0,0,0,0,0,0,0,0,0,0
62028,3,1,0,0,0,0,0,0,0,0,0,0
62029,0,1,12,12,12,12,12,12,12,12,12,12
62029,1,1,0,0,0,0,0,0,0,0,0,0
62030,1,1,0,0,0,0,0,0,0,0,0,0
62030,2,1,0,0,0,0,0,0,0,0,0,0
62030,3,1,0,11,0,15,0,17,6,0,0,5
62031,1,1,0,0,0,0,0,0,0,0,0,0
62031,2,1,0,0,0,0,0,0,14,0,0,0
62031,3,1,0,0,0,0,0,0,0,0,0,0
62031,4,1,0,0,0,0,0,0,0,0,0,0
62032,1,1,20,20,20,20,20,20,20,20,20,20
62032,2,1,0,0,0,0,0,0,0,0,0,0
62033,1,1,0,0,0,0,0,0,0,0,0,0
62034,0,1,0,0,0,0,0,0,0,0,0,0
62034,1,1,0,0,0,0,0,0,0,0,0,0
62035,1,1,0,0,0,0,0,0,0,0,0,0
62035,2,1,0,0,0,0,0,0,0,0,0,0
62036,0,1,0,0,0,0,0,0,0,0,0,0
62036,1,1,0,0,0,0,10,0,0,0,0,0
62037,1,1,0,0,0,0,0,0,0,0,0,0
62038,1,1,0,0,0,0,0,0,0,0,0,0
62038,2,1,0,0,0,0,0,0,0,0,0,0
62039,0,1,31,31,31,31,31,31,31,31,31,31
62039,1,1,0,0,0,0,0,0,0,0,0,0
62040,0,1,18,18,18,18,18,18,18,18,18,18
62040,1,1,0,0,0,0,0,10,0,9,8,11
62041,1,1,20,20,20,20,20,20,20,20,20,20
62042,1,1,12,12,12,12,12,12,12,12,12,12
62043,0,1,0,0,0,0,0,0,0,0,0,0
62043,1,1,0,0,0,0,0,0,0,0,0,3
62044,0,1,0,0,0,0,0,0,0,0,0,0
62044,1,1,0,0,0,0,0,0,0,0,0,0
62045,0,1,0,0,0,0,0,0,0,0,0,0
62045,1,1,0,0,0,0,0,0,0,0,0,0
62046,1,1,16,16,16,16,16,16,16,16,16,16
62047,0,1,0,0,0,0,0,0,0,0,0,0
62047,1,1,0,0,0,0,0,0,0,0,0,0