ST_CASE,VEH_NO,PER_NO,P1,P2,P3,P4,P5,P6,P7,P8,P9,P10
62047,2,1,0,0,0,0,0,0,0,0,0,0
62047,3,1,0,7,0,0,0,0,20,0,0,0
62048,1,1,19,19,19,19,19,19,19,19,19,19
62049,0,1,0,0,0,0,0,0,0,0,0,0
62049,1,1,0,0,0,0,0,0,0,0,0,0
62050,1,1,2,2,2,2,2,2,2,2,2,2
62051,1,1,0,0,0,0,0,0,0,0,0,0
62052,0,1,0,0,0,0,0,0,0,0,0,0
62052,0,2,0,0,0,0,0,0,0,0,0,0
62052,1,1,0,0,0,0,0,0,0,0,0,0
62053,0,1,37,37,37,37,37,37,37,37,37,37
62053,1,1,0,9,0,0,0,0,0,0,6,3
62054,1,1,0,0,0,0,0,0,0,0,0,0
62055,1,1,0,0,0,0,0,0,0,0,0,0
62056,0,1,0,0,0,0,36,18,0,0,0,0
62056,1,1,0,0,0,0,0,0,29,0,0,0
62057,0,1,0,0,0,0,0,0,0,0,0,0
62057,1,1,0,0,0,0,0,0,0,0,0,0
62057,2,1,0,0,0,0,0,0,0,7,0,0
62057,3,1,0,0,0,0,18,0,0,0,0,0
62057,4,1,0,0,0,0,0,9,11,0,0,0
62058,0,1,0,0,0,0,0,0,0,0,0,0
62058,1,1,0,0,0,0,0,0,0,0,0,0
62059,1,1,18,18,18,18,18,18,18,18,18,18
62059,2,1,0,0,0,0,0,0,0,0,0,0
62060,1,1,0,0,0,0,0,0,0,0,0,0
62061,1,1,0,0,0,0,0,0,0,0,0,0
62062,0,1,25,25,25,25,25,25,25,25,25,25
62062,1,1,14,0,0,23,0,5,12,16,3,0
62062,2,1,0,0,0,0,0,0,0,0,0,0
62062,3,1,0,0,0,0,0,0,0,0,20,0
62062,4,1,0,0,0,0,0,5,0,0,0,0
62062,5,1,0,0,0,9,0,0,0,23,0,0
62062,6,1,0,0,0,0,0,0,0,0,0,0
62062,7,1,0,0,0,24,0,6,0,0,23,0
62063,0,1,0,0,0,0,0,0,0,0,0,0
62063,1,1,12,12,12,12,12,12,12,12,12,12
62064,0,1,0,0,0,0,0,0,0,0,0,0
62064,1,1,0,0,0,0,0,0,0,0,0,0
62064,2,1,0,0,0,0,13,0,0,0,0,0
62065,0,1,0,0,0,0,0,0,0,0,0,0
62065,1,1,0,0,0,0,0,0,0,0,0,0
62066,1,1,0,0,0,0,0,0,0,0,0,0
62066,2,1,0,0,0,0,0,0,0,0,20,0
62067,1,1,0,0,0,0,0,0,0,0,0,0
62067,2,1,0,0,0,0,0,0,0,0,0,0
62068,0,1,0,0,0,0,0,0,0,0,0,0
62068,1,1,0,0,0,0,0,0,0,0,0,0
62069,1,1,22,22,22,22,22,22,22,22,22,22
62069,2,1,0,0,0,0,0,17,0,0,0,0
62070,1,1,0,0,0,0,0,0,0,0,0,0
62071,0,1,23,23,23,23,23,23,23,23,23,23
62071,1,1,10,0,2,0,0,19,0,0,0,2
62071,2,1,0,0,0,0,0,0,0,0,0,0
62071,3,1,0,0,0,0,0,0,0,0,0,0
62072,0,1,0,0,0,0,0,0,0,0,0,0
62072,1,1,0,0,0,0,0,0,0,0,0,0
62072,2,1,0,35,0,0,0,14,11,0,0,0
62073,1,1,0,0,0,0,0,0,0,0,0,0
62074,1,1,3,3,3,3,3,3,3,3,3,3
62075,1,1,0,0,0,0,0,0,0,0,0,0
62075,2,1,0,0,0,0,20,0,0,0,0,0
62076,1,1,0,0,0,0,0,0,0,0,0,0
62076,2,1,0,0,0,0,0,0,0,0,0,0
62077,1,1,0,0,0,0,0,0,0,0,0,0
62078,1,1,0,0,0,0,16,0,0,0,0,0
62078,2,1,0,0,0,0,0,4,0,0,0,0
62079,0,1,22,22,22,22,22,22,22,22,22,22
62079,1,1,0,0,0,0,0,0,0,0,0,0
62080,0,1,0,0,0,18,0,17,31,0,0,0
62080,1,1,0,0,0,0,11,0,0,0,0,16
62080,2,1,0,0,0,0,0,0,0,0,0,14
62080,3,1,0,0,0,0,0,0,0,0,0,0
62080,4,1,0,0,0,0,0,0,0,0,0,0
62080,5,1,0,0,0,0,0,0,0,0,0,0
62080,6,1,0,0,0,7,0,0,0,0,0,0
62081,0,1,0,0,0,0,0,0,0,0,0,0
62081,1,1,0,0,0,0,0,15,0,0,0,0
62082,0,1,0,0,0,0,0,0,0,0,0,0
62082,1,1,8,0,18,10,0,0,0,14,0,0
62083,1,1,7,7,7,7,7,7,7,7,7,7
62083,2,1,16,0,0,0,0,0,0,0,12,0
62084,0,1,0,0,0,0,0,0,0,0,0,0
62084,1,1,0,0,0,0,0,0,0,0,11,0
62085,1,1,0,0,0,0,0,0,0,0,0,0
62085,2,1,0,0,0,0,0,0,0,0,0,0
62085,3,1,0,0,0,0,0,0,0,0,0,0
62086,1,1,0,0,0,0,0,0,0,0,0,0
62086,2,1,0,0,0,0,0,0,0,0,0,0
62087,1,1,31,31,31,31,31,31,31,31,31,31
62088,0,1,0,17,0,0,36,21,35,17,0,27
62088,1,1,13,18,0,16,0,11,0,5,0,8
62089,1,1,0,0,0,0,0,0,0,0,0,0
62090,0,1,0,0,0,0,0,0,0,0,0,0
62090,1,1,0,0,0,0,0,0,0,0,0,0
62091,1,1,0,0,0,0,0,0,0,0,0,0
62091,2,1,0,0,0,0,0,0,0,0,0,0
62091,3,1,0,0,0,0,0,0,0,0,0,0
62091,4,1,0,0,0,0,0,0,0,0,0,0
62092,0,1,0,0,0,0,0,0,0,0,0,0
62092,1,1,0,0,0,0,0,0,0,0,0,0
62093,1,1,6,0,0,19,14,0,0,9,0,12
62094,1,1,0,0,0,0,0,0,0,0,0,0
62095,1,1,18,18,18,18,18,18,18,18,18,18
62095,2,1,0,0,0,0,0,0,0,0,0,0
62096,1,1,1,1,1,1,1,1,1,1,1,1
62096,2,1,0,0,0,0,0,0,0,0,0,0
62097,1,1,0,0,0,11,0,0,0,0,0,0
62097,2,1,0,0,0,0,0,0,0,0,0,0
62098,0,1,0,0,0,0,0,0,0,0,0,0
62099,1,1,0,0,0,0,0,17,0,9,0,0
62099,2,1,0,0,0,0,0,0,0,0,0,0
62099,3,1,0,0,12,0,0,23,0,0,0,0
62100,1,1,10,10,10,10,10,10,10,10,10,10
62101,0,1,24,24,24,24,24,24,24,24,24,24
62101,1,1,0,0,0,0,0,0,0,0,0,0
62102,1,1,22,22,22,22,22,22,22,22,22,22
62102,2,1,0,0,0,0,0,0,0,0,0,0
62103,1,1,0,0,0,0,0,0,0,0,0,0
62104,1,1,0,0,0,0,0,0,0,0,0,0
62105,1,1,0,0,0,0,0,0,0,0,0,0
62106,0,1,0,0,0,0,0,39,0,0,0,0
62106,1,1,0,0,0,0,0,0,0,0,0,0
62107,1,1,0,0,0,0,0,0,0,0,0,0
62108,1,1,0,0,0,0,0,0,0,0,0,0
62109,0,1,0,0,0,0,0,0,0,0,0,0
62109,1,1,0,0,0,0,0,0,7,0,0,0
62110,1,1,12,12,12,12,12,12,12,12,12,12
62110,2,1,24,0,0,0,0,0,0,0,0,0
62110,3,1,0,0,0,0,0,0,0,0,0,0
62110,4,1,0,0,0,0,0,0,0,0,0,0
62110,5,1,0,0,0,0,0,8,0,0,0,0
62110,6,1,0,0,0,0,0,0,0,0,0,0
62111,1,1,0,0,0,0,0,0,0,0,0,0
62111,2,1,0,0,0,15,0,0,0,0,7,10
62111,3,1,0,0,0,0,0,0,0,0,0,0
62112,1,1,16,16,16,16,16,16,16,16,16,16
62113,1,1,0,0,0,0,0,0,0,0,0,0
62113,2,1,0,0,0,0,0,0,0,0,0,0
62114,1,1,13,17,14,0,4,10,3,0,24,0
62114,2,1,17,35,24,20,9,36,11,28,15,22
62115,1,1,0,0,14,0,7,0,0,0,0,0
62115,2,1,0,0,0,0,0,0,0,0,0,0
62116,1,1,24,24,24,24,24,24,24,24,24,24
62117,1,1,0,0,0,0,5,0,0,0,0,0
62117,2,1,0,0,0,0,0,0,0,0,0,0
62117,3,1,0,0,0,0,0,0,0,0,0,0
62118,1,1,0,0,0,0,0,0,0,0,0,0
62119,1,1,0,0,0,0,0,0,0,0,0,0
62120,1,1,27,12,3,21,21,22,24,19,19,16
62121,1,1,11,11,11,11,11,11,11,11,11,11
62121,2,1,0,0,0,0,0,0,0,0,0,0
62122,0,1,24,24,24,24,24,24,24,24,24,24
62122,1,1,0,29,0,0,0,0,0,0,0,0
62123,1,1,0,0,0,0,0,0,0,0,0,0
62123,2,1,0,0,0,0,0,0,0,0,0,0
62124,1,1,6,6,6,6,6,6,6,6,6,6
62125,1,1,25,25,25,25,25,25,25,25,25,25
62126,1,1,0,0,0,0,0,0,0,0,0,0
62126,2,1,0,0,0,0,0,0,0,0,0,0
62127,1,1,0,0,0,0,0,0,0,0,0,0
62127,2,1,11,8,0,0,0,0,0,0,0,0
62128,1,1,7,7,7,7,7,7,7,7,7,7
62129,0,1,13,13,13,13,13,13,13,13,13,13
62129,1,1,0,0,0,0,0,0,0,0,0,0
62130,0,1,0,0,0,0,0,0,0,0,0,0
62130,1,1,0,0,0,0,0,0,0,0,0,0
62131,1,1,0,0,0,0,0,0,0,0,0,0
62132,0,1,0,0,0,0,0,0,0,0,0,0
62132,1,1,0,0,0,0,0,0,7,0,0,0
62132,2,1,0,0,0,12,0,13,0,0,0,21
62132,3,1,21,0,0,14,0,0,0,0,0,0
62133,1,1,0,0,0,0,0,0,0,0,0,0
62134,1,1,0,0,0,0,0,0,0,0,0,0
62134,2,1,0,0,0,0,0,0,0,0,0,0
62135,1,1,0,0,0,0,0,0,0,0,0,0
62135,2,1,0,0,0,0,0,0,0,0,0,0
62135,3,1,0,0,0,0,0,0,0,0,0,0
62136,0,1,20,20,20,20,20,20,20,20,20,20
62136,1,1,26,0,0,8,0,0,0,0,0,0
62137,1,1,24,24,24,24,24,24,24,24,24,24
62138,1,1,0,0,0,0,0,0,10,9,14,22
62139,0,1,0,0,0,0,0,0,0,0,0,0
62139,1,1,28,28,28,28,28,28,28,28,28,28
62139,2,1,0,0,0,0,0,0,0,0,9,0
62139,3,1,0,24,0,0,20,0,0,11,0,0
62140,1,1,0,0,0,0,0,0,0,0,0,0
62141,1,1,0,0,0,0,0,0,0,0,0,0
62141,2,1,0,0,0,0,0,0,0,0,0,0
62142,0,1,0,0,0,0,0,0,0,0,0,0
62142,1,1,0,0,0,14,0,0,0,0,0,0
62143,1,1,20,20,20,20,20,20,20,20,20,20
62144,1,1,0,0,0,0,0,0,0,0,0,0
62144,2,1,0,0,0,0,0,0,0,0,0,0
62145,1,1,27,27,27,27,27,27,27,27,27,27
62146,1,1,0,0,0,0,0,0,0,0,0,0
62146,2,1,0,0,0,0,0,0,0,20,0,0
62147,0,1,0,0,0,0,0,0,0,0,0,0
62147,1,1,0,0,5,0,0,0,15,0,0,0
62147,2,1,0,5,0,0,0,0,0,0,0,0
62149,1,1,0,0,0,0,0,0,0,0,0,0
62149,2,1,0,0,0,0,0,0,0,0,0,0
62150,0,1,0,0,0,0,0,0,0,0,0,0
62150,1,1,0,0,0,0,0,0,0,0,0,0
62150,2,1,0,0,0,0,0,0,0,0,0,0
62151,1,1,0,0,0,0,0,0,0,0,0,0
62152,0,1,9,0,16,0,0,11,0,0,25,0
62152,1,1,0,13,0,0,0,0,0,0,0,0
62153,1,1,0,0,0,0,0,0,0,0,0,0
62154,0,1,0,20,0,0,0,0,0,22,0,0
62154,1,1,0,0,0,0,0,0,0,0,0,0
62155,1,1,0,0,0,0,0,0,0,0,0,0
62155,2,1,0,0,0,0,0,0,0,0,0,0
62156,0,1,0,0,0,0,0,0,0,0,0,0
62156,1,1,0,0,0,23,0,22,0,20,0,0
62157,1,1,0,0,0,0,0,0,0,0,0,0
62157,2,1,0,0,0,0,0,0,0,0,0,0
62158,1,1,0,0,0,0,0,0,0,0,0,0
62158,2,1,0,0,0,0,0,0,0,0,0,0
62159,1,1,0,0,0,0,0,0,0,0,0,0
62160,1,1,0,0,0,0,0,0,0,0,0,0
62160,2,1,0,0,0,0,0,0,0,0,0,0
62160,3,1,0,0,0,0,0,0,0,0,0,0
62161,1,1,0,0,0,0,0,0,0,0,0,0
62161,2,1,0,0,0,0,0,0,0,0,0,0
62162,1,1,0,0,0,0,0,30,32,0,0,26
62163,1,1,0,0,0,0,0,0,0,0,0,0
62163,2,1,2,2,2,2,2,2,2,2,2,2
62164,1,1,0,0,0,0,0,0,0,0,0,0
62164,2,1,0,0,0,0,0,0,0,0,0,0
62165,0,1,0,0,0,0,0,0,0,0,0,0
62165,1,1,0,0,0,0,0,0,0,0,0,0
62166,0,1,0,0,0,0,0,0,0,0,0,0
62166,1,1,0,0,0,0,0,0,0,0,0,0
62167,1,1,0,0,0,0,0,0,0,0,0,0
62167,2,1,0,9,0,0,0,0,0,0,0,0
62167,3,1,0,0,0,0,0,0,0,0,0,0
62168,1,1,14,14,14,14,14,14,14,14,14,14
62168,2,1,0,0,0,0,0,0,0,0,0,0
62169,1,1,0,0,0,0,0,0,0,0,0,0
62170,0,1,20,20,20,20,20,20,20,20,20,20
62170,1,1,0,0,0,4,14,0,10,11,0,10
62170,2,1,0,0,0,0,0,0,0,0,0,0
62171,1,1,20,20,20,20,20,20,20,20,20,20
62172,1,1,0,0,0,0,0,0,0,0,0,0
62172,2,1,0,0,0,0,0,0,0,0,0,0
62173,0,1,26,26,26,26,26,26,26,26,26,26
62173,1,1,0,0,0,15,0,0,5,0,0,0
62174,1,1,0,0,0,0,0,0,0,0,0,0
62174,2,1,0,0,0,0,0,0,0,0,0,0
62175,1,1,0,0,0,17,12,21,0,0,9,8
62176,0,1,0,0,0,0,0,0,0,0,0,0
62176,1,1,0,0,0,0,0,0,0,0,0,0
62177,0,1,0,0,0,0,0,0,0,0,0,0
62177,1,1,0,0,0,0,0,0,0,0,0,0
62178,0,1,20,0,0,0,31,17,36,0,15,41
62178,1,1,0,0,0,0,0,0,0,0,0,0
62179,1,1,0,0,0,0,0,0,10,0,0,0
62179,2,1,0,0,0,0,0,0,0,0,0,0
62179,3,1,0,0,0,0,0,18,0,0,0,0
62180,1,1,0,0,0,0,0,0,0,0,0,0
62181,1,1,0,0,0,0,0,0,0,0,0,0
62182,0,1,0,0,0,0,0,0,0,0,0,0
62182,0,2,0,0,0,0,0,0,0,0,0,0
62182,1,1,0,0,0,0,0,0,0,0,0,0
62183,1,1,0,0,0,0,0,0,0,0,0,0
62183,2,1,0,0,0,0,0,0,0,0,0,0
62184,0,1,0,0,0,0,0,0,0,0,0,0
62184,1,1,0,5,0,0,0,0,0,0,0,0
62184,2,1,0,0,0,13,0,10,18,0,0,0
62185,1,1,11,0,0,0,10,0,24,0,24,0
62186,1,1,14,14,14,14,14,14,14,14,14,14
62186,2,1,0,0,0,0,0,0,0,0,0,0
62187,1,1,10,10,10,10,10,10,10,10,10,10
62187,2,1,0,0,0,0,0,0,0,0,0,0
62188,0,1,0,0,0,0,0,0,0,0,0,0
62188,1,1,0,0,0,0,0,0,0,0,0,0
62189,0,1,9,9,9,9,9,9,9,9,9,9
62189,1,1,0,0,0,0,0,0,0,0,0,0
62190,0,1,0,0,0,0,0,0,0,0,0,0
62190,1,1,0,0,0,0,0,0,0,0,0,0
62191,1,1,14,14,14,14,14,14,14,14,14,14
62192,0,1,11,12,7,0,0,25,17,38,0,7
62192,1,1,0,11,0,11,24,0,0,14,2,13
62193,0,1,24,24,24,24,24,24,24,24,24,24
62193,1,1,0,0,0,0,0,0,0,0,0,0
62194,1,1,0,0,0,0,0,0,0,0,0,0
62194,2,1,0,0,0,0,0,0,0,0,0,0
62195,0,1,0,11,0,0,22,0,0,0,17,22
62195,0,2,0,0,0,0,50,0,16,25,0,0
62195,1,1,0,0,0,0,0,0,0,0,0,0
62196,1,1,0,0,0,0,0,0,17,0,0,0
62197,1,1,0,0,0,0,0,0,0,0,0,0
62197,2,1,0,0,0,0,0,0,0,0,0,0
62197,3,1,0,0,0,0,0,0,0,0,0,0
62198,1,1,7,7,7,7,7,7,7,7,7,7
62199,1,1,0,0,0,0,0,0,0,0,0,0
62199,2,1,0,0,0,0,0,0,0,0,0,0
62200,1,1,27,27,27,27,27,27,27,27,27,27
62201,0,1,0,0,0,0,0,0,0,0,0,0
62201,1,1,0,0,0,0,0,0,0,0,0,0
62202,1,1,0,0,0,0,0,0,11,0,0,0
62202,2,1,0,0,0,0,0,0,0,0,0,0
62203,0,1,0,0,0,0,0,0,0,0,0,0
62203,1,1,0,0,0,0,0,0,0,0,0,0
62204,1,1,0,0,0,0,0,0,18,0,0,0
62204,2,1,0,0,0,0,0,0,0,0,0,0
62204,3,1,0,0,0,0,13,0,0,0,0,0
62205,1,1,0,8,0,0,0,0,0,0,0,0
62206,1,1,0,0,0,0,0,0,0,0,0,0
62207,1,1,0,0,0,0,0,0,0,0,0,0
62208,1,1,23,23,23,23,23,23,23,23,23,23
62209,1,1,21,21,21,21,21,21,21,21,21,21
62210,0,1,0,0,0,0,0,0,0,0,0,0
62210,1,1,0,0,0,26,0,0,0,0,0,0
62211,0,1,0,0,0,0,0,0,0,0,0,0
62211,1,1,13,15,7,4,4,12,33,0,22,4
62212,0,1,0,0,0,0,0,0,0,0,0,0
62212,1,1,0,0,0,9,0,0,0,0,0,0
62213,0,1,0,0,0,0,0,0,0,0,0,0
62213,1,1,0,0,0,0,0,0,16,0,0,0
62214,0,1,0,0,0,0,0,0,0,0,0,0
62214,1,1,0,0,0,0,0,0,0,0,25,0
62215,1,1,0,10,0,0,0,0,0,12,0,0
62215,2,1,0,0,0,0,0,0,0,0,0,0
62216,0,1,0,0,0,0,50,0,22,0,9,14
62216,1,1,0,0,0,0,0,0,0,13,0,0
62217,1,1,9,9,9,9,9,9,9,9,9,9
62217,2,1,0,0,0,0,0,0,0,0,0,0
62218,1,1,0,19,0,0,0,0,0,0,0,0
62219,1,1,0,0,0,0,0,0,0,0,0,0
62219,2,1,0,0,0,0,0,0,0,0,0,0
62220,0,1,0,0,15,30,18,0,0,0,16,13
62220,1,1,15,16,0,14,7,19,7,23,25,9
62221,1,1,0,39,0,0,0,22,0,0,0,0
62221,2,1,0,0,0,25,0,11,0,0,0,0
62222,1,1,0,0,0,0,0,0,0,0,0,0
62223,1,1,0,0,0,0,0,0,0,0,0,0
62224,1,1,26,26,26,26,26,26,26,26,26,26
62225,1,1,0,0,0,0,0,0,0,0,0,0
62226,1,1,0,0,0,0,0,0,0,0,0,0
62227,1,1,0,0,0,0,0,0,0,0,0,0
62227,2,1,0,0,0,0,0,0,0,0,0,0
62227,3,1,0,0,0,0,0,0,0,0,0,0
62228,1,1,12,12,12,12,12,12,12,12,12,12
62229,1,1,0,0,0,0,0,0,0,0,0,0
62229,2,1,0,0,0,0,0,0,0,0,0,0
62230,1,1,0,0,0,0,0,0,0,0,0,0
62230,2,1,0,0,0,0,0,0,0,0,0,0
62231,1,1,22,22,22,22,22,22,22,22,22,22
62231,2,1,0,0,0,0,0,0,0,0,0,0
62232,1,1,15,15,15,15,15,15,15,15,15,15
62232,2,1,0,0,0,0,26,0,0,0,9,0
62233,1,1,0,0,0,0,0,0,0,0,0,0
62234,1,1,0,0,0,0,0,0,0,0,0,0
62234,2,1,0,0,0,0,0,0,0,0,0,0
62235,0,1,0,0,0,0,0,0,0,0,0,0
62235,1,1,0,0,0,0,0,0,0,0,0,0
62236,1,1,0,0,0,0,0,0,0,0,15,0
62236,2,1,0,0,0,0,0,0,0,0,0,0
62237,1,1,0,0,0,0,0,0,23,0,0,0
62238,1,1,0,0,0,0,0,0,0,0,0,0
62238,2,1,0,0,0,0,0,0,0,0,0,0
62239,0,1,0,0,0,0,0,0,0,0,0,0
62239,1,1,0,0,0,0,0,0,0,0,0,0
62240,0,1,0,0,0,0,0,0,0,0,0,0
62240,1,1,0,11,0,0,12,11,8,9,17,16
62241,1,1,0,0,5,0,0,0,0,39,0,0
62242,0,1,0,0,0,0,0,0,0,0,0,0
62242,0,2,0,0,14,7,25,18,0,8,23,0
62242,1,1,0,0,0,0,0,0,0,0,0,0
62243,1,1,20,20,20,20,20,20,20,20,20,20
62244,0,1,0,0,0,0,0,0,0,0,0,0
62244,0,2,0,0,20,0,0,0,0,0,0,0
62244,1,1,0,0,0,0,0,0,0,10,0,0
62245,1,1,0,0,0,0,0,0,0,0,0,0
62245,2,1,0,0,0,0,0,0,0,0,0,0
62246,1,1,0,0,0,0,0,0,0,0,0,0
62247,1,1,0,0,0,0,0,0,0,0,0,0
62247,2,1,0,0,0,0,0,0,0,0,0,0
62248,0,1,0,0,0,0,0,0,0,0,0,0
62248,1,1,0,0,0,0,0,0,0,0,0,0
62249,0,1,19,19,19,19,19,19,19,19,19,19
62249,1,1,0,0,0,0,0,0,5,0,0,0
62250,0,1,0,0,0,0,0,0,0,0,0,0
62250,1,1,0,0,0,0,0,0,0,0,0,0
62251,1,1,11,11,11,11,11,11,11,11,11,11
62251,2,1,0,0,0,0,0,0,0,0,0,0
62252,1,1,29,29,29,29,29,29,29,29,29,29
62252,2,1,0,0,17,0,0,0,0,0,0,0
62253,1,1,0,0,0,0,0,0,0,0,0,0
62254,1,1,0,0,0,0,0,0,0,0,0,23
62254,2,1,0,0,0,0,0,0,0,0,0,0
62255,1,1,0,0,0,0,0,0,0,0,0,0
62255,2,1,0,0,10,0,0,0,0,0,0,0
62255,3,1,0,0,0,0,0,0,0,0,0,0
62256,1,1,0,0,0,0,0,0,0,0,0,0
62256,2,1,0,0,0,0,0,0,0,0,36,0
62256,3,1,0,0,0,0,0,0,0,0,0,0
62256,4,1,0,0,0,0,0,0,0,0,0,0
62257,1,1,19,19,19,19,19,19,19,19,19,19
62257,2,1,0,0,0,0,0,0,0,0,0,0
62258,0,1,7,7,7,7,7,7,7,7,7,7
62258,1,1,0,0,0,17,20,16,12,0,16,20
62259,1,1,15,15,15,15,15,15,15,15,15,15
62259,2,1,0,0,0,0,0,0,0,0,0,0
62260,1,1,18,18,18,18,18,18,18,18,18,18
62260,2,1,0,0,0,0,0,0,0,0,0,0
62261,1,1,0,18,34,0,32,0,0,0,10,0
62262,0,1,0,0,0,0,0,0,0,0,0,0
62262,1,1,0,0,0,0,0,0,0,0,0,0
62263,0,1,0,0,0,0,0,0,0,0,0,0
62263,1,1,0,0,0,0,0,0,0,0,0,0
62264,0,1,0,0,0,0,0,0,0,0,0,0
62264,1,1,0,0,0,0,0,0,0,0,0,0
62265,1,1,0,0,0,0,0,0,0,0,0,0
62265,2,1,0,0,0,0,0,0,0,0,0,0
62266,1,1,0,0,0,0,0,0,0,0,0,0
62267,1,1,0,0,0,0,0,0,0,0,0,0
62267,2,1,0,0,0,0,0,0,0,0,0,0
62267,3,1,0,0,0,0,0,0,0,0,0,0
62267,4,1,0,0,0,0,0,0,0,0,0,13
62268,1,1,0,0,0,0,0,0,0,0,0,0
62268,2,1,0,0,0,0,0,0,0,0,0,0
62269,1,1,13,13,13,13,13,13,13,13,13,13
62270,1,1,0,9,0,0,0,0,0,0,0,16
62270,2,1,0,0,0,0,0,0,0,0,0,0
62270,3,1,0,0,0,0,7,0,15,14,0,12
62271,1,1,2,2,2,2,2,2,2,2,2,2
62272,1,1,20,20,20,20,20,20,20,20,20,20
62272,2,1,4,0,12,4,14,4,18,8,19,27
62273,1,1,9,9,9,9,9,9,9,9,9,9
62274,0,1,0,0,0,0,0,0,0,0,0,0
62274,1,1,0,0,0,0,0,0,0,0,0,0
62275,1,1,0,0,0,0,0,0,0,0,0,0
62275,2,1,0,0,0,0,0,0,0,0,0,0
62276,1,1,4,4,4,4,4,4,4,4,4,4
62277,1,1,19,19,19,19,19,19,19,19,19,19
62278,0,1,30,30,30,30,30,30,30,30,30,30
62278,1,1,0,0,0,0,0,0,0,0,0,0
62279,0,1,26,26,26,26,26,26,26,26,26,26
62279,1,1,0,0,0,0,0,0,0,0,0,0
62280,0,1,18,18,18,18,18,18,18,18,18,18
62280,1,1,18,18,18,18,18,18,18,18,18,18
62280,2,1,0,0,0,0,0,14,0,0,0,0
62281,0,1,0,0,0,0,0,0,0,0,0,0
62281,1,1,0,0,0,16,40,0,0,0,13,0
62282,0,1,17,17,17,17,17,17,17,17,17,17
62282,1,1,14,0,0,0,0,13,0,0,0,0
62283,1,1,0,0,0,0,0,0,0,0,0,0
62284,1,1,11,11,11,11,11,11,11,11,11,11
62285,0,1,0,0,0,0,0,0,0,0,0,0
62285,1,1,0,0,0,0,0,0,8,0,0,0
62285,2,1,18,0,0,0,0,0,0,0,0,0
62286,1,1,1,1,1,1,1,1,1,1,1,1
62287,0,1,0,0,0,0,0,0,0,0,0,0
62287,1,1,0,0,0,0,0,0,0,0,0,0
62288,1,1,0,0,0,0,0,0,0,0,0,0
62289,0,1,26,26,26,26,26,26,26,26,26,26
62289,1,1,0,0,0,0,0,0,0,0,0,0
62290,1,1,0,0,0,0,0,0,0,0,0,0
62290,2,1,0,0,0,0,0,0,0,0,0,0
62291,1,1,17,17,17,17,17,17,17,17,17,17
62292,1,1,8,8,8,8,8,8,8,8,8,8
62292,2,1,0,0,0,0,0,0,0,0,0,0
62293,0,1,0,0,0,0,0,0,0,0,0,0
62293,1,1,0,0,0,0,0,0,0,0,0,0
62294,1,1,12,12,12,12,12,12,12,12,12,12
62295,0,1,0,9,22,18,19,0,12,30,28,22
62295,1,1,0,0,0,0,0,0,0,0,0,0
62296,1,1,20,20,20,20,20,20,20,20,20,20
62297,0,1,0,0,0,0,0,0,0,0,0,0
62297,1,1,0,0,0,0,0,0,0,0,0,0
62298,1,1,12,12,12,12,12,12,12,12,12,12
62298,2,1,0,0,0,0,0,0,0,0,0,0
62298,3,1,0,0,0,0,0,0,0,0,0,0
62299,1,1,0,0,0,0,0,0,0,0,0,0
62299,2,1,13,13,13,13,13,13,13,13,13,13
62300,1,1,0,0,0,0,0,0,0,0,0,0
62300,2,1,0,0,0,0,0,0,0,0,0,0
62301,1,1,0,30,0,0,0,0,0,0,0,0
62302,0,1,0,0,0,0,0,0,0,0,0,0
62302,1,1,0,0,0,0,0,0,0,0,0,0
62303,0,1,0,0,0,0,0,0,0,0,0,0
62303,1,1,0,0,0,0,0,0,0,0,0,0
62304,1,1,0,0,0,0,0,0,0,0,0,0
62304,2,1,0,0,0,0,0,0,0,0,0,0
62305,1,1,0,0,0,0,0,0,0,0,0,0
62306,1,1,0,0,0,0,0,18,0,0,0,0
62306,2,1,0,0,0,0,0,0,0,0,0,0
62307,1,1,12,12,12,12,12,12,12,12,12,12
62308,1,1,14,14,14,14,14,14,14,14,14,14
62308,2,1,0,0,0,0,0,0,0,0,0,0
62309,1,1,0,0,9,0,15,0,0,9,25,4
62309,3,1,7,0,10,5,0,3,0,0,0,7
62310,1,1,24,24,24,24,24,24,24,24,24,24
62310,2,1,0,0,0,0,0,0,0,0,0,0
62311,0,1,0,0,0,0,0,0,0,0,0,0
62311,1,1,0,0,0,0,0,0,0,0,0,0
62312,0,1,0,0,0,0,0,0,0,0,0,0
62312,1,1,0,0,8,0,0,0,27,26,0,0
62313,0,1,0,0,0,0,0,0,0,0,0,0
62313,1,1,0,0,0,0,0,0,0,0,0,0
62314,0,1,0,29,0,0,0,0,0,17,0,0
62314,1,1,0,0,0,0,0,0,0,0,0,0
62315,1,1,0,0,0,0,0,12,0,0,14,0
62315,2,1,0,0,0,0,0,0,0,0,0,0
62316,0,1,0,0,0,0,0,0,0,0,0,0
62316,1,1,0,0,0,0,0,0,0,0,0,0
62317,0,1,12,12,12,12,12,12,12,12,12,12
62317,1,1,0,0,0,0,0,0,0,0,0,0
62318,0,1,0,0,0,0,0,0,0,0,0,0
62318,1,1,0,0,0,0,0,0,0,0,0,0
62319,1,1,0,0,0,0,0,0,0,0,0,0
62319,2,1,0,0,0,0,0,0,0,0,21,0
62320,1,1,0,0,0,0,0,0,0,0,0,0
62320,2,1,0,0,0,0,0,0,0,0,0,0
62321,1,1,0,0,0,0,0,0,0,0,0,0
62321,2,1,0,0,0,0,0,0,0,0,0,0
62322,1,1,12,12,12,12,12,12,12,12,12,12
62322,2,1,0,0,0,0,0,6,0,0,5,0
62323,0,1,0,0,0,12,0,0,0,0,0,0
62323,1,1,0,0,0,0,0,0,0,0,0,0