ST_CASE,VEH_NO,PER_NO,P1,P2,P3,P4,P5,P6,P7,P8,P9,P10
62324,1,1,0,0,0,0,0,0,0,0,0,0
62325,1,1,0,0,0,0,0,0,0,0,0,0
62325,2,1,0,0,0,0,0,0,0,0,0,0
62326,1,1,0,0,0,0,0,0,0,0,0,0
62327,1,1,0,0,0,0,0,0,0,0,0,0
62328,1,1,35,35,35,35,35,35,35,35,35,35
62329,0,1,0,0,0,0,0,0,0,0,0,0
62329,1,1,0,0,0,0,22,0,0,0,0,15
62330,1,1,18,18,18,18,18,18,18,18,18,18
62330,2,1,0,0,0,0,0,0,15,0,0,15
62331,0,1,0,0,0,0,0,0,0,0,0,0
62331,1,1,0,0,0,0,0,0,0,0,0,0
62332,0,1,0,0,0,0,0,0,0,0,0,0
62332,1,1,0,0,0,0,0,0,0,0,0,0
62333,0,1,0,20,14,0,0,0,0,8,19,0
62333,1,1,0,0,0,0,0,0,0,0,0,0
62334,0,1,0,0,0,0,0,0,0,0,0,0
62334,1,1,0,0,0,0,0,0,0,29,13,0
62335,1,1,0,0,0,0,0,0,0,0,0,0
62335,2,1,0,0,0,0,0,0,0,0,0,0
62336,1,1,2,0,0,0,9,0,11,0,0,18
62336,2,1,0,0,0,0,0,0,0,0,0,0
62336,3,1,0,7,0,0,0,0,11,7,0,18
62337,1,1,20,20,20,20,20,20,20,20,20,20
62337,2,1,0,0,17,0,0,21,16,0,0,4
62338,1,1,0,0,0,0,0,0,0,0,0,0
62338,2,1,0,0,0,0,0,0,0,0,0,0
62339,0,1,0,0,0,0,0,0,0,0,0,0
62339,1,1,15,15,15,15,15,15,15,15,15,15
62340,1,1,0,0,0,0,0,0,0,0,0,0
62341,1,1,0,0,0,0,0,0,0,0,0,0
62341,2,1,0,0,0,0,0,0,0,0,0,0
62342,1,1,0,0,0,0,0,0,0,0,0,0
62342,2,1,0,0,0,0,0,0,0,0,0,0
62343,1,1,9,37,35,10,9,23,30,18,21,13
62344,0,1,0,0,0,0,0,0,0,0,0,0
62344,1,1,7,0,14,0,0,0,0,0,0,0
62345,1,1,0,28,38,0,0,0,0,0,8,0
62346,0,1,8,8,8,8,8,8,8,8,8,8
62346,1,1,17,0,12,0,0,17,11,7,0,16
62347,1,1,12,12,12,12,12,12,12,12,12,12
62348,1,1,18,18,18,18,18,18,18,18,18,18
62349,1,1,0,0,0,0,0,0,0,30,0,0
62349,2,1,0,0,13,0,0,0,0,0,0,13
62350,1,1,0,0,0,0,0,0,0,0,0,0
62351,1,1,0,0,0,0,0,0,0,0,0,0
62352,1,1,0,0,0,0,0,0,0,0,0,0
62352,2,1,0,0,0,0,0,0,0,0,0,0
62353,0,1,51,51,51,51,51,51,51,51,51,51
62353,1,1,9,0,4,0,21,0,0,5,0,0
62354,1,1,0,0,0,0,0,0,0,0,0,0
62355,1,1,23,23,23,23,23,23,23,23,23,23
62356,1,1,0,0,0,0,0,0,0,0,0,0
62356,2,1,0,8,0,6,0,0,21,0,0,0
62356,3,1,0,0,0,0,0,0,0,0,0,0
62356,4,1,0,0,7,0,0,0,0,0,0,0
62356,5,1,0,0,0,0,0,0,0,0,0,0
62357,1,1,0,0,0,0,0,0,0,0,0,0
62358,1,1,23,23,23,23,23,23,23,23,23,23
62359,0,1,0,42,25,0,0,0,0,0,0,0
62359,1,1,0,0,0,0,0,0,0,0,0,0
62359,2,1,0,0,0,0,0,0,0,0,0,0
62360,0,1,0,0,0,0,0,0,0,0,0,0
62360,1,1,0,0,0,0,0,0,0,0,0,0
62361,1,1,0,0,0,0,0,0,0,0,0,0
62361,2,1,0,0,0,0,0,0,0,0,0,0
62362,0,1,0,0,0,0,0,0,0,0,0,0
62362,1,1,0,0,0,0,0,0,0,0,0,0
62363,1,1,0,0,0,0,0,0,0,0,0,0
62363,2,1,0,0,0,0,0,0,0,0,0,0
62364,1,1,0,0,0,0,0,0,0,0,0,0
62364,2,1,0,0,0,15,0,0,0,0,0,0
62365,1,1,0,0,0,0,0,0,0,0,0,0
62365,2,1,0,0,0,0,0,0,0,0,0,0
62366,0,1,0,0,0,0,0,0,0,0,0,0
62366,1,1,0,0,0,0,0,17,22,0,0,0
62367,1,1,24,24,24,24,24,24,24,24,24,24
62368,0,1,0,0,0,0,0,0,0,0,0,0
62368,1,1,0,0,0,0,0,0,8,0,0,0
62369,0,1,31,31,31,31,31,31,31,31,31,31
62369,1,1,0,0,16,11,10,10,0,0,0,12
62370,0,1,0,0,0,0,0,0,0,0,0,0
62370,1,1,0,0,0,0,0,0,0,0,0,0
62371,1,1,0,0,0,0,0,0,0,0,0,0
62372,0,1,0,0,0,0,0,0,0,0,0,0
62372,1,1,0,0,0,0,0,0,0,0,0,0
62373,1,1,0,0,0,0,0,14,0,0,0,0
62373,2,1,0,0,0,0,0,0,0,0,0,0
62374,1,1,3,3,3,3,3,3,3,3,3,3
62375,1,1,0,0,0,0,0,0,0,0,0,0
62376,1,1,0,0,0,0,0,14,0,19,7,0
62377,0,1,0,0,0,0,0,0,0,0,0,0
62377,1,1,0,0,0,0,0,0,0,0,0,0
62378,1,1,0,0,0,0,0,0,0,0,0,0
62378,2,1,0,0,0,0,0,0,0,0,0,0
62379,0,1,14,14,14,14,14,14,14,14,14,14
62379,1,1,0,0,0,0,0,0,0,0,0,0
62380,1,1,0,0,0,0,0,0,0,0,0,0
62380,2,1,0,0,0,0,0,0,0,0,0,0
62381,1,1,0,0,0,0,12,0,0,0,16,0
62381,2,1,0,15,26,26,25,25,17,17,13,19
62382,1,1,30,0,0,0,0,0,0,0,0,0
62382,2,1,0,0,0,0,0,0,0,0,0,0
62383,0,1,0,0,0,0,0,0,0,0,0,0
62383,1,1,0,0,0,0,0,0,0,0,0,0
62384,0,1,0,0,0,0,0,0,0,0,0,0
62384,1,1,0,0,0,0,0,0,0,0,0,0
62385,1,1,0,0,0,0,0,0,0,0,0,0
62385,2,1,0,0,0,0,0,0,0,0,0,0
62386,1,1,12,12,12,12,12,12,12,12,12,12
62387,1,1,0,0,0,0,0,0,0,0,0,0
62387,2,1,0,0,0,0,0,0,0,0,0,0
62387,3,1,0,0,0,0,0,0,0,0,0,0
62388,1,1,20,20,20,20,20,20,20,20,20,20
62388,2,1,0,0,0,0,0,0,0,0,0,0
62388,3,1,0,9,0,0,0,0,0,0,0,0
62389,1,1,12,12,12,12,12,12,12,12,12,12
62389,2,1,0,0,0,0,0,0,0,0,0,0
62389,3,1,0,0,0,0,0,0,0,0,0,0
62390,1,1,27,27,27,27,27,27,27,27,27,27
62391,0,1,0,0,0,0,0,0,0,0,0,0
62391,1,1,0,0,0,0,0,0,0,0,0,0
62392,0,1,0,0,0,0,0,0,0,0,0,0
62392,0,2,0,0,0,0,0,0,0,0,0,0
62392,0,3,0,0,0,0,0,0,0,0,0,0
62392,1,1,0,0,0,0,0,0,0,0,0,0
62393,1,1,27,4,5,15,24,12,8,8,11,0
62393,2,1,4,4,4,4,4,4,4,4,4,4
62394,0,1,0,0,0,0,0,0,0,0,0,0
62394,1,1,0,0,0,0,0,0,0,0,0,0
62395,1,1,19,19,19,19,19,19,19,19,19,19
62396,1,1,0,0,0,0,0,0,0,0,0,0
62397,1,1,0,0,24,0,0,0,5,0,0,0
62397,2,1,0,0,0,0,0,0,0,0,0,0
62398,1,1,11,0,18,8,13,23,0,16,0,15
62399,1,1,0,0,0,0,0,0,0,0,0,0
62399,2,1,0,0,0,0,0,0,0,0,0,0
62399,3,1,0,0,0,0,0,0,0,0,0,0
62400,0,1,0,0,0,0,0,0,0,25,0,0
62400,0,2,0,0,0,0,0,0,0,0,0,0
62400,0,3,0,0,0,0,0,0,0,0,0,0
62400,1,1,0,0,0,0,0,0,0,0,0,0
62400,2,1,0,0,0,0,0,0,0,0,0,0
62400,3,1,0,0,0,0,0,0,0,0,0,0
62401,0,1,0,0,0,0,0,0,0,0,0,0
62401,1,1,0,0,0,0,0,0,0,0,0,0
62402,0,1,0,0,0,0,0,0,0,0,0,0
62402,1,1,0,0,0,0,0,0,0,0,0,0
62403,1,1,22,22,22,22,22,22,22,22,22,22
62404,0,1,0,0,0,0,0,0,0,0,0,0
62404,1,1,0,0,0,0,0,0,0,0,0,0
62405,1,1,16,16,16,16,16,16,16,16,16,16
62405,2,1,0,0,0,0,0,0,0,0,0,0
62406,1,1,0,0,0,0,0,19,14,0,9,0
62406,2,1,0,0,0,0,0,0,0,0,0,0
62407,1,1,0,0,0,15,0,0,0,21,0,0
62407,2,1,0,0,0,0,0,0,0,0,0,0
62407,3,1,0,0,0,0,0,0,0,0,0,0
62408,1,1,0,0,0,0,0,0,0,0,0,0
62409,0,1,0,0,0,0,0,0,0,0,0,0
62409,1,1,0,0,0,0,0,0,0,0,0,0
62410,1,1,0,0,0,0,0,0,0,0,0,0
62410,2,1,0,0,0,0,0,0,0,0,0,0
62411,1,1,10,10,10,10,10,10,10,10,10,10
62413,1,1,13,13,13,13,13,13,13,13,13,13
62413,2,1,0,0,0,0,0,0,0,0,0,0
62414,0,1,37,37,37,37,37,37,37,37,37,37
62414,1,1,0,0,0,2,7,0,0,0,0,11
62415,1,1,4,4,4,4,4,4,4,4,4,4
62416,0,1,17,17,17,17,17,17,17,17,17,17
62416,1,1,0,5,0,0,0,0,0,0,0,0
62416,2,1,0,14,15,0,0,0,0,0,0,0
62416,3,1,0,0,0,0,0,0,0,0,0,0
62417,1,1,17,17,17,17,17,17,17,17,17,17
62418,0,1,0,0,0,0,0,0,0,0,0,0
62418,0,2,0,0,0,0,0,0,0,0,0,0
62418,1,1,0,0,0,0,0,0,0,0,0,0
62419,1,1,14,0,0,0,0,16,0,0,7,0
62420,1,1,0,0,0,0,0,0,0,0,0,0
62420,2,1,0,0,0,0,0,0,0,0,0,0
62420,3,1,19,0,0,0,0,0,0,0,0,0
62421,0,1,0,0,0,0,0,0,0,0,0,0
62421,1,1,0,0,13,0,20,7,17,10,0,0
62422,1,1,0,0,0,0,0,0,0,0,0,0
62423,1,1,0,0,0,0,0,0,0,0,0,0
62423,2,1,0,0,0,0,0,0,0,0,0,0
62424,1,1,0,0,0,0,0,0,0,0,0,0
62425,1,1,6,6,6,6,6,6,6,6,6,6
62425,2,1,0,0,0,0,0,0,0,0,0,0
62426,1,1,18,18,18,18,18,18,18,18,18,18
62427,1,1,35,35,35,35,35,35,35,35,35,35
62428,0,1,0,0,0,0,0,0,0,0,0,0
62428,1,1,14,0,17,0,0,14,0,4,5,0
62429,1,1,0,0,0,0,0,0,0,0,0,0
62429,2,1,0,0,0,0,0,0,0,0,0,0
62429,3,1,0,0,15,0,0,0,0,0,0,0
62430,0,1,23,33,23,15,5,9,0,35,14,21
62430,1,1,0,0,0,0,0,0,0,0,0,0
62431,0,1,0,0,0,0,0,0,0,0,0,0
62431,1,1,0,0,0,16,0,0,0,0,0,0
62432,0,1,0,0,0,0,0,0,0,0,0,0
62432,1,1,0,7,0,0,0,0,8,0,0,0
62433,0,1,0,0,0,0,0,0,0,0,0,0
62433,1,1,0,5,0,0,0,0,0,0,0,0
62434,0,1,0,0,0,0,0,0,0,0,0,0
62434,1,1,0,0,0,0,0,0,0,0,0,0
62435,1,1,14,14,14,14,14,14,14,14,14,14
62435,2,1,0,0,0,0,0,0,0,0,0,0
62436,0,1,43,43,43,43,43,43,43,43,43,43
62436,1,1,0,0,0,0,0,0,0,0,0,0
62437,1,1,10,11,10,0,0,0,10,0,33,0
62438,1,1,26,26,26,26,26,26,26,26,26,26
62439,1,1,19,19,19,19,19,19,19,19,19,19
62439,2,1,0,0,0,0,0,0,0,0,0,0
62440,0,1,0,0,0,0,0,0,0,0,0,0
62440,1,1,0,0,0,0,0,0,0,0,0,0
62441,0,1,17,17,17,17,17,17,17,17,17,17
62441,1,1,0,12,0,0,0,0,0,0,0,0
62442,1,1,0,0,0,0,0,0,0,17,0,0
62442,2,1,0,0,0,0,0,0,0,12,0,0
62443,0,1,0,0,0,0,0,0,0,0,0,0
62443,1,1,0,0,0,0,0,0,0,0,0,19
62443,3,1,0,0,10,0,18,0,0,0,14,0
62444,1,1,18,18,18,18,18,18,18,18,18,18
62445,0,1,0,0,0,0,0,0,0,0,0,0
62445,1,1,22,22,22,22,22,22,22,22,22,22
62446,1,1,0,0,0,0,0,0,0,0,0,0
62446,2,1,0,0,0,0,0,0,0,0,7,0
62447,0,1,0,0,0,0,0,0,0,0,0,0
62447,1,1,1,1,1,1,1,1,1,1,1,1
62448,0,1,18,18,18,18,18,18,18,18,18,18
62448,1,1,0,0,0,0,0,0,0,0,10,0
62449,0,1,0,0,0,0,0,12,0,0,0,0
62449,0,2,43,43,43,43,43,43,43,43,43,43
62449,1,1,0,0,0,0,0,0,0,0,0,0
62449,2,1,0,0,0,0,0,0,0,0,0,0
62449,3,1,0,0,0,0,0,0,0,12,0,0
62450,1,1,0,0,0,0,0,0,0,0,0,0
62451,1,1,0,0,0,0,0,0,0,0,0,0
62451,2,1,0,0,0,0,0,0,0,0,0,0
62451,3,1,0,0,0,0,0,0,0,0,0,0
62452,1,1,0,0,0,0,0,0,0,0,0,0
62452,2,1,10,10,10,10,10,10,10,10,10,10
62453,1,1,11,22,29,0,0,0,0,11,10,0
62453,2,1,0,0,0,0,0,0,0,0,0,0
62453,3,1,16,16,16,16,16,16,16,16,16,16
62454,1,1,0,0,0,0,0,0,0,0,0,0
62454,2,1,0,0,0,0,0,0,0,0,0,0
62455,1,1,0,0,0,0,0,0,0,0,0,0
62456,1,1,16,16,16,16,16,16,16,16,16,16
62457,0,1,0,0,0,0,0,0,0,0,0,0
62457,1,1,0,0,0,0,0,0,0,0,0,0
62458,1,1,23,0,0,21,0,0,0,26,0,0
62459,0,1,0,0,0,0,0,0,0,0,0,0
62459,1,1,0,0,0,0,0,11,0,0,0,0
62460,1,1,0,0,0,0,0,0,0,0,0,0
62460,2,1,0,0,0,0,0,0,0,0,0,0
62461,0,1,29,29,29,29,29,29,29,29,29,29
62461,1,1,0,0,0,0,0,0,11,13,14,0
62462,1,1,0,0,0,0,0,0,0,0,0,0
62462,2,1,0,0,0,0,0,0,0,0,0,0
62463,1,1,0,0,0,0,0,0,0,0,0,0
62464,0,1,14,19,34,40,11,8,26,26,23,26
62464,1,1,0,0,0,0,0,0,0,0,0,0
62465,1,1,0,0,0,0,0,0,0,0,0,0
62465,2,1,0,0,0,0,0,0,0,0,0,0
62466,0,1,0,0,0,0,0,0,0,0,0,0
62466,1,1,0,0,0,0,0,0,0,0,0,0
62467,1,1,24,22,14,19,0,0,0,0,0,0
62467,2,1,0,0,0,0,0,7,0,0,0,0
62468,1,1,0,0,0,0,0,0,0,0,0,0
62468,2,1,0,0,0,0,0,0,0,0,0,0
62469,1,1,0,0,0,0,0,11,0,0,0,0
62469,2,1,9,0,0,0,0,0,0,0,0,0
62470,1,1,0,0,0,0,0,0,0,0,0,8
62470,2,1,28,28,28,28,28,28,28,28,28,28
62471,1,1,11,11,11,11,11,11,11,11,11,11
62471,2,1,0,0,0,10,0,0,0,0,0,0
62471,3,1,0,0,0,0,25,0,0,0,0,0
62472,0,1,0,0,0,0,0,0,0,0,0,0
62472,1,1,0,0,0,0,0,0,0,0,0,0
62473,1,1,21,21,21,21,21,21,21,21,21,21
62473,2,1,0,0,0,0,0,0,0,0,0,0
62474,0,1,0,0,0,0,0,0,0,0,0,0
62474,1,1,0,0,0,0,16,0,0,0,0,0
62475,1,1,19,19,19,19,19,19,19,19,19,19
62476,1,1,22,22,22,22,22,22,22,22,22,22
62476,2,1,0,17,35,17,21,0,0,0,0,0
62477,1,1,0,0,0,0,0,0,0,0,0,0
62477,2,1,0,0,0,0,0,0,0,0,0,0
62477,3,1,0,0,0,0,0,0,0,0,0,0
62478,1,1,0,0,0,0,0,0,0,0,0,0
62478,2,1,0,0,0,0,0,0,0,0,0,0
62479,0,1,0,0,0,0,0,0,0,0,0,0
62479,1,1,0,0,0,0,0,0,0,0,0,0
62481,1,1,25,25,25,25,25,25,25,25,25,25
62482,1,1,0,0,0,0,0,0,0,0,0,0
62482,2,1,0,0,0,0,0,0,0,0,0,0
62482,3,1,0,0,0,0,0,0,0,0,0,0
62483,0,1,0,0,0,0,0,0,0,0,0,0
62483,1,1,0,0,0,0,0,0,0,0,0,0
62484,0,1,0,0,0,0,0,0,0,0,0,30
62484,1,1,0,0,0,0,0,0,0,0,0,0
62485,1,1,14,14,14,14,14,14,14,14,14,14
62486,1,1,15,4,10,18,26,10,16,14,13,17
62487,1,1,3,3,3,3,3,3,3,3,3,3
62488,0,1,20,20,20,20,20,20,20,20,20,20
62488,1,1,7,7,33,0,0,0,0,20,0,0
62489,0,1,30,19,32,9,13,22,19,23,22,18
62489,1,1,0,0,18,0,0,0,0,0,0,0
62490,1,1,0,0,0,0,0,0,0,0,0,0
62490,2,1,0,0,0,0,0,0,0,0,0,0
62491,1,1,0,0,0,0,0,0,0,0,0,0
62491,2,1,0,0,0,0,0,0,0,0,0,0
62492,1,1,55,55,55,55,55,55,55,55,55,55
62493,1,1,0,0,0,0,0,0,0,0,0,0
62493,2,1,1,1,1,1,1,1,1,1,1,1
62494,1,1,0,0,0,0,0,0,0,0,0,0
62495,1,1,20,20,20,20,20,20,20,20,20,20
62496,1,1,0,0,0,0,0,0,0,0,0,0
62497,1,1,0,0,0,0,0,0,0,0,0,0
62497,2,1,0,0,0,0,0,0,0,0,0,0
62498,1,1,0,0,20,0,9,45,0,0,9,0
62498,2,1,1,0,0,0,26,5,0,0,0,7
62499,0,1,17,17,17,17,17,17,17,17,17,17
62499,1,1,0,0,0,0,0,0,0,0,0,0
62500,0,1,0,0,0,0,0,0,0,0,0,0
62500,1,1,0,0,0,0,0,0,0,0,0,0
62501,1,1,16,16,16,16,16,16,16,16,16,16
62501,2,1,0,0,0,0,0,0,0,0,0,0
62501,3,1,0,0,0,0,0,0,0,0,0,0
62502,1,1,0,0,0,0,0,0,0,0,0,0
62502,2,1,0,0,0,0,0,0,0,0,0,0
62503,1,1,0,0,0,0,0,0,0,0,0,0
62504,0,1,0,0,0,0,0,0,0,0,0,0
62504,1,1,8,8,8,8,8,8,8,8,8,8
62505,0,1,0,0,0,0,0,0,0,0,0,0
62505,1,1,0,0,0,0,0,0,0,0,0,0
62506,1,1,0,0,0,0,0,0,0,0,0,0
62506,2,1,0,0,0,0,0,0,0,0,0,0
62507,1,1,0,0,22,0,0,0,7,18,0,0
62507,2,1,0,0,0,0,0,0,0,0,0,0
62508,0,1,0,0,0,0,0,0,0,0,0,0
62508,1,1,0,0,0,0,0,0,0,0,0,0
62509,1,1,0,0,0,0,0,0,0,0,0,0
62510,1,1,0,0,0,0,0,0,0,0,0,0
62510,2,1,0,0,0,0,0,0,0,0,0,0
62511,1,1,11,0,15,0,0,0,17,0,0,12
62512,1,1,0,0,0,0,0,0,0,0,0,35
62513,0,1,0,0,0,0,0,0,0,0,0,0
62513,1,1,0,0,0,0,0,0,17,18,0,0
62514,1,1,5,5,5,5,5,5,5,5,5,5
62515,1,1,4,10,17,8,0,14,16,21,8,30
62515,2,1,0,0,27,0,0,9,0,0,0,0
62516,1,1,0,0,0,0,0,0,0,0,0,0
62517,0,1,2,2,2,2,2,2,2,2,2,2
62517,1,1,0,7,14,18,0,0,0,3,0,4
62518,1,1,0,0,0,0,0,0,0,0,0,21
62519,0,1,0,0,0,0,0,0,0,0,0,0
62519,1,1,0,0,0,0,0,0,0,0,0,0
62520,1,1,0,0,0,0,0,0,0,0,0,0
62520,2,1,0,0,0,0,0,0,0,0,0,0
62521,0,1,0,0,0,0,0,0,0,0,0,0
62521,1,1,0,0,0,0,0,0,0,0,0,0
62522,0,1,0,0,0,0,0,0,0,0,0,0
62522,1,1,0,0,16,0,0,0,15,0,0,0
62523,0,1,25,25,25,25,25,25,25,25,25,25
62523,1,1,21,0,0,9,0,0,0,13,0,0
62524,0,1,29,29,29,29,29,29,29,29,29,29
62524,1,1,0,0,0,0,0,22,0,17,0,14
62525,1,1,21,21,21,21,21,21,21,21,21,21
62525,2,1,11,0,6,0,5,20,0,0,4,0
62526,1,1,0,0,0,0,0,0,0,0,0,0
62527,1,1,0,0,0,0,0,0,0,0,0,0
62528,1,1,0,0,0,0,0,0,0,0,0,0
62528,2,1,0,0,0,28,0,0,0,0,0,0
62529,1,1,0,0,0,0,0,0,0,0,0,0
62529,2,1,0,0,0,0,0,0,0,26,0,0
62530,1,1,0,0,0,0,0,0,0,0,0,0
62531,1,1,0,0,0,0,0,0,0,0,0,0
62531,2,1,0,0,0,0,0,0,0,0,0,0
62532,1,1,12,12,12,12,12,12,12,12,12,12
62533,0,1,24,13,17,32,23,15,11,14,24,14
62533,1,1,0,0,0,0,0,0,0,0,0,0
62534,1,1,0,0,0,0,0,0,0,0,0,0
62534,2,1,0,0,0,0,0,0,0,0,0,0
62535,1,1,0,0,0,0,0,0,0,0,0,0
62535,2,1,0,0,0,0,0,0,0,0,0,0
62536,0,1,11,11,11,11,11,11,11,11,11,11
62536,1,1,15,0,0,0,0,0,0,0,0,0
62537,0,1,21,21,21,21,21,21,21,21,21,21
62537,1,1,0,0,0,0,0,0,0,0,0,0
62538,1,1,12,12,12,12,12,12,12,12,12,12
62538,2,1,0,0,0,0,0,0,0,0,0,0
62538,3,1,0,0,0,0,0,0,0,0,0,0
62538,4,1,0,0,0,0,0,0,0,0,0,0
62539,0,1,0,0,0,0,0,0,0,0,0,0
62539,0,2,0,0,0,0,0,22,0,0,43,20
62539,1,1,0,0,0,0,10,0,11,0,0,0
62540,1,1,22,22,22,22,22,22,22,22,22,22
62541,0,1,0,0,0,0,0,0,0,0,0,0
62541,1,1,0,0,0,0,0,0,0,0,0,0
62542,1,1,19,19,19,19,19,19,19,19,19,19
62542,2,1,0,0,0,0,0,0,0,0,0,0
62543,0,1,0,0,0,0,0,0,0,0,0,0
62543,1,1,0,0,0,0,0,0,0,0,0,0
62544,0,1,45,45,45,45,45,45,45,45,45,45
62544,1,1,0,0,0,0,0,0,0,0,0,0
62545,1,1,25,25,25,25,25,25,25,25,25,25
62546,1,1,0,0,0,0,0,0,0,0,0,0
62547,1,1,0,0,0,0,0,0,0,0,0,0
62547,2,1,0,0,0,0,0,0,0,0,0,0
62548,0,1,0,0,0,0,0,0,0,0,0,0
62548,1,1,0,0,0,0,0,0,0,0,0,0
62549,1,1,0,0,0,0,0,0,0,0,0,0
62549,2,1,0,0,0,17,0,0,0,0,0,0
62549,3,1,0,0,0,0,0,0,0,0,0,0
62550,1,1,0,0,0,0,0,0,0,0,0,0
62551,0,1,6,18,0,31,8,0,0,16,18,18
62551,1,1,0,0,0,0,0,0,0,0,0,0
62552,1,1,0,0,0,0,0,0,10,0,0,0
62553,1,1,18,18,18,18,18,18,18,18,18,18
62554,1,1,27,27,27,27,27,27,27,27,27,27
62554,2,1,0,0,0,0,0,0,0,0,0,0
62555,1,1,0,0,0,0,0,0,0,0,0,0
62556,1,1,0,0,0,0,0,0,0,0,0,0
62557,1,1,0,0,0,0,0,0,0,0,0,0
62557,2,1,0,0,0,0,0,0,0,0,0,0
62558,1,1,0,0,0,0,0,0,0,0,0,0
62558,2,1,0,0,0,0,0,0,0,21,0,0
62559,1,1,0,0,0,0,0,0,0,0,0,0
62560,1,1,0,0,0,0,0,0,0,0,0,0
62561,1,1,18,7,7,10,29,44,8,21,22,17
62562,0,1,0,0,0,0,0,0,0,0,0,0
62562,1,1,0,0,9,4,18,14,6,17,0,0
62563,1,1,0,0,0,0,0,0,0,0,0,0
62563,2,1,0,0,0,0,0,0,0,0,0,0
62563,3,1,0,0,0,0,0,0,11,0,14,0
62563,4,1,10,0,0,0,0,0,0,0,0,0
62563,5,1,0,18,0,0,4,0,0,0,0,0
62563,6,1,0,0,0,0,0,0,0,0,0,0
62563,7,1,0,0,0,0,0,0,0,0,0,0
62563,8,1,14,0,0,0,0,0,0,0,0,0
62563,9,1,0,0,0,0,0,0,0,0,0,0
62563,10,1,0,0,0,0,0,0,0,0,0,0
62563,11,1,0,0,0,0,0,0,0,0,0,0
62563,12,1,0,0,0,0,0,0,0,0,0,0
62563,13,1,0,0,0,0,0,15,0,0,0,2
62564,1,1,0,0,0,0,0,0,0,0,0,0
62565,0,1,0,0,0,0,0,0,0,0,0,0
62565,1,1,0,0,0,0,0,0,0,0,0,0
62566,0,1,0,0,0,0,0,0,0,0,0,0
62566,1,1,15,0,0,0,0,7,0,19,0,0
62567,1,1,13,13,13,13,13,13,13,13,13,13
62567,2,1,0,0,0,0,0,0,0,0,0,0
62568,0,1,29,29,29,29,29,29,29,29,29,29
62568,1,1,0,0,0,0,0,0,0,0,0,0
62569,0,1,0,0,0,0,0,0,0,0,0,0
62569,1,1,0,0,0,0,0,0,0,0,0,0
62570,0,1,0,0,0,0,0,0,0,0,0,0
62570,1,1,0,0,0,0,0,0,0,0,0,0
62571,0,1,7,7,7,7,7,7,7,7,7,7
62571,1,1,0,0,0,0,0,0,0,0,0,0
62572,1,1,10,10,10,10,10,10,10,10,10,10
62573,0,1,0,0,0,0,0,0,0,0,0,0
62573,1,1,0,0,0,0,0,0,0,0,0,0
62574,0,1,0,0,0,0,0,0,0,0,0,0
62574,1,1,0,0,0,0,0,0,0,0,0,0
62575,1,1,0,0,0,0,0,0,0,17,0,0
62575,2,1,0,0,0,0,0,0,0,0,0,0
62576,1,1,0,18,0,0,0,0,0,0,0,0
62576,2,1,0,0,0,0,0,0,0,0,0,0
62577,1,1,19,19,19,19,19,19,19,19,19,19
62577,2,1,0,0,0,0,0,0,0,0,0,0
62578,0,1,0,0,0,0,0,0,0,0,0,0
62578,1,1,0,0,0,0,0,0,0,0,0,0
62579,1,1,0,0,0,0,0,0,0,0,0,0
62579,2,1,0,0,0,0,0,0,0,0,0,0
62580,1,1,0,0,0,0,0,0,0,0,0,0
62580,2,1,0,0,0,0,0,0,0,0,0,0
62580,3,1,0,0,0,0,0,0,0,0,0,0
62581,0,1,0,0,0,0,0,0,0,0,0,0
62581,1,1,0,0,0,0,0,0,0,0,0,0
62582,1,1,0,0,0,0,0,0,0,0,0,0
62582,2,1,0,0,0,0,0,0,0,0,0,0
62583,1,1,6,6,6,6,6,6,6,6,6,6
62584,1,1,0,0,0,0,0,0,0,18,0,0
62584,2,1,0,0,0,0,0,0,0,0,0,0
62585,0,1,0,0,0,0,0,0,0,0,0,0
62585,1,1,0,0,0,11,17,5,4,27,0,7
62586,1,1,0,0,0,0,0,0,0,0,0,0
62586,2,1,0,0,0,0,0,0,0,0,0,0
62587,0,1,0,0,0,0,0,0,0,0,0,0
62587,1,1,0,0,0,0,0,0,0,0,0,0
62588,1,1,0,0,0,0,0,0,0,0,0,0
62588,2,1,0,0,0,0,0,0,0,0,0,0
62589,0,1,21,0,0,0,0,0,0,0,0,0
62589,1,1,0,0,9,0,0,0,0,0,0,0
62590,0,1,0,0,0,0,0,0,0,0,0,0
62590,1,1,0,0,0,0,0,0,0,0,0,0
62591,1,1,0,0,13,0,0,0,0,0,0,0
62591,2,1,0,12,0,0,0,0,0,17,0,0
62592,1,1,18,18,18,18,18,18,18,18,18,18
62593,1,1,11,11,11,11,11,11,11,11,11,11
62593,2,1,0,0,0,0,0,0,0,0,0,0
62594,1,1,11,11,11,11,11,11,11,11,11,11
62594,2,1,0,0,0,0,0,0,0,0,0,0
62594,3,1,0,0,0,0,0,0,0,0,0,0
62595,0,1,27,0,6,25,9,0,0,0,15,0
62595,1,1,0,0,0,0,0,0,0,0,0,0
62596,0,1,0,0,0,0,0,0,0,0,0,0
62596,1,1,0,0,0,0,0,0,0,0,0,0
62597,1,1,15,15,15,15,15,15,15,15,15,15
62597,2,1,0,0,0,15,0,0,0,0,0,0
62598,1,1,0,0,0,0,0,0,0,0,0,0
62598,2,1,0,0,0,0,0,0,0,0,0,0
62599,1,1,0,0,0,0,0,0,0,0,0,0
62600,0,1,0,0,0,0,0,0,0,0,0,0
62600,1,1,0,0,0,0,0,0,0,0,0,0
62601,1,1,10,10,10,10,10,10,10,10,10,10